{
  "bladeType": "plasma",
  "color": 55423,
  "length": 1.1,
  "model": 9,
  "radius": 1.0,
  "stable": false,
  "vectors": {
    "0": {
      "qw": 1.0,
      "qx": 0.0,
      "qy": 0.0,
      "qz": 0.0,
      "scalar": 1.0,
      "x": -0.0025,
      "y": -0.005,
      "z": 0.0
    },
    "1": {
      "qw": 0.70710677,
      "qx": 0.0,
      "qy": 0.0,
      "qz": 0.70710677,
      "scalar": 0.13636364,
      "x": 0.125,
      "y": 0.075,
      "z": 0.0
    },
    "2": {
      "qw": 0.70710677,
      "qx": -0.0,
      "qy": -0.0,
      "qz": -0.70710677,
      "scalar": 0.13636364,
      "x": -0.125,
      "y": 0.075,
      "z": 0.0
    }
  }
}