[02:05:54] [main/INFO] (FabricLoader/GameProvider) Loading Minecraft 1.20.1 with Fabric Loader 0.16.14
[02:05:54] [main/DEBUG] (FabricLoader/GamePatch) Found game constructor: net.minecraft.client.main.Main -> net.minecraft.client.Minecraft
[02:05:54] [main/DEBUG] (FabricLoader/GamePatch) Patching game constructor <init>(Lnet/minecraft/client/main/GameConfig;)V
[02:05:54] [main/DEBUG] (FabricLoader/GamePatch) Run directory field is thought to be net/minecraft/client/Minecraft/gameDirectory
[02:05:54] [main/DEBUG] (FabricLoader/GamePatch) Applying brand name hook to net/minecraft/client/ClientBrandRetriever::getClientModName
[02:05:54] [main/DEBUG] (FabricLoader/GamePatch) Applying brand name hook to net/minecraft/server/MinecraftServer::getServerModName
[02:05:54] [main/DEBUG] (FabricLoader/Mappings) Loading mappings took 132 ms
[02:05:54] [main/DEBUG] (FabricLoader/GamePatch) Patched 3 classs
[02:05:54] [main/DEBUG] (FabricLoader/Discovery) Mod discovery time: 17.3 ms
[02:05:54] [main/DEBUG] (FabricLoader/Resolution) Mod resolution time: 59.7 ms
[02:05:54] [main/INFO] (FabricLoader) Loading 62 mods:
	- architectury 9.2.14
	- fabric-api 0.92.5+1.20.1
	- fabric-api-base 0.4.32+1802ada577
	- fabric-api-lookup-api-v1 1.6.37+1802ada577
	- fabric-biome-api-v1 13.0.14+1802ada577
	- fabric-block-api-v1 1.0.12+1802ada577
	- fabric-block-view-api-v2 1.0.3+924f046a77
	- fabric-blockrenderlayer-v1 1.1.42+1802ada577
	- fabric-client-tags-api-v1 1.1.3+1802ada577
	- fabric-command-api-v1 1.2.35+f71b366f77
	- fabric-command-api-v2 2.2.14+1802ada577
	- fabric-commands-v0 0.2.52+df3654b377
	- fabric-containers-v0 0.1.66+df3654b377
	- fabric-content-registries-v0 4.0.13+1802ada577
	- fabric-convention-tags-v1 1.5.6+1802ada577
	- fabric-crash-report-info-v1 0.2.20+1802ada577
	- fabric-data-attachment-api-v1 1.0.2+de0fd6d177
	- fabric-data-generation-api-v1 12.3.6+1802ada577
	- fabric-dimensions-v1 2.1.55+1802ada577
	- fabric-entity-events-v1 1.6.1+1c78457f77
	- fabric-events-interaction-v0 0.6.4+13a40c6677
	- fabric-events-lifecycle-v0 0.2.64+df3654b377
	- fabric-game-rule-api-v1 1.0.41+1802ada577
	- fabric-gametest-api-v1 1.2.15+1802ada577
	- fabric-item-api-v1 2.1.29+1802ada577
	- fabric-item-group-api-v1 4.0.14+1802ada577
	- fabric-key-binding-api-v1 1.0.38+1802ada577
	- fabric-keybindings-v0 0.2.36+df3654b377
	- fabric-lifecycle-events-v1 2.2.23+1802ada577
	- fabric-loot-api-v2 1.2.3+1802ada577
	- fabric-loot-tables-v1 1.1.47+9e7660c677
	- fabric-message-api-v1 5.1.10+1802ada577
	- fabric-mining-level-api-v1 2.1.52+1802ada577
	- fabric-model-loading-api-v1 1.0.4+1802ada577
	- fabric-models-v0 0.4.3+9386d8a777
	- fabric-networking-api-v1 1.3.13+13a40c6677
	- fabric-networking-v0 0.3.53+df3654b377
	- fabric-object-builder-api-v1 11.1.5+e35120df77
	- fabric-particles-v1 1.1.3+1802ada577
	- fabric-recipe-api-v1 1.0.23+1802ada577
	- fabric-registry-sync-v0 2.3.5+1802ada577
	- fabric-renderer-api-v1 3.2.2+1802ada577
	- fabric-renderer-indigo 1.5.3+85287f9f77
	- fabric-renderer-registries-v1 3.2.47+df3654b377
	- fabric-rendering-data-attachment-v1 0.3.39+92a0d36777
	- fabric-rendering-fluids-v1 3.0.29+1802ada577
	- fabric-rendering-v0 1.1.50+df3654b377
	- fabric-rendering-v1 3.0.9+1802ada577
	- fabric-resource-conditions-api-v1 2.3.9+1802ada577
	- fabric-resource-loader-v0 0.11.12+fb82e9d777
	- fabric-screen-api-v1 2.0.9+1802ada577
	- fabric-screen-handler-api-v1 1.3.32+1802ada577
	- fabric-sound-api-v1 1.0.14+1802ada577
	- fabric-transfer-api-v1 3.3.6+8dd72ea377
	- fabric-transitive-access-wideners-v1 4.3.2+1802ada577
	- fabricloader 0.16.14
	- generated_237612e 1.0.0
	- java 22
	- jei 15.20.0.106
	- minecraft 1.20.1
	- mixinextras 0.4.1
	- swm 2.1.0
[02:05:54] [main/DEBUG] (FabricLoader/Knot) Adding C:\Users\Aidan\IdeaProjects\StarWarsMod\1.20.1\.gradle\loom-cache\remapped_mods\loom_mappings_1_20_1_layered_hash_1900676243_v2\net\fabricmc\fabric-api\fabric-api-base\0.4.32+1802ada577\fabric-api-base-0.4.32+1802ada577.jar to classpath.
[02:05:54] [main/DEBUG] (FabricLoader/Knot) Adding C:\Users\Aidan\IdeaProjects\StarWarsMod\1.20.1\.gradle\loom-cache\remapped_mods\loom_mappings_1_20_1_layered_hash_1900676243_v2\net\fabricmc\fabric-api\fabric-transfer-api-v1\3.3.6+8dd72ea377\fabric-transfer-api-v1-3.3.6+8dd72ea377.jar to classpath.
[02:05:54] [main/DEBUG] (FabricLoader/Knot) Adding C:\Users\Aidan\IdeaProjects\StarWarsMod\1.20.1\.gradle\loom-cache\remapped_mods\loom_mappings_1_20_1_layered_hash_1900676243_v2\net\fabricmc\fabric-api\fabric-resource-loader-v0\0.11.12+fb82e9d777\fabric-resource-loader-v0-0.11.12+fb82e9d777.jar to classpath.
[02:05:54] [main/DEBUG] (FabricLoader/Knot) Adding C:\Users\Aidan\IdeaProjects\StarWarsMod\1.20.1\.gradle\loom-cache\remapped_mods\loom_mappings_1_20_1_layered_hash_1900676243_v2\net\fabricmc\fabric-api\fabric-events-interaction-v0\0.6.4+13a40c6677\fabric-events-interaction-v0-0.6.4+13a40c6677.jar to classpath.
[02:05:54] [main/DEBUG] (FabricLoader/Knot) Adding C:\Users\Aidan\IdeaProjects\StarWarsMod\1.20.1\.gradle\loom-cache\remapped_mods\loom_mappings_1_20_1_layered_hash_1900676243_v2\net\fabricmc\fabric-api\fabric-rendering-v0\1.1.50+df3654b377\fabric-rendering-v0-1.1.50+df3654b377.jar to classpath.
[02:05:54] [main/DEBUG] (FabricLoader/Knot) Adding C:\Users\Aidan\IdeaProjects\StarWarsMod\1.20.1\.gradle\loom-cache\remapped_mods\loom_mappings_1_20_1_layered_hash_1900676243_v2\net\fabricmc\fabric-api\fabric-content-registries-v0\4.0.13+1802ada577\fabric-content-registries-v0-4.0.13+1802ada577.jar to classpath.
[02:05:54] [main/DEBUG] (FabricLoader/Knot) Adding C:\Users\Aidan\IdeaProjects\StarWarsMod\1.20.1\.gradle\loom-cache\remapped_mods\loom_mappings_1_20_1_layered_hash_1900676243_v2\net\fabricmc\fabric-api\fabric-recipe-api-v1\1.0.23+1802ada577\fabric-recipe-api-v1-1.0.23+1802ada577.jar to classpath.
[02:05:54] [main/DEBUG] (FabricLoader/Knot) Adding C:\Users\Aidan\IdeaProjects\StarWarsMod\1.20.1\.gradle\loom-cache\remapped_mods\loom_mappings_1_20_1_layered_hash_1900676243_v2\net\fabricmc\fabric-api\fabric-events-lifecycle-v0\0.2.64+df3654b377\fabric-events-lifecycle-v0-0.2.64+df3654b377.jar to classpath.
[02:05:54] [main/DEBUG] (FabricLoader/Knot) Adding C:\Users\Aidan\IdeaProjects\StarWarsMod\1.20.1\.gradle\loom-cache\remapped_mods\loom_mappings_1_20_1_layered_hash_1900676243_v2\net\fabricmc\fabric-api\fabric-renderer-api-v1\3.2.2+1802ada577\fabric-renderer-api-v1-3.2.2+1802ada577.jar to classpath.
[02:05:54] [main/DEBUG] (FabricLoader/Knot) Adding C:\Users\Aidan\IdeaProjects\StarWarsMod\1.20.1\.gradle\loom-cache\remapped_mods\loom_mappings_1_20_1_layered_hash_1900676243_v2\dev\architectury\architectury-fabric\9.2.14\architectury-fabric-9.2.14.jar to classpath.
[02:05:54] [main/DEBUG] (FabricLoader/Knot) Adding C:\Users\Aidan\IdeaProjects\StarWarsMod\1.20.1\.gradle\loom-cache\remapped_mods\loom_mappings_1_20_1_layered_hash_1900676243_v2\net\fabricmc\fabric-api\fabric-block-api-v1\1.0.12+1802ada577\fabric-block-api-v1-1.0.12+1802ada577.jar to classpath.
[02:05:54] [main/DEBUG] (FabricLoader/Knot) Adding C:\Users\Aidan\IdeaProjects\StarWarsMod\1.20.1\.gradle\loom-cache\remapped_mods\loom_mappings_1_20_1_layered_hash_1900676243_v2\net\fabricmc\fabric-api\fabric-screen-api-v1\2.0.9+1802ada577\fabric-screen-api-v1-2.0.9+1802ada577.jar to classpath.
[02:05:54] [main/DEBUG] (FabricLoader/Knot) Adding C:\Users\Aidan\IdeaProjects\StarWarsMod\1.20.1\.gradle\loom-cache\remapped_mods\loom_mappings_1_20_1_layered_hash_1900676243_v2\net\fabricmc\fabric-api\fabric-dimensions-v1\2.1.55+1802ada577\fabric-dimensions-v1-2.1.55+1802ada577.jar to classpath.
[02:05:54] [main/DEBUG] (FabricLoader/Knot) Adding C:\Users\Aidan\IdeaProjects\StarWarsMod\1.20.1\.gradle\loom-cache\remapped_mods\loom_mappings_1_20_1_layered_hash_1900676243_v2\net\fabricmc\fabric-api\fabric-game-rule-api-v1\1.0.41+1802ada577\fabric-game-rule-api-v1-1.0.41+1802ada577.jar to classpath.
[02:05:54] [main/DEBUG] (FabricLoader/Knot) Adding C:\Users\Aidan\IdeaProjects\StarWarsMod\1.20.1\.gradle\loom-cache\remapped_mods\loom_mappings_1_20_1_layered_hash_1900676243_v2\net\fabricmc\fabric-api\fabric-renderer-indigo\1.5.3+85287f9f77\fabric-renderer-indigo-1.5.3+85287f9f77.jar to classpath.
[02:05:54] [main/DEBUG] (FabricLoader/Knot) Adding C:\Users\Aidan\IdeaProjects\StarWarsMod\1.20.1\.gradle\loom-cache\remapped_mods\loom_mappings_1_20_1_layered_hash_1900676243_v2\net\fabricmc\fabric-api\fabric-models-v0\0.4.3+9386d8a777\fabric-models-v0-0.4.3+9386d8a777.jar to classpath.
[02:05:54] [main/DEBUG] (FabricLoader/Knot) Adding C:\Users\Aidan\IdeaProjects\StarWarsMod\1.20.1\.gradle\loom-cache\remapped_mods\loom_mappings_1_20_1_layered_hash_1900676243_v2\net\fabricmc\fabric-api\fabric-crash-report-info-v1\0.2.20+1802ada577\fabric-crash-report-info-v1-0.2.20+1802ada577.jar to classpath.
[02:05:54] [main/DEBUG] (FabricLoader/Knot) Adding C:\Users\Aidan\AppData\Local\Temp\940682135860825220.jar to classpath.
[02:05:54] [main/DEBUG] (FabricLoader/Knot) Adding C:\Users\Aidan\IdeaProjects\StarWarsMod\1.20.1\.gradle\loom-cache\remapped_mods\loom_mappings_1_20_1_layered_hash_1900676243_v2\net\fabricmc\fabric-api\fabric-convention-tags-v1\1.5.6+1802ada577\fabric-convention-tags-v1-1.5.6+1802ada577.jar to classpath.
[02:05:54] [main/DEBUG] (FabricLoader/Knot) Adding C:\Users\Aidan\IdeaProjects\StarWarsMod\1.20.1\.gradle\loom-cache\remapped_mods\loom_mappings_1_20_1_layered_hash_1900676243_v2\net\fabricmc\fabric-api\fabric-biome-api-v1\13.0.14+1802ada577\fabric-biome-api-v1-13.0.14+1802ada577.jar to classpath.
[02:05:54] [main/DEBUG] (FabricLoader/Knot) Adding C:\Users\Aidan\IdeaProjects\StarWarsMod\1.20.1\.gradle\loom-cache\remapped_mods\loom_mappings_1_20_1_layered_hash_1900676243_v2\net\fabricmc\fabric-api\fabric-mining-level-api-v1\2.1.52+1802ada577\fabric-mining-level-api-v1-2.1.52+1802ada577.jar to classpath.
[02:05:54] [main/DEBUG] (FabricLoader/Knot) Adding C:\Users\Aidan\IdeaProjects\StarWarsMod\1.20.1\.gradle\loom-cache\remapped_mods\loom_mappings_1_20_1_layered_hash_1900676243_v2\net\fabricmc\fabric-api\fabric-block-view-api-v2\1.0.3+924f046a77\fabric-block-view-api-v2-1.0.3+924f046a77.jar to classpath.
[02:05:54] [main/DEBUG] (FabricLoader/Knot) Adding C:\Users\Aidan\IdeaProjects\StarWarsMod\1.20.1\.gradle\loom-cache\remapped_mods\loom_mappings_1_20_1_layered_hash_1900676243_v2\net\fabricmc\fabric-api\fabric-transitive-access-wideners-v1\4.3.2+1802ada577\fabric-transitive-access-wideners-v1-4.3.2+1802ada577.jar to classpath.
[02:05:54] [main/DEBUG] (FabricLoader/Knot) Adding C:\Users\Aidan\IdeaProjects\StarWarsMod\1.20.1\.gradle\loom-cache\remapped_mods\loom_mappings_1_20_1_layered_hash_1900676243_v2\net\fabricmc\fabric-api\fabric-networking-api-v1\1.3.13+13a40c6677\fabric-networking-api-v1-1.3.13+13a40c6677.jar to classpath.
[02:05:54] [main/DEBUG] (FabricLoader/Knot) Adding C:\Users\Aidan\.gradle\caches\modules-2\files-2.1\io.github.llamalad7\mixinextras-fabric\0.4.1\8d1a9e96afb990367fa1f904d17580d164da72e3\mixinextras-fabric-0.4.1.jar to classpath.
[02:05:54] [main/DEBUG] (FabricLoader/Knot) Adding C:\Users\Aidan\IdeaProjects\StarWarsMod\1.20.1\.gradle\loom-cache\remapped_mods\loom_mappings_1_20_1_layered_hash_1900676243_v2\net\fabricmc\fabric-api\fabric-data-generation-api-v1\12.3.6+1802ada577\fabric-data-generation-api-v1-12.3.6+1802ada577.jar to classpath.
[02:05:54] [main/DEBUG] (FabricLoader/Knot) Adding C:\Users\Aidan\IdeaProjects\StarWarsMod\1.20.1\.gradle\loom-cache\remapped_mods\loom_mappings_1_20_1_layered_hash_1900676243_v2\net\fabricmc\fabric-api\fabric-sound-api-v1\1.0.14+1802ada577\fabric-sound-api-v1-1.0.14+1802ada577.jar to classpath.
[02:05:54] [main/DEBUG] (FabricLoader/Knot) Adding C:\Users\Aidan\IdeaProjects\StarWarsMod\1.20.1\.gradle\loom-cache\remapped_mods\loom_mappings_1_20_1_layered_hash_1900676243_v2\net\fabricmc\fabric-api\fabric-item-api-v1\2.1.29+1802ada577\fabric-item-api-v1-2.1.29+1802ada577.jar to classpath.
[02:05:54] [main/DEBUG] (FabricLoader/Knot) Adding C:\Users\Aidan\IdeaProjects\StarWarsMod\1.20.1\.gradle\loom-cache\remapped_mods\loom_mappings_1_20_1_layered_hash_1900676243_v2\net\fabricmc\fabric-api\fabric-data-attachment-api-v1\1.0.2+de0fd6d177\fabric-data-attachment-api-v1-1.0.2+de0fd6d177.jar to classpath.
[02:05:54] [main/DEBUG] (FabricLoader/Knot) Adding C:\Users\Aidan\IdeaProjects\StarWarsMod\1.20.1\.gradle\loom-cache\remapped_mods\loom_mappings_1_20_1_layered_hash_1900676243_v2\net\fabricmc\fabric-api\fabric-registry-sync-v0\2.3.5+1802ada577\fabric-registry-sync-v0-2.3.5+1802ada577.jar to classpath.
[02:05:54] [main/DEBUG] (FabricLoader/Knot) Adding C:\Users\Aidan\IdeaProjects\StarWarsMod\1.20.1\.gradle\loom-cache\remapped_mods\loom_mappings_1_20_1_layered_hash_1900676243_v2\mezz\jei\jei-1.20.1-fabric\15.20.0.106\jei-1.20.1-fabric-15.20.0.106.jar to classpath.
[02:05:54] [main/DEBUG] (FabricLoader/Knot) Adding C:\Users\Aidan\IdeaProjects\StarWarsMod\1.20.1\.gradle\loom-cache\remapped_mods\loom_mappings_1_20_1_layered_hash_1900676243_v2\net\fabricmc\fabric-api\fabric-object-builder-api-v1\11.1.5+e35120df77\fabric-object-builder-api-v1-11.1.5+e35120df77.jar to classpath.
[02:05:54] [main/DEBUG] (FabricLoader/Knot) Adding C:\Users\Aidan\IdeaProjects\StarWarsMod\1.20.1\.gradle\loom-cache\remapped_mods\loom_mappings_1_20_1_layered_hash_1900676243_v2\net\fabricmc\fabric-api\fabric-particles-v1\1.1.3+1802ada577\fabric-particles-v1-1.1.3+1802ada577.jar to classpath.
[02:05:54] [main/DEBUG] (FabricLoader/Knot) Adding C:\Users\Aidan\IdeaProjects\StarWarsMod\1.20.1\fabric\build\resources\main to classpath.
[02:05:54] [main/DEBUG] (FabricLoader/Knot) Adding C:\Users\Aidan\IdeaProjects\StarWarsMod\1.20.1\.gradle\loom-cache\remapped_mods\loom_mappings_1_20_1_layered_hash_1900676243_v2\net\fabricmc\fabric-api\fabric-commands-v0\0.2.52+df3654b377\fabric-commands-v0-0.2.52+df3654b377.jar to classpath.
[02:05:54] [main/DEBUG] (FabricLoader/Knot) Adding C:\Users\Aidan\IdeaProjects\StarWarsMod\1.20.1\.gradle\loom-cache\remapped_mods\loom_mappings_1_20_1_layered_hash_1900676243_v2\net\fabricmc\fabric-api\fabric-item-group-api-v1\4.0.14+1802ada577\fabric-item-group-api-v1-4.0.14+1802ada577.jar to classpath.
[02:05:54] [main/DEBUG] (FabricLoader/Knot) Adding C:\Users\Aidan\IdeaProjects\StarWarsMod\1.20.1\.gradle\loom-cache\remapped_mods\loom_mappings_1_20_1_layered_hash_1900676243_v2\net\fabricmc\fabric-api\fabric-api-lookup-api-v1\1.6.37+1802ada577\fabric-api-lookup-api-v1-1.6.37+1802ada577.jar to classpath.
[02:05:54] [main/DEBUG] (FabricLoader/Knot) Adding C:\Users\Aidan\IdeaProjects\StarWarsMod\1.20.1\.gradle\loom-cache\remapped_mods\loom_mappings_1_20_1_layered_hash_1900676243_v2\net\fabricmc\fabric-api\fabric-command-api-v1\1.2.35+f71b366f77\fabric-command-api-v1-1.2.35+f71b366f77.jar to classpath.
[02:05:54] [main/DEBUG] (FabricLoader/Knot) Adding C:\Users\Aidan\IdeaProjects\StarWarsMod\1.20.1\.gradle\loom-cache\remapped_mods\loom_mappings_1_20_1_layered_hash_1900676243_v2\net\fabricmc\fabric-api\fabric-lifecycle-events-v1\2.2.23+1802ada577\fabric-lifecycle-events-v1-2.2.23+1802ada577.jar to classpath.
[02:05:54] [main/DEBUG] (FabricLoader/Knot) Adding C:\Users\Aidan\IdeaProjects\StarWarsMod\1.20.1\.gradle\loom-cache\remapped_mods\loom_mappings_1_20_1_layered_hash_1900676243_v2\net\fabricmc\fabric-api\fabric-api\0.92.5+1.20.1\fabric-api-0.92.5+1.20.1.jar to classpath.
[02:05:54] [main/DEBUG] (FabricLoader/Knot) Adding C:\Users\Aidan\IdeaProjects\StarWarsMod\1.20.1\.gradle\loom-cache\remapped_mods\loom_mappings_1_20_1_layered_hash_1900676243_v2\net\fabricmc\fabric-api\fabric-rendering-data-attachment-v1\0.3.39+92a0d36777\fabric-rendering-data-attachment-v1-0.3.39+92a0d36777.jar to classpath.
[02:05:54] [main/DEBUG] (FabricLoader/Knot) Adding C:\Users\Aidan\IdeaProjects\StarWarsMod\1.20.1\.gradle\loom-cache\remapped_mods\loom_mappings_1_20_1_layered_hash_1900676243_v2\net\fabricmc\fabric-api\fabric-client-tags-api-v1\1.1.3+1802ada577\fabric-client-tags-api-v1-1.1.3+1802ada577.jar to classpath.
[02:05:54] [main/DEBUG] (FabricLoader/Knot) Adding C:\Users\Aidan\IdeaProjects\StarWarsMod\1.20.1\.gradle\loom-cache\remapped_mods\loom_mappings_1_20_1_layered_hash_1900676243_v2\net\fabricmc\fabric-api\fabric-screen-handler-api-v1\1.3.32+1802ada577\fabric-screen-handler-api-v1-1.3.32+1802ada577.jar to classpath.
[02:05:54] [main/DEBUG] (FabricLoader/Knot) Adding C:\Users\Aidan\IdeaProjects\StarWarsMod\1.20.1\.gradle\loom-cache\remapped_mods\loom_mappings_1_20_1_layered_hash_1900676243_v2\net\fabricmc\fabric-api\fabric-rendering-fluids-v1\3.0.29+1802ada577\fabric-rendering-fluids-v1-3.0.29+1802ada577.jar to classpath.
[02:05:54] [main/DEBUG] (FabricLoader/Knot) Adding C:\Users\Aidan\IdeaProjects\StarWarsMod\1.20.1\.gradle\loom-cache\remapped_mods\loom_mappings_1_20_1_layered_hash_1900676243_v2\net\fabricmc\fabric-api\fabric-rendering-v1\3.0.9+1802ada577\fabric-rendering-v1-3.0.9+1802ada577.jar to classpath.
[02:05:54] [main/DEBUG] (FabricLoader/Knot) Adding C:\Users\Aidan\IdeaProjects\StarWarsMod\1.20.1\.gradle\loom-cache\remapped_mods\loom_mappings_1_20_1_layered_hash_1900676243_v2\net\fabricmc\fabric-api\fabric-command-api-v2\2.2.14+1802ada577\fabric-command-api-v2-2.2.14+1802ada577.jar to classpath.
[02:05:54] [main/DEBUG] (FabricLoader/Knot) Adding C:\Users\Aidan\IdeaProjects\StarWarsMod\1.20.1\.gradle\loom-cache\remapped_mods\loom_mappings_1_20_1_layered_hash_1900676243_v2\net\fabricmc\fabric-api\fabric-model-loading-api-v1\1.0.4+1802ada577\fabric-model-loading-api-v1-1.0.4+1802ada577.jar to classpath.
[02:05:54] [main/DEBUG] (FabricLoader/Knot) Adding C:\Users\Aidan\IdeaProjects\StarWarsMod\1.20.1\.gradle\loom-cache\remapped_mods\loom_mappings_1_20_1_layered_hash_1900676243_v2\net\fabricmc\fabric-api\fabric-blockrenderlayer-v1\1.1.42+1802ada577\fabric-blockrenderlayer-v1-1.1.42+1802ada577.jar to classpath.
[02:05:54] [main/DEBUG] (FabricLoader/Knot) Adding C:\Users\Aidan\IdeaProjects\StarWarsMod\1.20.1\.gradle\loom-cache\remapped_mods\loom_mappings_1_20_1_layered_hash_1900676243_v2\net\fabricmc\fabric-api\fabric-keybindings-v0\0.2.36+df3654b377\fabric-keybindings-v0-0.2.36+df3654b377.jar to classpath.
[02:05:54] [main/DEBUG] (FabricLoader/Knot) Adding C:\Users\Aidan\IdeaProjects\StarWarsMod\1.20.1\.gradle\loom-cache\remapped_mods\loom_mappings_1_20_1_layered_hash_1900676243_v2\net\fabricmc\fabric-api\fabric-loot-api-v2\1.2.3+1802ada577\fabric-loot-api-v2-1.2.3+1802ada577.jar to classpath.
[02:05:54] [main/DEBUG] (FabricLoader/Knot) Adding C:\Users\Aidan\IdeaProjects\StarWarsMod\1.20.1\.gradle\loom-cache\remapped_mods\loom_mappings_1_20_1_layered_hash_1900676243_v2\net\fabricmc\fabric-api\fabric-networking-v0\0.3.53+df3654b377\fabric-networking-v0-0.3.53+df3654b377.jar to classpath.
[02:05:54] [main/DEBUG] (FabricLoader/Knot) Adding C:\Users\Aidan\IdeaProjects\StarWarsMod\1.20.1\.gradle\loom-cache\remapped_mods\loom_mappings_1_20_1_layered_hash_1900676243_v2\net\fabricmc\fabric-api\fabric-resource-conditions-api-v1\2.3.9+1802ada577\fabric-resource-conditions-api-v1-2.3.9+1802ada577.jar to classpath.
[02:05:54] [main/DEBUG] (FabricLoader/Knot) Adding C:\Users\Aidan\IdeaProjects\StarWarsMod\1.20.1\.gradle\loom-cache\remapped_mods\loom_mappings_1_20_1_layered_hash_1900676243_v2\net\fabricmc\fabric-api\fabric-entity-events-v1\1.6.1+1c78457f77\fabric-entity-events-v1-1.6.1+1c78457f77.jar to classpath.
[02:05:54] [main/DEBUG] (FabricLoader/Knot) Adding C:\Users\Aidan\IdeaProjects\StarWarsMod\1.20.1\.gradle\loom-cache\remapped_mods\loom_mappings_1_20_1_layered_hash_1900676243_v2\net\fabricmc\fabric-api\fabric-key-binding-api-v1\1.0.38+1802ada577\fabric-key-binding-api-v1-1.0.38+1802ada577.jar to classpath.
[02:05:54] [main/DEBUG] (FabricLoader/Knot) Adding C:\Users\Aidan\IdeaProjects\StarWarsMod\1.20.1\.gradle\loom-cache\remapped_mods\loom_mappings_1_20_1_layered_hash_1900676243_v2\net\fabricmc\fabric-api\fabric-gametest-api-v1\1.2.15+1802ada577\fabric-gametest-api-v1-1.2.15+1802ada577.jar to classpath.
[02:05:54] [main/DEBUG] (FabricLoader/Knot) Adding C:\Users\Aidan\IdeaProjects\StarWarsMod\1.20.1\.gradle\loom-cache\remapped_mods\loom_mappings_1_20_1_layered_hash_1900676243_v2\net\fabricmc\fabric-api\fabric-containers-v0\0.1.66+df3654b377\fabric-containers-v0-0.1.66+df3654b377.jar to classpath.
[02:05:54] [main/DEBUG] (FabricLoader/Knot) Adding C:\Users\Aidan\IdeaProjects\StarWarsMod\1.20.1\.gradle\loom-cache\remapped_mods\loom_mappings_1_20_1_layered_hash_1900676243_v2\net\fabricmc\fabric-api\fabric-renderer-registries-v1\3.2.47+df3654b377\fabric-renderer-registries-v1-3.2.47+df3654b377.jar to classpath.
[02:05:54] [main/DEBUG] (FabricLoader/Knot) Adding C:\Users\Aidan\IdeaProjects\StarWarsMod\1.20.1\.gradle\loom-cache\remapped_mods\loom_mappings_1_20_1_layered_hash_1900676243_v2\net\fabricmc\fabric-api\fabric-loot-tables-v1\1.1.47+9e7660c677\fabric-loot-tables-v1-1.1.47+9e7660c677.jar to classpath.
[02:05:54] [main/DEBUG] (FabricLoader/Knot) Adding C:\Users\Aidan\IdeaProjects\StarWarsMod\1.20.1\.gradle\loom-cache\remapped_mods\loom_mappings_1_20_1_layered_hash_1900676243_v2\net\fabricmc\fabric-api\fabric-message-api-v1\5.1.10+1802ada577\fabric-message-api-v1-5.1.10+1802ada577.jar to classpath.
[02:05:54] [main/DEBUG] (FabricLoader/Entrypoint) Registering new-style initializer net.fabricmc.fabric.impl.event.interaction.InteractionEventsRouterClient for mod fabric-events-interaction-v0 (key client)
[02:05:54] [main/DEBUG] (FabricLoader/Entrypoint) Registering new-style initializer net.fabricmc.fabric.impl.event.interaction.InteractionEventsRouter for mod fabric-events-interaction-v0 (key main)
[02:05:54] [main/DEBUG] (FabricLoader/Entrypoint) Registering new-style initializer net.fabricmc.fabric.impl.client.rendering.v0.RenderingCallbackInvoker for mod fabric-rendering-v0 (key client)
[02:05:54] [main/DEBUG] (FabricLoader/Entrypoint) Registering new-style initializer net.fabricmc.fabric.impl.recipe.ingredient.client.CustomIngredientSyncClient for mod fabric-recipe-api-v1 (key client)
[02:05:54] [main/DEBUG] (FabricLoader/Entrypoint) Registering new-style initializer net.fabricmc.fabric.impl.recipe.ingredient.CustomIngredientInit for mod fabric-recipe-api-v1 (key main)
[02:05:54] [main/DEBUG] (FabricLoader/Entrypoint) Registering new-style initializer net.fabricmc.fabric.impl.recipe.ingredient.CustomIngredientSync for mod fabric-recipe-api-v1 (key main)
[02:05:54] [main/DEBUG] (FabricLoader/Entrypoint) Registering new-style initializer net.fabricmc.fabric.impl.event.lifecycle.v0.client.LegacyClientEventInvokers for mod fabric-events-lifecycle-v0 (key client)
[02:05:54] [main/DEBUG] (FabricLoader/Entrypoint) Registering new-style initializer net.fabricmc.fabric.impl.event.lifecycle.v0.LegacyEventInvokers for mod fabric-events-lifecycle-v0 (key main)
[02:05:54] [main/DEBUG] (FabricLoader/Entrypoint) Registering new-style initializer dev.architectury.init.fabric.ArchitecturyServer::init for mod architectury (key server)
[02:05:54] [main/DEBUG] (FabricLoader/Entrypoint) Registering new-style initializer dev.architectury.compat.fabric.ModMenuCompatibility for mod architectury (key modmenu)
[02:05:54] [main/DEBUG] (FabricLoader/Entrypoint) Registering new-style initializer dev.architectury.init.fabric.ArchitecturyClient::init for mod architectury (key client)
[02:05:54] [main/DEBUG] (FabricLoader/Entrypoint) Registering new-style initializer dev.architectury.utils.fabric.GameInstanceImpl::init for mod architectury (key main)
[02:05:54] [main/DEBUG] (FabricLoader/Entrypoint) Registering new-style initializer net.fabricmc.fabric.impl.client.indigo.Indigo for mod fabric-renderer-indigo (key client)
[02:05:54] [main/DEBUG] (FabricLoader/Entrypoint) Registering new-style initializer net.fabricmc.fabric.impl.networking.client.ClientNetworkingImpl::clientInit for mod fabric-networking-api-v1 (key client)
[02:05:54] [main/DEBUG] (FabricLoader/Entrypoint) Registering new-style initializer net.fabricmc.fabric.impl.networking.NetworkingImpl::init for mod fabric-networking-api-v1 (key main)
[02:05:54] [main/DEBUG] (FabricLoader/Entrypoint) Registering new-style initializer net.fabricmc.fabric.impl.attachment.AttachmentEntrypoint for mod fabric-data-attachment-api-v1 (key main)
[02:05:54] [main/DEBUG] (FabricLoader/Entrypoint) Registering new-style initializer net.fabricmc.fabric.impl.client.registry.sync.FabricRegistryClientInit for mod fabric-registry-sync-v0 (key client)
[02:05:54] [main/DEBUG] (FabricLoader/Entrypoint) Registering new-style initializer net.fabricmc.fabric.impl.registry.sync.FabricRegistryInit for mod fabric-registry-sync-v0 (key main)
[02:05:54] [main/DEBUG] (FabricLoader/Entrypoint) Registering new-style initializer mezz.jei.library.plugins.vanilla.VanillaPlugin for mod jei (key jei_mod_plugin)
[02:05:54] [main/DEBUG] (FabricLoader/Entrypoint) Registering new-style initializer mezz.jei.library.plugins.jei.JeiInternalPlugin for mod jei (key jei_mod_plugin)
[02:05:54] [main/DEBUG] (FabricLoader/Entrypoint) Registering new-style initializer mezz.jei.library.plugins.debug.JeiDebugPlugin for mod jei (key jei_mod_plugin)
[02:05:54] [main/DEBUG] (FabricLoader/Entrypoint) Registering new-style initializer mezz.jei.fabric.plugins.fabric.FabricGuiPlugin for mod jei (key jei_mod_plugin)
[02:05:54] [main/DEBUG] (FabricLoader/Entrypoint) Registering new-style initializer mezz.jei.gui.plugins.JeiGuiPlugin for mod jei (key jei_mod_plugin)
[02:05:54] [main/DEBUG] (FabricLoader/Entrypoint) Registering new-style initializer mezz.jei.fabric.JustEnoughItemsClient for mod jei (key client)
[02:05:54] [main/DEBUG] (FabricLoader/Entrypoint) Registering new-style initializer mezz.jei.fabric.JustEnoughItems for mod jei (key main)
[02:05:54] [main/DEBUG] (FabricLoader/Entrypoint) Registering new-style initializer mod.syconn.swm.integration.jei.Plugin for mod swm (key jei_mod_plugin)
[02:05:54] [main/DEBUG] (FabricLoader/Entrypoint) Registering new-style initializer mod.syconn.swm.fabric.datagen.DataGeneration for mod swm (key fabric-datagen)
[02:05:54] [main/DEBUG] (FabricLoader/Entrypoint) Registering new-style initializer mod.syconn.swm.fabric.client.StarWarsFabricClient for mod swm (key client)
[02:05:54] [main/DEBUG] (FabricLoader/Entrypoint) Registering new-style initializer mod.syconn.swm.fabric.StarWarsFabric for mod swm (key main)
[02:05:54] [main/DEBUG] (FabricLoader/Entrypoint) Registering new-style initializer net.fabricmc.fabric.impl.lookup.ApiLookupImpl for mod fabric-api-lookup-api-v1 (key main)
[02:05:54] [main/DEBUG] (FabricLoader/Entrypoint) Registering new-style initializer net.fabricmc.fabric.impl.command.v1.LegacyHandler for mod fabric-command-api-v1 (key main)
[02:05:54] [main/DEBUG] (FabricLoader/Entrypoint) Registering new-style initializer net.fabricmc.fabric.impl.client.event.lifecycle.ClientLifecycleEventsImpl for mod fabric-lifecycle-events-v1 (key client)
[02:05:54] [main/DEBUG] (FabricLoader/Entrypoint) Registering new-style initializer net.fabricmc.fabric.impl.event.lifecycle.LifecycleEventsImpl for mod fabric-lifecycle-events-v1 (key main)
[02:05:54] [main/DEBUG] (FabricLoader/Entrypoint) Registering new-style initializer net.fabricmc.fabric.impl.screenhandler.client.ClientNetworking for mod fabric-screen-handler-api-v1 (key client)
[02:05:54] [main/DEBUG] (FabricLoader/Entrypoint) Registering new-style initializer net.fabricmc.fabric.impl.client.networking.v0.OldClientNetworkingHooks for mod fabric-networking-v0 (key client)
[02:05:54] [main/DEBUG] (FabricLoader/Entrypoint) Registering new-style initializer net.fabricmc.fabric.impl.networking.v0.OldNetworkingHooks for mod fabric-networking-v0 (key main)
[02:05:54] [main/DEBUG] (FabricLoader/Entrypoint) Registering new-style initializer net.fabricmc.fabric.impl.gametest.FabricGameTestModInitializer for mod fabric-gametest-api-v1 (key main)
[02:05:54] [main/DEBUG] (FabricLoader/Entrypoint) Registering new-style initializer net.fabricmc.fabric.impl.client.container.ScreenProviderRegistryImpl::init for mod fabric-containers-v0 (key client)
[02:05:54] [main/DEBUG] (FabricLoader/Entrypoint) Registering new-style initializer net.fabricmc.fabric.impl.loot.table.LootTablesV1Init for mod fabric-loot-tables-v1 (key main)
[02:05:54] [main/INFO] (FabricLoader/Mixin) SpongePowered MIXIN Subsystem Version=0.8.7 Source=file:/C:/Users/Aidan/.gradle/caches/modules-2/files-2.1/net.fabricmc/sponge-mixin/0.15.5+mixin.0.8.7/22f9eb729e216a091673a574a5906dc1b9027fb3/sponge-mixin-0.15.5+mixin.0.8.7.jar Service=Knot/Fabric Env=CLIENT
[02:05:54] [main/DEBUG] (FabricLoader/Mixin) Initialising Mixin Platform Manager
[02:05:54] [main/DEBUG] (FabricLoader/Mixin) Adding mixin platform agents for container ContainerHandleURI(file:///C:/Users/Aidan/.gradle/caches/modules-2/files-2.1/net.fabricmc/fabric-loader/0.16.14/5778d47f536bf2c63ed2abc1a56f5a1c129e34a/fabric-loader-0.16.14.jar)
[02:05:54] [main/DEBUG] (FabricLoader/Mixin) Instancing new MixinPlatformAgentDefault for ContainerHandleURI(file:///C:/Users/Aidan/.gradle/caches/modules-2/files-2.1/net.fabricmc/fabric-loader/0.16.14/5778d47f536bf2c63ed2abc1a56f5a1c129e34a/fabric-loader-0.16.14.jar)
[02:05:54] [main/DEBUG] (FabricLoader/Mixin) MixinPlatformAgentDefault accepted container ContainerHandleURI(file:///C:/Users/Aidan/.gradle/caches/modules-2/files-2.1/net.fabricmc/fabric-loader/0.16.14/5778d47f536bf2c63ed2abc1a56f5a1c129e34a/fabric-loader-0.16.14.jar)
[02:05:54] [main/DEBUG] (FabricLoader/Mixin) Instancing new MixinPlatformAgentDefault for ContainerHandleURI(file:///C:/Users/Aidan/.gradle/caches/modules-2/files-2.1/net.fabricmc/fabric-loader/0.16.14/5778d47f536bf2c63ed2abc1a56f5a1c129e34a/fabric-loader-0.16.14.jar)
[02:05:54] [main/DEBUG] (FabricLoader/Mixin) MixinPlatformAgentDefault accepted container ContainerHandleURI(file:///C:/Users/Aidan/.gradle/caches/modules-2/files-2.1/net.fabricmc/fabric-loader/0.16.14/5778d47f536bf2c63ed2abc1a56f5a1c129e34a/fabric-loader-0.16.14.jar)
[02:05:54] [main/DEBUG] (FabricLoader/Mixin) Processing prepare() for PlatformAgent[MixinPlatformAgentDefault:ContainerHandleURI(file:///C:/Users/Aidan/.gradle/caches/modules-2/files-2.1/net.fabricmc/fabric-loader/0.16.14/5778d47f536bf2c63ed2abc1a56f5a1c129e34a/fabric-loader-0.16.14.jar)]
[02:05:54] [main/DEBUG] (FabricLoader/Mixin) Processing prepare() for PlatformAgent[MixinPlatformAgentDefault:ContainerHandleURI(file:///C:/Users/Aidan/.gradle/caches/modules-2/files-2.1/net.fabricmc/fabric-loader/0.16.14/5778d47f536bf2c63ed2abc1a56f5a1c129e34a/fabric-loader-0.16.14.jar)]
[02:05:54] [main/INFO] (FabricLoader/Mixin) Loaded Fabric development mappings for mixin remapper!
[02:05:54] [main/DEBUG] (FabricLoader/Mixin) Compatibility level JAVA_16 specified by fabric-transfer-api-v1.mixins.json is higher than the maximum level supported by this version of mixin (JAVA_13).
[02:05:54] [main/INFO] (FabricLoader/Mixin) Compatibility level set to JAVA_16
[02:05:54] [main/DEBUG] (FabricLoader/Mixin) Mixin config fabric-transfer-api-v1.mixins.json does not specify "minVersion" or "requiredFeatures" property
[02:05:54] [main/DEBUG] (FabricLoader/Mixin) Mixin config fabric-resource-loader-v0.mixins.json does not specify "minVersion" or "requiredFeatures" property
[02:05:54] [main/DEBUG] (FabricLoader/Mixin) Mixin config fabric-resource-loader-v0.client.mixins.json does not specify "minVersion" or "requiredFeatures" property
[02:05:54] [main/DEBUG] (FabricLoader/Mixin) Mixin config fabric-events-interaction-v0.mixins.json does not specify "minVersion" or "requiredFeatures" property
[02:05:54] [main/DEBUG] (FabricLoader/Mixin) Mixin config fabric-events-interaction-v0.client.mixins.json does not specify "minVersion" or "requiredFeatures" property
[02:05:54] [main/DEBUG] (FabricLoader/Mixin) Mixin config fabric-content-registries-v0.mixins.json does not specify "minVersion" or "requiredFeatures" property
[02:05:54] [main/DEBUG] (FabricLoader/Mixin) Compatibility level JAVA_17 specified by fabric-recipe-api-v1.mixins.json is higher than the maximum level supported by this version of mixin (JAVA_13).
[02:05:54] [main/INFO] (FabricLoader/Mixin) Compatibility level set to JAVA_17
[02:05:54] [main/DEBUG] (FabricLoader/Mixin) Mixin config fabric-recipe-api-v1.mixins.json does not specify "minVersion" or "requiredFeatures" property
[02:05:54] [main/DEBUG] (FabricLoader/Mixin) Compatibility level JAVA_16 specified by fabric-renderer-api-v1.mixins.json is higher than the maximum level supported by this version of mixin (JAVA_13).
[02:05:54] [main/DEBUG] (FabricLoader/Mixin) Mixin config fabric-renderer-api-v1.mixins.json does not specify "minVersion" or "requiredFeatures" property
[02:05:54] [main/DEBUG] (FabricLoader/Mixin) Compatibility level JAVA_16 specified by fabric-renderer-api-v1.debughud.mixins.json is higher than the maximum level supported by this version of mixin (JAVA_13).
[02:05:54] [main/DEBUG] (FabricLoader/Mixin) Mixin config fabric-renderer-api-v1.debughud.mixins.json does not specify "minVersion" or "requiredFeatures" property
[02:05:54] [main/DEBUG] (FabricLoader/Mixin) Compatibility level JAVA_16 specified by architectury-common.mixins.json is higher than the maximum level supported by this version of mixin (JAVA_13).
[02:05:54] [main/DEBUG] (FabricLoader/Mixin) Compatibility level JAVA_16 specified by architectury.mixins.json is higher than the maximum level supported by this version of mixin (JAVA_13).
[02:05:54] [main/DEBUG] (FabricLoader/Mixin) Mixin config fabric-block-api-v1.mixins.json does not specify "minVersion" or "requiredFeatures" property
[02:05:54] [main/DEBUG] (FabricLoader/Mixin) Compatibility level JAVA_16 specified by fabric-screen-api-v1.mixins.json is higher than the maximum level supported by this version of mixin (JAVA_13).
[02:05:54] [main/DEBUG] (FabricLoader/Mixin) Mixin config fabric-screen-api-v1.mixins.json does not specify "minVersion" or "requiredFeatures" property
[02:05:54] [main/DEBUG] (FabricLoader/Mixin) Compatibility level JAVA_16 specified by fabric-dimensions-v1.mixins.json is higher than the maximum level supported by this version of mixin (JAVA_13).
[02:05:54] [main/DEBUG] (FabricLoader/Mixin) Mixin config fabric-dimensions-v1.mixins.json does not specify "minVersion" or "requiredFeatures" property
[02:05:54] [main/DEBUG] (FabricLoader/Mixin) Compatibility level JAVA_16 specified by fabric-game-rule-api-v1.mixins.json is higher than the maximum level supported by this version of mixin (JAVA_13).
[02:05:54] [main/DEBUG] (FabricLoader/Mixin) Mixin config fabric-game-rule-api-v1.mixins.json does not specify "minVersion" or "requiredFeatures" property
[02:05:54] [main/DEBUG] (FabricLoader/Mixin) Compatibility level JAVA_16 specified by fabric-game-rule-api-v1.client.mixins.json is higher than the maximum level supported by this version of mixin (JAVA_13).
[02:05:54] [main/DEBUG] (FabricLoader/Mixin) Mixin config fabric-game-rule-api-v1.client.mixins.json does not specify "minVersion" or "requiredFeatures" property
[02:05:54] [main/DEBUG] (FabricLoader/Mixin) Compatibility level JAVA_16 specified by fabric-renderer-indigo.mixins.json is higher than the maximum level supported by this version of mixin (JAVA_13).
[02:05:54] [main/DEBUG] (FabricLoader/Mixin) Mixin config fabric-renderer-indigo.mixins.json does not specify "minVersion" or "requiredFeatures" property
[02:05:54] [main/DEBUG] (FabricLoader/Mixin) Compatibility level JAVA_16 specified by fabric-crash-report-info-v1.mixins.json is higher than the maximum level supported by this version of mixin (JAVA_13).
[02:05:54] [main/DEBUG] (FabricLoader/Mixin) Mixin config fabric-crash-report-info-v1.mixins.json does not specify "minVersion" or "requiredFeatures" property
[02:05:54] [main/DEBUG] (FabricLoader/Mixin) Compatibility level JAVA_16 specified by fabric-biome-api-v1.mixins.json is higher than the maximum level supported by this version of mixin (JAVA_13).
[02:05:54] [main/DEBUG] (FabricLoader/Mixin) Mixin config fabric-biome-api-v1.mixins.json does not specify "minVersion" or "requiredFeatures" property
[02:05:54] [main/DEBUG] (FabricLoader/Mixin) Compatibility level JAVA_16 specified by fabric-mining-level-api-v1.mixins.json is higher than the maximum level supported by this version of mixin (JAVA_13).
[02:05:54] [main/DEBUG] (FabricLoader/Mixin) Mixin config fabric-mining-level-api-v1.mixins.json does not specify "minVersion" or "requiredFeatures" property
[02:05:54] [main/DEBUG] (FabricLoader/Mixin) Mixin config fabric-block-view-api-v2.mixins.json does not specify "minVersion" or "requiredFeatures" property
[02:05:54] [main/DEBUG] (FabricLoader/Mixin) Mixin config fabric-block-view-api-v2.client.mixins.json does not specify "minVersion" or "requiredFeatures" property
[02:05:54] [main/DEBUG] (FabricLoader/Mixin) Compatibility level JAVA_16 specified by fabric-networking-api-v1.mixins.json is higher than the maximum level supported by this version of mixin (JAVA_13).
[02:05:54] [main/DEBUG] (FabricLoader/Mixin) Mixin config fabric-networking-api-v1.mixins.json does not specify "minVersion" or "requiredFeatures" property
[02:05:54] [main/DEBUG] (FabricLoader/Mixin) Compatibility level JAVA_16 specified by fabric-networking-api-v1.client.mixins.json is higher than the maximum level supported by this version of mixin (JAVA_13).
[02:05:54] [main/DEBUG] (FabricLoader/Mixin) Mixin config fabric-networking-api-v1.client.mixins.json does not specify "minVersion" or "requiredFeatures" property
[02:05:54] [main/DEBUG] (FabricLoader/Mixin) Compatibility level JAVA_16 specified by fabric-data-generation-api-v1.mixins.json is higher than the maximum level supported by this version of mixin (JAVA_13).
[02:05:54] [main/DEBUG] (FabricLoader/Mixin) Mixin config fabric-data-generation-api-v1.mixins.json does not specify "minVersion" or "requiredFeatures" property
[02:05:54] [main/DEBUG] (FabricLoader/Mixin) Compatibility level JAVA_16 specified by fabric-data-generation-api-v1.client.mixins.json is higher than the maximum level supported by this version of mixin (JAVA_13).
[02:05:54] [main/DEBUG] (FabricLoader/Mixin) Mixin config fabric-data-generation-api-v1.client.mixins.json does not specify "minVersion" or "requiredFeatures" property
[02:05:54] [main/DEBUG] (FabricLoader/Mixin) Mixin config fabric-sound-api-v1.mixins.json does not specify "minVersion" or "requiredFeatures" property
[02:05:54] [main/DEBUG] (FabricLoader/Mixin) Compatibility level JAVA_16 specified by fabric-item-api-v1.mixins.json is higher than the maximum level supported by this version of mixin (JAVA_13).
[02:05:54] [main/DEBUG] (FabricLoader/Mixin) Mixin config fabric-item-api-v1.mixins.json does not specify "minVersion" or "requiredFeatures" property
[02:05:54] [main/DEBUG] (FabricLoader/Mixin) Compatibility level JAVA_16 specified by fabric-item-api-v1.client.mixins.json is higher than the maximum level supported by this version of mixin (JAVA_13).
[02:05:54] [main/DEBUG] (FabricLoader/Mixin) Mixin config fabric-item-api-v1.client.mixins.json does not specify "minVersion" or "requiredFeatures" property
[02:05:54] [main/DEBUG] (FabricLoader/Mixin) Mixin config fabric-data-attachment-api-v1.mixins.json does not specify "minVersion" or "requiredFeatures" property
[02:05:54] [main/DEBUG] (FabricLoader/Mixin) Mixin config fabric-data-attachment-api-v1.client.mixins.json does not specify "minVersion" or "requiredFeatures" property
[02:05:54] [main/DEBUG] (FabricLoader/Mixin) Compatibility level JAVA_16 specified by fabric-registry-sync-v0.mixins.json is higher than the maximum level supported by this version of mixin (JAVA_13).
[02:05:54] [main/DEBUG] (FabricLoader/Mixin) Mixin config fabric-registry-sync-v0.mixins.json does not specify "minVersion" or "requiredFeatures" property
[02:05:54] [main/DEBUG] (FabricLoader/Mixin) Compatibility level JAVA_16 specified by fabric-registry-sync-v0.client.mixins.json is higher than the maximum level supported by this version of mixin (JAVA_13).
[02:05:54] [main/DEBUG] (FabricLoader/Mixin) Mixin config fabric-registry-sync-v0.client.mixins.json does not specify "minVersion" or "requiredFeatures" property
[02:05:54] [main/DEBUG] (FabricLoader/Mixin) Compatibility level JAVA_16 specified by jei.mixins.json is higher than the maximum level supported by this version of mixin (JAVA_13).
[02:05:54] [main/DEBUG] (FabricLoader/Mixin) Compatibility level JAVA_16 specified by fabric-object-builder-v1.mixins.json is higher than the maximum level supported by this version of mixin (JAVA_13).
[02:05:54] [main/DEBUG] (FabricLoader/Mixin) Mixin config fabric-object-builder-v1.mixins.json does not specify "minVersion" or "requiredFeatures" property
[02:05:54] [main/DEBUG] (FabricLoader/Mixin) Compatibility level JAVA_16 specified by fabric-object-builder-v1.client.mixins.json is higher than the maximum level supported by this version of mixin (JAVA_13).
[02:05:54] [main/DEBUG] (FabricLoader/Mixin) Mixin config fabric-object-builder-v1.client.mixins.json does not specify "minVersion" or "requiredFeatures" property
[02:05:54] [main/DEBUG] (FabricLoader/Mixin) Compatibility level JAVA_16 specified by fabric-particles-v1.client.mixins.json is higher than the maximum level supported by this version of mixin (JAVA_13).
[02:05:54] [main/DEBUG] (FabricLoader/Mixin) Mixin config fabric-particles-v1.client.mixins.json does not specify "minVersion" or "requiredFeatures" property
[02:05:54] [main/DEBUG] (FabricLoader/Mixin) Mixin config fabric-item-group-api-v1.mixins.json does not specify "minVersion" or "requiredFeatures" property
[02:05:54] [main/DEBUG] (FabricLoader/Mixin) Mixin config fabric-item-group-api-v1.client.mixins.json does not specify "minVersion" or "requiredFeatures" property
[02:05:54] [main/DEBUG] (FabricLoader/Mixin) Compatibility level JAVA_16 specified by fabric-api-lookup-api-v1.mixins.json is higher than the maximum level supported by this version of mixin (JAVA_13).
[02:05:54] [main/DEBUG] (FabricLoader/Mixin) Mixin config fabric-api-lookup-api-v1.mixins.json does not specify "minVersion" or "requiredFeatures" property
[02:05:54] [main/DEBUG] (FabricLoader/Mixin) Compatibility level JAVA_16 specified by fabric-lifecycle-events-v1.mixins.json is higher than the maximum level supported by this version of mixin (JAVA_13).
[02:05:54] [main/DEBUG] (FabricLoader/Mixin) Mixin config fabric-lifecycle-events-v1.mixins.json does not specify "minVersion" or "requiredFeatures" property
[02:05:54] [main/DEBUG] (FabricLoader/Mixin) Compatibility level JAVA_16 specified by fabric-lifecycle-events-v1.client.mixins.json is higher than the maximum level supported by this version of mixin (JAVA_13).
[02:05:54] [main/DEBUG] (FabricLoader/Mixin) Mixin config fabric-lifecycle-events-v1.client.mixins.json does not specify "minVersion" or "requiredFeatures" property
[02:05:54] [main/DEBUG] (FabricLoader/Mixin) Mixin config fabric-rendering-data-attachment-v1.mixins.json does not specify "minVersion" or "requiredFeatures" property
[02:05:54] [main/DEBUG] (FabricLoader/Mixin) Mixin config fabric-rendering-data-attachment-v1.client.mixins.json does not specify "minVersion" or "requiredFeatures" property
[02:05:54] [main/DEBUG] (FabricLoader/Mixin) Compatibility level JAVA_16 specified by fabric-screen-handler-api-v1.mixins.json is higher than the maximum level supported by this version of mixin (JAVA_13).
[02:05:54] [main/DEBUG] (FabricLoader/Mixin) Mixin config fabric-screen-handler-api-v1.mixins.json does not specify "minVersion" or "requiredFeatures" property
[02:05:54] [main/DEBUG] (FabricLoader/Mixin) Compatibility level JAVA_16 specified by fabric-rendering-fluids-v1.mixins.json is higher than the maximum level supported by this version of mixin (JAVA_13).
[02:05:54] [main/DEBUG] (FabricLoader/Mixin) Mixin config fabric-rendering-fluids-v1.mixins.json does not specify "minVersion" or "requiredFeatures" property
[02:05:54] [main/DEBUG] (FabricLoader/Mixin) Compatibility level JAVA_16 specified by fabric-rendering-v1.mixins.json is higher than the maximum level supported by this version of mixin (JAVA_13).
[02:05:54] [main/DEBUG] (FabricLoader/Mixin) Mixin config fabric-rendering-v1.mixins.json does not specify "minVersion" or "requiredFeatures" property
[02:05:54] [main/DEBUG] (FabricLoader/Mixin) Compatibility level JAVA_16 specified by fabric-command-api-v2.mixins.json is higher than the maximum level supported by this version of mixin (JAVA_13).
[02:05:54] [main/DEBUG] (FabricLoader/Mixin) Mixin config fabric-command-api-v2.mixins.json does not specify "minVersion" or "requiredFeatures" property
[02:05:54] [main/DEBUG] (FabricLoader/Mixin) Compatibility level JAVA_16 specified by fabric-command-api-v2.client.mixins.json is higher than the maximum level supported by this version of mixin (JAVA_13).
[02:05:54] [main/DEBUG] (FabricLoader/Mixin) Mixin config fabric-command-api-v2.client.mixins.json does not specify "minVersion" or "requiredFeatures" property
[02:05:54] [main/DEBUG] (FabricLoader/Mixin) Mixin config fabric-model-loading-api-v1.mixins.json does not specify "minVersion" or "requiredFeatures" property
[02:05:54] [main/DEBUG] (FabricLoader/Mixin) Compatibility level JAVA_16 specified by fabric-blockrenderlayer-v1.mixins.json is higher than the maximum level supported by this version of mixin (JAVA_13).
[02:05:54] [main/DEBUG] (FabricLoader/Mixin) Mixin config fabric-blockrenderlayer-v1.mixins.json does not specify "minVersion" or "requiredFeatures" property
[02:05:54] [main/DEBUG] (FabricLoader/Mixin) Mixin config fabric-loot-api-v2.mixins.json does not specify "minVersion" or "requiredFeatures" property
[02:05:54] [main/DEBUG] (FabricLoader/Mixin) Compatibility level JAVA_16 specified by fabric-resource-conditions-api-v1.mixins.json is higher than the maximum level supported by this version of mixin (JAVA_13).
[02:05:54] [main/DEBUG] (FabricLoader/Mixin) Mixin config fabric-resource-conditions-api-v1.mixins.json does not specify "minVersion" or "requiredFeatures" property
[02:05:54] [main/DEBUG] (FabricLoader/Mixin) Compatibility level JAVA_16 specified by fabric-entity-events-v1.mixins.json is higher than the maximum level supported by this version of mixin (JAVA_13).
[02:05:54] [main/DEBUG] (FabricLoader/Mixin) Mixin config fabric-entity-events-v1.mixins.json does not specify "minVersion" or "requiredFeatures" property
[02:05:54] [main/DEBUG] (FabricLoader/Mixin) Compatibility level JAVA_16 specified by fabric-entity-events-v1.client.mixins.json is higher than the maximum level supported by this version of mixin (JAVA_13).
[02:05:54] [main/DEBUG] (FabricLoader/Mixin) Mixin config fabric-entity-events-v1.client.mixins.json does not specify "minVersion" or "requiredFeatures" property
[02:05:54] [main/DEBUG] (FabricLoader/Mixin) Compatibility level JAVA_16 specified by fabric-key-binding-api-v1.mixins.json is higher than the maximum level supported by this version of mixin (JAVA_13).
[02:05:54] [main/DEBUG] (FabricLoader/Mixin) Mixin config fabric-key-binding-api-v1.mixins.json does not specify "minVersion" or "requiredFeatures" property
[02:05:54] [main/DEBUG] (FabricLoader/Mixin) Compatibility level JAVA_16 specified by fabric-gametest-api-v1.mixins.json is higher than the maximum level supported by this version of mixin (JAVA_13).
[02:05:54] [main/DEBUG] (FabricLoader/Mixin) Mixin config fabric-gametest-api-v1.mixins.json does not specify "minVersion" or "requiredFeatures" property
[02:05:54] [main/DEBUG] (FabricLoader/Mixin) Compatibility level JAVA_16 specified by fabric-containers-v0.mixins.json is higher than the maximum level supported by this version of mixin (JAVA_13).
[02:05:54] [main/DEBUG] (FabricLoader/Mixin) Mixin config fabric-containers-v0.mixins.json does not specify "minVersion" or "requiredFeatures" property
[02:05:54] [main/DEBUG] (FabricLoader/Mixin) Compatibility level JAVA_16 specified by fabric-containers-v0.accurate.mixins.json is higher than the maximum level supported by this version of mixin (JAVA_13).
[02:05:54] [main/DEBUG] (FabricLoader/Mixin) Mixin config fabric-containers-v0.accurate.mixins.json does not specify "minVersion" or "requiredFeatures" property
[02:05:54] [main/DEBUG] (FabricLoader/Mixin) Compatibility level JAVA_16 specified by fabric-loot-tables-v1.mixins.json is higher than the maximum level supported by this version of mixin (JAVA_13).
[02:05:54] [main/DEBUG] (FabricLoader/Mixin) Mixin config fabric-loot-tables-v1.mixins.json does not specify "minVersion" or "requiredFeatures" property
[02:05:54] [main/DEBUG] (FabricLoader/Mixin) Compatibility level JAVA_16 specified by fabric-message-api-v1.mixins.json is higher than the maximum level supported by this version of mixin (JAVA_13).
[02:05:54] [main/DEBUG] (FabricLoader/Mixin) Mixin config fabric-message-api-v1.mixins.json does not specify "minVersion" or "requiredFeatures" property
[02:05:54] [main/DEBUG] (FabricLoader/Mixin) Mixin config fabric-message-api-v1.client.mixins.json does not specify "minVersion" or "requiredFeatures" property
[02:05:54] [main/DEBUG] (FabricLoader/Knot) Adding C:\Users\Aidan\IdeaProjects\StarWarsMod\1.20.1\.gradle\loom-cache\minecraftMaven\net\minecraft\minecraft-merged-adc751d9ee\1.20.1-loom.mappings.1_20_1.layered+hash.1900676243-v2\minecraft-merged-adc751d9ee-1.20.1-loom.mappings.1_20_1.layered+hash.1900676243-v2.jar to classpath.
[02:05:54] [main/DEBUG] (FabricLoader/Knot) Adding C:\Users\Aidan\IdeaProjects\StarWarsMod\1.20.1\fabric\build\classes\java\main to classpath.
[02:05:54] [main/DEBUG] (FabricLoader/Knot) Adding C:\Users\Aidan\IdeaProjects\StarWarsMod\1.20.1\fabric\build\resources\main to classpath.
[02:05:54] [main/DEBUG] (FabricLoader/Knot) Adding C:\Users\Aidan\.gradle\caches\fabric-loom\1.20.1\loom.mappings.1_20_1.layered+hash.1900676243-v2\mappings.jar to classpath.
[02:05:54] [main/DEBUG] (FabricLoader/Knot) Adding C:\Users\Aidan\.gradle\caches\modules-2\files-2.1\dev.architectury\architectury-transformer\5.2.87\c81d58e13fbd902ba5d909126733b9e3771c4395\architectury-transformer-5.2.87-agent.jar to classpath.
[02:05:54] [main/DEBUG] (FabricLoader/Knot) Adding C:\Users\Aidan\.gradle\caches\modules-2\files-2.1\dev.architectury\architectury-transformer\5.2.87\980814ce433a3396de4495194f027dfecc94bb3a\architectury-transformer-5.2.87-runtime.jar to classpath.
[02:05:54] [main/DEBUG] (FabricLoader/Knot) Adding C:\Users\Aidan\IdeaProjects\StarWarsMod\1.20.1\common\build\devlibs\swm-common-2.1.0-dev.jar to classpath.
[02:05:54] [main/DEBUG] (FabricLoader/Knot) Adding C:\Users\Aidan\.gradle\caches\modules-2\files-2.1\io.github.llamalad7\mixinextras-fabric\0.4.1\8d1a9e96afb990367fa1f904d17580d164da72e3\mixinextras-fabric-0.4.1.jar to classpath.
[02:05:54] [main/DEBUG] (FabricLoader/Knot) Adding C:\Users\Aidan\.gradle\caches\modules-2\files-2.1\net.fabricmc\dev-launch-injector\0.2.1+build.8\da8bef7e6e2f952da707f282bdb46882a0fce5e3\dev-launch-injector-0.2.1+build.8.jar to classpath.
[02:05:54] [main/DEBUG] (FabricLoader/Knot) Adding C:\Users\Aidan\.gradle\caches\modules-2\files-2.1\com.github.oshi\oshi-core\6.2.2\54f5efc19bca95d709d9a37d19ffcbba3d21c1a6\oshi-core-6.2.2.jar to classpath.
[02:05:54] [main/DEBUG] (FabricLoader/Knot) Adding C:\Users\Aidan\.gradle\caches\modules-2\files-2.1\com.google.guava\failureaccess\1.0.1\1dcf1de382a0bf95a3d8b0849546c88bac1292c9\failureaccess-1.0.1.jar to classpath.
[02:05:54] [main/DEBUG] (FabricLoader/Knot) Adding C:\Users\Aidan\.gradle\caches\modules-2\files-2.1\com.google.guava\guava\31.1-jre\60458f877d055d0c9114d9e1a2efb737b4bc282c\guava-31.1-jre.jar to classpath.
[02:05:54] [main/DEBUG] (FabricLoader/Knot) Adding C:\Users\Aidan\.gradle\caches\modules-2\files-2.1\com.ibm.icu\icu4j\71.1\9e7d3304c23f9ba5cb71915f7cce23231a57a445\icu4j-71.1.jar to classpath.
[02:05:54] [main/DEBUG] (FabricLoader/Knot) Adding C:\Users\Aidan\.gradle\caches\modules-2\files-2.1\com.mojang\blocklist\1.0.10\5c685c5ffa94c4cd39496c7184c1d122e515ecef\blocklist-1.0.10.jar to classpath.
[02:05:54] [main/DEBUG] (FabricLoader/Knot) Adding C:\Users\Aidan\.gradle\caches\modules-2\files-2.1\com.mojang\brigadier\1.1.8\5244ce82c3337bba4a196a3ce858bfaecc74404a\brigadier-1.1.8.jar to classpath.
[02:05:54] [main/DEBUG] (FabricLoader/Knot) Adding C:\Users\Aidan\.gradle\caches\modules-2\files-2.1\com.mojang\datafixerupper\6.0.8\3ba4a30557a9b057760af4011f909ba619fc5125\datafixerupper-6.0.8.jar to classpath.
[02:05:54] [main/DEBUG] (FabricLoader/Knot) Adding C:\Users\Aidan\.gradle\caches\modules-2\files-2.1\com.mojang\patchy\2.2.10\da05971b07cbb379d002cf7eaec6a2048211fefc\patchy-2.2.10.jar to classpath.
[02:05:54] [main/DEBUG] (FabricLoader/Knot) Adding C:\Users\Aidan\.gradle\caches\modules-2\files-2.1\com.mojang\text2speech\1.17.9\3cad216e3a7f0c19b4b394388bc9ffc446f13b14\text2speech-1.17.9.jar to classpath.
[02:05:54] [main/DEBUG] (FabricLoader/Knot) Adding C:\Users\Aidan\.gradle\caches\modules-2\files-2.1\commons-codec\commons-codec\1.15\49d94806b6e3dc933dacbd8acb0fdbab8ebd1e5d\commons-codec-1.15.jar to classpath.
[02:05:54] [main/DEBUG] (FabricLoader/Knot) Adding C:\Users\Aidan\.gradle\caches\modules-2\files-2.1\commons-io\commons-io\2.11.0\a2503f302b11ebde7ebc3df41daebe0e4eea3689\commons-io-2.11.0.jar to classpath.
[02:05:54] [main/DEBUG] (FabricLoader/Knot) Adding C:\Users\Aidan\.gradle\caches\modules-2\files-2.1\commons-logging\commons-logging\1.2\4bfc12adfe4842bf07b657f0369c4cb522955686\commons-logging-1.2.jar to classpath.
[02:05:54] [main/DEBUG] (FabricLoader/Knot) Adding C:\Users\Aidan\.gradle\caches\modules-2\files-2.1\io.netty\netty-buffer\4.1.82.Final\a544270cf1ae8b8077082f5036436a9a9971ea71\netty-buffer-4.1.82.Final.jar to classpath.
[02:05:54] [main/DEBUG] (FabricLoader/Knot) Adding C:\Users\Aidan\.gradle\caches\modules-2\files-2.1\io.netty\netty-codec\4.1.82.Final\b77200379acb345a9ffdece1c605e591ac3e4e0a\netty-codec-4.1.82.Final.jar to classpath.
[02:05:54] [main/DEBUG] (FabricLoader/Knot) Adding C:\Users\Aidan\.gradle\caches\modules-2\files-2.1\io.netty\netty-common\4.1.82.Final\22d148e85c3f5ebdacc0ce1f5aabb1d420f73f3\netty-common-4.1.82.Final.jar to classpath.
[02:05:54] [main/DEBUG] (FabricLoader/Knot) Adding C:\Users\Aidan\.gradle\caches\modules-2\files-2.1\io.netty\netty-handler\4.1.82.Final\644041d1fa96a5d3130a29e8978630d716d76e38\netty-handler-4.1.82.Final.jar to classpath.
[02:05:54] [main/DEBUG] (FabricLoader/Knot) Adding C:\Users\Aidan\.gradle\caches\modules-2\files-2.1\io.netty\netty-resolver\4.1.82.Final\38f665ae8dcd29032eea31245ba7806bed2e0fa8\netty-resolver-4.1.82.Final.jar to classpath.
[02:05:54] [main/DEBUG] (FabricLoader/Knot) Adding C:\Users\Aidan\.gradle\caches\modules-2\files-2.1\io.netty\netty-transport-classes-epoll\4.1.82.Final\e7c7dd18deac93105797f30057c912651ea76521\netty-transport-classes-epoll-4.1.82.Final.jar to classpath.
[02:05:54] [main/DEBUG] (FabricLoader/Knot) Adding C:\Users\Aidan\.gradle\caches\modules-2\files-2.1\io.netty\netty-transport-native-unix-common\4.1.82.Final\3e895b35ca1b8a0eca56cacff4c2dde5d2c6abce\netty-transport-native-unix-common-4.1.82.Final.jar to classpath.
[02:05:54] [main/DEBUG] (FabricLoader/Knot) Adding C:\Users\Aidan\.gradle\caches\modules-2\files-2.1\io.netty\netty-transport\4.1.82.Final\e431a218d91acb6476ccad5f5aafde50aa3945ca\netty-transport-4.1.82.Final.jar to classpath.
[02:05:54] [main/DEBUG] (FabricLoader/Knot) Adding C:\Users\Aidan\.gradle\caches\modules-2\files-2.1\it.unimi.dsi\fastutil\8.5.9\bb7ea75ecdb216654237830b3a96d87ad91f8cc5\fastutil-8.5.9.jar to classpath.
[02:05:54] [main/DEBUG] (FabricLoader/Knot) Adding C:\Users\Aidan\.gradle\caches\modules-2\files-2.1\net.java.dev.jna\jna-platform\5.12.1\97406a297c852f4a41e688a176ec675f72e8329\jna-platform-5.12.1.jar to classpath.
[02:05:54] [main/DEBUG] (FabricLoader/Knot) Adding C:\Users\Aidan\.gradle\caches\modules-2\files-2.1\net.java.dev.jna\jna\5.12.1\b1e93a735caea94f503e95e6fe79bf9cdc1e985d\jna-5.12.1.jar to classpath.
[02:05:54] [main/DEBUG] (FabricLoader/Knot) Adding C:\Users\Aidan\.gradle\caches\modules-2\files-2.1\net.sf.jopt-simple\jopt-simple\5.0.4\4fdac2fbe92dfad86aa6e9301736f6b4342a3f5c\jopt-simple-5.0.4.jar to classpath.
[02:05:54] [main/DEBUG] (FabricLoader/Knot) Adding C:\Users\Aidan\.gradle\caches\modules-2\files-2.1\org.apache.commons\commons-compress\1.21\4ec95b60d4e86b5c95a0e919cb172a0af98011ef\commons-compress-1.21.jar to classpath.
[02:05:54] [main/DEBUG] (FabricLoader/Knot) Adding C:\Users\Aidan\.gradle\caches\modules-2\files-2.1\org.apache.commons\commons-lang3\3.12.0\c6842c86792ff03b9f1d1fe2aab8dc23aa6c6f0e\commons-lang3-3.12.0.jar to classpath.
[02:05:54] [main/DEBUG] (FabricLoader/Knot) Adding C:\Users\Aidan\.gradle\caches\modules-2\files-2.1\org.apache.httpcomponents\httpclient\4.5.13\e5f6cae5ca7ecaac1ec2827a9e2d65ae2869cada\httpclient-4.5.13.jar to classpath.
[02:05:54] [main/DEBUG] (FabricLoader/Knot) Adding C:\Users\Aidan\.gradle\caches\modules-2\files-2.1\org.apache.httpcomponents\httpcore\4.4.15\7f2e0c573eaa7a74bac2e89b359e1f73d92a0a1d\httpcore-4.4.15.jar to classpath.
[02:05:54] [main/DEBUG] (FabricLoader/Knot) Adding C:\Users\Aidan\.gradle\caches\modules-2\files-2.1\org.joml\joml\1.10.5\22566d58af70ad3d72308bab63b8339906deb649\joml-1.10.5.jar to classpath.
[02:05:54] [main/DEBUG] (FabricLoader/Knot) Adding C:\Users\Aidan\.gradle\caches\modules-2\files-2.1\org.lwjgl\lwjgl-glfw\3.3.2\757920418805fb90bfebb3d46b1d9e7669fca2eb\lwjgl-glfw-3.3.2.jar to classpath.
[02:05:54] [main/DEBUG] (FabricLoader/Knot) Adding C:\Users\Aidan\.gradle\caches\modules-2\files-2.1\org.lwjgl\lwjgl-glfw\3.3.2\1251e3cb7e5d6159334cfb9244f789ce992f03b\lwjgl-glfw-3.3.2-natives-windows.jar to classpath.
[02:05:54] [main/DEBUG] (FabricLoader/Knot) Adding C:\Users\Aidan\.gradle\caches\modules-2\files-2.1\org.lwjgl\lwjgl-glfw\3.3.2\e79c4857a887bd79ba78bdf2d422a7d333028a2d\lwjgl-glfw-3.3.2-natives-windows-arm64.jar to classpath.
[02:05:54] [main/DEBUG] (FabricLoader/Knot) Adding C:\Users\Aidan\.gradle\caches\modules-2\files-2.1\org.lwjgl\lwjgl-glfw\3.3.2\17e1f9ec031ef72c2f7825c38eeb3a79c4d8bb17\lwjgl-glfw-3.3.2-natives-windows-x86.jar to classpath.
[02:05:54] [main/DEBUG] (FabricLoader/Knot) Adding C:\Users\Aidan\.gradle\caches\modules-2\files-2.1\org.lwjgl\lwjgl-jemalloc\3.3.2\877e17e39ebcd58a9c956dc3b5b777813de0873a\lwjgl-jemalloc-3.3.2.jar to classpath.
[02:05:54] [main/DEBUG] (FabricLoader/Knot) Adding C:\Users\Aidan\.gradle\caches\modules-2\files-2.1\org.lwjgl\lwjgl-jemalloc\3.3.2\db886c1f9e313c3fa2a25543b99ccd250d3f9fb5\lwjgl-jemalloc-3.3.2-natives-windows.jar to classpath.
[02:05:54] [main/DEBUG] (FabricLoader/Knot) Adding C:\Users\Aidan\.gradle\caches\modules-2\files-2.1\org.lwjgl\lwjgl-jemalloc\3.3.2\598790de603c286dbc4068b27829eacc37592786\lwjgl-jemalloc-3.3.2-natives-windows-arm64.jar to classpath.
[02:05:54] [main/DEBUG] (FabricLoader/Knot) Adding C:\Users\Aidan\.gradle\caches\modules-2\files-2.1\org.lwjgl\lwjgl-jemalloc\3.3.2\9b07558f81a5d54dfaeb861bab3ccc86bb4477c9\lwjgl-jemalloc-3.3.2-natives-windows-x86.jar to classpath.
[02:05:54] [main/DEBUG] (FabricLoader/Knot) Adding C:\Users\Aidan\.gradle\caches\modules-2\files-2.1\org.lwjgl\lwjgl-openal\3.3.2\ae5357ed6d934546d3533993ea84c0cfb75eed95\lwjgl-openal-3.3.2.jar to classpath.
[02:05:54] [main/DEBUG] (FabricLoader/Knot) Adding C:\Users\Aidan\.gradle\caches\modules-2\files-2.1\org.lwjgl\lwjgl-openal\3.3.2\e74f299a602192faaf14b917632e4cbbb493c940\lwjgl-openal-3.3.2-natives-windows.jar to classpath.
[02:05:54] [main/DEBUG] (FabricLoader/Knot) Adding C:\Users\Aidan\.gradle\caches\modules-2\files-2.1\org.lwjgl\lwjgl-openal\3.3.2\545ddec7959007a78b6662d616e00dacf00e1c29\lwjgl-openal-3.3.2-natives-windows-arm64.jar to classpath.
[02:05:54] [main/DEBUG] (FabricLoader/Knot) Adding C:\Users\Aidan\.gradle\caches\modules-2\files-2.1\org.lwjgl\lwjgl-openal\3.3.2\21fcb44d32ccf101017ec939fc740197677557d5\lwjgl-openal-3.3.2-natives-windows-x86.jar to classpath.
[02:05:54] [main/DEBUG] (FabricLoader/Knot) Adding C:\Users\Aidan\.gradle\caches\modules-2\files-2.1\org.lwjgl\lwjgl-opengl\3.3.2\ee8e95be0b438602038bc1f02dc5e3d011b1b216\lwjgl-opengl-3.3.2.jar to classpath.
[02:05:54] [main/DEBUG] (FabricLoader/Knot) Adding C:\Users\Aidan\.gradle\caches\modules-2\files-2.1\org.lwjgl\lwjgl-opengl\3.3.2\83cd34469d4e0bc335bf74c7f62206530a9480bf\lwjgl-opengl-3.3.2-natives-windows.jar to classpath.
[02:05:54] [main/DEBUG] (FabricLoader/Knot) Adding C:\Users\Aidan\.gradle\caches\modules-2\files-2.1\org.lwjgl\lwjgl-opengl\3.3.2\21df035bf03dbf5001f92291b24dc951da513481\lwjgl-opengl-3.3.2-natives-windows-arm64.jar to classpath.
[02:05:54] [main/DEBUG] (FabricLoader/Knot) Adding C:\Users\Aidan\.gradle\caches\modules-2\files-2.1\org.lwjgl\lwjgl-opengl\3.3.2\22fa4149159154b24f6c1bd46a342d4958a9fba1\lwjgl-opengl-3.3.2-natives-windows-x86.jar to classpath.
[02:05:54] [main/DEBUG] (FabricLoader/Knot) Adding C:\Users\Aidan\.gradle\caches\modules-2\files-2.1\org.lwjgl\lwjgl-stb\3.3.2\a2550795014d622b686e9caac50b14baa87d2c70\lwjgl-stb-3.3.2.jar to classpath.
[02:05:54] [main/DEBUG] (FabricLoader/Knot) Adding C:\Users\Aidan\.gradle\caches\modules-2\files-2.1\org.lwjgl\lwjgl-stb\3.3.2\1c4f4b8353bdb78c5264ab921436f03fc9aa1ba5\lwjgl-stb-3.3.2-natives-windows.jar to classpath.
[02:05:54] [main/DEBUG] (FabricLoader/Knot) Adding C:\Users\Aidan\.gradle\caches\modules-2\files-2.1\org.lwjgl\lwjgl-stb\3.3.2\c29df97c3cca97dc00d34e171936153764c9f78b\lwjgl-stb-3.3.2-natives-windows-arm64.jar to classpath.
[02:05:54] [main/DEBUG] (FabricLoader/Knot) Adding C:\Users\Aidan\.gradle\caches\modules-2\files-2.1\org.lwjgl\lwjgl-stb\3.3.2\a0de7bde6722fa68d25ba6afbd7395508c53c730\lwjgl-stb-3.3.2-natives-windows-x86.jar to classpath.
[02:05:54] [main/DEBUG] (FabricLoader/Knot) Adding C:\Users\Aidan\.gradle\caches\modules-2\files-2.1\org.lwjgl\lwjgl-tinyfd\3.3.2\9f65c248dd77934105274fcf8351abb75b34327c\lwjgl-tinyfd-3.3.2.jar to classpath.
[02:05:54] [main/DEBUG] (FabricLoader/Knot) Adding C:\Users\Aidan\.gradle\caches\modules-2\files-2.1\org.lwjgl\lwjgl-tinyfd\3.3.2\54a93ed247d20007a6f579355263fdc2c030753a\lwjgl-tinyfd-3.3.2-natives-windows.jar to classpath.
[02:05:54] [main/DEBUG] (FabricLoader/Knot) Adding C:\Users\Aidan\.gradle\caches\modules-2\files-2.1\org.lwjgl\lwjgl-tinyfd\3.3.2\500f5daa3b731ca282d4b90aeafda94c528d3e27\lwjgl-tinyfd-3.3.2-natives-windows-arm64.jar to classpath.
[02:05:54] [main/DEBUG] (FabricLoader/Knot) Adding C:\Users\Aidan\.gradle\caches\modules-2\files-2.1\org.lwjgl\lwjgl-tinyfd\3.3.2\c1dfa1c438e0262453e7bf625289540e5cbffb2\lwjgl-tinyfd-3.3.2-natives-windows-x86.jar to classpath.
[02:05:54] [main/DEBUG] (FabricLoader/Knot) Adding C:\Users\Aidan\.gradle\caches\modules-2\files-2.1\org.lwjgl\lwjgl\3.3.2\4421d94af68e35dcaa31737a6fc59136a1e61b94\lwjgl-3.3.2.jar to classpath.
[02:05:54] [main/DEBUG] (FabricLoader/Knot) Adding C:\Users\Aidan\.gradle\caches\modules-2\files-2.1\org.lwjgl\lwjgl\3.3.2\a55169ced70ffcd15f2162daf4a9c968578f6cd5\lwjgl-3.3.2-natives-windows.jar to classpath.
[02:05:54] [main/DEBUG] (FabricLoader/Knot) Adding C:\Users\Aidan\.gradle\caches\modules-2\files-2.1\org.lwjgl\lwjgl\3.3.2\d900e4678449ba97ff46fa64b22e0376bf8cd00e\lwjgl-3.3.2-natives-windows-arm64.jar to classpath.
[02:05:54] [main/DEBUG] (FabricLoader/Knot) Adding C:\Users\Aidan\.gradle\caches\modules-2\files-2.1\org.lwjgl\lwjgl\3.3.2\ed495259b2c8f068794da0ffedfa7ae7c130b3c5\lwjgl-3.3.2-natives-windows-x86.jar to classpath.
[02:05:54] [main/DEBUG] (FabricLoader/Knot) Adding C:\Users\Aidan\.gradle\caches\modules-2\files-2.1\io.netty\netty-transport-native-epoll\4.1.82.Final\c7350a71920f3ae9142945e25fed4846cce53374\netty-transport-native-epoll-4.1.82.Final-linux-x86_64.jar to classpath.
[02:05:54] [main/DEBUG] (FabricLoader/Knot) Adding C:\Users\Aidan\.gradle\caches\modules-2\files-2.1\io.netty\netty-transport-native-epoll\4.1.82.Final\476409d6255001ca53a55f65b01c13822f8dc93a\netty-transport-native-epoll-4.1.82.Final-linux-aarch_64.jar to classpath.
[02:05:54] [main/DEBUG] (FabricLoader/Knot) Adding C:\Users\Aidan\.gradle\caches\modules-2\files-2.1\mezz.jei\jei-1.20.1-common\15.20.0.106\190a65f6f4863f8819a455fd6ea9fc1a310d044c\jei-1.20.1-common-15.20.0.106.jar to classpath.
[02:05:54] [main/DEBUG] (FabricLoader/Knot) Adding C:\Users\Aidan\.gradle\caches\modules-2\files-2.1\mezz.jei\jei-1.20.1-core\15.20.0.106\4a76f43681a2ea5b7bcabb76c9de0e533b7308e3\jei-1.20.1-core-15.20.0.106.jar to classpath.
[02:05:54] [main/DEBUG] (FabricLoader/Knot) Adding C:\Users\Aidan\.gradle\caches\modules-2\files-2.1\mezz.jei\jei-1.20.1-lib\15.20.0.106\3a566b56ec40230e072e84625338c960c509273f\jei-1.20.1-lib-15.20.0.106.jar to classpath.
[02:05:54] [main/DEBUG] (FabricLoader/Knot) Adding C:\Users\Aidan\.gradle\caches\modules-2\files-2.1\mezz.jei\jei-1.20.1-gui\15.20.0.106\1862e831a2f0f6b91b7167e702c5c64edc027160\jei-1.20.1-gui-15.20.0.106.jar to classpath.
[02:05:54] [main/DEBUG] (FabricLoader/Knot) Adding C:\Users\Aidan\IdeaProjects\StarWarsMod\1.20.1\.gradle\loom-cache\remapped_mods\loom_mappings_1_20_1_layered_hash_1900676243_v2\dev\architectury\architectury-fabric\9.2.14\architectury-fabric-9.2.14.jar to classpath.
[02:05:54] [main/DEBUG] (FabricLoader/Knot) Adding C:\Users\Aidan\IdeaProjects\StarWarsMod\1.20.1\.gradle\loom-cache\remapped_mods\loom_mappings_1_20_1_layered_hash_1900676243_v2\net\fabricmc\fabric-api\fabric-api\0.92.5+1.20.1\fabric-api-0.92.5+1.20.1.jar to classpath.
[02:05:54] [main/DEBUG] (FabricLoader/Knot) Adding C:\Users\Aidan\IdeaProjects\StarWarsMod\1.20.1\.gradle\loom-cache\remapped_mods\loom_mappings_1_20_1_layered_hash_1900676243_v2\net\fabricmc\fabric-api\fabric-transfer-api-v1\3.3.6+8dd72ea377\fabric-transfer-api-v1-3.3.6+8dd72ea377.jar to classpath.
[02:05:54] [main/DEBUG] (FabricLoader/Knot) Adding C:\Users\Aidan\IdeaProjects\StarWarsMod\1.20.1\.gradle\loom-cache\remapped_mods\loom_mappings_1_20_1_layered_hash_1900676243_v2\net\fabricmc\fabric-api\fabric-api-lookup-api-v1\1.6.37+1802ada577\fabric-api-lookup-api-v1-1.6.37+1802ada577.jar to classpath.
[02:05:54] [main/DEBUG] (FabricLoader/Knot) Adding C:\Users\Aidan\IdeaProjects\StarWarsMod\1.20.1\.gradle\loom-cache\remapped_mods\loom_mappings_1_20_1_layered_hash_1900676243_v2\net\fabricmc\fabric-api\fabric-blockrenderlayer-v1\1.1.42+1802ada577\fabric-blockrenderlayer-v1-1.1.42+1802ada577.jar to classpath.
[02:05:54] [main/DEBUG] (FabricLoader/Knot) Adding C:\Users\Aidan\IdeaProjects\StarWarsMod\1.20.1\.gradle\loom-cache\remapped_mods\loom_mappings_1_20_1_layered_hash_1900676243_v2\net\fabricmc\fabric-api\fabric-client-tags-api-v1\1.1.3+1802ada577\fabric-client-tags-api-v1-1.1.3+1802ada577.jar to classpath.
[02:05:54] [main/DEBUG] (FabricLoader/Knot) Adding C:\Users\Aidan\IdeaProjects\StarWarsMod\1.20.1\.gradle\loom-cache\remapped_mods\loom_mappings_1_20_1_layered_hash_1900676243_v2\net\fabricmc\fabric-api\fabric-command-api-v1\1.2.35+f71b366f77\fabric-command-api-v1-1.2.35+f71b366f77.jar to classpath.
[02:05:54] [main/DEBUG] (FabricLoader/Knot) Adding C:\Users\Aidan\IdeaProjects\StarWarsMod\1.20.1\.gradle\loom-cache\remapped_mods\loom_mappings_1_20_1_layered_hash_1900676243_v2\net\fabricmc\fabric-api\fabric-commands-v0\0.2.52+df3654b377\fabric-commands-v0-0.2.52+df3654b377.jar to classpath.
[02:05:54] [main/DEBUG] (FabricLoader/Knot) Adding C:\Users\Aidan\IdeaProjects\StarWarsMod\1.20.1\.gradle\loom-cache\remapped_mods\loom_mappings_1_20_1_layered_hash_1900676243_v2\net\fabricmc\fabric-api\fabric-command-api-v2\2.2.14+1802ada577\fabric-command-api-v2-2.2.14+1802ada577.jar to classpath.
[02:05:54] [main/DEBUG] (FabricLoader/Knot) Adding C:\Users\Aidan\IdeaProjects\StarWarsMod\1.20.1\.gradle\loom-cache\remapped_mods\loom_mappings_1_20_1_layered_hash_1900676243_v2\net\fabricmc\fabric-api\fabric-content-registries-v0\4.0.13+1802ada577\fabric-content-registries-v0-4.0.13+1802ada577.jar to classpath.
[02:05:54] [main/DEBUG] (FabricLoader/Knot) Adding C:\Users\Aidan\IdeaProjects\StarWarsMod\1.20.1\.gradle\loom-cache\remapped_mods\loom_mappings_1_20_1_layered_hash_1900676243_v2\net\fabricmc\fabric-api\fabric-convention-tags-v1\1.5.6+1802ada577\fabric-convention-tags-v1-1.5.6+1802ada577.jar to classpath.
[02:05:54] [main/DEBUG] (FabricLoader/Knot) Adding C:\Users\Aidan\IdeaProjects\StarWarsMod\1.20.1\.gradle\loom-cache\remapped_mods\loom_mappings_1_20_1_layered_hash_1900676243_v2\net\fabricmc\fabric-api\fabric-data-attachment-api-v1\1.0.2+de0fd6d177\fabric-data-attachment-api-v1-1.0.2+de0fd6d177.jar to classpath.
[02:05:54] [main/DEBUG] (FabricLoader/Knot) Adding C:\Users\Aidan\IdeaProjects\StarWarsMod\1.20.1\.gradle\loom-cache\remapped_mods\loom_mappings_1_20_1_layered_hash_1900676243_v2\net\fabricmc\fabric-api\fabric-data-generation-api-v1\12.3.6+1802ada577\fabric-data-generation-api-v1-12.3.6+1802ada577.jar to classpath.
[02:05:54] [main/DEBUG] (FabricLoader/Knot) Adding C:\Users\Aidan\IdeaProjects\StarWarsMod\1.20.1\.gradle\loom-cache\remapped_mods\loom_mappings_1_20_1_layered_hash_1900676243_v2\net\fabricmc\fabric-api\fabric-dimensions-v1\2.1.55+1802ada577\fabric-dimensions-v1-2.1.55+1802ada577.jar to classpath.
[02:05:54] [main/DEBUG] (FabricLoader/Knot) Adding C:\Users\Aidan\IdeaProjects\StarWarsMod\1.20.1\.gradle\loom-cache\remapped_mods\loom_mappings_1_20_1_layered_hash_1900676243_v2\net\fabricmc\fabric-api\fabric-entity-events-v1\1.6.1+1c78457f77\fabric-entity-events-v1-1.6.1+1c78457f77.jar to classpath.
[02:05:54] [main/DEBUG] (FabricLoader/Knot) Adding C:\Users\Aidan\IdeaProjects\StarWarsMod\1.20.1\.gradle\loom-cache\remapped_mods\loom_mappings_1_20_1_layered_hash_1900676243_v2\net\fabricmc\fabric-api\fabric-events-interaction-v0\0.6.4+13a40c6677\fabric-events-interaction-v0-0.6.4+13a40c6677.jar to classpath.
[02:05:54] [main/DEBUG] (FabricLoader/Knot) Adding C:\Users\Aidan\IdeaProjects\StarWarsMod\1.20.1\.gradle\loom-cache\remapped_mods\loom_mappings_1_20_1_layered_hash_1900676243_v2\net\fabricmc\fabric-api\fabric-gametest-api-v1\1.2.15+1802ada577\fabric-gametest-api-v1-1.2.15+1802ada577.jar to classpath.
[02:05:54] [main/DEBUG] (FabricLoader/Knot) Adding C:\Users\Aidan\IdeaProjects\StarWarsMod\1.20.1\.gradle\loom-cache\remapped_mods\loom_mappings_1_20_1_layered_hash_1900676243_v2\net\fabricmc\fabric-api\fabric-events-lifecycle-v0\0.2.64+df3654b377\fabric-events-lifecycle-v0-0.2.64+df3654b377.jar to classpath.
[02:05:54] [main/DEBUG] (FabricLoader/Knot) Adding C:\Users\Aidan\IdeaProjects\StarWarsMod\1.20.1\.gradle\loom-cache\remapped_mods\loom_mappings_1_20_1_layered_hash_1900676243_v2\net\fabricmc\fabric-api\fabric-item-api-v1\2.1.29+1802ada577\fabric-item-api-v1-2.1.29+1802ada577.jar to classpath.
[02:05:54] [main/DEBUG] (FabricLoader/Knot) Adding C:\Users\Aidan\IdeaProjects\StarWarsMod\1.20.1\.gradle\loom-cache\remapped_mods\loom_mappings_1_20_1_layered_hash_1900676243_v2\net\fabricmc\fabric-api\fabric-item-group-api-v1\4.0.14+1802ada577\fabric-item-group-api-v1-4.0.14+1802ada577.jar to classpath.
[02:05:54] [main/DEBUG] (FabricLoader/Knot) Adding C:\Users\Aidan\IdeaProjects\StarWarsMod\1.20.1\.gradle\loom-cache\remapped_mods\loom_mappings_1_20_1_layered_hash_1900676243_v2\net\fabricmc\fabric-api\fabric-mining-level-api-v1\2.1.52+1802ada577\fabric-mining-level-api-v1-2.1.52+1802ada577.jar to classpath.
[02:05:54] [main/DEBUG] (FabricLoader/Knot) Adding C:\Users\Aidan\IdeaProjects\StarWarsMod\1.20.1\.gradle\loom-cache\remapped_mods\loom_mappings_1_20_1_layered_hash_1900676243_v2\net\fabricmc\fabric-api\fabric-lifecycle-events-v1\2.2.23+1802ada577\fabric-lifecycle-events-v1-2.2.23+1802ada577.jar to classpath.
[02:05:54] [main/DEBUG] (FabricLoader/Knot) Adding C:\Users\Aidan\IdeaProjects\StarWarsMod\1.20.1\.gradle\loom-cache\remapped_mods\loom_mappings_1_20_1_layered_hash_1900676243_v2\net\fabricmc\fabric-api\fabric-loot-tables-v1\1.1.47+9e7660c677\fabric-loot-tables-v1-1.1.47+9e7660c677.jar to classpath.
[02:05:54] [main/DEBUG] (FabricLoader/Knot) Adding C:\Users\Aidan\IdeaProjects\StarWarsMod\1.20.1\.gradle\loom-cache\remapped_mods\loom_mappings_1_20_1_layered_hash_1900676243_v2\net\fabricmc\fabric-api\fabric-loot-api-v2\1.2.3+1802ada577\fabric-loot-api-v2-1.2.3+1802ada577.jar to classpath.
[02:05:54] [main/DEBUG] (FabricLoader/Knot) Adding C:\Users\Aidan\IdeaProjects\StarWarsMod\1.20.1\.gradle\loom-cache\remapped_mods\loom_mappings_1_20_1_layered_hash_1900676243_v2\net\fabricmc\fabric-api\fabric-message-api-v1\5.1.10+1802ada577\fabric-message-api-v1-5.1.10+1802ada577.jar to classpath.
[02:05:54] [main/DEBUG] (FabricLoader/Knot) Adding C:\Users\Aidan\IdeaProjects\StarWarsMod\1.20.1\.gradle\loom-cache\remapped_mods\loom_mappings_1_20_1_layered_hash_1900676243_v2\net\fabricmc\fabric-api\fabric-models-v0\0.4.3+9386d8a777\fabric-models-v0-0.4.3+9386d8a777.jar to classpath.
[02:05:54] [main/DEBUG] (FabricLoader/Knot) Adding C:\Users\Aidan\IdeaProjects\StarWarsMod\1.20.1\.gradle\loom-cache\remapped_mods\loom_mappings_1_20_1_layered_hash_1900676243_v2\net\fabricmc\fabric-api\fabric-model-loading-api-v1\1.0.4+1802ada577\fabric-model-loading-api-v1-1.0.4+1802ada577.jar to classpath.
[02:05:54] [main/DEBUG] (FabricLoader/Knot) Adding C:\Users\Aidan\IdeaProjects\StarWarsMod\1.20.1\.gradle\loom-cache\remapped_mods\loom_mappings_1_20_1_layered_hash_1900676243_v2\net\fabricmc\fabric-api\fabric-recipe-api-v1\1.0.23+1802ada577\fabric-recipe-api-v1-1.0.23+1802ada577.jar to classpath.
[02:05:54] [main/DEBUG] (FabricLoader/Knot) Adding C:\Users\Aidan\IdeaProjects\StarWarsMod\1.20.1\.gradle\loom-cache\remapped_mods\loom_mappings_1_20_1_layered_hash_1900676243_v2\net\fabricmc\fabric-api\fabric-registry-sync-v0\2.3.5+1802ada577\fabric-registry-sync-v0-2.3.5+1802ada577.jar to classpath.
[02:05:54] [main/DEBUG] (FabricLoader/Knot) Adding C:\Users\Aidan\IdeaProjects\StarWarsMod\1.20.1\.gradle\loom-cache\remapped_mods\loom_mappings_1_20_1_layered_hash_1900676243_v2\net\fabricmc\fabric-api\fabric-screen-handler-api-v1\1.3.32+1802ada577\fabric-screen-handler-api-v1-1.3.32+1802ada577.jar to classpath.
[02:05:54] [main/DEBUG] (FabricLoader/Knot) Adding C:\Users\Aidan\IdeaProjects\StarWarsMod\1.20.1\.gradle\loom-cache\remapped_mods\loom_mappings_1_20_1_layered_hash_1900676243_v2\net\fabricmc\fabric-api\fabric-containers-v0\0.1.66+df3654b377\fabric-containers-v0-0.1.66+df3654b377.jar to classpath.
[02:05:54] [main/DEBUG] (FabricLoader/Knot) Adding C:\Users\Aidan\IdeaProjects\StarWarsMod\1.20.1\.gradle\loom-cache\remapped_mods\loom_mappings_1_20_1_layered_hash_1900676243_v2\net\fabricmc\fabric-api\fabric-networking-v0\0.3.53+df3654b377\fabric-networking-v0-0.3.53+df3654b377.jar to classpath.
[02:05:54] [main/DEBUG] (FabricLoader/Knot) Adding C:\Users\Aidan\IdeaProjects\StarWarsMod\1.20.1\.gradle\loom-cache\remapped_mods\loom_mappings_1_20_1_layered_hash_1900676243_v2\net\fabricmc\fabric-api\fabric-networking-api-v1\1.3.13+13a40c6677\fabric-networking-api-v1-1.3.13+13a40c6677.jar to classpath.
[02:05:54] [main/DEBUG] (FabricLoader/Knot) Adding C:\Users\Aidan\IdeaProjects\StarWarsMod\1.20.1\.gradle\loom-cache\remapped_mods\loom_mappings_1_20_1_layered_hash_1900676243_v2\net\fabricmc\fabric-api\fabric-object-builder-api-v1\11.1.5+e35120df77\fabric-object-builder-api-v1-11.1.5+e35120df77.jar to classpath.
[02:05:54] [main/DEBUG] (FabricLoader/Knot) Adding C:\Users\Aidan\IdeaProjects\StarWarsMod\1.20.1\.gradle\loom-cache\remapped_mods\loom_mappings_1_20_1_layered_hash_1900676243_v2\net\fabricmc\fabric-api\fabric-particles-v1\1.1.3+1802ada577\fabric-particles-v1-1.1.3+1802ada577.jar to classpath.
[02:05:54] [main/DEBUG] (FabricLoader/Knot) Adding C:\Users\Aidan\IdeaProjects\StarWarsMod\1.20.1\.gradle\loom-cache\remapped_mods\loom_mappings_1_20_1_layered_hash_1900676243_v2\net\fabricmc\fabric-api\fabric-renderer-indigo\1.5.3+85287f9f77\fabric-renderer-indigo-1.5.3+85287f9f77.jar to classpath.
[02:05:54] [main/DEBUG] (FabricLoader/Knot) Adding C:\Users\Aidan\IdeaProjects\StarWarsMod\1.20.1\.gradle\loom-cache\remapped_mods\loom_mappings_1_20_1_layered_hash_1900676243_v2\net\fabricmc\fabric-api\fabric-renderer-api-v1\3.2.2+1802ada577\fabric-renderer-api-v1-3.2.2+1802ada577.jar to classpath.
[02:05:54] [main/DEBUG] (FabricLoader/Knot) Adding C:\Users\Aidan\IdeaProjects\StarWarsMod\1.20.1\.gradle\loom-cache\remapped_mods\loom_mappings_1_20_1_layered_hash_1900676243_v2\net\fabricmc\fabric-api\fabric-rendering-fluids-v1\3.0.29+1802ada577\fabric-rendering-fluids-v1-3.0.29+1802ada577.jar to classpath.
[02:05:54] [main/DEBUG] (FabricLoader/Knot) Adding C:\Users\Aidan\IdeaProjects\StarWarsMod\1.20.1\.gradle\loom-cache\remapped_mods\loom_mappings_1_20_1_layered_hash_1900676243_v2\net\fabricmc\fabric-api\fabric-renderer-registries-v1\3.2.47+df3654b377\fabric-renderer-registries-v1-3.2.47+df3654b377.jar to classpath.
[02:05:54] [main/DEBUG] (FabricLoader/Knot) Adding C:\Users\Aidan\IdeaProjects\StarWarsMod\1.20.1\.gradle\loom-cache\remapped_mods\loom_mappings_1_20_1_layered_hash_1900676243_v2\net\fabricmc\fabric-api\fabric-rendering-v0\1.1.50+df3654b377\fabric-rendering-v0-1.1.50+df3654b377.jar to classpath.
[02:05:54] [main/DEBUG] (FabricLoader/Knot) Adding C:\Users\Aidan\IdeaProjects\StarWarsMod\1.20.1\.gradle\loom-cache\remapped_mods\loom_mappings_1_20_1_layered_hash_1900676243_v2\net\fabricmc\fabric-api\fabric-rendering-v1\3.0.9+1802ada577\fabric-rendering-v1-3.0.9+1802ada577.jar to classpath.
[02:05:54] [main/DEBUG] (FabricLoader/Knot) Adding C:\Users\Aidan\IdeaProjects\StarWarsMod\1.20.1\.gradle\loom-cache\remapped_mods\loom_mappings_1_20_1_layered_hash_1900676243_v2\net\fabricmc\fabric-api\fabric-screen-api-v1\2.0.9+1802ada577\fabric-screen-api-v1-2.0.9+1802ada577.jar to classpath.
[02:05:54] [main/DEBUG] (FabricLoader/Knot) Adding C:\Users\Aidan\IdeaProjects\StarWarsMod\1.20.1\.gradle\loom-cache\remapped_mods\loom_mappings_1_20_1_layered_hash_1900676243_v2\net\fabricmc\fabric-api\fabric-api-base\0.4.32+1802ada577\fabric-api-base-0.4.32+1802ada577.jar to classpath.
[02:05:54] [main/DEBUG] (FabricLoader/Knot) Adding C:\Users\Aidan\IdeaProjects\StarWarsMod\1.20.1\.gradle\loom-cache\remapped_mods\loom_mappings_1_20_1_layered_hash_1900676243_v2\net\fabricmc\fabric-api\fabric-biome-api-v1\13.0.14+1802ada577\fabric-biome-api-v1-13.0.14+1802ada577.jar to classpath.
[02:05:54] [main/DEBUG] (FabricLoader/Knot) Adding C:\Users\Aidan\IdeaProjects\StarWarsMod\1.20.1\.gradle\loom-cache\remapped_mods\loom_mappings_1_20_1_layered_hash_1900676243_v2\net\fabricmc\fabric-api\fabric-block-api-v1\1.0.12+1802ada577\fabric-block-api-v1-1.0.12+1802ada577.jar to classpath.
[02:05:54] [main/DEBUG] (FabricLoader/Knot) Adding C:\Users\Aidan\IdeaProjects\StarWarsMod\1.20.1\.gradle\loom-cache\remapped_mods\loom_mappings_1_20_1_layered_hash_1900676243_v2\net\fabricmc\fabric-api\fabric-rendering-data-attachment-v1\0.3.39+92a0d36777\fabric-rendering-data-attachment-v1-0.3.39+92a0d36777.jar to classpath.
[02:05:54] [main/DEBUG] (FabricLoader/Knot) Adding C:\Users\Aidan\IdeaProjects\StarWarsMod\1.20.1\.gradle\loom-cache\remapped_mods\loom_mappings_1_20_1_layered_hash_1900676243_v2\net\fabricmc\fabric-api\fabric-block-view-api-v2\1.0.3+924f046a77\fabric-block-view-api-v2-1.0.3+924f046a77.jar to classpath.
[02:05:54] [main/DEBUG] (FabricLoader/Knot) Adding C:\Users\Aidan\IdeaProjects\StarWarsMod\1.20.1\.gradle\loom-cache\remapped_mods\loom_mappings_1_20_1_layered_hash_1900676243_v2\net\fabricmc\fabric-api\fabric-crash-report-info-v1\0.2.20+1802ada577\fabric-crash-report-info-v1-0.2.20+1802ada577.jar to classpath.
[02:05:54] [main/DEBUG] (FabricLoader/Knot) Adding C:\Users\Aidan\IdeaProjects\StarWarsMod\1.20.1\.gradle\loom-cache\remapped_mods\loom_mappings_1_20_1_layered_hash_1900676243_v2\net\fabricmc\fabric-api\fabric-game-rule-api-v1\1.0.41+1802ada577\fabric-game-rule-api-v1-1.0.41+1802ada577.jar to classpath.
[02:05:54] [main/DEBUG] (FabricLoader/Knot) Adding C:\Users\Aidan\IdeaProjects\StarWarsMod\1.20.1\.gradle\loom-cache\remapped_mods\loom_mappings_1_20_1_layered_hash_1900676243_v2\net\fabricmc\fabric-api\fabric-keybindings-v0\0.2.36+df3654b377\fabric-keybindings-v0-0.2.36+df3654b377.jar to classpath.
[02:05:54] [main/DEBUG] (FabricLoader/Knot) Adding C:\Users\Aidan\IdeaProjects\StarWarsMod\1.20.1\.gradle\loom-cache\remapped_mods\loom_mappings_1_20_1_layered_hash_1900676243_v2\net\fabricmc\fabric-api\fabric-key-binding-api-v1\1.0.38+1802ada577\fabric-key-binding-api-v1-1.0.38+1802ada577.jar to classpath.
[02:05:54] [main/DEBUG] (FabricLoader/Knot) Adding C:\Users\Aidan\IdeaProjects\StarWarsMod\1.20.1\.gradle\loom-cache\remapped_mods\loom_mappings_1_20_1_layered_hash_1900676243_v2\net\fabricmc\fabric-api\fabric-resource-conditions-api-v1\2.3.9+1802ada577\fabric-resource-conditions-api-v1-2.3.9+1802ada577.jar to classpath.
[02:05:54] [main/DEBUG] (FabricLoader/Knot) Adding C:\Users\Aidan\IdeaProjects\StarWarsMod\1.20.1\.gradle\loom-cache\remapped_mods\loom_mappings_1_20_1_layered_hash_1900676243_v2\net\fabricmc\fabric-api\fabric-resource-loader-v0\0.11.12+fb82e9d777\fabric-resource-loader-v0-0.11.12+fb82e9d777.jar to classpath.
[02:05:54] [main/DEBUG] (FabricLoader/Knot) Adding C:\Users\Aidan\IdeaProjects\StarWarsMod\1.20.1\.gradle\loom-cache\remapped_mods\loom_mappings_1_20_1_layered_hash_1900676243_v2\net\fabricmc\fabric-api\fabric-sound-api-v1\1.0.14+1802ada577\fabric-sound-api-v1-1.0.14+1802ada577.jar to classpath.
[02:05:54] [main/DEBUG] (FabricLoader/Knot) Adding C:\Users\Aidan\IdeaProjects\StarWarsMod\1.20.1\.gradle\loom-cache\remapped_mods\loom_mappings_1_20_1_layered_hash_1900676243_v2\net\fabricmc\fabric-api\fabric-transitive-access-wideners-v1\4.3.2+1802ada577\fabric-transitive-access-wideners-v1-4.3.2+1802ada577.jar to classpath.
[02:05:54] [main/DEBUG] (FabricLoader/Knot) Adding C:\Users\Aidan\IdeaProjects\StarWarsMod\1.20.1\.gradle\loom-cache\remapped_mods\loom_mappings_1_20_1_layered_hash_1900676243_v2\mezz\jei\jei-1.20.1-fabric\15.20.0.106\jei-1.20.1-fabric-15.20.0.106.jar to classpath.
[02:05:54] [main/DEBUG] (FabricLoader/Knot) Adding C:\Users\Aidan\IdeaProjects\StarWarsMod\1.20.1\.gradle\loom-cache\remapped_mods\loom_mappings_1_20_1_layered_hash_1900676243_v2\mezz\jei\jei-1.20.1-common-api\15.20.0.106\jei-1.20.1-common-api-15.20.0.106.jar to classpath.
[02:05:54] [main/DEBUG] (FabricLoader/Knot) Adding C:\Users\Aidan\IdeaProjects\StarWarsMod\1.20.1\.gradle\loom-cache\remapped_mods\loom_mappings_1_20_1_layered_hash_1900676243_v2\mezz\jei\jei-1.20.1-fabric-api\15.20.0.106\jei-1.20.1-fabric-api-15.20.0.106.jar to classpath.
[02:05:54] [main/DEBUG] (FabricLoader/Knot) Adding C:\Users\Aidan\IdeaProjects\StarWarsMod\1.20.1\.gradle\loom-cache\remapped_mods\loom_mappings_1_20_1_layered_hash_1900676243_v2\mezz\jei\jei-1.20.1-common-api-intermediary\15.20.0.106\jei-1.20.1-common-api-intermediary-15.20.0.106.jar to classpath.
[02:05:54] [main/DEBUG] (FabricLoader/Knot) Adding C:\Users\Aidan\.gradle\caches\modules-2\files-2.1\org.jline\jline-reader\3.20.0\8f15415b022a25b473e8e16c28ae913186ffb9c4\jline-reader-3.20.0.jar to classpath.
[02:05:54] [main/DEBUG] (FabricLoader/Knot) Adding C:\Users\Aidan\.gradle\caches\modules-2\files-2.1\org.jline\jline-terminal\3.20.0\d0ddcc708ddf527a3454c941b7b9225cc83a15ff\jline-terminal-3.20.0.jar to classpath.
[02:05:54] [main/DEBUG] (FabricLoader/Knot) Adding C:\Users\Aidan\AppData\Local\Temp\940682135860825220.jar to classpath.
[02:05:54] [main/DEBUG] (FabricLoader/Entrypoint) No subscribers for entrypoint 'preLaunch'
[02:05:54] [main/DEBUG] (FabricLoader/Mixin) Preparing mixins for MixinEnvironment[DEFAULT]
[02:05:54] [main/DEBUG] (FabricLoader/Mixin) Selecting config fabric-transfer-api-v1.mixins.json
[02:05:54] [main/DEBUG] (FabricLoader/Mixin) Remapping refMap fabric-transfer-api-v1-refmap.json using remapper chain
[02:05:54] [main/DEBUG] (FabricLoader/Mixin) Selecting config fabric-resource-loader-v0.mixins.json
[02:05:54] [main/DEBUG] (FabricLoader/Mixin) Remapping refMap fabric-resource-loader-v0-refmap.json using remapper chain
[02:05:54] [main/DEBUG] (FabricLoader/Mixin) Selecting config fabric-resource-loader-v0.client.mixins.json
[02:05:54] [main/DEBUG] (FabricLoader/Mixin) Remapping refMap client-fabric-resource-loader-v0-refmap.json using remapper chain
[02:05:54] [main/DEBUG] (FabricLoader/Mixin) Selecting config fabric-events-interaction-v0.mixins.json
[02:05:54] [main/DEBUG] (FabricLoader/Mixin) Remapping refMap fabric-events-interaction-v0-refmap.json using remapper chain
[02:05:54] [main/DEBUG] (FabricLoader/Mixin) Selecting config fabric-events-interaction-v0.client.mixins.json
[02:05:54] [main/DEBUG] (FabricLoader/Mixin) Remapping refMap client-fabric-events-interaction-v0-refmap.json using remapper chain
[02:05:54] [main/DEBUG] (FabricLoader/Mixin) Selecting config fabric-content-registries-v0.mixins.json
[02:05:54] [main/DEBUG] (FabricLoader/Mixin) Remapping refMap fabric-content-registries-v0-refmap.json using remapper chain
[02:05:54] [main/DEBUG] (FabricLoader/Mixin) Selecting config fabric-recipe-api-v1.mixins.json
[02:05:54] [main/DEBUG] (FabricLoader/Mixin) Remapping refMap fabric-recipe-api-v1-refmap.json using remapper chain
[02:05:54] [main/DEBUG] (FabricLoader/Mixin) Selecting config fabric-renderer-api-v1.mixins.json
[02:05:54] [main/DEBUG] (FabricLoader/Mixin) Remapping refMap client-fabric-renderer-api-v1-refmap.json using remapper chain
[02:05:54] [main/DEBUG] (FabricLoader/Mixin) Selecting config fabric-renderer-api-v1.debughud.mixins.json
[02:05:54] [main/DEBUG] (FabricLoader/Mixin) Remapping refMap client-fabric-renderer-api-v1-refmap.json using remapper chain
[02:05:54] [main/DEBUG] (FabricLoader/Mixin) Selecting config architectury-common.mixins.json
[02:05:54] [main/DEBUG] (FabricLoader/Mixin) Remapping refMap architectury-common-refmap.json using remapper chain
[02:05:54] [main/DEBUG] (FabricLoader/Mixin) Selecting config architectury.mixins.json
[02:05:54] [main/DEBUG] (FabricLoader/Mixin) Remapping refMap architectury-fabric-refmap.json using remapper chain
[02:05:54] [main/DEBUG] (FabricLoader/Mixin) Selecting config fabric-block-api-v1.mixins.json
[02:05:54] [main/DEBUG] (FabricLoader/Mixin) Remapping refMap fabric-block-api-v1-refmap.json using remapper chain
[02:05:54] [main/DEBUG] (FabricLoader/Mixin) Selecting config fabric-screen-api-v1.mixins.json
[02:05:54] [main/DEBUG] (FabricLoader/Mixin) Remapping refMap client-fabric-screen-api-v1-refmap.json using remapper chain
[02:05:54] [main/DEBUG] (FabricLoader/Mixin) Selecting config fabric-dimensions-v1.mixins.json
[02:05:54] [main/DEBUG] (FabricLoader/Mixin) Remapping refMap fabric-dimensions-v1-refmap.json using remapper chain
[02:05:54] [main/DEBUG] (FabricLoader/Mixin) Selecting config fabric-game-rule-api-v1.mixins.json
[02:05:54] [main/DEBUG] (FabricLoader/Mixin) Remapping refMap fabric-game-rule-api-v1-refmap.json using remapper chain
[02:05:54] [main/DEBUG] (FabricLoader/Mixin) Selecting config fabric-game-rule-api-v1.client.mixins.json
[02:05:54] [main/DEBUG] (FabricLoader/Mixin) Remapping refMap client-fabric-game-rule-api-v1-refmap.json using remapper chain
[02:05:54] [main/DEBUG] (FabricLoader/Mixin) Selecting config fabric-renderer-indigo.mixins.json
[02:05:54] [main/DEBUG] (FabricLoader/Mixin) Remapping refMap client-fabric-renderer-indigo-refmap.json using remapper chain
[02:05:54] [main/DEBUG] (FabricLoader/Mixin) Selecting config fabric-crash-report-info-v1.mixins.json
[02:05:54] [main/DEBUG] (FabricLoader/Mixin) Remapping refMap fabric-crash-report-info-v1-refmap.json using remapper chain
[02:05:54] [main/DEBUG] (FabricLoader/Mixin) Selecting config fabric-biome-api-v1.mixins.json
[02:05:54] [main/DEBUG] (FabricLoader/Mixin) Remapping refMap fabric-biome-api-v1-refmap.json using remapper chain
[02:05:54] [main/DEBUG] (FabricLoader/Mixin) Selecting config fabric-mining-level-api-v1.mixins.json
[02:05:54] [main/DEBUG] (FabricLoader/Mixin) Remapping refMap fabric-mining-level-api-v1-refmap.json using remapper chain
[02:05:54] [main/DEBUG] (FabricLoader/Mixin) Selecting config fabric-block-view-api-v2.mixins.json
[02:05:54] [main/DEBUG] (FabricLoader/Mixin) Remapping refMap fabric-block-view-api-v2-refmap.json using remapper chain
[02:05:54] [main/DEBUG] (FabricLoader/Mixin) Selecting config fabric-block-view-api-v2.client.mixins.json
[02:05:54] [main/DEBUG] (FabricLoader/Mixin) Remapping refMap client-fabric-block-view-api-v2-refmap.json using remapper chain
[02:05:54] [main/DEBUG] (FabricLoader/Mixin) Selecting config fabric-networking-api-v1.mixins.json
[02:05:54] [main/DEBUG] (FabricLoader/Mixin) Remapping refMap fabric-networking-api-v1-refmap.json using remapper chain
[02:05:54] [main/DEBUG] (FabricLoader/Mixin) Selecting config fabric-networking-api-v1.client.mixins.json
[02:05:54] [main/DEBUG] (FabricLoader/Mixin) Remapping refMap client-fabric-networking-api-v1-refmap.json using remapper chain
[02:05:54] [main/DEBUG] (FabricLoader/Mixin) Selecting config mixinextras.init.mixins.json
[02:05:54] [main/DEBUG] (FabricLoader/MixinExtras|Service) com.llamalad7.mixinextras.service.MixinExtrasServiceImpl(version=0.4.1) is taking over from null
[02:05:54] [main/DEBUG] (FabricLoader/Mixin) Registering new injector for @Inject with org.spongepowered.asm.mixin.injection.struct.CallbackInjectionInfo
[02:05:54] [main/DEBUG] (FabricLoader/Mixin) Registering new injector for @ModifyArg with org.spongepowered.asm.mixin.injection.struct.ModifyArgInjectionInfo
[02:05:54] [main/DEBUG] (FabricLoader/Mixin) Registering new injector for @ModifyArgs with org.spongepowered.asm.mixin.injection.struct.ModifyArgsInjectionInfo
[02:05:54] [main/DEBUG] (FabricLoader/Mixin) Registering new injector for @Redirect with org.spongepowered.asm.mixin.injection.struct.RedirectInjectionInfo
[02:05:54] [main/DEBUG] (FabricLoader/Mixin) Registering new injector for @ModifyVariable with org.spongepowered.asm.mixin.injection.struct.ModifyVariableInjectionInfo
[02:05:54] [main/DEBUG] (FabricLoader/Mixin) Registering new injector for @ModifyConstant with org.spongepowered.asm.mixin.injection.struct.ModifyConstantInjectionInfo
[02:05:54] [main/DEBUG] (FabricLoader/Mixin) Selecting config fabric-data-generation-api-v1.mixins.json
[02:05:54] [main/DEBUG] (FabricLoader/Mixin) Remapping refMap fabric-data-generation-api-v1-refmap.json using remapper chain
[02:05:54] [main/DEBUG] (FabricLoader/Mixin) Selecting config fabric-data-generation-api-v1.client.mixins.json
[02:05:54] [main/DEBUG] (FabricLoader/Mixin) Remapping refMap client-fabric-data-generation-api-v1-refmap.json using remapper chain
[02:05:54] [main/DEBUG] (FabricLoader/Mixin) Selecting config fabric-sound-api-v1.mixins.json
[02:05:54] [main/DEBUG] (FabricLoader/Mixin) Remapping refMap client-fabric-sound-api-v1-refmap.json using remapper chain
[02:05:54] [main/DEBUG] (FabricLoader/Mixin) Selecting config fabric-item-api-v1.mixins.json
[02:05:54] [main/DEBUG] (FabricLoader/Mixin) Remapping refMap fabric-item-api-v1-refmap.json using remapper chain
[02:05:54] [main/DEBUG] (FabricLoader/Mixin) Selecting config fabric-item-api-v1.client.mixins.json
[02:05:54] [main/DEBUG] (FabricLoader/Mixin) Remapping refMap client-fabric-item-api-v1-refmap.json using remapper chain
[02:05:54] [main/DEBUG] (FabricLoader/Mixin) Selecting config fabric-data-attachment-api-v1.mixins.json
[02:05:54] [main/DEBUG] (FabricLoader/Mixin) Remapping refMap fabric-data-attachment-api-v1-refmap.json using remapper chain
[02:05:54] [main/DEBUG] (FabricLoader/Mixin) Selecting config fabric-data-attachment-api-v1.client.mixins.json
[02:05:54] [main/DEBUG] (FabricLoader/Mixin) Remapping refMap client-fabric-data-attachment-api-v1-refmap.json using remapper chain
[02:05:54] [main/DEBUG] (FabricLoader/Mixin) Selecting config fabric-registry-sync-v0.mixins.json
[02:05:54] [main/DEBUG] (FabricLoader/Mixin) Remapping refMap fabric-registry-sync-v0-refmap.json using remapper chain
[02:05:54] [main/DEBUG] (FabricLoader/Mixin) Selecting config fabric-registry-sync-v0.client.mixins.json
[02:05:54] [main/DEBUG] (FabricLoader/Mixin) Remapping refMap client-fabric-registry-sync-v0-refmap.json using remapper chain
[02:05:54] [main/DEBUG] (FabricLoader/Mixin) Selecting config jei.mixins.json
[02:05:54] [main/DEBUG] (FabricLoader/Mixin) Remapping refMap jei-1.20.1-fabric-refmap.json using remapper chain
[02:05:54] [main/DEBUG] (FabricLoader/Mixin) Selecting config fabric-object-builder-v1.mixins.json
[02:05:54] [main/DEBUG] (FabricLoader/Mixin) Remapping refMap fabric-object-builder-api-v1-refmap.json using remapper chain
[02:05:54] [main/DEBUG] (FabricLoader/Mixin) Selecting config fabric-object-builder-v1.client.mixins.json
[02:05:54] [main/DEBUG] (FabricLoader/Mixin) Remapping refMap client-fabric-object-builder-api-v1-refmap.json using remapper chain
[02:05:54] [main/DEBUG] (FabricLoader/Mixin) Selecting config fabric-particles-v1.client.mixins.json
[02:05:54] [main/DEBUG] (FabricLoader/Mixin) Remapping refMap client-fabric-particles-v1-refmap.json using remapper chain
[02:05:54] [main/DEBUG] (FabricLoader/Mixin) Selecting config swm.mixins.json
[02:05:54] [main/DEBUG] (FabricLoader/Mixin) Selecting config fabric-item-group-api-v1.mixins.json
[02:05:54] [main/DEBUG] (FabricLoader/Mixin) Remapping refMap fabric-item-group-api-v1-refmap.json using remapper chain
[02:05:54] [main/DEBUG] (FabricLoader/Mixin) Selecting config fabric-item-group-api-v1.client.mixins.json
[02:05:54] [main/DEBUG] (FabricLoader/Mixin) Remapping refMap client-fabric-item-group-api-v1-refmap.json using remapper chain
[02:05:54] [main/DEBUG] (FabricLoader/Mixin) Selecting config fabric-api-lookup-api-v1.mixins.json
[02:05:54] [main/DEBUG] (FabricLoader/Mixin) Remapping refMap fabric-api-lookup-api-v1-refmap.json using remapper chain
[02:05:54] [main/DEBUG] (FabricLoader/Mixin) Selecting config fabric-lifecycle-events-v1.mixins.json
[02:05:54] [main/DEBUG] (FabricLoader/Mixin) Remapping refMap fabric-lifecycle-events-v1-refmap.json using remapper chain
[02:05:54] [main/DEBUG] (FabricLoader/Mixin) Selecting config fabric-lifecycle-events-v1.client.mixins.json
[02:05:54] [main/DEBUG] (FabricLoader/Mixin) Remapping refMap client-fabric-lifecycle-events-v1-refmap.json using remapper chain
[02:05:54] [main/DEBUG] (FabricLoader/Mixin) Selecting config fabric-rendering-data-attachment-v1.mixins.json
[02:05:54] [main/DEBUG] (FabricLoader/Mixin) Remapping refMap fabric-rendering-data-attachment-v1-refmap.json using remapper chain
[02:05:54] [main/DEBUG] (FabricLoader/Mixin) Selecting config fabric-rendering-data-attachment-v1.client.mixins.json
[02:05:54] [main/DEBUG] (FabricLoader/Mixin) Remapping refMap client-fabric-rendering-data-attachment-v1-refmap.json using remapper chain
[02:05:54] [main/DEBUG] (FabricLoader/Mixin) Selecting config fabric-screen-handler-api-v1.mixins.json
[02:05:54] [main/DEBUG] (FabricLoader/Mixin) Remapping refMap fabric-screen-handler-api-v1-refmap.json using remapper chain
[02:05:54] [main/DEBUG] (FabricLoader/Mixin) Selecting config fabric-rendering-fluids-v1.mixins.json
[02:05:54] [main/DEBUG] (FabricLoader/Mixin) Remapping refMap client-fabric-rendering-fluids-v1-refmap.json using remapper chain
[02:05:54] [main/DEBUG] (FabricLoader/Mixin) Selecting config fabric-rendering-v1.mixins.json
[02:05:54] [main/DEBUG] (FabricLoader/Mixin) Remapping refMap client-fabric-rendering-v1-refmap.json using remapper chain
[02:05:54] [main/DEBUG] (FabricLoader/Mixin) Selecting config fabric-command-api-v2.mixins.json
[02:05:54] [main/DEBUG] (FabricLoader/Mixin) Remapping refMap fabric-command-api-v2-refmap.json using remapper chain
[02:05:54] [main/DEBUG] (FabricLoader/Mixin) Selecting config fabric-command-api-v2.client.mixins.json
[02:05:54] [main/DEBUG] (FabricLoader/Mixin) Remapping refMap client-fabric-command-api-v2-refmap.json using remapper chain
[02:05:54] [main/DEBUG] (FabricLoader/Mixin) Selecting config fabric-model-loading-api-v1.mixins.json
[02:05:54] [main/DEBUG] (FabricLoader/Mixin) Remapping refMap client-fabric-model-loading-api-v1-refmap.json using remapper chain
[02:05:54] [main/DEBUG] (FabricLoader/Mixin) Selecting config fabric-blockrenderlayer-v1.mixins.json
[02:05:54] [main/DEBUG] (FabricLoader/Mixin) Remapping refMap client-fabric-blockrenderlayer-v1-refmap.json using remapper chain
[02:05:54] [main/DEBUG] (FabricLoader/Mixin) Selecting config fabric-loot-api-v2.mixins.json
[02:05:54] [main/DEBUG] (FabricLoader/Mixin) Remapping refMap fabric-loot-api-v2-refmap.json using remapper chain
[02:05:54] [main/DEBUG] (FabricLoader/Mixin) Selecting config fabric-resource-conditions-api-v1.mixins.json
[02:05:54] [main/DEBUG] (FabricLoader/Mixin) Remapping refMap fabric-resource-conditions-api-v1-refmap.json using remapper chain
[02:05:54] [main/DEBUG] (FabricLoader/Mixin) Selecting config fabric-entity-events-v1.mixins.json
[02:05:54] [main/DEBUG] (FabricLoader/Mixin) Remapping refMap fabric-entity-events-v1-refmap.json using remapper chain
[02:05:54] [main/DEBUG] (FabricLoader/Mixin) Selecting config fabric-entity-events-v1.client.mixins.json
[02:05:54] [main/DEBUG] (FabricLoader/Mixin) Remapping refMap client-fabric-entity-events-v1-refmap.json using remapper chain
[02:05:54] [main/DEBUG] (FabricLoader/Mixin) Selecting config fabric-key-binding-api-v1.mixins.json
[02:05:54] [main/DEBUG] (FabricLoader/Mixin) Remapping refMap client-fabric-key-binding-api-v1-refmap.json using remapper chain
[02:05:54] [main/DEBUG] (FabricLoader/Mixin) Selecting config fabric-gametest-api-v1.mixins.json
[02:05:54] [main/DEBUG] (FabricLoader/Mixin) Remapping refMap fabric-gametest-api-v1-refmap.json using remapper chain
[02:05:54] [main/DEBUG] (FabricLoader/Mixin) Selecting config fabric-containers-v0.mixins.json
[02:05:54] [main/DEBUG] (FabricLoader/Mixin) Remapping refMap fabric-containers-v0-refmap.json using remapper chain
[02:05:54] [main/DEBUG] (FabricLoader/Mixin) Selecting config fabric-containers-v0.accurate.mixins.json
[02:05:54] [main/DEBUG] (FabricLoader/Mixin) Remapping refMap fabric-containers-v0-refmap.json using remapper chain
[02:05:54] [main/DEBUG] (FabricLoader/Mixin) Selecting config fabric-loot-tables-v1.mixins.json
[02:05:54] [main/DEBUG] (FabricLoader/Mixin) Remapping refMap fabric-loot-tables-v1-refmap.json using remapper chain
[02:05:54] [main/DEBUG] (FabricLoader/Mixin) Selecting config fabric-message-api-v1.mixins.json
[02:05:54] [main/DEBUG] (FabricLoader/Mixin) Remapping refMap fabric-message-api-v1-refmap.json using remapper chain
[02:05:54] [main/DEBUG] (FabricLoader/Mixin) Selecting config fabric-message-api-v1.client.mixins.json
[02:05:54] [main/DEBUG] (FabricLoader/Mixin) Remapping refMap client-fabric-message-api-v1-refmap.json using remapper chain
[02:05:54] [main/DEBUG] (FabricLoader/Mixin) Preparing fabric-transfer-api-v1.mixins.json (12)
[02:05:55] [main/DEBUG] (FabricLoader/Mixin) Preparing fabric-resource-loader-v0.mixins.json (12)
[02:05:55] [main/DEBUG] (FabricLoader/Mixin) Preparing fabric-resource-loader-v0.client.mixins.json (6)
[02:05:55] [main/DEBUG] (FabricLoader/Mixin) Preparing fabric-events-interaction-v0.mixins.json (5)
[02:05:55] [main/DEBUG] (FabricLoader/Mixin) @Mixin target net/minecraft/server/network/ServerGamePacketListenerImpl$1 is public in fabric-events-interaction-v0.mixins.json:ServerPlayNetworkHandlerMixin from mod fabric-events-interaction-v0 and should be specified in value
[02:05:55] [main/DEBUG] (FabricLoader/Mixin) Preparing fabric-events-interaction-v0.client.mixins.json (3)
[02:05:55] [main/DEBUG] (FabricLoader/Mixin) Preparing fabric-content-registries-v0.mixins.json (11)
[02:05:55] [main/DEBUG] (FabricLoader/Mixin) Preparing fabric-recipe-api-v1.mixins.json (3)
[02:05:55] [main/DEBUG] (FabricLoader/Mixin) Preparing fabric-renderer-api-v1.mixins.json (5)
[02:05:55] [main/DEBUG] (FabricLoader/Mixin) Preparing fabric-renderer-api-v1.debughud.mixins.json (1)
[02:05:55] [main/DEBUG] (FabricLoader/Mixin) Preparing architectury-common.mixins.json (10)
[02:05:55] [main/DEBUG] (FabricLoader/Mixin) Preparing architectury.mixins.json (53)
[02:05:55] [main/INFO] (FabricLoader/GameProvider) Loading Minecraft 1.20.1 with Fabric Loader 0.16.14
[02:05:55] [main/DEBUG] (FabricLoader/GamePatch) Found game constructor: net.minecraft.client.main.Main -> net.minecraft.client.Minecraft
[02:05:55] [main/DEBUG] (FabricLoader/GamePatch) Patching game constructor <init>(Lnet/minecraft/client/main/GameConfig;)V
[02:05:55] [main/DEBUG] (FabricLoader/GamePatch) Run directory field is thought to be net/minecraft/client/Minecraft/gameDirectory
[02:05:55] [main/DEBUG] (FabricLoader/GamePatch) Applying brand name hook to net/minecraft/client/ClientBrandRetriever::getClientModName
[02:05:55] [main/DEBUG] (FabricLoader/GamePatch) Applying brand name hook to net/minecraft/server/MinecraftServer::getServerModName
[02:05:55] [main/DEBUG] (FabricLoader/Mappings) Loading mappings took 115 ms
[02:05:55] [main/DEBUG] (FabricLoader/GamePatch) Patched 3 classs
[02:05:55] [main/DEBUG] (FabricLoader/Discovery) Mod discovery time: 18.7 ms
[02:05:55] [main/DEBUG] (FabricLoader/Resolution) Mod resolution time: 62.9 ms
[02:05:55] [main/INFO] (FabricLoader) Loading 62 mods:
	- architectury 9.2.14
	- fabric-api 0.92.5+1.20.1
	- fabric-api-base 0.4.32+1802ada577
	- fabric-api-lookup-api-v1 1.6.37+1802ada577
	- fabric-biome-api-v1 13.0.14+1802ada577
	- fabric-block-api-v1 1.0.12+1802ada577
	- fabric-block-view-api-v2 1.0.3+924f046a77
	- fabric-blockrenderlayer-v1 1.1.42+1802ada577
	- fabric-client-tags-api-v1 1.1.3+1802ada577
	- fabric-command-api-v1 1.2.35+f71b366f77
	- fabric-command-api-v2 2.2.14+1802ada577
	- fabric-commands-v0 0.2.52+df3654b377
	- fabric-containers-v0 0.1.66+df3654b377
	- fabric-content-registries-v0 4.0.13+1802ada577
	- fabric-convention-tags-v1 1.5.6+1802ada577
	- fabric-crash-report-info-v1 0.2.20+1802ada577
	- fabric-data-attachment-api-v1 1.0.2+de0fd6d177
	- fabric-data-generation-api-v1 12.3.6+1802ada577
	- fabric-dimensions-v1 2.1.55+1802ada577
	- fabric-entity-events-v1 1.6.1+1c78457f77
	- fabric-events-interaction-v0 0.6.4+13a40c6677
	- fabric-events-lifecycle-v0 0.2.64+df3654b377
	- fabric-game-rule-api-v1 1.0.41+1802ada577
	- fabric-gametest-api-v1 1.2.15+1802ada577
	- fabric-item-api-v1 2.1.29+1802ada577
	- fabric-item-group-api-v1 4.0.14+1802ada577
	- fabric-key-binding-api-v1 1.0.38+1802ada577
	- fabric-keybindings-v0 0.2.36+df3654b377
	- fabric-lifecycle-events-v1 2.2.23+1802ada577
	- fabric-loot-api-v2 1.2.3+1802ada577
	- fabric-loot-tables-v1 1.1.47+9e7660c677
	- fabric-message-api-v1 5.1.10+1802ada577
	- fabric-mining-level-api-v1 2.1.52+1802ada577
	- fabric-model-loading-api-v1 1.0.4+1802ada577
	- fabric-models-v0 0.4.3+9386d8a777
	- fabric-networking-api-v1 1.3.13+13a40c6677
	- fabric-networking-v0 0.3.53+df3654b377
	- fabric-object-builder-api-v1 11.1.5+e35120df77
	- fabric-particles-v1 1.1.3+1802ada577
	- fabric-recipe-api-v1 1.0.23+1802ada577
	- fabric-registry-sync-v0 2.3.5+1802ada577
	- fabric-renderer-api-v1 3.2.2+1802ada577
	- fabric-renderer-indigo 1.5.3+85287f9f77
	- fabric-renderer-registries-v1 3.2.47+df3654b377
	- fabric-rendering-data-attachment-v1 0.3.39+92a0d36777
	- fabric-rendering-fluids-v1 3.0.29+1802ada577
	- fabric-rendering-v0 1.1.50+df3654b377
	- fabric-rendering-v1 3.0.9+1802ada577
	- fabric-resource-conditions-api-v1 2.3.9+1802ada577
	- fabric-resource-loader-v0 0.11.12+fb82e9d777
	- fabric-screen-api-v1 2.0.9+1802ada577
	- fabric-screen-handler-api-v1 1.3.32+1802ada577
	- fabric-sound-api-v1 1.0.14+1802ada577
	- fabric-transfer-api-v1 3.3.6+8dd72ea377
	- fabric-transitive-access-wideners-v1 4.3.2+1802ada577
	- fabricloader 0.16.14
	- generated_9564919 1.0.0
	- java 22
	- jei 15.20.0.106
	- minecraft 1.20.1
	- mixinextras 0.4.1
	- swm 2.1.0
[02:05:55] [main/DEBUG] (FabricLoader/Knot) Adding C:\Users\Aidan\IdeaProjects\StarWarsMod\1.20.1\.gradle\loom-cache\remapped_mods\loom_mappings_1_20_1_layered_hash_1900676243_v2\net\fabricmc\fabric-api\fabric-biome-api-v1\13.0.14+1802ada577\fabric-biome-api-v1-13.0.14+1802ada577.jar to classpath.
[02:05:55] [main/DEBUG] (FabricLoader/Knot) Adding C:\Users\Aidan\IdeaProjects\StarWarsMod\1.20.1\.gradle\loom-cache\remapped_mods\loom_mappings_1_20_1_layered_hash_1900676243_v2\net\fabricmc\fabric-api\fabric-dimensions-v1\2.1.55+1802ada577\fabric-dimensions-v1-2.1.55+1802ada577.jar to classpath.
[02:05:55] [main/DEBUG] (FabricLoader/Knot) Adding C:\Users\Aidan\IdeaProjects\StarWarsMod\1.20.1\.gradle\loom-cache\remapped_mods\loom_mappings_1_20_1_layered_hash_1900676243_v2\net\fabricmc\fabric-api\fabric-entity-events-v1\1.6.1+1c78457f77\fabric-entity-events-v1-1.6.1+1c78457f77.jar to classpath.
[02:05:55] [main/DEBUG] (FabricLoader/Knot) Adding C:\Users\Aidan\IdeaProjects\StarWarsMod\1.20.1\.gradle\loom-cache\remapped_mods\loom_mappings_1_20_1_layered_hash_1900676243_v2\net\fabricmc\fabric-api\fabric-rendering-v0\1.1.50+df3654b377\fabric-rendering-v0-1.1.50+df3654b377.jar to classpath.
[02:05:55] [main/DEBUG] (FabricLoader/Knot) Adding C:\Users\Aidan\IdeaProjects\StarWarsMod\1.20.1\.gradle\loom-cache\remapped_mods\loom_mappings_1_20_1_layered_hash_1900676243_v2\net\fabricmc\fabric-api\fabric-recipe-api-v1\1.0.23+1802ada577\fabric-recipe-api-v1-1.0.23+1802ada577.jar to classpath.
[02:05:55] [main/DEBUG] (FabricLoader/Knot) Adding C:\Users\Aidan\IdeaProjects\StarWarsMod\1.20.1\.gradle\loom-cache\remapped_mods\loom_mappings_1_20_1_layered_hash_1900676243_v2\net\fabricmc\fabric-api\fabric-renderer-api-v1\3.2.2+1802ada577\fabric-renderer-api-v1-3.2.2+1802ada577.jar to classpath.
[02:05:55] [main/DEBUG] (FabricLoader/Knot) Adding C:\Users\Aidan\IdeaProjects\StarWarsMod\1.20.1\.gradle\loom-cache\remapped_mods\loom_mappings_1_20_1_layered_hash_1900676243_v2\net\fabricmc\fabric-api\fabric-commands-v0\0.2.52+df3654b377\fabric-commands-v0-0.2.52+df3654b377.jar to classpath.
[02:05:55] [main/DEBUG] (FabricLoader/Knot) Adding C:\Users\Aidan\IdeaProjects\StarWarsMod\1.20.1\.gradle\loom-cache\remapped_mods\loom_mappings_1_20_1_layered_hash_1900676243_v2\net\fabricmc\fabric-api\fabric-block-api-v1\1.0.12+1802ada577\fabric-block-api-v1-1.0.12+1802ada577.jar to classpath.
[02:05:55] [main/DEBUG] (FabricLoader/Knot) Adding C:\Users\Aidan\IdeaProjects\StarWarsMod\1.20.1\.gradle\loom-cache\remapped_mods\loom_mappings_1_20_1_layered_hash_1900676243_v2\net\fabricmc\fabric-api\fabric-game-rule-api-v1\1.0.41+1802ada577\fabric-game-rule-api-v1-1.0.41+1802ada577.jar to classpath.
[02:05:55] [main/DEBUG] (FabricLoader/Knot) Adding C:\Users\Aidan\IdeaProjects\StarWarsMod\1.20.1\.gradle\loom-cache\remapped_mods\loom_mappings_1_20_1_layered_hash_1900676243_v2\net\fabricmc\fabric-api\fabric-models-v0\0.4.3+9386d8a777\fabric-models-v0-0.4.3+9386d8a777.jar to classpath.
[02:05:55] [main/DEBUG] (FabricLoader/Knot) Adding C:\Users\Aidan\.gradle\caches\modules-2\files-2.1\io.github.llamalad7\mixinextras-fabric\0.4.1\8d1a9e96afb990367fa1f904d17580d164da72e3\mixinextras-fabric-0.4.1.jar to classpath.
[02:05:55] [main/DEBUG] (FabricLoader/Knot) Adding C:\Users\Aidan\IdeaProjects\StarWarsMod\1.20.1\.gradle\loom-cache\remapped_mods\loom_mappings_1_20_1_layered_hash_1900676243_v2\net\fabricmc\fabric-api\fabric-resource-conditions-api-v1\2.3.9+1802ada577\fabric-resource-conditions-api-v1-2.3.9+1802ada577.jar to classpath.
[02:05:55] [main/DEBUG] (FabricLoader/Knot) Adding C:\Users\Aidan\IdeaProjects\StarWarsMod\1.20.1\.gradle\loom-cache\remapped_mods\loom_mappings_1_20_1_layered_hash_1900676243_v2\mezz\jei\jei-1.20.1-fabric\15.20.0.106\jei-1.20.1-fabric-15.20.0.106.jar to classpath.
[02:05:55] [main/DEBUG] (FabricLoader/Knot) Adding C:\Users\Aidan\IdeaProjects\StarWarsMod\1.20.1\.gradle\loom-cache\remapped_mods\loom_mappings_1_20_1_layered_hash_1900676243_v2\net\fabricmc\fabric-api\fabric-api-base\0.4.32+1802ada577\fabric-api-base-0.4.32+1802ada577.jar to classpath.
[02:05:55] [main/DEBUG] (FabricLoader/Knot) Adding C:\Users\Aidan\IdeaProjects\StarWarsMod\1.20.1\.gradle\loom-cache\remapped_mods\loom_mappings_1_20_1_layered_hash_1900676243_v2\net\fabricmc\fabric-api\fabric-renderer-indigo\1.5.3+85287f9f77\fabric-renderer-indigo-1.5.3+85287f9f77.jar to classpath.
[02:05:55] [main/DEBUG] (FabricLoader/Knot) Adding C:\Users\Aidan\IdeaProjects\StarWarsMod\1.20.1[02:05:55] [main/DEBUG] (io.netty.util.internal.logging.InternalLoggerFactory) Using SLF4J as the default logging framework
[02:05:55] [main/DEBUG] (io.netty.util.ResourceLeakDetector) -Dio.netty.leakDetection.level: simple
[02:05:55] [main/DEBUG] (io.netty.util.ResourceLeakDetector) -Dio.netty.leakDetection.targetRecords: 4
[02:05:55] [main/INFO] (FabricLoader/MixinExtras|Service) Initializing MixinExtras via com.llamalad7.mixinextras.service.MixinExtrasServiceImpl(version=0.4.1).
[02:05:55] [main/DEBUG] (FabricLoader/Mixin) Registering new injector for @SugarWrapper with com.llamalad7.mixinextras.sugar.impl.SugarWrapperInjectionInfo
[02:05:55] [main/DEBUG] (FabricLoader/Mixin) Registering new injector for @FactoryRedirectWrapper with com.llamalad7.mixinextras.wrapper.factory.FactoryRedirectWrapperInjectionInfo
[02:05:55] [main/DEBUG] (FabricLoader/Mixin) Mixing SystemDetailsMixin from fabric-crash-report-info-v1.mixins.json into net.minecraft.SystemReport
[02:05:55] [main/DEBUG] (FabricLoader/Mixin) fabric-crash-report-info-v1.mixins.json:SystemDetailsMixin from mod fabric-crash-report-info-v1: Class version 61 required is higher than the class version supported by the current version of Mixin (JAVA_16 supports class version 60)
[02:05:55] [main/DEBUG] (FabricLoader/Mixin) Renaming synthetic method lambda$appendMods$1(Lnet/fabricmc/loader/api/ModContainer;)Ljava/lang/String; to md4ccb60$fabric-crash-report-info-v1$lambda$appendMods$1$0 in fabric-crash-report-info-v1.mixins.json:SystemDetailsMixin from mod fabric-crash-report-info-v1
[02:05:55] [main/DEBUG] (FabricLoader/Mixin) Renaming synthetic method lambda$fillSystemDetails$0()Ljava/lang/String; to md4ccb60$fabric-crash-report-info-v1$lambda$fillSystemDetails$0$1 in fabric-crash-report-info-v1.mixins.json:SystemDetailsMixin from mod fabric-crash-report-info-v1
[02:05:55] [main/DEBUG] (FabricLoader/Mixin) fabric-crash-report-info-v1.mixins.json:SystemDetailsMixin from mod fabric-crash-report-info-v1->@Inject::fillSystemDetails(Lorg/spongepowered/asm/mixin/injection/callback/CallbackInfo;)V doesn't use it's CallbackInfo
[02:05:55] [main/DEBUG] (FabricLoader/Mixin) fabric-crash-report-info-v1.mixins.json:SystemDetailsMixin from mod fabric-crash-report-info-v1->@Inject::fillSystemDetails(Lorg/spongepowered/asm/mixin/injection/callback/CallbackInfo;)V has 0 override(s) in child classes
[02:05:55] [main/DEBUG] (FabricLoader/Mixin) fabric-crash-report-info-v1.mixins.json:SystemDetailsMixin from mod fabric-crash-report-info-v1->@Inject::fillSystemDetails(Lorg/spongepowered/asm/mixin/injection/callback/CallbackInfo;)V won't be passed a CallbackInfo as a result
[02:05:57] [main/DEBUG] (FabricLoader/Mixin) Mixing BootstrapMixin from fabric-registry-sync-v0.mixins.json into net.minecraft.server.Bootstrap
[02:05:57] [main/DEBUG] (FabricLoader/Mixin) fabric-registry-sync-v0.mixins.json:BootstrapMixin from mod fabric-registry-sync-v0: Class version 61 required is higher than the class version supported by the current version of Mixin (JAVA_16 supports class version 60)
[02:05:57] [main/DEBUG] (FabricLoader/Mixin) Renaming synthetic method lambda$initialize$1(Lnet/minecraft/world/level/material/Fluid;)Ljava/util/Collection; to md4ccb60$fabric-registry-sync-v0$lambda$initialize$1$0 in fabric-registry-sync-v0.mixins.json:BootstrapMixin from mod fabric-registry-sync-v0
[02:05:57] [main/DEBUG] (FabricLoader/Mixin) Renaming synthetic method lambda$initialize$0(Lnet/minecraft/world/level/block/Block;)Ljava/util/Collection; to md4ccb60$fabric-registry-sync-v0$lambda$initialize$0$1 in fabric-registry-sync-v0.mixins.json:BootstrapMixin from mod fabric-registry-sync-v0
[02:05:57] [main/DEBUG] (FabricLoader/Mixin) fabric-registry-sync-v0.mixins.json:BootstrapMixin from mod fabric-registry-sync-v0->@Inject::initialize(Lorg/spongepowered/asm/mixin/injection/callback/CallbackInfo;)V doesn't use it's CallbackInfo
[02:05:57] [main/DEBUG] (FabricLoader/Mixin) Mixing RegistriesAccessor from fabric-registry-sync-v0.mixins.json into net.minecraft.core.registries.BuiltInRegistries
[02:05:57] [main/DEBUG] (FabricLoader/Mixin) fabric-registry-sync-v0.mixins.json:RegistriesAccessor from mod fabric-registry-sync-v0: Class version 61 required is higher than the class version supported by the current version of Mixin (JAVA_16 supports class version 60)
[02:05:57] [main/DEBUG] (FabricLoader/Mixin) Renaming @Accessor method getROOT()Lnet/minecraft/core/WritableRegistry; to getROOT$fabric-registry-sync-v0_$md$4ccb60$0 in fabric-registry-sync-v0.mixins.json:RegistriesAccessor from mod fabric-registry-sync-v0
[02:05:57] [main/DEBUG] (FabricLoader/Mixin) Mixing RegistriesMixin from fabric-registry-sync-v0.mixins.json into net.minecraft.core.registries.BuiltInRegistries
[02:05:57] [main/DEBUG] (FabricLoader/Mixin) fabric-registry-sync-v0.mixins.json:RegistriesMixin from mod fabric-registry-sync-v0: Class version 61 required is higher than the class version supported by the current version of Mixin (JAVA_16 supports class version 60)
[02:05:57] [main/DEBUG] (FabricLoader/Mixin) fabric-registry-sync-v0.mixins.json:RegistriesMixin from mod fabric-registry-sync-v0->@Inject::init(Lorg/spongepowered/asm/mixin/injection/callback/CallbackInfo;)V does use it's CallbackInfo
[02:05:57] [main/DEBUG] (FabricLoader/Mixin) Mixing SimpleRegistryMixin from fabric-registry-sync-v0.mixins.json into net.minecraft.core.MappedRegistry
[02:05:57] [main/DEBUG] (FabricLoader/Mixin) fabric-registry-sync-v0.mixins.json:SimpleRegistryMixin from mod fabric-registry-sync-v0: Class version 61 required is higher than the class version supported by the current version of Mixin (JAVA_16 supports class version 60)
[02:05:57] [main/DEBUG] (FabricLoader/Mixin) Renaming synthetic method lambda$new$5([Lnet/fabricmc/fabric/api/event/registry/RegistryIdRemapCallback;)Lnet/fabricmc/fabric/api/event/registry/RegistryIdRemapCallback; to md4ccb60$fabric-registry-sync-v0$lambda$new$5$0 in fabric-registry-sync-v0.mixins.json:SimpleRegistryMixin from mod fabric-registry-sync-v0
[02:05:57] [main/DEBUG] (FabricLoader/Mixin) Renaming synthetic method lambda$new$4([Lnet/fabricmc/fabric/api/event/registry/RegistryIdRemapCallback;Lnet/fabricmc/fabric/api/event/registry/RegistryIdRemapCallback$RemapState;)V to md4ccb60$fabric-registry-sync-v0$lambda$new$4$1 in fabric-registry-sync-v0.mixins.json:SimpleRegistryMixin from mod fabric-registry-sync-v0
[02:05:57] [main/DEBUG] (FabricLoader/Mixin) Renaming synthetic method lambda$new$3([Lnet/fabricmc/fabric/api/event/registry/RegistryEntryRemovedCallback;)Lnet/fabricmc/fabric/api/event/registry/RegistryEntryRemovedCallback; to md4ccb60$fabric-registry-sync-v0$lambda$new$3$2 in fabric-registry-sync-v0.mixins.json:SimpleRegistryMixin from mod fabric-registry-sync-v0
[02:05:57] [main/DEBUG] (FabricLoader/Mixin) Renaming synthetic method lambda$new$2([Lnet/fabricmc/fabric/api/event/registry/RegistryEntryRemovedCallback;ILnet/minecraft/resources/ResourceLocation;Ljava/lang/Object;)V to md4ccb60$fabric-registry-sync-v0$lambda$new$2$3 in fabric-registry-sync-v0.mixins.json:SimpleRegistryMixin from mod fabric-registry-sync-v0
[02:05:57] [main/DEBUG] (FabricLoader/Mixin) Renaming synthetic method lambda$new$1([Lnet/fabricmc/fabric/api/event/registry/RegistryEntryAddedCallback;)Lnet/fabricmc/fabric/api/event/registry/RegistryEntryAddedCallback; to md4ccb60$fabric-registry-sync-v0$lambda$new$1$4 in fabric-registry-sync-v0.mixins.json:SimpleRegistryMixin from mod fabric-registry-sync-v0
[02:05:57] [main/DEBUG] (FabricLoader/Mixin) Renaming synthetic method lambda$new$0([Lnet/fabricmc/fabric/api/event/registry/RegistryEntryAddedCallback;ILnet/minecraft/resources/ResourceLocation;Ljava/lang/Object;)V to md4ccb60$fabric-registry-sync-v0$lambda$new$0$5 in fabric-registry-sync-v0.mixins.json:SimpleRegistryMixin from mod fabric-registry-sync-v0
[02:05:57] [main/DEBUG] (FabricLoader/Mixin) fabric-registry-sync-v0.mixins.json:SimpleRegistryMixin from mod fabric-registry-sync-v0->@Inject::add(Lnet/minecraft/resources/ResourceKey;Ljava/lang/Object;Lcom/mojang/serialization/Lifecycle;Lorg/spongepowered/asm/mixin/injection/callback/CallbackInfoReturnable;)V doesn't use it's CallbackInfoReturnable
[02:05:57] [main/DEBUG] (FabricLoader/Mixin) fabric-registry-sync-v0.mixins.json:SimpleRegistryMixin from mod fabric-registry-sync-v0->@Inject::add(Lnet/minecraft/resources/ResourceKey;Ljava/lang/Object;Lcom/mojang/serialization/Lifecycle;Lorg/spongepowered/asm/mixin/injection/callback/CallbackInfoReturnable;)V has 0 override(s) in child classes
[02:05:57] [main/DEBUG] (FabricLoader/Mixin) fabric-registry-sync-v0.mixins.json:SimpleRegistryMixin from mod fabric-registry-sync-v0->@Inject::add(Lnet/minecraft/resources/ResourceKey;Ljava/lang/Object;Lcom/mojang/serialization/Lifecycle;Lorg/spongepowered/asm/mixin/injection/callback/CallbackInfoReturnable;)V won't be passed a CallbackInfoReturnable as a result
[02:05:57] [main/DEBUG] (FabricLoader/Mixin) fabric-registry-sync-v0.mixins.json:SimpleRegistryMixin from mod fabric-registry-sync-v0->@Inject::set(ILnet/minecraft/resources/ResourceKey;Ljava/lang/Object;Lcom/mojang/serialization/Lifecycle;Lorg/spongepowered/asm/mixin/injection/callback/CallbackInfoReturnable;)V does use it's CallbackInfoReturnable
[02:05:57] [main/DEBUG] (FabricLoader/Mixin) fabric-registry-sync-v0.mixins.json:SimpleRegistryMixin from mod fabric-registry-sync-v0->@Inject::setPre(ILnet/minecraft/resources/ResourceKey;Ljava/lang/Object;Lcom/mojang/serialization/Lifecycle;Lorg/spongepowered/asm/mixin/injection/callback/CallbackInfoReturnable;)V doesn't use it's CallbackInfoReturnable
[02:05:57] [main/DEBUG] (FabricLoader/Mixin) fabric-registry-sync-v0.mixins.json:SimpleRegistryMixin from mod fabric-registry-sync-v0->@Inject::setPre(ILnet/minecraft/resources/ResourceKey;Ljava/lang/Object;Lcom/mojang/serialization/Lifecycle;Lorg/spongepowered/asm/mixin/injection/callback/CallbackInfoReturnable;)V has 0 override(s) in child classes
[02:05:57] [main/DEBUG] (FabricLoader/Mixin) fabric-registry-sync-v0.mixins.json:SimpleRegistryMixin from mod fabric-registry-sync-v0->@Inject::setPre(ILnet/minecraft/resources/ResourceKey;Ljava/lang/Object;Lcom/mojang/serialization/Lifecycle;Lorg/spongepowered/asm/mixin/injection/callback/CallbackInfoReturnable;)V won't be passed a CallbackInfoReturnable as a result
[02:05:57] [main/DEBUG] (FabricLoader/Mixin) fabric-registry-sync-v0.mixins.json:SimpleRegistryMixin from mod fabric-registry-sync-v0->@Inject::setPost(ILnet/minecraft/resources/ResourceKey;Ljava/lang/Object;Lcom/mojang/serialization/Lifecycle;Lorg/spongepowered/asm/mixin/injection/callback/CallbackInfoReturnable;)V doesn't use it's CallbackInfoReturnable
[02:05:57] [main/DEBUG] (FabricLoader/Mixin) fabric-registry-sync-v0.mixins.json:SimpleRegistryMixin from mod fabric-registry-sync-v0->@Inject::setPost(ILnet/minecraft/resources/ResourceKey;Ljava/lang/Object;Lcom/mojang/serialization/Lifecycle;Lorg/spongepowered/asm/mixin/injection/callback/CallbackInfoReturnable;)V has 0 override(s) in child classes
[02:05:57] [main/DEBUG] (FabricLoader/Mixin) fabric-registry-sync-v0.mixins.json:SimpleRegistryMixin from mod fabric-registry-sync-v0->@Inject::setPost(ILnet/minecraft/resources/ResourceKey;Ljava/lang/Object;Lcom/mojang/serialization/Lifecycle;Lorg/spongepowered/asm/mixin/injection/callback/CallbackInfoReturnable;)V won't be passed a CallbackInfoReturnable as a result
[02:05:57] [main/DEBUG] (FabricLoader/Mixin) Mixing inject.MixinGameEvent from architectury-common.mixins.json into net.minecraft.world.level.gameevent.GameEvent
[02:05:57] [main/DEBUG] (FabricLoader/Mixin) Mixing FluidMixin from fabric-transfer-api-v1.mixins.json into net.minecraft.world.level.material.Fluid
[02:05:57] [main/DEBUG] (FabricLoader/Mixin) fabric-transfer-api-v1.mixins.json:FluidMixin from mod fabric-transfer-api-v1: Class version 61 required is higher than the class version supported by the current version of Mixin (JAVA_16 supports class version 60)
[02:05:57] [main/DEBUG] (FabricLoader/Mixin) Mixing inject.MixinFluid from architectury-common.mixins.json into net.minecraft.world.level.material.Fluid
[02:05:57] [main/DEBUG] (FabricLoader/Mixin) fabric-transfer-api-v1.mixins.json:FluidMixin from mod fabric-transfer-api-v1->@Inject::hookGetBucketFillSound(Lorg/spongepowered/asm/mixin/injection/callback/CallbackInfoReturnable;)V does use it's CallbackInfoReturnable
[02:05:57] [main/DEBUG] (FabricLoader/Mixin) Mixing inject.MixinBlock from architectury-common.mixins.json into net.minecraft.world.level.block.Block
[02:05:57] [main/DEBUG] (FabricLoader/Mixin) Mixing BlockMixin from fabric-block-api-v1.mixins.json into net.minecraft.world.level.block.Block
[02:05:57] [main/DEBUG] (FabricLoader/Mixin) Mixing AbstractBlockAccessor from fabric-object-builder-v1.mixins.json into net.minecraft.world.level.block.state.BlockBehaviour
[02:05:57] [main/DEBUG] (FabricLoader/Mixin) fabric-object-builder-v1.mixins.json:AbstractBlockAccessor from mod fabric-object-builder-api-v1: Class version 61 required is higher than the class version supported by the current version of Mixin (JAVA_16 supports class version 60)
[02:05:57] [main/DEBUG] (FabricLoader/Mixin) Mixing inject.MixinEntityType from architectury-common.mixins.json into net.minecraft.world.entity.EntityType
[02:05:57] [main/DEBUG] (FabricLoader/Mixin) Mixing ItemMixin from fabric-transfer-api-v1.mixins.json into net.minecraft.world.item.Item
[02:05:57] [main/DEBUG] (FabricLoader/Mixin) fabric-transfer-api-v1.mixins.json:ItemMixin from mod fabric-transfer-api-v1: Class version 61 required is higher than the class version supported by the current version of Mixin (JAVA_16 supports class version 60)
[02:05:57] [main/DEBUG] (FabricLoader/Mixin) Mixing inject.MixinItem from architectury-common.mixins.json into net.minecraft.world.item.Item
[02:05:57] [main/DEBUG] (FabricLoader/Mixin) Mixing ItemMixin from fabric-item-api-v1.mixins.json into net.minecraft.world.item.Item
[02:05:57] [main/DEBUG] (FabricLoader/Mixin) fabric-item-api-v1.mixins.json:ItemMixin from mod fabric-item-api-v1: Class version 61 required is higher than the class version supported by the current version of Mixin (JAVA_16 supports class version 60)
[02:05:57] [main/DEBUG] (FabricLoader/Mixin) architectury-common.mixins.json:inject.MixinItem from mod architectury->@Inject::init(Lnet/minecraft/world/item/Item$Properties;Lorg/spongepowered/asm/mixin/injection/callback/CallbackInfo;)V doesn't use it's CallbackInfo
[02:05:57] [main/DEBUG] (FabricLoader/Mixin) architectury-common.mixins.json:inject.MixinItem from mod architectury->@Inject::init(Lnet/minecraft/world/item/Item$Properties;Lorg/spongepowered/asm/mixin/injection/callback/CallbackInfo;)V has 0 override(s) in child classes
[02:05:57] [main/DEBUG] (FabricLoader/Mixin) architectury-common.mixins.json:inject.MixinItem from mod architectury->@Inject::init(Lnet/minecraft/world/item/Item$Properties;Lorg/spongepowered/asm/mixin/injection/callback/CallbackInfo;)V won't be passed a CallbackInfo as a result
[02:05:57] [main/DEBUG] (FabricLoader/Mixin) fabric-item-api-v1.mixins.json:ItemMixin from mod fabric-item-api-v1->@Inject::onConstruct(Lnet/minecraft/world/item/Item$Properties;Lorg/spongepowered/asm/mixin/injection/callback/CallbackInfo;)V doesn't use it's CallbackInfo
[02:05:57] [main/DEBUG] (FabricLoader/Mixin) fabric-item-api-v1.mixins.json:ItemMixin from mod fabric-item-api-v1->@Inject::onConstruct(Lnet/minecraft/world/item/Item$Properties;Lorg/spongepowered/asm/mixin/injection/callback/CallbackInfo;)V has 0 override(s) in child classes
[02:05:57] [main/DEBUG] (FabricLoader/Mixin) fabric-item-api-v1.mixins.json:ItemMixin from mod fabric-item-api-v1->@Inject::onConstruct(Lnet/minecraft/world/item/Item$Properties;Lorg/spongepowered/asm/mixin/injection/callback/CallbackInfo;)V won't be passed a CallbackInfo as a result
[02:05:57] [main/DEBUG] (FabricLoader/Mixin) Mixing BlockEntityTypeAccessor from fabric-api-lookup-api-v1.mixins.json into net.minecraft.world.level.block.entity.BlockEntityType
[02:05:57] [main/DEBUG] (FabricLoader/Mixin) fabric-api-lookup-api-v1.mixins.json:BlockEntityTypeAccessor from mod fabric-api-lookup-api-v1: Class version 61 required is higher than the class version supported by the current version of Mixin (JAVA_16 supports class version 60)
[02:05:57] [main/DEBUG] (FabricLoader/Mixin) Mixing ArgumentTypesAccessor from fabric-command-api-v2.mixins.json into net.minecraft.commands.synchronization.ArgumentTypeInfos
[02:05:57] [main/DEBUG] (FabricLoader/Mixin) fabric-command-api-v2.mixins.json:ArgumentTypesAccessor from mod fabric-command-api-v2: Class version 61 required is higher than the class version supported by the current version of Mixin (JAVA_16 supports class version 60)
[02:05:57] [main/DEBUG] (FabricLoader/Mixin) Renaming @Accessor method fabric_getClassMap()Ljava/util/Map; to fabric_getClassMap$fabric-command-api-v2_$md$4ccb60$0 in fabric-command-api-v2.mixins.json:ArgumentTypesAccessor from mod fabric-command-api-v2
[02:05:57] [main/DEBUG] (FabricLoader/Mixin) Mixing ArgumentTypesMixin from fabric-gametest-api-v1.mixins.json into net.minecraft.commands.synchronization.ArgumentTypeInfos
[02:05:57] [main/DEBUG] (FabricLoader/Mixin) fabric-gametest-api-v1.mixins.json:ArgumentTypesMixin from mod fabric-gametest-api-v1: Class version 61 required is higher than the class version supported by the current version of Mixin (JAVA_16 supports class version 60)
[02:05:57] [main/DEBUG] (FabricLoader/Mixin) fabric-gametest-api-v1.mixins.json:ArgumentTypesMixin from mod fabric-gametest-api-v1->@Inject::register(Lnet/minecraft/core/Registry;Lorg/spongepowered/asm/mixin/injection/callback/CallbackInfoReturnable;)V doesn't use it's CallbackInfoReturnable
[02:05:57] [main/DEBUG] (FabricLoader/Mixin) Mixing ItemGroupsMixin from fabric-item-group-api-v1.mixins.json into net.minecraft.world.item.CreativeModeTabs
[02:05:57] [main/DEBUG] (FabricLoader/Mixin) fabric-item-group-api-v1.mixins.json:ItemGroupsMixin from mod fabric-item-group-api-v1->@Inject::collect(Lorg/spongepowered/asm/mixin/injection/callback/CallbackInfo;)V does use it's CallbackInfo
[02:05:57] [main/DEBUG] (FabricLoader/Mixin) Mixing ItemGroupAccessor from fabric-item-group-api-v1.mixins.json into net.minecraft.world.item.CreativeModeTab
[02:05:57] [main/DEBUG] (FabricLoader/Mixin) Mixing ItemGroupMixin from fabric-item-group-api-v1.mixins.json into net.minecraft.world.item.CreativeModeTab
[02:05:57] [main/DEBUG] (FabricLoader/Mixin) Renaming synthetic method lambda$getStacks$0(Lnet/minecraft/world/item/CreativeModeTab;)Ljava/lang/IllegalStateException; to md4ccb60$fabric-item-group-api-v1$lambda$getStacks$0$0 in fabric-item-group-api-v1.mixins.json:ItemGroupMixin from mod fabric-item-group-api-v1
[02:05:57] [main/DEBUG] (FabricLoader/Mixin) fabric-item-group-api-v1.mixins.json:ItemGroupMixin from mod fabric-item-group-api-v1->@Inject::getStacks(Lnet/minecraft/world/item/CreativeModeTab$ItemDisplayParameters;Lorg/spongepowered/asm/mixin/injection/callback/CallbackInfo;)V doesn't use it's CallbackInfo
[02:05:57] [main/DEBUG] (FabricLoader/Mixin) fabric-item-group-api-v1.mixins.json:ItemGroupMixin from mod fabric-item-group-api-v1->@Inject::getStacks(Lnet/minecraft/world/item/CreativeModeTab$ItemDisplayParameters;Lorg/spongepowered/asm/mixin/injection/callback/CallbackInfo;)V has 0 override(s) in child classes
[02:05:57] [main/DEBUG] (FabricLoader/Mixin) fabric-item-group-api-v1.mixins.json:ItemGroupMixin from mod fabric-item-group-api-v1->@Inject::getStacks(Lnet/minecraft/world/item/CreativeModeTab$ItemDisplayParameters;Lorg/spongepowered/asm/mixin/injection/callback/CallbackInfo;)V won't be passed a CallbackInfo as a result
[02:05:57] [main/DEBUG] (FabricLoader/Mixin) Mixing FireBlockMixin from fabric-content-registries-v0.mixins.json into net.minecraft.world.level.block.FireBlock
[02:05:57] [main/DEBUG] (FabricLoader/Mixin) fabric-content-registries-v0.mixins.json:FireBlockMixin from mod fabric-content-registries-v0: Class version 61 required is higher than the class version supported by the current version of Mixin (JAVA_16 supports class version 60)
[02:05:57] [main/DEBUG] (FabricLoader/Mixin) fabric-content-registries-v0.mixins.json:FireBlockMixin from mod fabric-content-registries-v0->@Inject::afterConstruct(Lnet/minecraft/world/level/block/state/BlockBehaviour$Properties;Lorg/spongepowered/asm/mixin/injection/callback/CallbackInfo;)V doesn't use it's CallbackInfo
[02:05:57] [main/DEBUG] (FabricLoader/Mixin) fabric-content-registries-v0.mixins.json:FireBlockMixin from mod fabric-content-registries-v0->@Inject::afterConstruct(Lnet/minecraft/world/level/block/state/BlockBehaviour$Properties;Lorg/spongepowered/asm/mixin/injection/callback/CallbackInfo;)V has 0 override(s) in child classes
[02:05:57] [main/DEBUG] (FabricLoader/Mixin) fabric-content-registries-v0.mixins.json:FireBlockMixin from mod fabric-content-registries-v0->@Inject::afterConstruct(Lnet/minecraft/world/level/block/state/BlockBehaviour$Properties;Lorg/spongepowered/asm/mixin/injection/callback/CallbackInfo;)V won't be passed a CallbackInfo as a result
[02:05:57] [main/DEBUG] (FabricLoader/Mixin) fabric-content-registries-v0.mixins.json:FireBlockMixin from mod fabric-content-registries-v0->@Inject::getFabricBurnChance(Lnet/minecraft/world/level/block/state/BlockState;Lorg/spongepowered/asm/mixin/injection/callback/CallbackInfoReturnable;)V does use it's CallbackInfoReturnable
[02:05:57] [main/DEBUG] (FabricLoader/Mixin) fabric-content-registries-v0.mixins.json:FireBlockMixin from mod fabric-content-registries-v0->@Inject::getFabricSpreadChance(Lnet/minecraft/world/level/block/state/BlockState;Lorg/spongepowered/asm/mixin/injection/callback/CallbackInfoReturnable;)V does use it's CallbackInfoReturnable
[02:05:57] [main/DEBUG] (FabricLoader/Mixin) Mixing BlockViewMixin from fabric-block-view-api-v2.mixins.json into net.minecraft.world.level.BlockGetter
[02:05:57] [main/DEBUG] (FabricLoader/Mixin) Mixing MixinEntity from architectury.mixins.json into net.minecraft.world.entity.Entity
[02:05:57] [main/DEBUG] (FabricLoader/Mixin) Mixing EntityMixin from fabric-dimensions-v1.mixins.json into net.minecraft.world.entity.Entity
[02:05:57] [main/DEBUG] (FabricLoader/Mixin) fabric-dimensions-v1.mixins.json:EntityMixin from mod fabric-dimensions-v1: Class version 61 required is higher than the class version supported by the current version of Mixin (JAVA_16 supports class version 60)
[02:05:57] [main/DEBUG] (FabricLoader/Mixin) Mixing AttachmentTargetsMixin from fabric-data-attachment-api-v1.mixins.json into net.minecraft.world.entity.Entity
[02:05:57] [main/DEBUG] (FabricLoader/Mixin) Mixing EntityMixin from fabric-data-attachment-api-v1.mixins.json into net.minecraft.world.entity.Entity
[02:05:57] [main/DEBUG] (FabricLoader/Mixin) Mixing EntityMixin from fabric-entity-events-v1.mixins.json into net.minecraft.world.entity.Entity
[02:05:57] [main/DEBUG] (FabricLoader/Mixin) fabric-entity-events-v1.mixins.json:EntityMixin from mod fabric-entity-events-v1: Class version 61 required is higher than the class version supported by the current version of Mixin (JAVA_16 supports class version 60)
[02:05:57] [main/DEBUG] (FabricLoader/Mixin) fabric-dimensions-v1.mixins.json:EntityMixin from mod fabric-dimensions-v1->@Inject::getTeleportTarget(Lnet/minecraft/server/level/ServerLevel;Lorg/spongepowered/asm/mixin/injection/callback/CallbackInfoReturnable;)V does use it's CallbackInfoReturnable
[02:05:57] [main/DEBUG] (FabricLoader/Mixin) fabric-data-attachment-api-v1.mixins.json:EntityMixin from mod fabric-data-attachment-api-v1->@Inject::readEntityAttachments(Lnet/minecraft/nbt/CompoundTag;Lorg/spongepowered/asm/mixin/injection/callback/CallbackInfo;)V doesn't use it's CallbackInfo
[02:05:57] [main/DEBUG] (FabricLoader/Mixin) fabric-data-attachment-api-v1.mixins.json:EntityMixin from mod fabric-data-attachment-api-v1->@Inject::readEntityAttachments(Lnet/minecraft/nbt/CompoundTag;Lorg/spongepowered/asm/mixin/injection/callback/CallbackInfo;)V has 0 override(s) in child classes
[02:05:57] [main/DEBUG] (FabricLoader/Mixin) fabric-data-attachment-api-v1.mixins.json:EntityMixin from mod fabric-data-attachment-api-v1->@Inject::readEntityAttachments(Lnet/minecraft/nbt/CompoundTag;Lorg/spongepowered/asm/mixin/injection/callback/CallbackInfo;)V won't be passed a CallbackInfo as a result
[02:05:57] [main/DEBUG] (FabricLoader/Mixin) fabric-data-attachment-api-v1.mixins.json:EntityMixin from mod fabric-data-attachment-api-v1->@Inject::writeEntityAttachments(Lnet/minecraft/nbt/CompoundTag;Lorg/spongepowered/asm/mixin/injection/callback/CallbackInfoReturnable;)V doesn't use it's CallbackInfoReturnable
[02:05:57] [main/DEBUG] (FabricLoader/Mixin) fabric-data-attachment-api-v1.mixins.json:EntityMixin from mod fabric-data-attachment-api-v1->@Inject::writeEntityAttachments(Lnet/minecraft/nbt/CompoundTag;Lorg/spongepowered/asm/mixin/injection/callback/CallbackInfoReturnable;)V has 0 override(s) in child classes
[02:05:57] [main/DEBUG] (FabricLoader/Mixin) fabric-data-attachment-api-v1.mixins.json:EntityMixin from mod fabric-data-attachment-api-v1->@Inject::writeEntityAttachments(Lnet/minecraft/nbt/CompoundTag;Lorg/spongepowered/asm/mixin/injection/callback/CallbackInfoReturnable;)V won't be passed a CallbackInfoReturnable as a result
[02:05:57] [main/DEBUG] (FabricLoader/Mixin) fabric-entity-events-v1.mixins.json:EntityMixin from mod fabric-entity-events-v1->@Inject::afterWorldChanged(Lnet/minecraft/server/level/ServerLevel;Lorg/spongepowered/asm/mixin/injection/callback/CallbackInfoReturnable;)V does use it's CallbackInfoReturnable
[02:05:57] [main/DEBUG] (FabricLoader/Mixin) fabric-entity-events-v1.mixins.json:EntityMixin from mod fabric-entity-events-v1->@Inject::afterWorldChanged(Lnet/minecraft/server/level/ServerLevel;Lorg/spongepowered/asm/mixin/injection/callback/CallbackInfoReturnable;)V does use it's CallbackInfoReturnable
[02:05:57] [main/DEBUG] (FabricLoader/Mixin) fabric-entity-events-v1.mixins.json:EntityMixin from mod fabric-entity-events-v1->@Inject::afterWorldChanged(Lnet/minecraft/server/level/ServerLevel;Lorg/spongepowered/asm/mixin/injection/callback/CallbackInfoReturnable;)V does use it's CallbackInfoReturnable
[02:05:57] [main/DEBUG] (FabricLoader/Mixin) fabric-entity-events-v1.mixins.json:EntityMixin from mod fabric-entity-events-v1->@Inject::afterEntityTeleportedToWorld(Lnet/minecraft/server/level/ServerLevel;DDDLjava/util/Set;FFLorg/spongepowered/asm/mixin/injection/callback/CallbackInfoReturnable;FLnet/minecraft/world/entity/Entity;)V doesn't use it's CallbackInfoReturnable
[02:05:57] [main/DEBUG] (FabricLoader/Mixin) fabric-entity-events-v1.mixins.json:EntityMixin from mod fabric-entity-events-v1->@Inject::afterEntityTeleportedToWorld(Lnet/minecraft/server/level/ServerLevel;DDDLjava/util/Set;FFLorg/spongepowered/asm/mixin/injection/callback/CallbackInfoReturnable;FLnet/minecraft/world/entity/Entity;)V has 0 override(s) in child classes
[02:05:57] [main/DEBUG] (FabricLoader/Mixin) fabric-entity-events-v1.mixins.json:EntityMixin from mod fabric-entity-events-v1->@Inject::afterEntityTeleportedToWorld(Lnet/minecraft/server/level/ServerLevel;DDDLjava/util/Set;FFLorg/spongepowered/asm/mixin/injection/callback/CallbackInfoReturnable;FLnet/minecraft/world/entity/Entity;)V won't be passed a CallbackInfoReturnable as a result
[02:05:57] [main/DEBUG] (FabricLoader/Mixin) Mixing MixinItemEntity from architectury.mixins.json into net.minecraft.world.entity.item.ItemEntity
[02:05:57] [main/DEBUG] (FabricLoader/Mixin) architectury.mixins.json:MixinItemEntity from mod architectury->@Inject::prePickup(Lnet/minecraft/world/entity/player/Player;Lorg/spongepowered/asm/mixin/injection/callback/CallbackInfo;)V does use it's CallbackInfo
[02:05:57] [main/DEBUG] (FabricLoader/Mixin) architectury.mixins.json:MixinItemEntity from mod architectury->@Inject::pickup(Lnet/minecraft/world/entity/player/Player;Lorg/spongepowered/asm/mixin/injection/callback/CallbackInfo;)V doesn't use it's CallbackInfo
[02:05:57] [main/DEBUG] (FabricLoader/Mixin) architectury.mixins.json:MixinItemEntity from mod architectury->@Inject::pickup(Lnet/minecraft/world/entity/player/Player;Lorg/spongepowered/asm/mixin/injection/callback/CallbackInfo;)V has 0 override(s) in child classes
[02:05:57] [main/DEBUG] (FabricLoader/Mixin) architectury.mixins.json:MixinItemEntity from mod architectury->@Inject::pickup(Lnet/minecraft/world/entity/player/Player;Lorg/spongepowered/asm/mixin/injection/callback/CallbackInfo;)V won't be passed a CallbackInfo as a result
[02:05:57] [main/DEBUG] (FabricLoader/Mixin) Mixing LivingDeathInvoker from architectury.mixins.json into net.minecraft.world.entity.player.Player
[02:05:57] [main/DEBUG] (FabricLoader/Mixin) Mixing MixinPlayer from architectury.mixins.json into net.minecraft.world.entity.player.Player
[02:05:57] [main/DEBUG] (FabricLoader/Mixin) Mixing PlayerAttackInvoker from architectury.mixins.json into net.minecraft.world.entity.player.Player
[02:05:57] [main/DEBUG] (FabricLoader/Mixin) Mixing common.PlayerMixin from swm.mixins.json into net.minecraft.world.entity.player.Player
[02:05:57] [main/DEBUG] (FabricLoader/Mixin) Mixing PlayerEntityMixin from fabric-entity-events-v1.mixins.json into net.minecraft.world.entity.player.Player
[02:05:57] [main/DEBUG] (FabricLoader/Mixin) fabric-entity-events-v1.mixins.json:PlayerEntityMixin from mod fabric-entity-events-v1: Class version 61 required is higher than the class version supported by the current version of Mixin (JAVA_16 supports class version 60)
[02:05:57] [main/DEBUG] (FabricLoader/Mixin) Mixing elytra.PlayerEntityMixin from fabric-entity-events-v1.mixins.json into net.minecraft.world.entity.player.Player
[02:05:57] [main/DEBUG] (FabricLoader/Mixin) fabric-entity-events-v1.mixins.json:elytra.PlayerEntityMixin from mod fabric-entity-events-v1: Class version 61 required is higher than the class version supported by the current version of Mixin (JAVA_16 supports class version 60)
[02:05:57] [main/DEBUG] (FabricLoader/Mixin) architectury.mixins.json:LivingDeathInvoker from mod architectury->@Inject::die(Lnet/minecraft/world/damagesource/DamageSource;Lorg/spongepowered/asm/mixin/injection/callback/CallbackInfo;)V does use it's CallbackInfo
[02:05:57] [main/DEBUG] (FabricLoader/Mixin) architectury.mixins.json:MixinPlayer from mod architectury->@Inject::preTick(Lorg/spongepowered/asm/mixin/injection/callback/CallbackInfo;)V doesn't use it's CallbackInfo
[02:05:57] [main/DEBUG] (FabricLoader/Mixin) architectury.mixins.json:MixinPlayer from mod architectury->@Inject::preTick(Lorg/spongepowered/asm/mixin/injection/callback/CallbackInfo;)V has 0 override(s) in child classes
[02:05:57] [main/DEBUG] (FabricLoader/Mixin) architectury.mixins.json:MixinPlayer from mod architectury->@Inject::preTick(Lorg/spongepowered/asm/mixin/injection/callback/CallbackInfo;)V won't be passed a CallbackInfo as a result
[02:05:57] [main/DEBUG] (FabricLoader/Mixin) architectury.mixins.json:MixinPlayer from mod architectury->@Inject::postTick(Lorg/spongepowered/asm/mixin/injection/callback/CallbackInfo;)V doesn't use it's CallbackInfo
[02:05:57] [main/DEBUG] (FabricLoader/Mixin) architectury.mixins.json:MixinPlayer from mod architectury->@Inject::postTick(Lorg/spongepowered/asm/mixin/injection/callback/CallbackInfo;)V has 0 override(s) in child classes
[02:05:57] [main/DEBUG] (FabricLoader/Mixin) architectury.mixins.json:MixinPlayer from mod architectury->@Inject::postTick(Lorg/spongepowered/asm/mixin/injection/callback/CallbackInfo;)V won't be passed a CallbackInfo as a result
[02:05:57] [main/DEBUG] (FabricLoader/Mixin) architectury.mixins.json:MixinPlayer from mod architectury->@Inject::drop(Lnet/minecraft/world/item/ItemStack;ZZLorg/spongepowered/asm/mixin/injection/callback/CallbackInfoReturnable;)V does use it's CallbackInfoReturnable
[02:05:57] [main/DEBUG] (FabricLoader/Mixin) architectury.mixins.json:MixinPlayer from mod architectury->@Inject::drop(Lnet/minecraft/world/item/ItemStack;ZZLorg/spongepowered/asm/mixin/injection/callback/CallbackInfoReturnable;)V does use it's CallbackInfoReturnable
[02:05:57] [main/DEBUG] (FabricLoader/Mixin) architectury.mixins.json:MixinPlayer from mod architectury->@Inject::entityInteract(Lnet/minecraft/world/entity/Entity;Lnet/minecraft/world/InteractionHand;Lorg/spongepowered/asm/mixin/injection/callback/CallbackInfoReturnable;)V does use it's CallbackInfoReturnable
[02:05:57] [main/DEBUG] (FabricLoader/Mixin) architectury.mixins.json:PlayerAttackInvoker from mod architectury->@Inject::hurt(Lnet/minecraft/world/damagesource/DamageSource;FLorg/spongepowered/asm/mixin/injection/callback/CallbackInfoReturnable;)V does use it's CallbackInfoReturnable
[02:05:57] [main/DEBUG] (FabricLoader/Mixin) fabric-entity-events-v1.mixins.json:PlayerEntityMixin from mod fabric-entity-events-v1->@Inject::onTrySleep(Lnet/minecraft/core/BlockPos;Lorg/spongepowered/asm/mixin/injection/callback/CallbackInfoReturnable;)V does use it's CallbackInfoReturnable
[02:05:57] [main/DEBUG] (FabricLoader/Mixin) fabric-entity-events-v1.mixins.json:PlayerEntityMixin from mod fabric-entity-events-v1->@Inject::onIsSleepingLongEnough(Lorg/spongepowered/asm/mixin/injection/callback/CallbackInfoReturnable;)V does use it's CallbackInfoReturnable
[02:05:57] [main/DEBUG] (FabricLoader/Mixin) fabric-entity-events-v1.mixins.json:elytra.PlayerEntityMixin from mod fabric-entity-events-v1->@Inject::injectElytraCheck(Lorg/spongepowered/asm/mixin/injection/callback/CallbackInfoReturnable;)V does use it's CallbackInfoReturnable
[02:05:57] [main/DEBUG] (FabricLoader/Mixin) Mixing LivingDeathInvoker from architectury.mixins.json into net.minecraft.world.entity.LivingEntity
[02:05:57] [main/DEBUG] (FabricLoader/Mixin) Mixing MixinLivingEntity from architectury.mixins.json into net.minecraft.world.entity.LivingEntity
[02:05:57] [main/DEBUG] (FabricLoader/Mixin) Mixing LivingEntityMixin from fabric-item-api-v1.mixins.json into net.minecraft.world.entity.LivingEntity
[02:05:57] [main/DEBUG] (FabricLoader/Mixin) fabric-item-api-v1.mixins.json:LivingEntityMixin from mod fabric-item-api-v1: Class version 61 required is higher than the class version supported by the current version of Mixin (JAVA_16 supports class version 60)
[02:05:57] [main/DEBUG] (FabricLoader/Mixin) Mixing common.LivingEntityMixin from swm.mixins.json into net.minecraft.world.entity.LivingEntity
[02:05:57] [main/DEBUG] (FabricLoader/Mixin) Mixing LivingEntityMixin from fabric-lifecycle-events-v1.mixins.json into net.minecraft.world.entity.LivingEntity
[02:05:57] [main/DEBUG] (FabricLoader/Mixin) fabric-lifecycle-events-v1.mixins.json:LivingEntityMixin from mod fabric-lifecycle-events-v1: Class version 61 required is higher than the class version supported by the current version of Mixin (JAVA_16 supports class version 60)
[02:05:57] [main/DEBUG] (FabricLoader/Mixin) Mixing LivingEntityMixin from fabric-entity-events-v1.mixins.json into net.minecraft.world.entity.LivingEntity
[02:05:57] [main/DEBUG] (FabricLoader/Mixin) fabric-entity-events-v1.mixins.json:LivingEntityMixin from mod fabric-entity-events-v1: Class version 61 required is higher than the class version supported by the current version of Mixin (JAVA_16 supports class version 60)
[02:05:57] [main/DEBUG] (FabricLoader/Mixin) Mixing elytra.LivingEntityMixin from fabric-entity-events-v1.mixins.json into net.minecraft.world.entity.LivingEntity
[02:05:57] [main/DEBUG] (FabricLoader/Mixin) fabric-entity-events-v1.mixins.json:elytra.LivingEntityMixin from mod fabric-entity-events-v1: Class version 61 required is higher than the class version supported by the current version of Mixin (JAVA_16 supports class version 60)
[02:05:57] [main/DEBUG] (FabricLoader/Mixin) architectury.mixins.json:LivingDeathInvoker from mod architectury->@Inject::die(Lnet/minecraft/world/damagesource/DamageSource;Lorg/spongepowered/asm/mixin/injection/callback/CallbackInfo;)V does use it's CallbackInfo
[02:05:57] [main/DEBUG] (FabricLoader/Mixin) architectury.mixins.json:MixinLivingEntity from mod architectury->@Inject::hurt(Lnet/minecraft/world/damagesource/DamageSource;FLorg/spongepowered/asm/mixin/injection/callback/CallbackInfoReturnable;)V does use it's CallbackInfoReturnable
[02:05:57] [main/DEBUG] (FabricLoader/Mixin) architectury.mixins.json:MixinLivingEntity from mod architectury->@Inject::getEquipmentSlotForItem(Lnet/minecraft/world/item/ItemStack;Lorg/spongepowered/asm/mixin/injection/callback/CallbackInfoReturnable;)V does use it's CallbackInfoReturnable
[02:05:57] [main/DEBUG] (FabricLoader/Mixin) fabric-item-api-v1.mixins.json:LivingEntityMixin from mod fabric-item-api-v1->@Inject::onGetPreferredEquipmentSlot(Lnet/minecraft/world/item/ItemStack;Lorg/spongepowered/asm/mixin/injection/callback/CallbackInfoReturnable;)V does use it's CallbackInfoReturnable
[02:05:57] [main/DEBUG] (FabricLoader/Mixin) swm.mixins.json:common.LivingEntityMixin from mod swm->@Inject::isDamageSourceBlocked(Lnet/minecraft/world/damagesource/DamageSource;Lorg/spongepowered/asm/mixin/injection/callback/CallbackInfoReturnable;)V does use it's CallbackInfoReturnable
[02:05:57] [main/DEBUG] (FabricLoader/Mixin) swm.mixins.json:common.LivingEntityMixin from mod swm->@Inject::overrideBlockSound(Lnet/minecraft/world/damagesource/DamageSource;FLorg/spongepowered/asm/mixin/injection/callback/CallbackInfoReturnable;)V does use it's CallbackInfoReturnable
[02:05:57] [main/DEBUG] (FabricLoader/Mixin) fabric-lifecycle-events-v1.mixins.json:LivingEntityMixin from mod fabric-lifecycle-events-v1->@Inject::getEquipmentChanges(Lorg/spongepowered/asm/mixin/injection/callback/CallbackInfoReturnable;Ljava/util/Map;[Lnet/minecraft/world/entity/EquipmentSlot;IILnet/minecraft/world/entity/EquipmentSlot;Lnet/minecraft/world/item/ItemStack;Lnet/minecraft/world/item/ItemStack;)V doesn't use it's CallbackInfoReturnable
[02:05:57] [main/DEBUG] (FabricLoader/Mixin) fabric-lifecycle-events-v1.mixins.json:LivingEntityMixin from mod fabric-lifecycle-events-v1->@Inject::getEquipmentChanges(Lorg/spongepowered/asm/mixin/injection/callback/CallbackInfoReturnable;Ljava/util/Map;[Lnet/minecraft/world/entity/EquipmentSlot;IILnet/minecraft/world/entity/EquipmentSlot;Lnet/minecraft/world/item/ItemStack;Lnet/minecraft/world/item/ItemStack;)V has 0 override(s) in child classes
[02:05:57] [main/DEBUG] (FabricLoader/Mixin) fabric-lifecycle-events-v1.mixins.json:LivingEntityMixin from mod fabric-lifecycle-events-v1->@Inject::getEquipmentChanges(Lorg/spongepowered/asm/mixin/injection/callback/CallbackInfoReturnable;Ljava/util/Map;[Lnet/minecraft/world/entity/EquipmentSlot;IILnet/minecraft/world/entity/EquipmentSlot;Lnet/minecraft/world/item/ItemStack;Lnet/minecraft/world/item/ItemStack;)V won't be passed a CallbackInfoReturnable as a result
[02:05:57] [main/DEBUG] (FabricLoader/Mixin) fabric-entity-events-v1.mixins.json:LivingEntityMixin from mod fabric-entity-events-v1->@Inject::notifyDeath(Lnet/minecraft/world/damagesource/DamageSource;Lorg/spongepowered/asm/mixin/injection/callback/CallbackInfo;)V doesn't use it's CallbackInfo
[02:05:57] [main/DEBUG] (FabricLoader/Mixin) fabric-entity-events-v1.mixins.json:LivingEntityMixin from mod fabric-entity-events-v1->@Inject::notifyDeath(Lnet/minecraft/world/damagesource/DamageSource;Lorg/spongepowered/asm/mixin/injection/callback/CallbackInfo;)V has 0 override(s) in child classes
[02:05:57] [main/DEBUG] (FabricLoader/Mixin) fabric-entity-events-v1.mixins.json:LivingEntityMixin from mod fabric-entity-events-v1->@Inject::notifyDeath(Lnet/minecraft/world/damagesource/DamageSource;Lorg/spongepowered/asm/mixin/injection/callback/CallbackInfo;)V won't be passed a CallbackInfo as a result
[02:05:57] [main/DEBUG] (FabricLoader/Mixin) fabric-entity-events-v1.mixins.json:LivingEntityMixin from mod fabric-entity-events-v1->@Inject::beforeDamage(Lnet/minecraft/world/damagesource/DamageSource;FLorg/spongepowered/asm/mixin/injection/callback/CallbackInfoReturnable;)V does use it's CallbackInfoReturnable
[02:05:57] [main/DEBUG] (FabricLoader/Mixin) fabric-entity-events-v1.mixins.json:LivingEntityMixin from mod fabric-entity-events-v1->@Inject::onSleep(Lnet/minecraft/core/BlockPos;Lorg/spongepowered/asm/mixin/injection/callback/CallbackInfo;)V doesn't use it's CallbackInfo
[02:05:57] [main/DEBUG] (FabricLoader/Mixin) fabric-entity-events-v1.mixins.json:LivingEntityMixin from mod fabric-entity-events-v1->@Inject::onSleep(Lnet/minecraft/core/BlockPos;Lorg/spongepowered/asm/mixin/injection/callback/CallbackInfo;)V has 0 override(s) in child classes
[02:05:57] [main/DEBUG] (FabricLoader/Mixin) fabric-entity-events-v1.mixins.json:LivingEntityMixin from mod fabric-entity-events-v1->@Inject::onSleep(Lnet/minecraft/core/BlockPos;Lorg/spongepowered/asm/mixin/injection/callback/CallbackInfo;)V won't be passed a CallbackInfo as a result
[02:05:57] [main/DEBUG] (FabricLoader/Mixin) fabric-entity-events-v1.mixins.json:LivingEntityMixin from mod fabric-entity-events-v1->@Inject::onWakeUp(Lorg/spongepowered/asm/mixin/injection/callback/CallbackInfo;)V doesn't use it's CallbackInfo
[02:05:57] [main/DEBUG] (FabricLoader/Mixin) fabric-entity-events-v1.mixins.json:LivingEntityMixin from mod fabric-entity-events-v1->@Inject::onWakeUp(Lorg/spongepowered/asm/mixin/injection/callback/CallbackInfo;)V has 0 override(s) in child classes
[02:05:57] [main/DEBUG] (FabricLoader/Mixin) fabric-entity-events-v1.mixins.json:LivingEntityMixin from mod fabric-entity-events-v1->@Inject::onWakeUp(Lorg/spongepowered/asm/mixin/injection/callback/CallbackInfo;)V won't be passed a CallbackInfo as a result
[02:05:57] [main/DEBUG] (FabricLoader/Mixin) fabric-entity-events-v1.mixins.json:LivingEntityMixin from mod fabric-entity-events-v1->@Inject::onIsSleepingInBed(Lnet/minecraft/core/BlockPos;Lorg/spongepowered/asm/mixin/injection/callback/CallbackInfoReturnable;)V does use it's CallbackInfoReturnable
[02:05:57] [main/DEBUG] (FabricLoader/Mixin) fabric-entity-events-v1.mixins.json:elytra.LivingEntityMixin from mod fabric-entity-events-v1->@Inject::injectElytraTick(Lorg/spongepowered/asm/mixin/injection/callback/CallbackInfo;)V does use it's CallbackInfo
[02:05:57] [main/DEBUG] (FabricLoader/Mixin) Mixing MixinLevel from architectury.mixins.json into net.minecraft.world.level.Level
[02:05:57] [main/DEBUG] (FabricLoader/Mixin) Mixing AttachmentTargetsMixin from fabric-data-attachment-api-v1.mixins.json into net.minecraft.world.level.Level
[02:05:57] [main/DEBUG] (FabricLoader/Mixin) Mixing WorldMixin from fabric-lifecycle-events-v1.mixins.json into net.minecraft.world.level.Level
[02:05:57] [main/DEBUG] (FabricLoader/Mixin) fabric-lifecycle-events-v1.mixins.json:WorldMixin from mod fabric-lifecycle-events-v1: Class version 61 required is higher than the class version supported by the current version of Mixin (JAVA_16 supports class version 60)
[02:05:57] [main/DEBUG] (FabricLoader/Mixin) architectury.mixins.json:MixinLevel from mod architectury->@Inject::explodePre(Lnet/minecraft/world/entity/Entity;Lnet/minecraft/world/damagesource/DamageSource;Lnet/minecraft/world/level/ExplosionDamageCalculator;DDDFZLnet/minecraft/world/level/Level$ExplosionInteraction;ZLorg/spongepowered/asm/mixin/injection/callback/CallbackInfoReturnable;Lnet/minecraft/world/level/Explosion$BlockInteraction;Lnet/minecraft/world/level/Explosion;)V does use it's CallbackInfoReturnable
[02:05:57] [main/DEBUG] (FabricLoader/Mixin) Mixing WorldViewMixin from fabric-block-view-api-v2.mixins.json into net.minecraft.world.level.LevelReader
[02:05:57] [main/DEBUG] (FabricLoader/Mixin) Mixing WorldViewMixin from fabric-rendering-data-attachment-v1.mixins.json into net.minecraft.world.level.LevelReader
[02:05:57] [main/DEBUG] (FabricLoader/Mixin) Mixing MixinServerLevel from architectury.mixins.json into net.minecraft.server.level.ServerLevel
[02:05:57] [main/DEBUG] (FabricLoader/Mixin) Mixing ServerWorldMixin from fabric-data-attachment-api-v1.mixins.json into net.minecraft.server.level.ServerLevel
[02:05:57] [main/DEBUG] (FabricLoader/Mixin) Renaming synthetic method lambda$createAttachmentsPersistentState$1(Lnet/minecraft/server/level/ServerLevel;)Lnet/fabricmc/fabric/impl/attachment/AttachmentPersistentState; to md4ccb60$fabric-data-attachment-api-v1$lambda$createAttachmentsPersistentState$1$0 in fabric-data-attachment-api-v1.mixins.json:ServerWorldMixin from mod fabric-data-attachment-api-v1
[02:05:57] [main/DEBUG] (FabricLoader/Mixin) Renaming synthetic method lambda$createAttachmentsPersistentState$0(Lnet/minecraft/server/level/ServerLevel;Lnet/minecraft/nbt/CompoundTag;)Lnet/fabricmc/fabric/impl/attachment/AttachmentPersistentState; to md4ccb60$fabric-data-attachment-api-v1$lambda$createAttachmentsPersistentState$0$1 in fabric-data-attachment-api-v1.mixins.json:ServerWorldMixin from mod fabric-data-attachment-api-v1
[02:05:57] [main/DEBUG] (FabricLoader/Mixin) Mixing ServerWorldMixin from fabric-api-lookup-api-v1.mixins.json into net.minecraft.server.level.ServerLevel
[02:05:57] [main/DEBUG] (FabricLoader/Mixin) fabric-api-lookup-api-v1.mixins.json:ServerWorldMixin from mod fabric-api-lookup-api-v1: Class version 61 required is higher than the class version supported by the current version of Mixin (JAVA_16 supports class version 60)
[02:05:57] [main/DEBUG] (FabricLoader/Mixin) Renaming synthetic method lambda$fabric_invalidateCache$5(Ljava/util/Map$Entry;)Z to md4ccb60$fabric-api-lookup-api-v1$lambda$fabric_invalidateCache$5$2 in fabric-api-lookup-api-v1.mixins.json:ServerWorldMixin from mod fabric-api-lookup-api-v1
[02:05:57] [main/DEBUG] (FabricLoader/Mixin) Renaming synthetic method lambda$fabric_invalidateCache$4(Ljava/lang/ref/WeakReference;)Z to md4ccb60$fabric-api-lookup-api-v1$lambda$fabric_invalidateCache$4$3 in fabric-api-lookup-api-v1.mixins.json:ServerWorldMixin from mod fabric-api-lookup-api-v1
[02:05:57] [main/DEBUG] (FabricLoader/Mixin) Renaming synthetic method lambda$fabric_invalidateCache$3(Ljava/lang/ref/WeakReference;)V to md4ccb60$fabric-api-lookup-api-v1$lambda$fabric_invalidateCache$3$4 in fabric-api-lookup-api-v1.mixins.json:ServerWorldMixin from mod fabric-api-lookup-api-v1
[02:05:57] [main/DEBUG] (FabricLoader/Mixin) Renaming synthetic method lambda$fabric_invalidateCache$2(Ljava/lang/ref/WeakReference;)Z to md4ccb60$fabric-api-lookup-api-v1$lambda$fabric_invalidateCache$2$5 in fabric-api-lookup-api-v1.mixins.json:ServerWorldMixin from mod fabric-api-lookup-api-v1
[02:05:57] [main/DEBUG] (FabricLoader/Mixin) Renaming synthetic method lambda$fabric_registerCache$1(Ljava/lang/ref/WeakReference;)Z to md4ccb60$fabric-api-lookup-api-v1$lambda$fabric_registerCache$1$6 in fabric-api-lookup-api-v1.mixins.json:ServerWorldMixin from mod fabric-api-lookup-api-v1
[02:05:57] [main/DEBUG] (FabricLoader/Mixin) Renaming synthetic method lambda$fabric_registerCache$0(Lnet/minecraft/core/BlockPos;)Ljava/util/List; to md4ccb60$fabric-api-lookup-api-v1$lambda$fabric_registerCache$0$7 in fabric-api-lookup-api-v1.mixins.json:ServerWorldMixin from mod fabric-api-lookup-api-v1
[02:05:57] [main/DEBUG] (FabricLoader/Mixin) Mixing ServerWorldMixin from fabric-lifecycle-events-v1.mixins.json into net.minecraft.server.level.ServerLevel
[02:05:57] [main/DEBUG] (FabricLoader/Mixin) fabric-lifecycle-events-v1.mixins.json:ServerWorldMixin from mod fabric-lifecycle-events-v1: Class version 61 required is higher than the class version supported by the current version of Mixin (JAVA_16 supports class version 60)
[02:05:57] [main/DEBUG] (FabricLoader/Mixin) architectury.mixins.json:MixinServerLevel from mod architectury->@Inject::save(Lnet/minecraft/util/ProgressListener;ZZLorg/spongepowered/asm/mixin/injection/callback/CallbackInfo;)V doesn't use it's CallbackInfo
[02:05:57] [main/DEBUG] (FabricLoader/Mixin) architectury.mixins.json:MixinServerLevel from mod architectury->@Inject::save(Lnet/minecraft/util/ProgressListener;ZZLorg/spongepowered/asm/mixin/injection/callback/CallbackInfo;)V has 0 override(s) in child classes
[02:05:57] [main/DEBUG] (FabricLoader/Mixin) architectury.mixins.json:MixinServerLevel from mod architectury->@Inject::save(Lnet/minecraft/util/ProgressListener;ZZLorg/spongepowered/asm/mixin/injection/callback/CallbackInfo;)V won't be passed a CallbackInfo as a result
[02:05:57] [main/DEBUG] (FabricLoader/Mixin) architectury.mixins.json:MixinServerLevel from mod architectury->@Inject::addEntity(Lnet/minecraft/world/entity/Entity;Lorg/spongepowered/asm/mixin/injection/callback/CallbackInfoReturnable;)V doesn't use it's CallbackInfoReturnable
[02:05:57] [main/DEBUG] (FabricLoader/Mixin) architectury.mixins.json:MixinServerLevel from mod architectury->@Inject::addEntity(Lnet/minecraft/world/entity/Entity;Lorg/spongepowered/asm/mixin/injection/callback/CallbackInfoReturnable;)V has 0 override(s) in child classes
[02:05:57] [main/DEBUG] (FabricLoader/Mixin) architectury.mixins.json:MixinServerLevel from mod architectury->@Inject::addEntity(Lnet/minecraft/world/entity/Entity;Lorg/spongepowered/asm/mixin/injection/callback/CallbackInfoReturnable;)V won't be passed a CallbackInfoReturnable as a result
[02:05:57] [main/DEBUG] (FabricLoader/Mixin) fabric-data-attachment-api-v1.mixins.json:ServerWorldMixin from mod fabric-data-attachment-api-v1->@Inject::createAttachmentsPersistentState(Lorg/spongepowered/asm/mixin/injection/callback/CallbackInfo;)V doesn't use it's CallbackInfo
[02:05:57] [main/DEBUG] (FabricLoader/Mixin) fabric-data-attachment-api-v1.mixins.json:ServerWorldMixin from mod fabric-data-attachment-api-v1->@Inject::createAttachmentsPersistentState(Lorg/spongepowered/asm/mixin/injection/callback/CallbackInfo;)V has 0 override(s) in child classes
[02:05:57] [main/DEBUG] (FabricLoader/Mixin) fabric-data-attachment-api-v1.mixins.json:ServerWorldMixin from mod fabric-data-attachment-api-v1->@Inject::createAttachmentsPersistentState(Lorg/spongepowered/asm/mixin/injection/callback/CallbackInfo;)V won't be passed a CallbackInfo as a result
[02:05:57] [main/DEBUG] (FabricLoader/Mixin) fabric-lifecycle-events-v1.mixins.json:ServerWorldMixin from mod fabric-lifecycle-events-v1->@Inject::startWorldTick(Ljava/util/function/BooleanSupplier;Lorg/spongepowered/asm/mixin/injection/callback/CallbackInfo;)V doesn't use it's CallbackInfo
[02:05:57] [main/DEBUG] (FabricLoader/Mixin) fabric-lifecycle-events-v1.mixins.json:ServerWorldMixin from mod fabric-lifecycle-events-v1->@Inject::startWorldTick(Ljava/util/function/BooleanSupplier;Lorg/spongepowered/asm/mixin/injection/callback/CallbackInfo;)V has 0 override(s) in child classes
[02:05:57] [main/DEBUG] (FabricLoader/Mixin) fabric-lifecycle-events-v1.mixins.json:ServerWorldMixin from mod fabric-lifecycle-events-v1->@Inject::startWorldTick(Ljava/util/function/BooleanSupplier;Lorg/spongepowered/asm/mixin/injection/callback/CallbackInfo;)V won't be passed a CallbackInfo as a result
[02:05:57] [main/DEBUG] (FabricLoader/Mixin) fabric-lifecycle-events-v1.mixins.json:ServerWorldMixin from mod fabric-lifecycle-events-v1->@Inject::endWorldTick(Ljava/util/function/BooleanSupplier;Lorg/spongepowered/asm/mixin/injection/callback/CallbackInfo;)V doesn't use it's CallbackInfo
[02:05:57] [main/DEBUG] (FabricLoader/Mixin) fabric-lifecycle-events-v1.mixins.json:ServerWorldMixin from mod fabric-lifecycle-events-v1->@Inject::endWorldTick(Ljava/util/function/BooleanSupplier;Lorg/spongepowered/asm/mixin/injection/callback/CallbackInfo;)V has 0 override(s) in child classes
[02:05:57] [main/DEBUG] (FabricLoader/Mixin) fabric-lifecycle-events-v1.mixins.json:ServerWorldMixin from mod fabric-lifecycle-events-v1->@Inject::endWorldTick(Ljava/util/function/BooleanSupplier;Lorg/spongepowered/asm/mixin/injection/callback/CallbackInfo;)V won't be passed a CallbackInfo as a result
[02:05:57] [main/DEBUG] (FabricLoader/Mixin) Mixing IdListMixin from fabric-registry-sync-v0.mixins.json into net.minecraft.core.IdMapper
[02:05:57] [main/DEBUG] (FabricLoader/Mixin) fabric-registry-sync-v0.mixins.json:IdListMixin from mod fabric-registry-sync-v0: Class version 61 required is higher than the class version supported by the current version of Mixin (JAVA_16 supports class version 60)
[02:05:57] [main/DEBUG] (FabricLoader/Mixin) Renaming synthetic method lambda$fabric_remapIds$0(Lit/unimi/dsi/fastutil/ints/Int2IntMap;Ljava/lang/Object;Ljava/lang/Integer;)Ljava/lang/Integer; to md4ccb60$fabric-registry-sync-v0$lambda$fabric_remapIds$0$0 in fabric-registry-sync-v0.mixins.json:IdListMixin from mod fabric-registry-sync-v0
[02:05:58] [main/DEBUG] (FabricLoader/Mixin) Mixing inject.MixinLiquidBlock from architectury-common.mixins.json into net.minecraft.world.level.block.LiquidBlock
[02:05:58] [main/DEBUG] (FabricLoader/Mixin) Mixing LiquidBlockAccessor from architectury.mixins.json into net.minecraft.world.level.block.LiquidBlock
[02:05:58] [main/DEBUG] (FabricLoader/Mixin) Mixing DetectorRailBlockMixin from fabric-object-builder-v1.mixins.json into net.minecraft.world.level.block.DetectorRailBlock
[02:05:58] [main/DEBUG] (FabricLoader/Mixin) fabric-object-builder-v1.mixins.json:DetectorRailBlockMixin from mod fabric-object-builder-api-v1: Class version 61 required is higher than the class version supported by the current version of Mixin (JAVA_16 supports class version 60)
[02:05:58] [main/DEBUG] (FabricLoader/Mixin) Renaming synthetic method lambda$getCustomComparatorOutput$0(Lnet/minecraft/world/entity/Entity;)Z to md4ccb60$fabric-object-builder-api-v1$lambda$getCustomComparatorOutput$0$0 in fabric-object-builder-v1.mixins.json:DetectorRailBlockMixin from mod fabric-object-builder-api-v1
[02:05:58] [main/DEBUG] (FabricLoader/Mixin) fabric-object-builder-v1.mixins.json:DetectorRailBlockMixin from mod fabric-object-builder-api-v1->@Inject::getCustomComparatorOutput(Lnet/minecraft/world/level/block/state/BlockState;Lnet/minecraft/world/level/Level;Lnet/minecraft/core/BlockPos;Lorg/spongepowered/asm/mixin/injection/callback/CallbackInfoReturnable;)V does use it's CallbackInfoReturnable
[02:05:58] [main/DEBUG] (FabricLoader/Mixin) Mixing MixinFarmBlock from architectury.mixins.json into net.minecraft.world.level.block.FarmBlock
[02:05:58] [main/DEBUG] (FabricLoader/Mixin) architectury.mixins.json:MixinFarmBlock from mod architectury->@Inject::fallOn(Lnet/minecraft/world/level/Level;Lnet/minecraft/world/level/block/state/BlockState;Lnet/minecraft/core/BlockPos;Lnet/minecraft/world/entity/Entity;FLorg/spongepowered/asm/mixin/injection/callback/CallbackInfo;)V doesn't use it's CallbackInfo
[02:05:58] [main/DEBUG] (FabricLoader/Mixin) architectury.mixins.json:MixinFarmBlock from mod architectury->@Inject::fallOn(Lnet/minecraft/world/level/Level;Lnet/minecraft/world/level/block/state/BlockState;Lnet/minecraft/core/BlockPos;Lnet/minecraft/world/entity/Entity;FLorg/spongepowered/asm/mixin/injection/callback/CallbackInfo;)V has 0 override(s) in child classes
[02:05:58] [main/DEBUG] (FabricLoader/Mixin) architectury.mixins.json:MixinFarmBlock from mod architectury->@Inject::fallOn(Lnet/minecraft/world/level/Level;Lnet/minecraft/world/level/block/state/BlockState;Lnet/minecraft/core/BlockPos;Lnet/minecraft/world/entity/Entity;FLorg/spongepowered/asm/mixin/injection/callback/CallbackInfo;)V won't be passed a CallbackInfo as a result
[02:05:58] [main/DEBUG] (FabricLoader/Mixin) architectury.mixins.json:MixinFarmBlock from mod architectury->@Inject::turnToDirt(Lnet/minecraft/world/entity/Entity;Lnet/minecraft/world/level/block/state/BlockState;Lnet/minecraft/world/level/Level;Lnet/minecraft/core/BlockPos;Lorg/spongepowered/asm/mixin/injection/callback/CallbackInfo;)V does use it's CallbackInfo
[02:05:58] [main/DEBUG] (FabricLoader/Mixin) Mixing DropperBlockMixin from fabric-transfer-api-v1.mixins.json into net.minecraft.world.level.block.DropperBlock
[02:05:58] [main/DEBUG] (FabricLoader/Mixin) fabric-transfer-api-v1.mixins.json:DropperBlockMixin from mod fabric-transfer-api-v1: Class version 61 required is higher than the class version supported by the current version of Mixin (JAVA_16 supports class version 60)
[02:05:58] [main/DEBUG] (FabricLoader/Mixin) Renaming synthetic method lambda$hookDispense$0(Lnet/fabricmc/fabric/api/transfer/v1/item/ItemVariant;)Z to md4ccb60$fabric-transfer-api-v1$lambda$hookDispense$0$0 in fabric-transfer-api-v1.mixins.json:DropperBlockMixin from mod fabric-transfer-api-v1
[02:05:58] [main/DEBUG] (FabricLoader/Mixin) fabric-transfer-api-v1.mixins.json:DropperBlockMixin from mod fabric-transfer-api-v1->@Inject::hookDispense(Lnet/minecraft/server/level/ServerLevel;Lnet/minecraft/core/BlockPos;Lorg/spongepowered/asm/mixin/injection/callback/CallbackInfo;)V does use it's CallbackInfo
[02:05:58] [main/DEBUG] (FabricLoader/Mixin) Mixing BeehiveBlockMixin from fabric-events-interaction-v0.mixins.json into net.minecraft.world.level.block.BeehiveBlock
[02:05:58] [main/DEBUG] (FabricLoader/Mixin) fabric-events-interaction-v0.mixins.json:BeehiveBlockMixin from mod fabric-events-interaction-v0: Class version 61 required is higher than the class version supported by the current version of Mixin (JAVA_16 supports class version 60)
[02:05:58] [main/DEBUG] (FabricLoader/Mixin) fabric-events-interaction-v0.mixins.json:BeehiveBlockMixin from mod fabric-events-interaction-v0->@Inject::afterNearbyBeesPlayers(Lnet/minecraft/world/level/Level;Lnet/minecraft/core/BlockPos;Lorg/spongepowered/asm/mixin/injection/callback/CallbackInfo;Ljava/util/List;Ljava/util/List;)V does use it's CallbackInfo
[02:05:58] [main/DEBUG] (FabricLoader/Mixin) Mixing OxidizableMixin from fabric-content-registries-v0.mixins.json into net.minecraft.world.level.block.WeatheringCopper
[02:05:58] [main/DEBUG] (FabricLoader/Mixin) fabric-content-registries-v0.mixins.json:OxidizableMixin from mod fabric-content-registries-v0: Class version 61 required is higher than the class version supported by the current version of Mixin (JAVA_16 supports class version 60)
[02:05:58] [main/DEBUG] (FabricLoader/Mixin) fabric-content-registries-v0.mixins.json:OxidizableMixin from mod fabric-content-registries-v0->@Inject::createOxidationLevelIncreasesMap(Lorg/spongepowered/asm/mixin/injection/callback/CallbackInfoReturnable;)V does use it's CallbackInfoReturnable
[02:05:58] [main/DEBUG] (FabricLoader/Mixin) Mixing AbstractBlockSettingsAccessor from fabric-object-builder-v1.mixins.json into net.minecraft.world.level.block.state.BlockBehaviour$Properties
[02:05:58] [main/DEBUG] (FabricLoader/Mixin) fabric-object-builder-v1.mixins.json:AbstractBlockSettingsAccessor from mod fabric-object-builder-api-v1: Class version 61 required is higher than the class version supported by the current version of Mixin (JAVA_16 supports class version 60)
[02:05:58] [main/DEBUG] (FabricLoader/Mixin) Mixing BlockStateMixin from fabric-block-api-v1.mixins.json into net.minecraft.world.level.block.state.BlockState
[02:05:58] [main/DEBUG] (FabricLoader/Mixin) Mixing BlockEntityMixin from fabric-block-view-api-v2.mixins.json into net.minecraft.world.level.block.entity.BlockEntity
[02:05:58] [main/DEBUG] (FabricLoader/Mixin) Mixing AttachmentTargetsMixin from fabric-data-attachment-api-v1.mixins.json into net.minecraft.world.level.block.entity.BlockEntity
[02:05:58] [main/DEBUG] (FabricLoader/Mixin) Mixing BlockEntityMixin from fabric-data-attachment-api-v1.mixins.json into net.minecraft.world.level.block.entity.BlockEntity
[02:05:58] [main/DEBUG] (FabricLoader/Mixin) Mixing BlockEntityMixin from fabric-rendering-data-attachment-v1.mixins.json into net.minecraft.world.level.block.entity.BlockEntity
[02:05:58] [main/DEBUG] (FabricLoader/Mixin) fabric-data-attachment-api-v1.mixins.json:BlockEntityMixin from mod fabric-data-attachment-api-v1->@Inject::readBlockEntityAttachments(Lnet/minecraft/nbt/CompoundTag;Ljava/lang/String;Lnet/minecraft/world/level/block/entity/BlockEntity;Lorg/spongepowered/asm/mixin/injection/callback/CallbackInfoReturnable;)V doesn't use it's CallbackInfoReturnable
[02:05:58] [main/DEBUG] (FabricLoader/Mixin) fabric-data-attachment-api-v1.mixins.json:BlockEntityMixin from mod fabric-data-attachment-api-v1->@Inject::writeBlockEntityAttachments(Lorg/spongepowered/asm/mixin/injection/callback/CallbackInfoReturnable;)V does use it's CallbackInfoReturnable
[02:05:58] [main/DEBUG] (FabricLoader/Mixin) Mixing MixinFallingBlockEntity from architectury.mixins.json into net.minecraft.world.entity.item.FallingBlockEntity
[02:05:58] [main/DEBUG] (FabricLoader/Mixin) architectury.mixins.json:MixinFallingBlockEntity from mod architectury->@Inject::handleLand(Lorg/spongepowered/asm/mixin/injection/callback/CallbackInfo;Lnet/minecraft/world/level/block/Block;Lnet/minecraft/core/BlockPos;ZZDLnet/minecraft/world/level/block/state/BlockState;)V doesn't use it's CallbackInfo
[02:05:58] [main/DEBUG] (FabricLoader/Mixin) architectury.mixins.json:MixinFallingBlockEntity from mod architectury->@Inject::handleLand(Lorg/spongepowered/asm/mixin/injection/callback/CallbackInfo;Lnet/minecraft/world/level/block/Block;Lnet/minecraft/core/BlockPos;ZZDLnet/minecraft/world/level/block/state/BlockState;)V has 0 override(s) in child classes
[02:05:58] [main/DEBUG] (FabricLoader/Mixin) architectury.mixins.json:MixinFallingBlockEntity from mod architectury->@Inject::handleLand(Lorg/spongepowered/asm/mixin/injection/callback/CallbackInfo;Lnet/minecraft/world/level/block/Block;Lnet/minecraft/core/BlockPos;ZZDLnet/minecraft/world/level/block/state/BlockState;)V won't be passed a CallbackInfo as a result
[02:05:58] [main/DEBUG] (FabricLoader/Mixin) Mixing NamedScreenHandlerFactoryMixin from fabric-screen-handler-api-v1.mixins.json into net.minecraft.world.MenuProvider
[02:05:58] [main/DEBUG] (FabricLoader/Mixin) fabric-screen-handler-api-v1.mixins.json:NamedScreenHandlerFactoryMixin from mod fabric-screen-handler-api-v1: Class version 61 required is higher than the class version supported by the current version of Mixin (JAVA_16 supports class version 60)
[02:05:58] [main/DEBUG] (FabricLoader/Mixin) Mixing LootableContainerBlockEntityMixin from fabric-transfer-api-v1.mixins.json into net.minecraft.world.level.block.entity.RandomizableContainerBlockEntity
[02:05:58] [main/DEBUG] (FabricLoader/Mixin) fabric-transfer-api-v1.mixins.json:LootableContainerBlockEntityMixin from mod fabric-transfer-api-v1: Class version 61 required is higher than the class version supported by the current version of Mixin (JAVA_16 supports class version 60)
[02:05:58] [main/DEBUG] (FabricLoader/Mixin) Mixing ChiseledBookshelfBlockEntityMixin from fabric-transfer-api-v1.mixins.json into net.minecraft.world.level.block.entity.ChiseledBookShelfBlockEntity
[02:05:58] [main/DEBUG] (FabricLoader/Mixin) fabric-transfer-api-v1.mixins.json:ChiseledBookshelfBlockEntityMixin from mod fabric-transfer-api-v1: Class version 61 required is higher than the class version supported by the current version of Mixin (JAVA_16 supports class version 60)
[02:05:58] [main/DEBUG] (FabricLoader/Mixin) fabric-transfer-api-v1.mixins.json:ChiseledBookshelfBlockEntityMixin from mod fabric-transfer-api-v1->@Inject::setStackBypass(ILnet/minecraft/world/item/ItemStack;Lorg/spongepowered/asm/mixin/injection/callback/CallbackInfo;)V does use it's CallbackInfo
[02:05:58] [main/DEBUG] (FabricLoader/Mixin) Mixing AbstractFurnaceBlockEntityMixin from fabric-transfer-api-v1.mixins.json into net.minecraft.world.level.block.entity.AbstractFurnaceBlockEntity
[02:05:58] [main/DEBUG] (FabricLoader/Mixin) fabric-transfer-api-v1.mixins.json:AbstractFurnaceBlockEntityMixin from mod fabric-transfer-api-v1: Class version 61 required is higher than the class version supported by the current version of Mixin (JAVA_16 supports class version 60)
[02:05:58] [main/DEBUG] (FabricLoader/Mixin) Mixing AbstractFurnaceBlockEntityMixin from fabric-content-registries-v0.mixins.json into net.minecraft.world.level.block.entity.AbstractFurnaceBlockEntity
[02:05:58] [main/DEBUG] (FabricLoader/Mixin) fabric-content-registries-v0.mixins.json:AbstractFurnaceBlockEntityMixin from mod fabric-content-registries-v0: Class version 61 required is higher than the class version supported by the current version of Mixin (JAVA_16 supports class version 60)
[02:05:58] [main/DEBUG] (FabricLoader/Mixin) Mixing AbstractFurnaceBlockEntityMixin from fabric-item-api-v1.mixins.json into net.minecraft.world.level.block.entity.AbstractFurnaceBlockEntity
[02:05:58] [main/DEBUG] (FabricLoader/Mixin) fabric-item-api-v1.mixins.json:AbstractFurnaceBlockEntityMixin from mod fabric-item-api-v1: Class version 61 required is higher than the class version supported by the current version of Mixin (JAVA_16 supports class version 60)
[02:05:58] [main/DEBUG] (FabricLoader/Mixin) fabric-transfer-api-v1.mixins.json:AbstractFurnaceBlockEntityMixin from mod fabric-transfer-api-v1->@Inject::setStackSuppressUpdate(ILnet/minecraft/world/item/ItemStack;Lorg/spongepowered/asm/mixin/injection/callback/CallbackInfo;)V does use it's CallbackInfo
[02:05:58] [main/DEBUG] (FabricLoader/Mixin) fabric-content-registries-v0.mixins.json:AbstractFurnaceBlockEntityMixin from mod fabric-content-registries-v0->@Inject::fuelTimeMapHook(Lorg/spongepowered/asm/mixin/injection/callback/CallbackInfoReturnable;)V does use it's CallbackInfoReturnable
[02:05:58] [main/DEBUG] (FabricLoader/Mixin) fabric-item-api-v1.mixins.json:AbstractFurnaceBlockEntityMixin from mod fabric-item-api-v1->@Inject::getStackRemainder(Lnet/minecraft/world/level/Level;Lnet/minecraft/core/BlockPos;Lnet/minecraft/world/level/block/state/BlockState;Lnet/minecraft/world/level/block/entity/AbstractFurnaceBlockEntity;Lorg/spongepowered/asm/mixin/injection/callback/CallbackInfo;ZZLnet/minecraft/world/item/ItemStack;ZZLnet/minecraft/world/item/crafting/Recipe;I)V doesn't use it's CallbackInfo
[02:05:58] [main/DEBUG] (FabricLoader/Mixin) Mixing common.AbstractArrowMixin from swm.mixins.json into net.minecraft.world.entity.projectile.AbstractArrow
[02:05:58] [main/DEBUG] (FabricLoader/Mixin) swm.mixins.json:common.AbstractArrowMixin from mod swm->@Inject::arrowHitEntity(Lnet/minecraft/world/phys/EntityHitResult;Lorg/spongepowered/asm/mixin/injection/callback/CallbackInfo;)V does use it's CallbackInfo
[02:05:58] [main/DEBUG] (FabricLoader/Mixin) Mixing JukeboxBlockEntityMixin from fabric-transfer-api-v1.mixins.json into net.minecraft.world.level.block.entity.JukeboxBlockEntity
[02:05:58] [main/DEBUG] (FabricLoader/Mixin) fabric-transfer-api-v1.mixins.json:JukeboxBlockEntityMixin from mod fabric-transfer-api-v1: Class version 61 required is higher than the class version supported by the current version of Mixin (JAVA_16 supports class version 60)
[02:05:58] [main/DEBUG] (FabricLoader/Mixin) fabric-transfer-api-v1.mixins.json:JukeboxBlockEntityMixin from mod fabric-transfer-api-v1->@Inject::setStackBypass(ILnet/minecraft/world/item/ItemStack;Lorg/spongepowered/asm/mixin/injection/callback/CallbackInfo;)V does use it's CallbackInfo
[02:05:58] [main/DEBUG] (FabricLoader/Mixin) Mixing MobEntityMixin from fabric-entity-events-v1.mixins.json into net.minecraft.world.entity.Mob
[02:05:58] [main/DEBUG] (FabricLoader/Mixin) fabric-entity-events-v1.mixins.json:MobEntityMixin from mod fabric-entity-events-v1: Class version 61 required is higher than the class version supported by the current version of Mixin (JAVA_16 supports class version 60)
[02:05:58] [main/DEBUG] (FabricLoader/Mixin) Mixing BrewingStandBlockEntityMixin from fabric-item-api-v1.mixins.json into net.minecraft.world.level.block.entity.BrewingStandBlockEntity
[02:05:58] [main/DEBUG] (FabricLoader/Mixin) fabric-item-api-v1.mixins.json:BrewingStandBlockEntityMixin from mod fabric-item-api-v1: Class version 61 required is higher than the class version supported by the current version of Mixin (JAVA_16 supports class version 60)
[02:05:58] [main/DEBUG] (FabricLoader/Mixin) fabric-item-api-v1.mixins.json:BrewingStandBlockEntityMixin from mod fabric-item-api-v1->@Inject::captureItemStack(Lnet/minecraft/world/level/Level;Lnet/minecraft/core/BlockPos;Lnet/minecraft/core/NonNullList;Lorg/spongepowered/asm/mixin/injection/callback/CallbackInfo;Lnet/minecraft/world/item/ItemStack;)V doesn't use it's CallbackInfo
[02:05:58] [main/DEBUG] (FabricLoader/Mixin) Mixing ItemStackMixin from fabric-item-api-v1.mixins.json into net.minecraft.world.item.ItemStack
[02:05:58] [main/DEBUG] (FabricLoader/Mixin) fabric-item-api-v1.mixins.json:ItemStackMixin from mod fabric-item-api-v1: Class version 61 required is higher than the class version supported by the current version of Mixin (JAVA_16 supports class version 60)
[02:05:58] [main/DEBUG] (FabricLoader/Mixin) Mixing ItemStackMixin from fabric-item-api-v1.client.mixins.json into net.minecraft.world.item.ItemStack
[02:05:58] [main/DEBUG] (FabricLoader/Mixin) fabric-item-api-v1.client.mixins.json:ItemStackMixin from mod fabric-item-api-v1: Class version 61 required is higher than the class version supported by the current version of Mixin (JAVA_16 supports class version 60)
[02:05:58] [main/DEBUG] (FabricLoader/Mixin) Mixing common.ItemStackMixin from swm.mixins.json into net.minecraft.world.item.ItemStack
[02:05:58] [main/DEBUG] (FabricLoader/Mixin) fabric-item-api-v1.mixins.json:ItemStackMixin from mod fabric-item-api-v1->@Inject::saveDamager(ILnet/minecraft/world/entity/LivingEntity;Ljava/util/function/Consumer;Lorg/spongepowered/asm/mixin/injection/callback/CallbackInfo;)V doesn't use it's CallbackInfo
[02:05:58] [main/DEBUG] (FabricLoader/Mixin) fabric-item-api-v1.mixins.json:ItemStackMixin from mod fabric-item-api-v1->@Inject::clearDamage(ILnet/minecraft/world/entity/LivingEntity;Ljava/util/function/Consumer;Lorg/spongepowered/asm/mixin/injection/callback/CallbackInfo;)V doesn't use it's CallbackInfo
[02:05:58] [main/DEBUG] (FabricLoader/Mixin) fabric-item-api-v1.mixins.json:ItemStackMixin from mod fabric-item-api-v1->@Inject::clearDamage(ILnet/minecraft/world/entity/LivingEntity;Ljava/util/function/Consumer;Lorg/spongepowered/asm/mixin/injection/callback/CallbackInfo;)V doesn't use it's CallbackInfo
[02:05:58] [main/DEBUG] (FabricLoader/Mixin) fabric-item-api-v1.mixins.json:ItemStackMixin from mod fabric-item-api-v1->@Inject::clearDamage(ILnet/minecraft/world/entity/LivingEntity;Ljava/util/function/Consumer;Lorg/spongepowered/asm/mixin/injection/callback/CallbackInfo;)V doesn't use it's CallbackInfo
[02:05:58] [main/DEBUG] (FabricLoader/Mixin) fabric-item-api-v1.client.mixins.json:ItemStackMixin from mod fabric-item-api-v1->@Inject::getTooltip(Lnet/minecraft/world/entity/player/Player;Lnet/minecraft/world/item/TooltipFlag;Lorg/spongepowered/asm/mixin/injection/callback/CallbackInfoReturnable;)V does use it's CallbackInfoReturnable
[02:05:58] [main/DEBUG] (FabricLoader/Mixin) swm.mixins.json:common.ItemStackMixin from mod swm->@Inject::getAttributeModifiers(Lnet/minecraft/world/entity/EquipmentSlot;Lorg/spongepowered/asm/mixin/injection/callback/CallbackInfoReturnable;)V does use it's CallbackInfoReturnable
[02:05:59] [main/DEBUG] (FabricLoader/Mixin) Mixing HopperBlockEntityMixin from fabric-transfer-api-v1.mixins.json into net.minecraft.world.level.block.entity.HopperBlockEntity
[02:05:59] [main/DEBUG] (FabricLoader/Mixin) fabric-transfer-api-v1.mixins.json:HopperBlockEntityMixin from mod fabric-transfer-api-v1: Class version 61 required is higher than the class version supported by the current version of Mixin (JAVA_16 supports class version 60)
[02:05:59] [main/DEBUG] (FabricLoader/Mixin) Renaming synthetic method lambda$hookExtract$1(Lnet/fabricmc/fabric/api/transfer/v1/item/ItemVariant;)Z to md4ccb60$fabric-transfer-api-v1$lambda$hookExtract$1$0 in fabric-transfer-api-v1.mixins.json:HopperBlockEntityMixin from mod fabric-transfer-api-v1
[02:05:59] [main/DEBUG] (FabricLoader/Mixin) Renaming synthetic method lambda$hookInsert$0(Lnet/fabricmc/fabric/api/transfer/v1/item/ItemVariant;)Z to md4ccb60$fabric-transfer-api-v1$lambda$hookInsert$0$1 in fabric-transfer-api-v1.mixins.json:HopperBlockEntityMixin from mod fabric-transfer-api-v1
[02:05:59] [main/DEBUG] (FabricLoader/Mixin) fabric-transfer-api-v1.mixins.json:HopperBlockEntityMixin from mod fabric-transfer-api-v1->@Inject::hookInsert(Lnet/minecraft/world/level/Level;Lnet/minecraft/core/BlockPos;Lnet/minecraft/world/level/block/state/BlockState;Lnet/minecraft/world/Container;Lorg/spongepowered/asm/mixin/injection/callback/CallbackInfoReturnable;Lnet/minecraft/world/Container;)V does use it's CallbackInfoReturnable
[02:05:59] [main/DEBUG] (FabricLoader/Mixin) fabric-transfer-api-v1.mixins.json:HopperBlockEntityMixin from mod fabric-transfer-api-v1->@Inject::hookExtract(Lnet/minecraft/world/level/Level;Lnet/minecraft/world/level/block/entity/Hopper;Lorg/spongepowered/asm/mixin/injection/callback/CallbackInfoReturnable;Lnet/minecraft/world/Container;)V does use it's CallbackInfoReturnable
[02:05:59] [main/DEBUG] (FabricLoader/Mixin) Mixing MixinLightningBolt from architectury-common.mixins.json into net.minecraft.world.entity.LightningBolt
[02:05:59] [main/DEBUG] (FabricLoader/Mixin) architectury-common.mixins.json:MixinLightningBolt from mod architectury->@Inject::handleLightning(Lorg/spongepowered/asm/mixin/injection/callback/CallbackInfo;Ljava/util/List;)V doesn't use it's CallbackInfo
[02:05:59] [main/DEBUG] (FabricLoader/Mixin) architectury-common.mixins.json:MixinLightningBolt from mod architectury->@Inject::handleLightning(Lorg/spongepowered/asm/mixin/injection/callback/CallbackInfo;Ljava/util/List;)V has 0 override(s) in child classes
[02:05:59] [main/DEBUG] (FabricLoader/Mixin) architectury-common.mixins.json:MixinLightningBolt from mod architectury->@Inject::handleLightning(Lorg/spongepowered/asm/mixin/injection/callback/CallbackInfo;Ljava/util/List;)V won't be passed a CallbackInfo as a result
[02:05:59] [main/DEBUG] (FabricLoader/Mixin) Mixing TadpoleEntityMixin from fabric-entity-events-v1.mixins.json into net.minecraft.world.entity.animal.frog.Tadpole
[02:05:59] [main/DEBUG] (FabricLoader/Mixin) fabric-entity-events-v1.mixins.json:TadpoleEntityMixin from mod fabric-entity-events-v1: Class version 61 required is higher than the class version supported by the current version of Mixin (JAVA_16 supports class version 60)
[02:05:59] [main/DEBUG] (FabricLoader/Mixin) Mixing MixinBlockItem from architectury.mixins.json into net.minecraft.world.item.BlockItem
[02:05:59] [main/DEBUG] (FabricLoader/Mixin) architectury.mixins.json:MixinBlockItem from mod architectury->@Inject::place(Lnet/minecraft/world/item/context/BlockPlaceContext;Lorg/spongepowered/asm/mixin/injection/callback/CallbackInfoReturnable;Lnet/minecraft/world/item/context/BlockPlaceContext;Lnet/minecraft/world/level/block/state/BlockState;)V does use it's CallbackInfoReturnable
[02:05:59] [main/DEBUG] (FabricLoader/Mixin) Mixing ArmorItemMixin from fabric-item-api-v1.mixins.json into net.minecraft.world.item.ArmorItem
[02:05:59] [main/DEBUG] (FabricLoader/Mixin) fabric-item-api-v1.mixins.json:ArmorItemMixin from mod fabric-item-api-v1: Class version 61 required is higher than the class version supported by the current version of Mixin (JAVA_16 supports class version 60)
[02:05:59] [main/DEBUG] (FabricLoader/Mixin) Mixing SwordItemMixin from fabric-mining-level-api-v1.mixins.json into net.minecraft.world.item.SwordItem
[02:05:59] [main/DEBUG] (FabricLoader/Mixin) fabric-mining-level-api-v1.mixins.json:SwordItemMixin from mod fabric-mining-level-api-v1: Class version 61 required is higher than the class version supported by the current version of Mixin (JAVA_16 supports class version 60)
[02:05:59] [main/DEBUG] (FabricLoader/Mixin) fabric-mining-level-api-v1.mixins.json:SwordItemMixin from mod fabric-mining-level-api-v1->@Inject::fabric$onIsSuitableFor(Lnet/minecraft/world/level/block/state/BlockState;Lorg/spongepowered/asm/mixin/injection/callback/CallbackInfoReturnable;)V does use it's CallbackInfoReturnable
[02:05:59] [main/DEBUG] (FabricLoader/Mixin) fabric-mining-level-api-v1.mixins.json:SwordItemMixin from mod fabric-mining-level-api-v1->@Inject::fabric$onGetMiningSpeedMultiplier(Lnet/minecraft/world/item/ItemStack;Lnet/minecraft/world/level/block/state/BlockState;Lorg/spongepowered/asm/mixin/injection/callback/CallbackInfoReturnable;)V does use it's CallbackInfoReturnable
[02:06:00] [main/DEBUG] (FabricLoader/Mixin) fabric-mining-level-api-v1.mixins.json:SwordItemMixin from mod fabric-mining-level-api-v1->@Inject::fabric$onGetMiningSpeedMultiplier(Lnet/minecraft/world/item/ItemStack;Lnet/minecraft/world/level/block/state/BlockState;Lorg/spongepowered/asm/mixin/injection/callback/CallbackInfoReturnable;)V does use it's CallbackInfoReturnable
[02:06:00] [main/DEBUG] (FabricLoader/Mixin) Mixing ShovelItemAccessor from fabric-content-registries-v0.mixins.json into net.minecraft.world.item.ShovelItem
[02:06:00] [main/DEBUG] (FabricLoader/Mixin) fabric-content-registries-v0.mixins.json:ShovelItemAccessor from mod fabric-content-registries-v0: Class version 61 required is higher than the class version supported by the current version of Mixin (JAVA_16 supports class version 60)
[02:06:00] [main/DEBUG] (FabricLoader/Mixin) Renaming @Accessor method getPathStates()Ljava/util/Map; to getPathStates$fabric-content-registries-v0_$md$4ccb60$0 in fabric-content-registries-v0.mixins.json:ShovelItemAccessor from mod fabric-content-registries-v0
[02:06:00] [main/DEBUG] (FabricLoader/Mixin) Mixing MiningToolItemMixin from fabric-mining-level-api-v1.mixins.json into net.minecraft.world.item.DiggerItem
[02:06:00] [main/DEBUG] (FabricLoader/Mixin) fabric-mining-level-api-v1.mixins.json:MiningToolItemMixin from mod fabric-mining-level-api-v1: Class version 61 required is higher than the class version supported by the current version of Mixin (JAVA_16 supports class version 60)
[02:06:00] [main/DEBUG] (FabricLoader/Mixin) fabric-mining-level-api-v1.mixins.json:MiningToolItemMixin from mod fabric-mining-level-api-v1->@Inject::fabric$onIsSuitableFor(Lnet/minecraft/world/level/block/state/BlockState;Lorg/spongepowered/asm/mixin/injection/callback/CallbackInfoReturnable;I)V does use it's CallbackInfoReturnable
[02:06:00] [main/DEBUG] (FabricLoader/Mixin) Mixing AxeItemAccessor from fabric-content-registries-v0.mixins.json into net.minecraft.world.item.AxeItem
[02:06:00] [main/DEBUG] (FabricLoader/Mixin) fabric-content-registries-v0.mixins.json:AxeItemAccessor from mod fabric-content-registries-v0: Class version 61 required is higher than the class version supported by the current version of Mixin (JAVA_16 supports class version 60)
[02:06:00] [main/DEBUG] (FabricLoader/Mixin) Renaming @Accessor method getStrippedBlocks()Ljava/util/Map; to getStrippedBlocks$fabric-content-registries-v0_$md$4ccb60$0 in fabric-content-registries-v0.mixins.json:AxeItemAccessor from mod fabric-content-registries-v0
[02:06:00] [main/DEBUG] (FabricLoader/Mixin) Renaming @Accessor method setStrippedBlocks(Ljava/util/Map;)V to setStrippedBlocks$fabric-content-registries-v0_$md$4ccb60$1 in fabric-content-registries-v0.mixins.json:AxeItemAccessor from mod fabric-content-registries-v0
[02:06:00] [main/DEBUG] (FabricLoader/Mixin) Mixing HoeItemAccessor from fabric-content-registries-v0.mixins.json into net.minecraft.world.item.HoeItem
[02:06:00] [main/DEBUG] (FabricLoader/Mixin) fabric-content-registries-v0.mixins.json:HoeItemAccessor from mod fabric-content-registries-v0: Class version 61 required is higher than the class version supported by the current version of Mixin (JAVA_16 supports class version 60)
[02:06:00] [main/DEBUG] (FabricLoader/Mixin) Renaming @Accessor method getTillingActions()Ljava/util/Map; to getTillingActions$fabric-content-registries-v0_$md$4ccb60$0 in fabric-content-registries-v0.mixins.json:HoeItemAccessor from mod fabric-content-registries-v0
[02:06:00] [main/DEBUG] (FabricLoader/Mixin) Mixing BucketItemAccessor from fabric-transfer-api-v1.mixins.json into net.minecraft.world.item.BucketItem
[02:06:00] [main/DEBUG] (FabricLoader/Mixin) fabric-transfer-api-v1.mixins.json:BucketItemAccessor from mod fabric-transfer-api-v1: Class version 61 required is higher than the class version supported by the current version of Mixin (JAVA_16 supports class version 60)
[02:06:00] [main/DEBUG] (FabricLoader/Mixin) Mixing BucketItemMixin from fabric-transfer-api-v1.mixins.json into net.minecraft.world.item.BucketItem
[02:06:00] [main/DEBUG] (FabricLoader/Mixin) fabric-transfer-api-v1.mixins.json:BucketItemMixin from mod fabric-transfer-api-v1: Class version 61 required is higher than the class version supported by the current version of Mixin (JAVA_16 supports class version 60)
[02:06:00] [main/DEBUG] (FabricLoader/Mixin) Mixing inject.MixinBucketItem from architectury-common.mixins.json into net.minecraft.world.item.BucketItem
[02:06:00] [main/DEBUG] (FabricLoader/Mixin) Mixing BucketItemAccessor from architectury.mixins.json into net.minecraft.world.item.BucketItem
[02:06:00] [main/DEBUG] (FabricLoader/Mixin) Mixing MixinBucketItem from architectury.mixins.json into net.minecraft.world.item.BucketItem
[02:06:00] [main/DEBUG] (FabricLoader/Mixin) architectury.mixins.json:MixinBucketItem from mod architectury->@Inject::fillBucket(Lnet/minecraft/world/level/Level;Lnet/minecraft/world/entity/player/Player;Lnet/minecraft/world/InteractionHand;Lorg/spongepowered/asm/mixin/injection/callback/CallbackInfoReturnable;Lnet/minecraft/world/item/ItemStack;Lnet/minecraft/world/phys/BlockHitResult;)V does use it's CallbackInfoReturnable
[02:06:00] [main/DEBUG] (FabricLoader/Mixin) Mixing ShearsItemMixin from fabric-mining-level-api-v1.mixins.json into net.minecraft.world.item.ShearsItem
[02:06:00] [main/DEBUG] (FabricLoader/Mixin) fabric-mining-level-api-v1.mixins.json:ShearsItemMixin from mod fabric-mining-level-api-v1: Class version 61 required is higher than the class version supported by the current version of Mixin (JAVA_16 supports class version 60)
[02:06:00] [main/DEBUG] (FabricLoader/Mixin) fabric-mining-level-api-v1.mixins.json:ShearsItemMixin from mod fabric-mining-level-api-v1->@Inject::fabric$onIsSuitableFor(Lnet/minecraft/world/level/block/state/BlockState;Lorg/spongepowered/asm/mixin/injection/callback/CallbackInfoReturnable;)V does use it's CallbackInfoReturnable
[02:06:00] [main/DEBUG] (FabricLoader/Mixin) fabric-mining-level-api-v1.mixins.json:ShearsItemMixin from mod fabric-mining-level-api-v1->@Inject::fabric$onGetMiningSpeedMultiplier(Lnet/minecraft/world/item/ItemStack;Lnet/minecraft/world/level/block/state/BlockState;Lorg/spongepowered/asm/mixin/injection/callback/CallbackInfoReturnable;)V does use it's CallbackInfoReturnable
[02:06:00] [main/DEBUG] (FabricLoader/Mixin) fabric-mining-level-api-v1.mixins.json:ShearsItemMixin from mod fabric-mining-level-api-v1->@Inject::fabric$onGetMiningSpeedMultiplier(Lnet/minecraft/world/item/ItemStack;Lnet/minecraft/world/level/block/state/BlockState;Lorg/spongepowered/asm/mixin/injection/callback/CallbackInfoReturnable;)V does use it's CallbackInfoReturnable
[02:06:00] [main/DEBUG] (FabricLoader/Mixin) fabric-mining-level-api-v1.mixins.json:ShearsItemMixin from mod fabric-mining-level-api-v1->@Inject::fabric$onGetMiningSpeedMultiplier(Lnet/minecraft/world/item/ItemStack;Lnet/minecraft/world/level/block/state/BlockState;Lorg/spongepowered/asm/mixin/injection/callback/CallbackInfoReturnable;)V does use it's CallbackInfoReturnable
[02:06:00] [main/DEBUG] (FabricLoader/Mixin) fabric-mining-level-api-v1.mixins.json:ShearsItemMixin from mod fabric-mining-level-api-v1->@Inject::fabric$onGetMiningSpeedMultiplier(Lnet/minecraft/world/item/ItemStack;Lnet/minecraft/world/level/block/state/BlockState;Lorg/spongepowered/asm/mixin/injection/callback/CallbackInfoReturnable;)V does use it's CallbackInfoReturnable
[02:06:00] [main/DEBUG] (FabricLoader/Mixin) Mixing HoneycombItemMixin from fabric-content-registries-v0.mixins.json into net.minecraft.world.item.HoneycombItem
[02:06:00] [main/DEBUG] (FabricLoader/Mixin) fabric-content-registries-v0.mixins.json:HoneycombItemMixin from mod fabric-content-registries-v0: Class version 61 required is higher than the class version supported by the current version of Mixin (JAVA_16 supports class version 60)
[02:06:00] [main/DEBUG] (FabricLoader/Mixin) fabric-content-registries-v0.mixins.json:HoneycombItemMixin from mod fabric-content-registries-v0->@Inject::createUnwaxedToWaxedMap(Lorg/spongepowered/asm/mixin/injection/callback/CallbackInfoReturnable;)V does use it's CallbackInfoReturnable
[02:06:00] [main/DEBUG] (FabricLoader/Mixin) Mixing inject.MixinItemProperties from architectury-common.mixins.json into net.minecraft.world.item.Item$Properties
[02:06:00] [main/DEBUG] (FabricLoader/Mixin) Mixing ServerPlayerEntityMixin from fabric-events-interaction-v0.mixins.json into net.minecraft.server.level.ServerPlayer
[02:06:00] [main/DEBUG] (FabricLoader/Mixin) fabric-events-interaction-v0.mixins.json:ServerPlayerEntityMixin from mod fabric-events-interaction-v0: Class version 61 required is higher than the class version supported by the current version of Mixin (JAVA_16 supports class version 60)
[02:06:00] [main/DEBUG] (FabricLoader/Mixin) Mixing LivingDeathInvoker from architectury.mixins.json into net.minecraft.server.level.ServerPlayer
[02:06:00] [main/DEBUG] (FabricLoader/Mixin) Mixing MixinServerPlayer from architectury.mixins.json into net.minecraft.server.level.ServerPlayer
[02:06:00] [main/DEBUG] (FabricLoader/Mixin) Mixing EntityMixin from fabric-dimensions-v1.mixins.json into net.minecraft.server.level.ServerPlayer
[02:06:00] [main/DEBUG] (FabricLoader/Mixin) fabric-dimensions-v1.mixins.json:EntityMixin from mod fabric-dimensions-v1: Class version 61 required is higher than the class version supported by the current version of Mixin (JAVA_16 supports class version 60)
[02:06:00] [main/DEBUG] (FabricLoader/Mixin) Mixing ServerPlayerEntityMixin from fabric-screen-handler-api-v1.mixins.json into net.minecraft.server.level.ServerPlayer
[02:06:00] [main/DEBUG] (FabricLoader/Mixin) fabric-screen-handler-api-v1.mixins.json:ServerPlayerEntityMixin from mod fabric-screen-handler-api-v1: Class version 61 required is higher than the class version supported by the current version of Mixin (JAVA_16 supports class version 60)
[02:06:00] [main/DEBUG] (FabricLoader/Mixin) Mixing ServerPlayerEntityMixin from fabric-entity-events-v1.mixins.json into net.minecraft.server.level.ServerPlayer
[02:06:00] [main/DEBUG] (FabricLoader/Mixin) fabric-entity-events-v1.mixins.json:ServerPlayerEntityMixin from mod fabric-entity-events-v1: Class version 61 required is higher than the class version supported by the current version of Mixin (JAVA_16 supports class version 60)
[02:06:00] [main/DEBUG] (FabricLoader/Mixin) Mixing ServerPlayerEntityAccessor from fabric-containers-v0.mixins.json into net.minecraft.server.level.ServerPlayer
[02:06:00] [main/DEBUG] (FabricLoader/Mixin) fabric-containers-v0.mixins.json:ServerPlayerEntityAccessor from mod fabric-containers-v0: Class version 61 required is higher than the class version supported by the current version of Mixin (JAVA_16 supports class version 60)
[02:06:00] [main/DEBUG] (FabricLoader/Mixin) Mixing ServerPlayerEntityMixin from fabric-containers-v0.accurate.mixins.json into net.minecraft.server.level.ServerPlayer
[02:06:00] [main/DEBUG] (FabricLoader/Mixin) fabric-containers-v0.accurate.mixins.json:ServerPlayerEntityMixin from mod fabric-containers-v0: Class version 61 required is higher than the class version supported by the current version of Mixin (JAVA_16 supports class version 60)
[02:06:00] [main/DEBUG] (FabricLoader/Mixin) fabric-events-interaction-v0.mixins.json:ServerPlayerEntityMixin from mod fabric-events-interaction-v0->@Inject::onPlayerInteractEntity(Lnet/minecraft/world/entity/Entity;Lorg/spongepowered/asm/mixin/injection/callback/CallbackInfo;)V does use it's CallbackInfo
[02:06:00] [main/DEBUG] (FabricLoader/Mixin) architectury.mixins.json:LivingDeathInvoker from mod architectury->@Inject::die(Lnet/minecraft/world/damagesource/DamageSource;Lorg/spongepowered/asm/mixin/injection/callback/CallbackInfo;)V does use it's CallbackInfo
[02:06:00] [main/DEBUG] (FabricLoader/Mixin) architectury.mixins.json:MixinServerPlayer from mod architectury->@Inject::restoreFrom(Lnet/minecraft/server/level/ServerPlayer;ZLorg/spongepowered/asm/mixin/injection/callback/CallbackInfo;)V doesn't use it's CallbackInfo
[02:06:00] [main/DEBUG] (FabricLoader/Mixin) architectury.mixins.json:MixinServerPlayer from mod architectury->@Inject::restoreFrom(Lnet/minecraft/server/level/ServerPlayer;ZLorg/spongepowered/asm/mixin/injection/callback/CallbackInfo;)V has 0 override(s) in child classes
[02:06:00] [main/DEBUG] (FabricLoader/Mixin) architectury.mixins.json:MixinServerPlayer from mod architectury->@Inject::restoreFrom(Lnet/minecraft/server/level/ServerPlayer;ZLorg/spongepowered/asm/mixin/injection/callback/CallbackInfo;)V won't be passed a CallbackInfo as a result
[02:06:00] [main/DEBUG] (FabricLoader/Mixin) architectury.mixins.json:MixinServerPlayer from mod architectury->@Inject::openMenu(Lnet/minecraft/world/MenuProvider;Lorg/spongepowered/asm/mixin/injection/callback/CallbackInfoReturnable;)V does use it's CallbackInfoReturnable
[02:06:00] [main/DEBUG] (FabricLoader/Mixin) architectury.mixins.json:MixinServerPlayer from mod architectury->@Inject::openMenu(Lnet/minecraft/world/MenuProvider;Lorg/spongepowered/asm/mixin/injection/callback/CallbackInfoReturnable;)V does use it's CallbackInfoReturnable
[02:06:00] [main/DEBUG] (FabricLoader/Mixin) architectury.mixins.json:MixinServerPlayer from mod architectury->@Inject::openMenu(Lnet/minecraft/world/MenuProvider;Lorg/spongepowered/asm/mixin/injection/callback/CallbackInfoReturnable;)V does use it's CallbackInfoReturnable
[02:06:00] [main/DEBUG] (FabricLoader/Mixin) architectury.mixins.json:MixinServerPlayer from mod architectury->@Inject::openHorseInventory(Lnet/minecraft/world/entity/animal/horse/AbstractHorse;Lnet/minecraft/world/Container;Lorg/spongepowered/asm/mixin/injection/callback/CallbackInfo;)V doesn't use it's CallbackInfo
[02:06:00] [main/DEBUG] (FabricLoader/Mixin) architectury.mixins.json:MixinServerPlayer from mod architectury->@Inject::openHorseInventory(Lnet/minecraft/world/entity/animal/horse/AbstractHorse;Lnet/minecraft/world/Container;Lorg/spongepowered/asm/mixin/injection/callback/CallbackInfo;)V has 0 override(s) in child classes
[02:06:00] [main/DEBUG] (FabricLoader/Mixin) architectury.mixins.json:MixinServerPlayer from mod architectury->@Inject::openHorseInventory(Lnet/minecraft/world/entity/animal/horse/AbstractHorse;Lnet/minecraft/world/Container;Lorg/spongepowered/asm/mixin/injection/callback/CallbackInfo;)V won't be passed a CallbackInfo as a result
[02:06:00] [main/DEBUG] (FabricLoader/Mixin) architectury.mixins.json:MixinServerPlayer from mod architectury->@Inject::doCloseContainer(Lorg/spongepowered/asm/mixin/injection/callback/CallbackInfo;)V doesn't use it's CallbackInfo
[02:06:00] [main/DEBUG] (FabricLoader/Mixin) architectury.mixins.json:MixinServerPlayer from mod architectury->@Inject::doCloseContainer(Lorg/spongepowered/asm/mixin/injection/callback/CallbackInfo;)V has 0 override(s) in child classes
[02:06:00] [main/DEBUG] (FabricLoader/Mixin) architectury.mixins.json:MixinServerPlayer from mod architectury->@Inject::doCloseContainer(Lorg/spongepowered/asm/mixin/injection/callback/CallbackInfo;)V won't be passed a CallbackInfo as a result
[02:06:00] [main/DEBUG] (FabricLoader/Mixin) architectury.mixins.json:MixinServerPlayer from mod architectury->@Inject::changeDimension(Lnet/minecraft/server/level/ServerLevel;Lorg/spongepowered/asm/mixin/injection/callback/CallbackInfo;)V doesn't use it's CallbackInfo
[02:06:00] [main/DEBUG] (FabricLoader/Mixin) architectury.mixins.json:MixinServerPlayer from mod architectury->@Inject::changeDimension(Lnet/minecraft/server/level/ServerLevel;Lorg/spongepowered/asm/mixin/injection/callback/CallbackInfo;)V has 0 override(s) in child classes
[02:06:00] [main/DEBUG] (FabricLoader/Mixin) architectury.mixins.json:MixinServerPlayer from mod architectury->@Inject::changeDimension(Lnet/minecraft/server/level/ServerLevel;Lorg/spongepowered/asm/mixin/injection/callback/CallbackInfo;)V won't be passed a CallbackInfo as a result
[02:06:00] [main/DEBUG] (FabricLoader/Mixin) fabric-dimensions-v1.mixins.json:EntityMixin from mod fabric-dimensions-v1->@Inject::getTeleportTarget(Lnet/minecraft/server/level/ServerLevel;Lorg/spongepowered/asm/mixin/injection/callback/CallbackInfoReturnable;)V does use it's CallbackInfoReturnable
[02:06:00] [main/DEBUG] (FabricLoader/Mixin) fabric-screen-handler-api-v1.mixins.json:ServerPlayerEntityMixin from mod fabric-screen-handler-api-v1->@Inject::fabric_storeOpenedScreenHandler(Lnet/minecraft/world/MenuProvider;Lorg/spongepowered/asm/mixin/injection/callback/CallbackInfoReturnable;Lnet/minecraft/world/inventory/AbstractContainerMenu;)V doesn't use it's CallbackInfoReturnable
[02:06:00] [main/DEBUG] (FabricLoader/Mixin) fabric-screen-handler-api-v1.mixins.json:ServerPlayerEntityMixin from mod fabric-screen-handler-api-v1->@Inject::fabric_storeOpenedScreenHandler(Lnet/minecraft/world/MenuProvider;Lorg/spongepowered/asm/mixin/injection/callback/CallbackInfoReturnable;Lnet/minecraft/world/inventory/AbstractContainerMenu;)V has 0 override(s) in child classes
[02:06:00] [main/DEBUG] (FabricLoader/Mixin) fabric-screen-handler-api-v1.mixins.json:ServerPlayerEntityMixin from mod fabric-screen-handler-api-v1->@Inject::fabric_storeOpenedScreenHandler(Lnet/minecraft/world/MenuProvider;Lorg/spongepowered/asm/mixin/injection/callback/CallbackInfoReturnable;Lnet/minecraft/world/inventory/AbstractContainerMenu;)V won't be passed a CallbackInfoReturnable as a result
[02:06:00] [main/DEBUG] (FabricLoader/Mixin) fabric-entity-events-v1.mixins.json:ServerPlayerEntityMixin from mod fabric-entity-events-v1->@Inject::callOnKillForPlayer(Lnet/minecraft/world/damagesource/DamageSource;Lorg/spongepowered/asm/mixin/injection/callback/CallbackInfo;)V doesn't use it's CallbackInfo
[02:06:00] [main/DEBUG] (FabricLoader/Mixin) fabric-entity-events-v1.mixins.json:ServerPlayerEntityMixin from mod fabric-entity-events-v1->@Inject::callOnKillForPlayer(Lnet/minecraft/world/damagesource/DamageSource;Lorg/spongepowered/asm/mixin/injection/callback/CallbackInfo;)V has 0 override(s) in child classes
[02:06:00] [main/DEBUG] (FabricLoader/Mixin) fabric-entity-events-v1.mixins.json:ServerPlayerEntityMixin from mod fabric-entity-events-v1->@Inject::callOnKillForPlayer(Lnet/minecraft/world/damagesource/DamageSource;Lorg/spongepowered/asm/mixin/injection/callback/CallbackInfo;)V won't be passed a CallbackInfo as a result
[02:06:00] [main/DEBUG] (FabricLoader/Mixin) fabric-entity-events-v1.mixins.json:ServerPlayerEntityMixin from mod fabric-entity-events-v1->@Inject::notifyDeath(Lnet/minecraft/world/damagesource/DamageSource;Lorg/spongepowered/asm/mixin/injection/callback/CallbackInfo;)V doesn't use it's CallbackInfo
[02:06:00] [main/DEBUG] (FabricLoader/Mixin) fabric-entity-events-v1.mixins.json:ServerPlayerEntityMixin from mod fabric-entity-events-v1->@Inject::notifyDeath(Lnet/minecraft/world/damagesource/DamageSource;Lorg/spongepowered/asm/mixin/injection/callback/CallbackInfo;)V has 0 override(s) in child classes
[02:06:00] [main/DEBUG] (FabricLoader/Mixin) fabric-entity-events-v1.mixins.json:ServerPlayerEntityMixin from mod fabric-entity-events-v1->@Inject::notifyDeath(Lnet/minecraft/world/damagesource/DamageSource;Lorg/spongepowered/asm/mixin/injection/callback/CallbackInfo;)V won't be passed a CallbackInfo as a result
[02:06:00] [main/DEBUG] (FabricLoader/Mixin) fabric-entity-events-v1.mixins.json:ServerPlayerEntityMixin from mod fabric-entity-events-v1->@Inject::afterWorldChanged(Lnet/minecraft/server/level/ServerLevel;Lorg/spongepowered/asm/mixin/injection/callback/CallbackInfo;)V doesn't use it's CallbackInfo
[02:06:00] [main/DEBUG] (FabricLoader/Mixin) fabric-entity-events-v1.mixins.json:ServerPlayerEntityMixin from mod fabric-entity-events-v1->@Inject::afterWorldChanged(Lnet/minecraft/server/level/ServerLevel;Lorg/spongepowered/asm/mixin/injection/callback/CallbackInfo;)V has 0 override(s) in child classes
[02:06:00] [main/DEBUG] (FabricLoader/Mixin) fabric-entity-events-v1.mixins.json:ServerPlayerEntityMixin from mod fabric-entity-events-v1->@Inject::afterWorldChanged(Lnet/minecraft/server/level/ServerLevel;Lorg/spongepowered/asm/mixin/injection/callback/CallbackInfo;)V won't be passed a CallbackInfo as a result
[02:06:00] [main/DEBUG] (FabricLoader/Mixin) fabric-entity-events-v1.mixins.json:ServerPlayerEntityMixin from mod fabric-entity-events-v1->@Inject::onCopyFrom(Lnet/minecraft/server/level/ServerPlayer;ZLorg/spongepowered/asm/mixin/injection/callback/CallbackInfo;)V doesn't use it's CallbackInfo
[02:06:00] [main/DEBUG] (FabricLoader/Mixin) fabric-entity-events-v1.mixins.json:ServerPlayerEntityMixin from mod fabric-entity-events-v1->@Inject::onCopyFrom(Lnet/minecraft/server/level/ServerPlayer;ZLorg/spongepowered/asm/mixin/injection/callback/CallbackInfo;)V has 0 override(s) in child classes
[02:06:00] [main/DEBUG] (FabricLoader/Mixin) fabric-entity-events-v1.mixins.json:ServerPlayerEntityMixin from mod fabric-entity-events-v1->@Inject::onCopyFrom(Lnet/minecraft/server/level/ServerPlayer;ZLorg/spongepowered/asm/mixin/injection/callback/CallbackInfo;)V won't be passed a CallbackInfo as a result
[02:06:00] [main/DEBUG] (FabricLoader/Mixin) fabric-entity-events-v1.mixins.json:ServerPlayerEntityMixin from mod fabric-entity-events-v1->@Inject::onTrySleepDirectionCheck(Lnet/minecraft/core/BlockPos;Lorg/spongepowered/asm/mixin/injection/callback/CallbackInfoReturnable;Lnet/minecraft/core/Direction;)V does use it's CallbackInfoReturnable
[02:06:00] [main/DEBUG] (FabricLoader/Mixin) Mixing StructuresToConfiguredStructuresFixMixin from fabric-registry-sync-v0.mixins.json into net.minecraft.util.datafix.fixes.StructuresBecomeConfiguredFix
[02:06:00] [main/DEBUG] (FabricLoader/Mixin) fabric-registry-sync-v0.mixins.json:StructuresToConfiguredStructuresFixMixin from mod fabric-registry-sync-v0: Class version 61 required is higher than the class version supported by the current version of Mixin (JAVA_16 supports class version 60)
[02:06:00] [main/DEBUG] (FabricLoader/Mixin) fabric-registry-sync-v0.mixins.json:StructuresToConfiguredStructuresFixMixin from mod fabric-registry-sync-v0->@Inject::method_41022(Lcom/mojang/datafixers/util/Pair;Lcom/mojang/serialization/Dynamic;Lorg/spongepowered/asm/mixin/injection/callback/CallbackInfoReturnable;)V does use it's CallbackInfoReturnable
[02:06:00] [main/DEBUG] (FabricLoader/Mixin) Mixing TaggedChoiceTypeMixin from fabric-dimensions-v1.mixins.json into com.mojang.datafixers.types.templates.TaggedChoice$TaggedChoiceType
[02:06:00] [main/DEBUG] (FabricLoader/Mixin) fabric-dimensions-v1.mixins.json:TaggedChoiceTypeMixin from mod fabric-dimensions-v1: Class version 61 required is higher than the class version supported by the current version of Mixin (JAVA_16 supports class version 60)
[02:06:00] [main/DEBUG] (FabricLoader/Mixin) fabric-dimensions-v1.mixins.json:TaggedChoiceTypeMixin from mod fabric-dimensions-v1->@Inject::onGetCodec(Ljava/lang/Object;Lorg/spongepowered/asm/mixin/injection/callback/CallbackInfoReturnable;)V does use it's CallbackInfoReturnable
[02:06:00] [main/DEBUG] (FabricLoader/Mixin) Mixing TaggedChoiceMixin from fabric-dimensions-v1.mixins.json into com.mojang.datafixers.types.templates.TaggedChoice
[02:06:00] [main/DEBUG] (FabricLoader/Mixin) fabric-dimensions-v1.mixins.json:TaggedChoiceMixin from mod fabric-dimensions-v1: Class version 61 required is higher than the class version supported by the current version of Mixin (JAVA_16 supports class version 60)
[02:06:00] [main/DEBUG] (FabricLoader/Mixin) fabric-dimensions-v1.mixins.json:TaggedChoiceMixin from mod fabric-dimensions-v1->@Inject::onApply(Lcom/mojang/datafixers/util/Pair;Lorg/spongepowered/asm/mixin/injection/callback/CallbackInfoReturnable;)V does use it's CallbackInfoReturnable
[02:06:00] [main/DEBUG] (FabricLoader/Mixin) Mixing Schema2832Mixin from fabric-dimensions-v1.mixins.json into net.minecraft.util.datafix.schemas.V2832
[02:06:00] [main/DEBUG] (FabricLoader/Mixin) fabric-dimensions-v1.mixins.json:Schema2832Mixin from mod fabric-dimensions-v1: Class version 61 required is higher than the class version supported by the current version of Mixin (JAVA_16 supports class version 60)
[02:06:00] [main/DEBUG] (FabricLoader/Mixin) Mixing HorseTameInvoker from architectury.mixins.json into net.minecraft.world.entity.ai.goal.RunAroundLikeCrazyGoal
[02:06:00] [main/DEBUG] (FabricLoader/Mixin) architectury.mixins.json:HorseTameInvoker from mod architectury->@Inject::tick(Lorg/spongepowered/asm/mixin/injection/callback/CallbackInfo;)V does use it's CallbackInfo
[02:06:00] [main/DEBUG] (FabricLoader/Mixin) Mixing MixinTamableAnimal from architectury.mixins.json into net.minecraft.world.entity.TamableAnimal
[02:06:00] [main/DEBUG] (FabricLoader/Mixin) architectury.mixins.json:MixinTamableAnimal from mod architectury->@Inject::tame(Lnet/minecraft/world/entity/player/Player;Lorg/spongepowered/asm/mixin/injection/callback/CallbackInfo;)V does use it's CallbackInfo
[02:06:00] [Datafixer Bootstrap/INFO] (com.mojang.datafixers.DataFixerBuilder) 188 Datafixer optimizations took 185 milliseconds
[02:06:00] [main/DEBUG] (FabricLoader/Mixin) Mixing MixinOcelot from architectury.mixins.json into net.minecraft.world.entity.animal.Ocelot
[02:06:00] [main/DEBUG] (FabricLoader/Mixin) architectury.mixins.json:MixinOcelot from mod architectury->@Inject::mobInteract(Lnet/minecraft/world/entity/player/Player;Lnet/minecraft/world/InteractionHand;Lorg/spongepowered/asm/mixin/injection/callback/CallbackInfoReturnable;)V does use it's CallbackInfoReturnable
[02:06:00] [main/DEBUG] (FabricLoader/Mixin) Mixing PigEntityMixin from fabric-entity-events-v1.mixins.json into net.minecraft.world.entity.animal.Pig
[02:06:00] [main/DEBUG] (FabricLoader/Mixin) fabric-entity-events-v1.mixins.json:PigEntityMixin from mod fabric-entity-events-v1: Class version 61 required is higher than the class version supported by the current version of Mixin (JAVA_16 supports class version 60)
[02:06:01] [main/DEBUG] (FabricLoader/Mixin) Mixing MixinBaseSpawner from architectury.mixins.json into net.minecraft.world.level.BaseSpawner
[02:06:01] [main/DEBUG] (FabricLoader/Mixin) Mixing AttachmentTargetsMixin from fabric-data-attachment-api-v1.mixins.json into net.minecraft.world.level.chunk.ChunkAccess
[02:06:01] [main/DEBUG] (FabricLoader/Mixin) Mixing WorldChunkMixin from fabric-data-attachment-api-v1.mixins.json into net.minecraft.world.level.chunk.LevelChunk
[02:06:01] [main/DEBUG] (FabricLoader/Mixin) Mixing WorldChunkMixin from fabric-lifecycle-events-v1.client.mixins.json into net.minecraft.world.level.chunk.LevelChunk
[02:06:01] [main/DEBUG] (FabricLoader/Mixin) fabric-lifecycle-events-v1.client.mixins.json:WorldChunkMixin from mod fabric-lifecycle-events-v1: Class version 61 required is higher than the class version supported by the current version of Mixin (JAVA_16 supports class version 60)
[02:06:01] [main/DEBUG] (FabricLoader/Mixin) fabric-data-attachment-api-v1.mixins.json:WorldChunkMixin from mod fabric-data-attachment-api-v1->@Inject::transferProtoChunkAttachement(Lnet/minecraft/server/level/ServerLevel;Lnet/minecraft/world/level/chunk/ProtoChunk;Lnet/minecraft/world/level/chunk/LevelChunk$PostLoadProcessor;Lorg/spongepowered/asm/mixin/injection/callback/CallbackInfo;)V doesn't use it's CallbackInfo
[02:06:01] [main/DEBUG] (FabricLoader/Mixin) fabric-data-attachment-api-v1.mixins.json:WorldChunkMixin from mod fabric-data-attachment-api-v1->@Inject::transferProtoChunkAttachement(Lnet/minecraft/server/level/ServerLevel;Lnet/minecraft/world/level/chunk/ProtoChunk;Lnet/minecraft/world/level/chunk/LevelChunk$PostLoadProcessor;Lorg/spongepowered/asm/mixin/injection/callback/CallbackInfo;)V has 0 override(s) in child classes
[02:06:01] [main/DEBUG] (FabricLoader/Mixin) fabric-data-attachment-api-v1.mixins.json:WorldChunkMixin from mod fabric-data-attachment-api-v1->@Inject::transferProtoChunkAttachement(Lnet/minecraft/server/level/ServerLevel;Lnet/minecraft/world/level/chunk/ProtoChunk;Lnet/minecraft/world/level/chunk/LevelChunk$PostLoadProcessor;Lorg/spongepowered/asm/mixin/injection/callback/CallbackInfo;)V won't be passed a CallbackInfo as a result
[02:06:01] [main/DEBUG] (FabricLoader/Mixin) fabric-lifecycle-events-v1.client.mixins.json:WorldChunkMixin from mod fabric-lifecycle-events-v1->@Inject::onLoadBlockEntity(Lnet/minecraft/world/level/block/entity/BlockEntity;Lorg/spongepowered/asm/mixin/injection/callback/CallbackInfo;Lnet/minecraft/core/BlockPos;Lnet/minecraft/world/level/block/entity/BlockEntity;)V doesn't use it's CallbackInfo
[02:06:01] [main/DEBUG] (FabricLoader/Mixin) fabric-lifecycle-events-v1.client.mixins.json:WorldChunkMixin from mod fabric-lifecycle-events-v1->@Inject::onLoadBlockEntity(Lnet/minecraft/world/level/block/entity/BlockEntity;Lorg/spongepowered/asm/mixin/injection/callback/CallbackInfo;Lnet/minecraft/core/BlockPos;Lnet/minecraft/world/level/block/entity/BlockEntity;)V has 0 override(s) in child classes
[02:06:01] [main/DEBUG] (FabricLoader/Mixin) fabric-lifecycle-events-v1.client.mixins.json:WorldChunkMixin from mod fabric-lifecycle-events-v1->@Inject::onLoadBlockEntity(Lnet/minecraft/world/level/block/entity/BlockEntity;Lorg/spongepowered/asm/mixin/injection/callback/CallbackInfo;Lnet/minecraft/core/BlockPos;Lnet/minecraft/world/level/block/entity/BlockEntity;)V won't be passed a CallbackInfo as a result
[02:06:01] [main/DEBUG] (FabricLoader/Mixin) fabric-lifecycle-events-v1.client.mixins.json:WorldChunkMixin from mod fabric-lifecycle-events-v1->@Inject::onRemoveBlockEntity(Lnet/minecraft/world/level/block/entity/BlockEntity;Lorg/spongepowered/asm/mixin/injection/callback/CallbackInfo;Lnet/minecraft/core/BlockPos;Lnet/minecraft/world/level/block/entity/BlockEntity;)V doesn't use it's CallbackInfo
[02:06:01] [main/DEBUG] (FabricLoader/Mixin) fabric-lifecycle-events-v1.client.mixins.json:WorldChunkMixin from mod fabric-lifecycle-events-v1->@Inject::onRemoveBlockEntity(Lnet/minecraft/world/level/block/entity/BlockEntity;Lorg/spongepowered/asm/mixin/injection/callback/CallbackInfo;Lnet/minecraft/core/BlockPos;Lnet/minecraft/world/level/block/entity/BlockEntity;)V has 0 override(s) in child classes
[02:06:01] [main/DEBUG] (FabricLoader/Mixin) fabric-lifecycle-events-v1.client.mixins.json:WorldChunkMixin from mod fabric-lifecycle-events-v1->@Inject::onRemoveBlockEntity(Lnet/minecraft/world/level/block/entity/BlockEntity;Lorg/spongepowered/asm/mixin/injection/callback/CallbackInfo;Lnet/minecraft/core/BlockPos;Lnet/minecraft/world/level/block/entity/BlockEntity;)V won't be passed a CallbackInfo as a result
[02:06:01] [main/DEBUG] (FabricLoader/Mixin) fabric-lifecycle-events-v1.client.mixins.json:WorldChunkMixin from mod fabric-lifecycle-events-v1->@Inject::onRemoveBlockEntity(Lnet/minecraft/core/BlockPos;Lorg/spongepowered/asm/mixin/injection/callback/CallbackInfo;Lnet/minecraft/world/level/block/entity/BlockEntity;)V doesn't use it's CallbackInfo
[02:06:01] [main/DEBUG] (FabricLoader/Mixin) fabric-lifecycle-events-v1.client.mixins.json:WorldChunkMixin from mod fabric-lifecycle-events-v1->@Inject::onRemoveBlockEntity(Lnet/minecraft/core/BlockPos;Lorg/spongepowered/asm/mixin/injection/callback/CallbackInfo;Lnet/minecraft/world/level/block/entity/BlockEntity;)V has 0 override(s) in child classes
[02:06:01] [main/DEBUG] (FabricLoader/Mixin) fabric-lifecycle-events-v1.client.mixins.json:WorldChunkMixin from mod fabric-lifecycle-events-v1->@Inject::onRemoveBlockEntity(Lnet/minecraft/core/BlockPos;Lorg/spongepowered/asm/mixin/injection/callback/CallbackInfo;Lnet/minecraft/world/level/block/entity/BlockEntity;)V won't be passed a CallbackInfo as a result
[02:06:01] [main/DEBUG] (FabricLoader/Mixin) Mixing VillagerEntityAccessor from fabric-content-registries-v0.mixins.json into net.minecraft.world.entity.npc.Villager
[02:06:01] [main/DEBUG] (FabricLoader/Mixin) fabric-content-registries-v0.mixins.json:VillagerEntityAccessor from mod fabric-content-registries-v0: Class version 61 required is higher than the class version supported by the current version of Mixin (JAVA_16 supports class version 60)
[02:06:01] [main/DEBUG] (FabricLoader/Mixin) Renaming @Accessor method fabric_setItemFoodValues(Ljava/util/Map;)V to fabric_setItemFoodValues$fabric-content-registries-v0_$md$4ccb60$0 in fabric-content-registries-v0.mixins.json:VillagerEntityAccessor from mod fabric-content-registries-v0
[02:06:01] [main/DEBUG] (FabricLoader/Mixin) Renaming @Accessor method fabric_setGatherableItems(Ljava/util/Set;)V to fabric_setGatherableItems$fabric-content-registries-v0_$md$4ccb60$1 in fabric-content-registries-v0.mixins.json:VillagerEntityAccessor from mod fabric-content-registries-v0
[02:06:01] [main/DEBUG] (FabricLoader/Mixin) Renaming @Accessor method fabric_getGatherableItems()Ljava/util/Set; to fabric_getGatherableItems$fabric-content-registries-v0_$md$4ccb60$2 in fabric-content-registries-v0.mixins.json:VillagerEntityAccessor from mod fabric-content-registries-v0
[02:06:01] [main/DEBUG] (FabricLoader/Mixin) Mixing VillagerEntityMixin from fabric-entity-events-v1.mixins.json into net.minecraft.world.entity.npc.Villager
[02:06:01] [main/DEBUG] (FabricLoader/Mixin) fabric-entity-events-v1.mixins.json:VillagerEntityMixin from mod fabric-entity-events-v1: Class version 61 required is higher than the class version supported by the current version of Mixin (JAVA_16 supports class version 60)
[02:06:01] [main/DEBUG] (FabricLoader/Mixin) Mixing ingredient.IngredientMixin from fabric-recipe-api-v1.mixins.json into net.minecraft.world.item.crafting.Ingredient
[02:06:01] [main/DEBUG] (FabricLoader/Mixin) fabric-recipe-api-v1.mixins.json:ingredient.IngredientMixin from mod fabric-recipe-api-v1->@Inject::injectFromJson(Lcom/google/gson/JsonElement;ZLorg/spongepowered/asm/mixin/injection/callback/CallbackInfoReturnable;)V does use it's CallbackInfoReturnable
[02:06:01] [main/DEBUG] (FabricLoader/Mixin) fabric-recipe-api-v1.mixins.json:ingredient.IngredientMixin from mod fabric-recipe-api-v1->@Inject::injectEntryFromJson(Lcom/google/gson/JsonObject;Lorg/spongepowered/asm/mixin/injection/callback/CallbackInfoReturnable;)V doesn't use it's CallbackInfoReturnable
[02:06:01] [main/DEBUG] (FabricLoader/Mixin) fabric-recipe-api-v1.mixins.json:ingredient.IngredientMixin from mod fabric-recipe-api-v1->@Inject::injectFromPacket(Lnet/minecraft/network/FriendlyByteBuf;Lorg/spongepowered/asm/mixin/injection/callback/CallbackInfoReturnable;)V does use it's CallbackInfoReturnable
[02:06:01] [main/DEBUG] (FabricLoader/Mixin) Mixing inject.MixinFoodPropertiesBuilder from architectury-common.mixins.json into net.minecraft.world.food.FoodProperties$Builder
[02:06:01] [main/DEBUG] (FabricLoader/Mixin) Mixing ServerPlayNetworkHandlerMixin from fabric-networking-api-v1.mixins.json into net.minecraft.server.network.ServerGamePacketListenerImpl
[02:06:01] [main/DEBUG] (FabricLoader/Mixin) fabric-networking-api-v1.mixins.json:ServerPlayNetworkHandlerMixin from mod fabric-networking-api-v1: Class version 61 required is higher than the class version supported by the current version of Mixin (JAVA_16 supports class version 60)
[02:06:01] [main/DEBUG] (FabricLoader/Mixin) Mixing accessor.ServerPlayNetworkHandlerAccessor from fabric-networking-api-v1.mixins.json into net.minecraft.server.network.ServerGamePacketListenerImpl
[02:06:01] [main/DEBUG] (FabricLoader/Mixin) fabric-networking-api-v1.mixins.json:accessor.ServerPlayNetworkHandlerAccessor from mod fabric-networking-api-v1: Class version 61 required is higher than the class version supported by the current version of Mixin (JAVA_16 supports class version 60)
[02:06:01] [main/DEBUG] (FabricLoader/Mixin) fabric-networking-api-v1.mixins.json:ServerPlayNetworkHandlerMixin from mod fabric-networking-api-v1->@Inject::initAddon(Lorg/spongepowered/asm/mixin/injection/callback/CallbackInfo;)V doesn't use it's CallbackInfo
[02:06:01] [main/DEBUG] (FabricLoader/Mixin) fabric-networking-api-v1.mixins.json:ServerPlayNetworkHandlerMixin from mod fabric-networking-api-v1->@Inject::initAddon(Lorg/spongepowered/asm/mixin/injection/callback/CallbackInfo;)V has 0 override(s) in child classes
[02:06:01] [main/DEBUG] (FabricLoader/Mixin) fabric-networking-api-v1.mixins.json:ServerPlayNetworkHandlerMixin from mod fabric-networking-api-v1->@Inject::initAddon(Lorg/spongepowered/asm/mixin/injection/callback/CallbackInfo;)V won't be passed a CallbackInfo as a result
[02:06:01] [main/DEBUG] (FabricLoader/Mixin) fabric-networking-api-v1.mixins.json:ServerPlayNetworkHandlerMixin from mod fabric-networking-api-v1->@Inject::handleCustomPayloadReceivedAsync(Lnet/minecraft/network/protocol/game/ServerboundCustomPayloadPacket;Lorg/spongepowered/asm/mixin/injection/callback/CallbackInfo;)V does use it's CallbackInfo
[02:06:01] [main/DEBUG] (FabricLoader/Mixin) fabric-networking-api-v1.mixins.json:ServerPlayNetworkHandlerMixin from mod fabric-networking-api-v1->@Inject::handleDisconnection(Lnet/minecraft/network/chat/Component;Lorg/spongepowered/asm/mixin/injection/callback/CallbackInfo;)V doesn't use it's CallbackInfo
[02:06:01] [main/DEBUG] (FabricLoader/Mixin) fabric-networking-api-v1.mixins.json:ServerPlayNetworkHandlerMixin from mod fabric-networking-api-v1->@Inject::handleDisconnection(Lnet/minecraft/network/chat/Component;Lorg/spongepowered/asm/mixin/injection/callback/CallbackInfo;)V has 0 override(s) in child classes
[02:06:01] [main/DEBUG] (FabricLoader/Mixin) fabric-networking-api-v1.mixins.json:ServerPlayNetworkHandlerMixin from mod fabric-networking-api-v1->@Inject::handleDisconnection(Lnet/minecraft/network/chat/Component;Lorg/spongepowered/asm/mixin/injection/callback/CallbackInfo;)V won't be passed a CallbackInfo as a result
[02:06:01] [main/DEBUG] (FabricLoader/Mixin) Mixing EntitySelectorOptionsAccessor from fabric-command-api-v2.mixins.json into net.minecraft.commands.arguments.selector.options.EntitySelectorOptions
[02:06:01] [main/DEBUG] (FabricLoader/Mixin) fabric-command-api-v2.mixins.json:EntitySelectorOptionsAccessor from mod fabric-command-api-v2: Class version 61 required is higher than the class version supported by the current version of Mixin (JAVA_16 supports class version 60)
[02:06:01] [main/DEBUG] (FabricLoader/Mixin) Renaming @Invoker method callPutOption(Ljava/lang/String;Lnet/minecraft/commands/arguments/selector/options/EntitySelectorOptions$Modifier;Ljava/util/function/Predicate;Lnet/minecraft/network/chat/Component;)V to callPutOption$fabric-command-api-v2_$md$4ccb60$0 in fabric-command-api-v2.mixins.json:EntitySelectorOptionsAccessor from mod fabric-command-api-v2
[02:06:01] [main/DEBUG] (FabricLoader/Mixin) Mixing EntitySelectorReaderMixin from fabric-command-api-v2.mixins.json into net.minecraft.commands.arguments.selector.EntitySelectorParser
[02:06:01] [main/DEBUG] (FabricLoader/Mixin) fabric-command-api-v2.mixins.json:EntitySelectorReaderMixin from mod fabric-command-api-v2: Class version 61 required is higher than the class version supported by the current version of Mixin (JAVA_16 supports class version 60)
[02:06:01] [main/DEBUG] (FabricLoader/Mixin) Generating mapped inner class net/minecraft/world/level/block/entity/ChiseledBookShelfBlockEntity$Anonymous$f544d2f22bb346f58b54b3f05c88083b (originally net/fabricmc/fabric/mixin/transfer/ChiseledBookshelfBlockEntityMixin$1)
[02:06:01] [main/DEBUG] (FabricLoader/Mixin) Mixing StructureTemplateManagerMixin from fabric-gametest-api-v1.mixins.json into net.minecraft.world.level.levelgen.structure.templatesystem.StructureTemplateManager
[02:06:01] [main/DEBUG] (FabricLoader/Mixin) fabric-gametest-api-v1.mixins.json:StructureTemplateManagerMixin from mod fabric-gametest-api-v1: Class version 61 required is higher than the class version supported by the current version of Mixin (JAVA_16 supports class version 60)
[02:06:01] [main/DEBUG] (FabricLoader/Mixin) fabric-gametest-api-v1.mixins.json:StructureTemplateManagerMixin from mod fabric-gametest-api-v1->@Inject::addFabricTemplateProvider(Lnet/minecraft/server/packs/resources/ResourceManager;Lnet/minecraft/world/level/storage/LevelStorageSource$LevelStorageAccess;Lcom/mojang/datafixers/DataFixer;Lnet/minecraft/core/HolderGetter;Lorg/spongepowered/asm/mixin/injection/callback/CallbackInfo;Lcom/google/common/collect/ImmutableList$Builder;)V doesn't use it's CallbackInfo
[02:06:01] [main/DEBUG] (FabricLoader/Mixin) fabric-gametest-api-v1.mixins.json:StructureTemplateManagerMixin from mod fabric-gametest-api-v1->@Inject::addFabricTemplateProvider(Lnet/minecraft/server/packs/resources/ResourceManager;Lnet/minecraft/world/level/storage/LevelStorageSource$LevelStorageAccess;Lcom/mojang/datafixers/DataFixer;Lnet/minecraft/core/HolderGetter;Lorg/spongepowered/asm/mixin/injection/callback/CallbackInfo;Lcom/google/common/collect/ImmutableList$Builder;)V has 0 override(s) in child classes
[02:06:01] [main/DEBUG] (FabricLoader/Mixin) fabric-gametest-api-v1.mixins.json:StructureTemplateManagerMixin from mod fabric-gametest-api-v1->@Inject::addFabricTemplateProvider(Lnet/minecraft/server/packs/resources/ResourceManager;Lnet/minecraft/world/level/storage/LevelStorageSource$LevelStorageAccess;Lcom/mojang/datafixers/DataFixer;Lnet/minecraft/core/HolderGetter;Lorg/spongepowered/asm/mixin/injection/callback/CallbackInfo;Lcom/google/common/collect/ImmutableList$Builder;)V won't be passed a CallbackInfo as a result
[02:06:01] [main/DEBUG] (FabricLoader/Mixin) Mixing MixinInventory from architectury.mixins.json into net.minecraft.world.entity.player.Inventory
[02:06:01] [main/DEBUG] (FabricLoader/Mixin) architectury.mixins.json:MixinInventory from mod architectury->@Inject::updateItems(Lorg/spongepowered/asm/mixin/injection/callback/CallbackInfo;)V doesn't use it's CallbackInfo
[02:06:01] [main/DEBUG] (FabricLoader/Mixin) architectury.mixins.json:MixinInventory from mod architectury->@Inject::updateItems(Lorg/spongepowered/asm/mixin/injection/callback/CallbackInfo;)V has 0 override(s) in child classes
[02:06:01] [main/DEBUG] (FabricLoader/Mixin) architectury.mixins.json:MixinInventory from mod architectury->@Inject::updateItems(Lorg/spongepowered/asm/mixin/injection/callback/CallbackInfo;)V won't be passed a CallbackInfo as a result
[02:06:01] [main/DEBUG] (FabricLoader/Mixin) Mixing SimpleInventoryMixin from fabric-transfer-api-v1.mixins.json into net.minecraft.world.SimpleContainer
[02:06:01] [main/DEBUG] (FabricLoader/Mixin) fabric-transfer-api-v1.mixins.json:SimpleInventoryMixin from mod fabric-transfer-api-v1: Class version 61 required is higher than the class version supported by the current version of Mixin (JAVA_16 supports class version 60)
[02:06:01] [main/DEBUG] (FabricLoader/Mixin) Mixing MixinFurnaceResultSlot from architectury.mixins.json into net.minecraft.world.inventory.FurnaceResultSlot
[02:06:01] [main/DEBUG] (FabricLoader/Mixin) architectury.mixins.json:MixinFurnaceResultSlot from mod architectury->@Inject::checkTakeAchievements(Lnet/minecraft/world/item/ItemStack;Lorg/spongepowered/asm/mixin/injection/callback/CallbackInfo;)V doesn't use it's CallbackInfo
[02:06:01] [main/DEBUG] (FabricLoader/Mixin) architectury.mixins.json:MixinFurnaceResultSlot from mod architectury->@Inject::checkTakeAchievements(Lnet/minecraft/world/item/ItemStack;Lorg/spongepowered/asm/mixin/injection/callback/CallbackInfo;)V has 0 override(s) in child classes
[02:06:01] [main/DEBUG] (FabricLoader/Mixin) architectury.mixins.json:MixinFurnaceResultSlot from mod architectury->@Inject::checkTakeAchievements(Lnet/minecraft/world/item/ItemStack;Lorg/spongepowered/asm/mixin/injection/callback/CallbackInfo;)V won't be passed a CallbackInfo as a result
[02:06:01] [main/DEBUG] (FabricLoader/Mixin) Mixing MixinResultSlot from architectury.mixins.json into net.minecraft.world.inventory.ResultSlot
[02:06:01] [main/DEBUG] (FabricLoader/Mixin) architectury.mixins.json:MixinResultSlot from mod architectury->@Inject::craft(Lnet/minecraft/world/item/ItemStack;Lorg/spongepowered/asm/mixin/injection/callback/CallbackInfo;)V doesn't use it's CallbackInfo
[02:06:01] [main/DEBUG] (FabricLoader/Mixin) architectury.mixins.json:MixinResultSlot from mod architectury->@Inject::craft(Lnet/minecraft/world/item/ItemStack;Lorg/spongepowered/asm/mixin/injection/callback/CallbackInfo;)V has 0 override(s) in child classes
[02:06:01] [main/DEBUG] (FabricLoader/Mixin) architectury.mixins.json:MixinResultSlot from mod architectury->@Inject::craft(Lnet/minecraft/world/item/ItemStack;Lorg/spongepowered/asm/mixin/injection/callback/CallbackInfo;)V won't be passed a CallbackInfo as a result
[02:06:01] [main/DEBUG] (FabricLoader/Mixin) Mixing RecipeMixin from fabric-item-api-v1.mixins.json into net.minecraft.world.item.crafting.Recipe
[02:06:01] [main/DEBUG] (FabricLoader/Mixin) fabric-item-api-v1.mixins.json:RecipeMixin from mod fabric-item-api-v1: Class version 61 required is higher than the class version supported by the current version of Mixin (JAVA_16 supports class version 60)
[02:06:01] [main/DEBUG] (FabricLoader/Mixin) fabric-item-api-v1.mixins.json:RecipeMixin from mod fabric-item-api-v1->@Inject::captureStack(Lnet/minecraft/world/Container;Lorg/spongepowered/asm/mixin/injection/callback/CallbackInfoReturnable;Lnet/minecraft/core/NonNullList;I)V doesn't use it's CallbackInfoReturnable
[02:06:01] [main/DEBUG] (FabricLoader/Mixin) fabric-item-api-v1.mixins.json:RecipeMixin from mod fabric-item-api-v1->@Inject::captureStack(Lnet/minecraft/world/Container;Lorg/spongepowered/asm/mixin/injection/callback/CallbackInfoReturnable;Lnet/minecraft/core/NonNullList;I)V has 0 override(s) in child classes
[02:06:01] [main/DEBUG] (FabricLoader/Mixin) fabric-item-api-v1.mixins.json:RecipeMixin from mod fabric-item-api-v1->@Inject::captureStack(Lnet/minecraft/world/Container;Lorg/spongepowered/asm/mixin/injection/callback/CallbackInfoReturnable;Lnet/minecraft/core/NonNullList;I)V won't be passed a CallbackInfoReturnable as a result
[02:06:01] [main/DEBUG] (FabricLoader/Mixin) Mixing RegistryCodecsMixin from fabric-dimensions-v1.mixins.json into net.minecraft.core.RegistryCodecs
[02:06:01] [main/DEBUG] (FabricLoader/Mixin) fabric-dimensions-v1.mixins.json:RegistryCodecsMixin from mod fabric-dimensions-v1: Class version 61 required is higher than the class version supported by the current version of Mixin (JAVA_16 supports class version 60)
[02:06:02] [main/DEBUG] (FabricLoader/Mixin) Mixing BiomeSourceMixin from fabric-biome-api-v1.mixins.json into net.minecraft.world.level.biome.BiomeSource
[02:06:02] [main/DEBUG] (FabricLoader/Mixin) fabric-biome-api-v1.mixins.json:BiomeSourceMixin from mod fabric-biome-api-v1: Class version 61 required is higher than the class version supported by the current version of Mixin (JAVA_16 supports class version 60)
[02:06:02] [main/DEBUG] (FabricLoader/Mixin) Mixing BiomeAccessor from architectury.mixins.json into net.minecraft.world.level.biome.Biome
[02:06:02] [main/DEBUG] (FabricLoader/Mixin) Mixing MultiNoiseBiomeSourceMixin from fabric-biome-api-v1.mixins.json into net.minecraft.world.level.biome.MultiNoiseBiomeSource
[02:06:02] [main/DEBUG] (FabricLoader/Mixin) fabric-biome-api-v1.mixins.json:MultiNoiseBiomeSourceMixin from mod fabric-biome-api-v1: Class version 61 required is higher than the class version supported by the current version of Mixin (JAVA_16 supports class version 60)
[02:06:02] [main/DEBUG] (FabricLoader/Mixin) Mixing NetherBiomePresetMixin from fabric-biome-api-v1.mixins.json into net.minecraft.world.level.biome.MultiNoiseBiomeSourceParameterList$Preset$1
[02:06:02] [main/DEBUG] (FabricLoader/Mixin) fabric-biome-api-v1.mixins.json:NetherBiomePresetMixin from mod fabric-biome-api-v1: Class version 61 required is higher than the class version supported by the current version of Mixin (JAVA_16 supports class version 60)
[02:06:02] [main/DEBUG] (FabricLoader/Mixin) fabric-biome-api-v1.mixins.json:NetherBiomePresetMixin from mod fabric-biome-api-v1->@Inject::apply(Ljava/util/function/Function;Lorg/spongepowered/asm/mixin/injection/callback/CallbackInfoReturnable;)V does use it's CallbackInfoReturnable
[02:06:02] [main/DEBUG] (FabricLoader/Mixin) Mixing TheEndBiomeSourceMixin from fabric-biome-api-v1.mixins.json into net.minecraft.world.level.biome.TheEndBiomeSource
[02:06:02] [main/DEBUG] (FabricLoader/Mixin) fabric-biome-api-v1.mixins.json:TheEndBiomeSourceMixin from mod fabric-biome-api-v1: Class version 61 required is higher than the class version supported by the current version of Mixin (JAVA_16 supports class version 60)
[02:06:02] [main/DEBUG] (FabricLoader/Mixin) Renaming synthetic method lambda$init$1(Lnet/minecraft/core/HolderGetter;)Lnet/fabricmc/fabric/impl/biome/TheEndBiomeData$Overrides; to md4ccb60$fabric-biome-api-v1$lambda$init$1$0 in fabric-biome-api-v1.mixins.json:TheEndBiomeSourceMixin from mod fabric-biome-api-v1
[02:06:02] [main/DEBUG] (FabricLoader/Mixin) Renaming synthetic method lambda$modifyCodec$0(Lcom/mojang/serialization/codecs/RecordCodecBuilder$Instance;)Lcom/mojang/datafixers/kinds/App; to md4ccb60$fabric-biome-api-v1$lambda$modifyCodec$0$1 in fabric-biome-api-v1.mixins.json:TheEndBiomeSourceMixin from mod fabric-biome-api-v1
[02:06:02] [main/DEBUG] (FabricLoader/Mixin) fabric-biome-api-v1.mixins.json:TheEndBiomeSourceMixin from mod fabric-biome-api-v1->@Inject::modifyCodec(Lorg/spongepowered/asm/mixin/injection/callback/CallbackInfo;)V doesn't use it's CallbackInfo
[02:06:02] [main/DEBUG] (FabricLoader/Mixin) fabric-biome-api-v1.mixins.json:TheEndBiomeSourceMixin from mod fabric-biome-api-v1->@Inject::rememberLookup(Lnet/minecraft/core/HolderGetter;Lorg/spongepowered/asm/mixin/injection/callback/CallbackInfoReturnable;)V doesn't use it's CallbackInfoReturnable
[02:06:02] [main/DEBUG] (FabricLoader/Mixin) fabric-biome-api-v1.mixins.json:TheEndBiomeSourceMixin from mod fabric-biome-api-v1->@Inject::clearLookup(Lnet/minecraft/core/HolderGetter;Lorg/spongepowered/asm/mixin/injection/callback/CallbackInfoReturnable;)V doesn't use it's CallbackInfoReturnable
[02:06:02] [main/DEBUG] (FabricLoader/Mixin) fabric-biome-api-v1.mixins.json:TheEndBiomeSourceMixin from mod fabric-biome-api-v1->@Inject::init(Lnet/minecraft/core/Holder;Lnet/minecraft/core/Holder;Lnet/minecraft/core/Holder;Lnet/minecraft/core/Holder;Lnet/minecraft/core/Holder;Lorg/spongepowered/asm/mixin/injection/callback/CallbackInfo;)V doesn't use it's CallbackInfo
[02:06:02] [main/DEBUG] (FabricLoader/Mixin) fabric-biome-api-v1.mixins.json:TheEndBiomeSourceMixin from mod fabric-biome-api-v1->@Inject::init(Lnet/minecraft/core/Holder;Lnet/minecraft/core/Holder;Lnet/minecraft/core/Holder;Lnet/minecraft/core/Holder;Lnet/minecraft/core/Holder;Lorg/spongepowered/asm/mixin/injection/callback/CallbackInfo;)V has 0 override(s) in child classes
[02:06:02] [main/DEBUG] (FabricLoader/Mixin) fabric-biome-api-v1.mixins.json:TheEndBiomeSourceMixin from mod fabric-biome-api-v1->@Inject::init(Lnet/minecraft/core/Holder;Lnet/minecraft/core/Holder;Lnet/minecraft/core/Holder;Lnet/minecraft/core/Holder;Lnet/minecraft/core/Holder;Lorg/spongepowered/asm/mixin/injection/callback/CallbackInfo;)V won't be passed a CallbackInfo as a result
[02:06:02] [main/DEBUG] (FabricLoader/Mixin) fabric-biome-api-v1.mixins.json:TheEndBiomeSourceMixin from mod fabric-biome-api-v1->@Inject::getWeightedEndBiome(IIILnet/minecraft/world/level/biome/Climate$Sampler;Lorg/spongepowered/asm/mixin/injection/callback/CallbackInfoReturnable;)V does use it's CallbackInfoReturnable
[02:06:02] [main/DEBUG] (FabricLoader/Mixin) fabric-biome-api-v1.mixins.json:TheEndBiomeSourceMixin from mod fabric-biome-api-v1->@Inject::getWeightedEndBiome(IIILnet/minecraft/world/level/biome/Climate$Sampler;Lorg/spongepowered/asm/mixin/injection/callback/CallbackInfoReturnable;)V does use it's CallbackInfoReturnable
[02:06:02] [main/DEBUG] (FabricLoader/Mixin) fabric-biome-api-v1.mixins.json:TheEndBiomeSourceMixin from mod fabric-biome-api-v1->@Inject::getWeightedEndBiome(IIILnet/minecraft/world/level/biome/Climate$Sampler;Lorg/spongepowered/asm/mixin/injection/callback/CallbackInfoReturnable;)V does use it's CallbackInfoReturnable
[02:06:02] [main/DEBUG] (FabricLoader/Mixin) fabric-biome-api-v1.mixins.json:TheEndBiomeSourceMixin from mod fabric-biome-api-v1->@Inject::getWeightedEndBiome(IIILnet/minecraft/world/level/biome/Climate$Sampler;Lorg/spongepowered/asm/mixin/injection/callback/CallbackInfoReturnable;)V does use it's CallbackInfoReturnable
[02:06:02] [main/DEBUG] (FabricLoader/Mixin) fabric-biome-api-v1.mixins.json:TheEndBiomeSourceMixin from mod fabric-biome-api-v1->@Inject::getWeightedEndBiome(IIILnet/minecraft/world/level/biome/Climate$Sampler;Lorg/spongepowered/asm/mixin/injection/callback/CallbackInfoReturnable;)V does use it's CallbackInfoReturnable
[02:06:02] [main/DEBUG] (FabricLoader/Mixin) Mixing DebugChunkGeneratorAccessor from fabric-registry-sync-v0.mixins.json into net.minecraft.world.level.levelgen.DebugLevelSource
[02:06:02] [main/DEBUG] (FabricLoader/Mixin) fabric-registry-sync-v0.mixins.json:DebugChunkGeneratorAccessor from mod fabric-registry-sync-v0: Class version 61 required is higher than the class version supported by the current version of Mixin (JAVA_16 supports class version 60)
[02:06:02] [main/DEBUG] (FabricLoader/Mixin) Renaming @Accessor method setBLOCK_STATES(Ljava/util/List;)V to setBLOCK_STATES$fabric-registry-sync-v0_$md$4ccb60$0 in fabric-registry-sync-v0.mixins.json:DebugChunkGeneratorAccessor from mod fabric-registry-sync-v0
[02:06:02] [main/DEBUG] (FabricLoader/Mixin) Renaming @Accessor method setX_SIDE_LENGTH(I)V to setX_SIDE_LENGTH$fabric-registry-sync-v0_$md$4ccb60$1 in fabric-registry-sync-v0.mixins.json:DebugChunkGeneratorAccessor from mod fabric-registry-sync-v0
[02:06:02] [main/DEBUG] (FabricLoader/Mixin) Renaming @Accessor method setZ_SIDE_LENGTH(I)V to setZ_SIDE_LENGTH$fabric-registry-sync-v0_$md$4ccb60$2 in fabric-registry-sync-v0.mixins.json:DebugChunkGeneratorAccessor from mod fabric-registry-sync-v0
[02:06:02] [main/DEBUG] (FabricLoader/Mixin) Generating mapped inner class net/minecraft/world/item/CreativeModeTabs$1ItemGroupPosition$6658e62ece174420b243f9d4e45aa8e5 (originally net/fabricmc/fabric/mixin/itemgroup/ItemGroupsMixin$1ItemGroupPosition)
[02:06:02] [main/DEBUG] (FabricLoader/Mixin) Mixing DefaultAttributeRegistryAccessor from fabric-object-builder-v1.mixins.json into net.minecraft.world.entity.ai.attributes.DefaultAttributes
[02:06:02] [main/DEBUG] (FabricLoader/Mixin) fabric-object-builder-v1.mixins.json:DefaultAttributeRegistryAccessor from mod fabric-object-builder-api-v1: Class version 61 required is higher than the class version supported by the current version of Mixin (JAVA_16 supports class version 60)
[02:06:02] [main/DEBUG] (FabricLoader/Mixin) Renaming @Accessor method getRegistry()Ljava/util/Map; to getRegistry$fabric-object-builder-api-v1_$md$4ccb60$0 in fabric-object-builder-v1.mixins.json:DefaultAttributeRegistryAccessor from mod fabric-object-builder-api-v1
[02:06:02] [main/DEBUG] (FabricLoader/Mixin) Mixing DefaultAttributeRegistryMixin from fabric-object-builder-v1.mixins.json into net.minecraft.world.entity.ai.attributes.DefaultAttributes
[02:06:02] [main/DEBUG] (FabricLoader/Mixin) fabric-object-builder-v1.mixins.json:DefaultAttributeRegistryMixin from mod fabric-object-builder-api-v1: Class version 61 required is higher than the class version supported by the current version of Mixin (JAVA_16 supports class version 60)
[02:06:02] [main/DEBUG] (FabricLoader/Mixin) fabric-object-builder-v1.mixins.json:DefaultAttributeRegistryMixin from mod fabric-object-builder-api-v1->@Inject::injectAttributes(Lorg/spongepowered/asm/mixin/injection/callback/CallbackInfo;)V doesn't use it's CallbackInfo
[02:06:02] [Render thread/INFO] (net.minecraft.server.LoggedPrintStream) [STDERR]: [LWJGL] [ThreadLocalUtil] Unsupported JNI version detected, this may result in a crash. Please inform LWJGL developers.
[02:06:02] [Render thread/DEBUG] (FabricLoader/Mixin) Mixing MinecraftClientMixin from fabric-events-interaction-v0.client.mixins.json into net.minecraft.client.Minecraft
[02:06:02] [Render thread/DEBUG] (FabricLoader/Mixin) fabric-events-interaction-v0.client.mixins.json:MinecraftClientMixin from mod fabric-events-interaction-v0: Class version 61 required is higher than the class version supported by the current version of Mixin (JAVA_16 supports class version 60)
[02:06:02] [Render thread/DEBUG] (FabricLoader/Mixin) Mixing client.MixinMinecraft from architectury.mixins.json into net.minecraft.client.Minecraft
[02:06:02] [Render thread/DEBUG] (FabricLoader/Mixin) Mixing MinecraftClientMixin from fabric-screen-api-v1.mixins.json into net.minecraft.client.Minecraft
[02:06:02] [Render thread/DEBUG] (FabricLoader/Mixin) fabric-screen-api-v1.mixins.json:MinecraftClientMixin from mod fabric-screen-api-v1: Class version 61 required is higher than the class version supported by the current version of Mixin (JAVA_16 supports class version 60)
[02:06:02] [Render thread/DEBUG] (FabricLoader/Mixin) Renaming @Unique field LOGGERLorg/slf4j/Logger; to fd4ccb60$fabric-screen-api-v1$LOGGER$0 in fabric-screen-api-v1.mixins.json:MinecraftClientMixin from mod fabric-screen-api-v1
[02:06:02] [Render thread/DEBUG] (FabricLoader/Mixin) Mixing accessor.MinecraftClientAccessor from fabric-networking-api-v1.client.mixins.json into net.minecraft.client.Minecraft
[02:06:02] [Render thread/DEBUG] (FabricLoader/Mixin) fabric-networking-api-v1.client.mixins.json:accessor.MinecraftClientAccessor from mod fabric-networking-api-v1: Class version 61 required is higher than the class version supported by the current version of Mixin (JAVA_16 supports class version 60)
[02:06:02] [Render thread/DEBUG] (FabricLoader/Mixin) Mixing MinecraftClientMixin from fabric-data-generation-api-v1.client.mixins.json into net.minecraft.client.Minecraft
[02:06:02] [Render thread/DEBUG] (FabricLoader/Mixin) fabric-data-generation-api-v1.client.mixins.json:MinecraftClientMixin from mod fabric-data-generation-api-v1: Class version 61 required is higher than the class version supported by the current version of Mixin (JAVA_16 supports class version 60)
[02:06:02] [Render thread/DEBUG] (FabricLoader/Mixin) Mixing MinecraftClientMixin from fabric-registry-sync-v0.client.mixins.json into net.minecraft.client.Minecraft
[02:06:02] [Render thread/DEBUG] (FabricLoader/Mixin) fabric-registry-sync-v0.client.mixins.json:MinecraftClientMixin from mod fabric-registry-sync-v0: Class version 61 required is higher than the class version supported by the current version of Mixin (JAVA_16 supports class version 60)
[02:06:02] [Render thread/DEBUG] (FabricLoader/Mixin) Mixing MinecraftMixin from jei.mixins.json into net.minecraft.client.Minecraft
[02:06:02] [Render thread/DEBUG] (FabricLoader/Mixin) jei.mixins.json:MinecraftMixin from mod jei: Class version 61 required is higher than the class version supported by the current version of Mixin (JAVA_16 supports class version 60)
[02:06:02] [Render thread/DEBUG] (FabricLoader/Mixin) Mixing MinecraftClientMixin from fabric-lifecycle-events-v1.client.mixins.json into net.minecraft.client.Minecraft
[02:06:02] [Render thread/DEBUG] (FabricLoader/Mixin) fabric-lifecycle-events-v1.client.mixins.json:MinecraftClientMixin from mod fabric-lifecycle-events-v1: Class version 61 required is higher than the class version supported by the current version of Mixin (JAVA_16 supports class version 60)
[02:06:02] [Render thread/DEBUG] (FabricLoader/Mixin) fabric-events-interaction-v0.client.mixins.json:MinecraftClientMixin from mod fabric-events-interaction-v0->@Inject::fabric_doItemPickWrapper(Lorg/spongepowered/asm/mixin/injection/callback/CallbackInfo;)V does use it's CallbackInfo
[02:06:02] [Render thread/DEBUG] (FabricLoader/Mixin) fabric-events-interaction-v0.client.mixins.json:MinecraftClientMixin from mod fabric-events-interaction-v0->@Inject::cancelItemPick(Lorg/spongepowered/asm/mixin/injection/callback/CallbackInfo;)V does use it's CallbackInfo
[02:06:02] [Render thread/DEBUG] (FabricLoader/Mixin) fabric-events-interaction-v0.client.mixins.json:MinecraftClientMixin from mod fabric-events-interaction-v0->@Inject::injectUseEntityCallback(Lorg/spongepowered/asm/mixin/injection/callback/CallbackInfo;[Lnet/minecraft/world/InteractionHand;IILnet/minecraft/world/InteractionHand;Lnet/minecraft/world/item/ItemStack;Lnet/minecraft/world/phys/EntityHitResult;Lnet/minecraft/world/entity/Entity;)V does use it's CallbackInfo
[02:06:02] [Render thread/DEBUG] (FabricLoader/Mixin) fabric-events-interaction-v0.client.mixins.json:MinecraftClientMixin from mod fabric-events-interaction-v0->@Inject::injectHandleInputEventsForPreAttackCallback(Lorg/spongepowered/asm/mixin/injection/callback/CallbackInfo;)V doesn't use it's CallbackInfo
[02:06:02] [Render thread/DEBUG] (FabricLoader/Mixin) fabric-events-interaction-v0.client.mixins.json:MinecraftClientMixin from mod fabric-events-interaction-v0->@Inject::injectHandleInputEventsForPreAttackCallback(Lorg/spongepowered/asm/mixin/injection/callback/CallbackInfo;)V has 0 override(s) in child classes
[02:06:02] [Render thread/DEBUG] (FabricLoader/Mixin) fabric-events-interaction-v0.client.mixins.json:MinecraftClientMixin from mod fabric-events-interaction-v0->@Inject::injectHandleInputEventsForPreAttackCallback(Lorg/spongepowered/asm/mixin/injection/callback/CallbackInfo;)V won't be passed a CallbackInfo as a result
[02:06:02] [Render thread/DEBUG] (FabricLoader/Mixin) fabric-events-interaction-v0.client.mixins.json:MinecraftClientMixin from mod fabric-events-interaction-v0->@Inject::injectDoAttackForCancelling(Lorg/spongepowered/asm/mixin/injection/callback/CallbackInfoReturnable;)V does use it's CallbackInfoReturnable
[02:06:02] [Render thread/DEBUG] (FabricLoader/Mixin) fabric-events-interaction-v0.client.mixins.json:MinecraftClientMixin from mod fabric-events-interaction-v0->@Inject::injectHandleBlockBreakingForCancelling(ZLorg/spongepowered/asm/mixin/injection/callback/CallbackInfo;)V does use it's CallbackInfo
[02:06:02] [Render thread/DEBUG] (FabricLoader/Mixin) architectury.mixins.json:client.MixinMinecraft from mod architectury->@Inject::handleLogin(Lnet/minecraft/client/gui/screens/Screen;Lorg/spongepowered/asm/mixin/injection/callback/CallbackInfo;)V doesn't use it's CallbackInfo
[02:06:02] [Render thread/DEBUG] (FabricLoader/Mixin) architectury.mixins.json:client.MixinMinecraft from mod architectury->@Inject::handleLogin(Lnet/minecraft/client/gui/screens/Screen;Lorg/spongepowered/asm/mixin/injection/callback/CallbackInfo;)V has 0 override(s) in child classes
[02:06:02] [Render thread/DEBUG] (FabricLoader/Mixin) architectury.mixins.json:client.MixinMinecraft from mod architectury->@Inject::handleLogin(Lnet/minecraft/client/gui/screens/Screen;Lorg/spongepowered/asm/mixin/injection/callback/CallbackInfo;)V won't be passed a CallbackInfo as a result
[02:06:02] [Render thread/DEBUG] (FabricLoader/Mixin) architectury.mixins.json:client.MixinMinecraft from mod architectury->@Inject::rightClickAir(Lorg/spongepowered/asm/mixin/injection/callback/CallbackInfo;[Lnet/minecraft/world/InteractionHand;IILnet/minecraft/world/InteractionHand;Lnet/minecraft/world/item/ItemStack;)V doesn't use it's CallbackInfo
[02:06:02] [Render thread/DEBUG] (FabricLoader/Mixin) architectury.mixins.json:client.MixinMinecraft from mod architectury->@Inject::rightClickAir(Lorg/spongepowered/asm/mixin/injection/callback/CallbackInfo;[Lnet/minecraft/world/InteractionHand;IILnet/minecraft/world/InteractionHand;Lnet/minecraft/world/item/ItemStack;)V has 0 override(s) in child classes
[02:06:02] [Render thread/DEBUG] (FabricLoader/Mixin) architectury.mixins.json:client.MixinMinecraft from mod architectury->@Inject::rightClickAir(Lorg/spongepowered/asm/mixin/injection/callback/CallbackInfo;[Lnet/minecraft/world/InteractionHand;IILnet/minecraft/world/InteractionHand;Lnet/minecraft/world/item/ItemStack;)V won't be passed a CallbackInfo as a result
[02:06:02] [Render thread/DEBUG] (FabricLoader/Mixin) architectury.mixins.json:client.MixinMinecraft from mod architectury->@Inject::leftClickAir(Lorg/spongepowered/asm/mixin/injection/callback/CallbackInfoReturnable;)V doesn't use it's CallbackInfoReturnable
[02:06:02] [Render thread/DEBUG] (FabricLoader/Mixin) architectury.mixins.json:client.MixinMinecraft from mod architectury->@Inject::leftClickAir(Lorg/spongepowered/asm/mixin/injection/callback/CallbackInfoReturnable;)V has 0 override(s) in child classes
[02:06:02] [Render thread/DEBUG] (FabricLoader/Mixin) architectury.mixins.json:client.MixinMinecraft from mod architectury->@Inject::leftClickAir(Lorg/spongepowered/asm/mixin/injection/callback/CallbackInfoReturnable;)V won't be passed a CallbackInfoReturnable as a result
[02:06:02] [Render thread/DEBUG] (FabricLoader/Mixin) architectury.mixins.json:client.MixinMinecraft from mod architectury->@Inject::cancelSetScreen(Lnet/minecraft/client/gui/screens/Screen;Lorg/spongepowered/asm/mixin/injection/callback/CallbackInfo;)V does use it's CallbackInfo
[02:06:02] [Render thread/DEBUG] (FabricLoader/Mixin) fabric-screen-api-v1.mixins.json:MinecraftClientMixin from mod fabric-screen-api-v1->@Inject::checkThreadOnDev(Lnet/minecraft/client/gui/screens/Screen;Lorg/spongepowered/asm/mixin/injection/callback/CallbackInfo;)V doesn't use it's CallbackInfo
[02:06:02] [Render thread/DEBUG] (FabricLoader/Mixin) fabric-screen-api-v1.mixins.json:MinecraftClientMixin from mod fabric-screen-api-v1->@Inject::checkThreadOnDev(Lnet/minecraft/client/gui/screens/Screen;Lorg/spongepowered/asm/mixin/injection/callback/CallbackInfo;)V has 0 override(s) in child classes
[02:06:02] [Render thread/DEBUG] (FabricLoader/Mixin) fabric-screen-api-v1.mixins.json:MinecraftClientMixin from mod fabric-screen-api-v1->@Inject::checkThreadOnDev(Lnet/minecraft/client/gui/screens/Screen;Lorg/spongepowered/asm/mixin/injection/callback/CallbackInfo;)V won't be passed a CallbackInfo as a result
[02:06:02] [Render thread/DEBUG] (FabricLoader/Mixin) fabric-screen-api-v1.mixins.json:MinecraftClientMixin from mod fabric-screen-api-v1->@Inject::onScreenRemove(Lnet/minecraft/client/gui/screens/Screen;Lorg/spongepowered/asm/mixin/injection/callback/CallbackInfo;)V doesn't use it's CallbackInfo
[02:06:02] [Render thread/DEBUG] (FabricLoader/Mixin) fabric-screen-api-v1.mixins.json:MinecraftClientMixin from mod fabric-screen-api-v1->@Inject::onScreenRemove(Lnet/minecraft/client/gui/screens/Screen;Lorg/spongepowered/asm/mixin/injection/callback/CallbackInfo;)V has 0 override(s) in child classes
[02:06:02] [Render thread/DEBUG] (FabricLoader/Mixin) fabric-screen-api-v1.mixins.json:MinecraftClientMixin from mod fabric-screen-api-v1->@Inject::onScreenRemove(Lnet/minecraft/client/gui/screens/Screen;Lorg/spongepowered/asm/mixin/injection/callback/CallbackInfo;)V won't be passed a CallbackInfo as a result
[02:06:02] [Render thread/DEBUG] (FabricLoader/Mixin) fabric-screen-api-v1.mixins.json:MinecraftClientMixin from mod fabric-screen-api-v1->@Inject::onScreenRemoveBecauseStopping(Lorg/spongepowered/asm/mixin/injection/callback/CallbackInfo;)V doesn't use it's CallbackInfo
[02:06:02] [Render thread/DEBUG] (FabricLoader/Mixin) fabric-screen-api-v1.mixins.json:MinecraftClientMixin from mod fabric-screen-api-v1->@Inject::onScreenRemoveBecauseStopping(Lorg/spongepowered/asm/mixin/injection/callback/CallbackInfo;)V has 0 override(s) in child classes
[02:06:02] [Render thread/DEBUG] (FabricLoader/Mixin) fabric-screen-api-v1.mixins.json:MinecraftClientMixin from mod fabric-screen-api-v1->@Inject::onScreenRemoveBecauseStopping(Lorg/spongepowered/asm/mixin/injection/callback/CallbackInfo;)V won't be passed a CallbackInfo as a result
[02:06:02] [Render thread/DEBUG] (FabricLoader/Mixin) fabric-screen-api-v1.mixins.json:MinecraftClientMixin from mod fabric-screen-api-v1->@Inject::beforeScreenTick(Lorg/spongepowered/asm/mixin/injection/callback/CallbackInfo;)V doesn't use it's CallbackInfo
[02:06:02] [Render thread/DEBUG] (FabricLoader/Mixin) fabric-screen-api-v1.mixins.json:MinecraftClientMixin from mod fabric-screen-api-v1->@Inject::beforeScreenTick(Lorg/spongepowered/asm/mixin/injection/callback/CallbackInfo;)V has 0 override(s) in child classes
[02:06:02] [Render thread/DEBUG] (FabricLoader/Mixin) fabric-screen-api-v1.mixins.json:MinecraftClientMixin from mod fabric-screen-api-v1->@Inject::beforeScreenTick(Lorg/spongepowered/asm/mixin/injection/callback/CallbackInfo;)V won't be passed a CallbackInfo as a result
[02:06:02] [Render thread/DEBUG] (FabricLoader/Mixin) fabric-screen-api-v1.mixins.json:MinecraftClientMixin from mod fabric-screen-api-v1->@Inject::afterScreenTick(Lorg/spongepowered/asm/mixin/injection/callback/CallbackInfo;)V doesn't use it's CallbackInfo
[02:06:02] [Render thread/DEBUG] (FabricLoader/Mixin) fabric-screen-api-v1.mixins.json:MinecraftClientMixin from mod fabric-screen-api-v1->@Inject::afterScreenTick(Lorg/spongepowered/asm/mixin/injection/callback/CallbackInfo;)V has 0 override(s) in child classes
[02:06:02] [Render thread/DEBUG] (FabricLoader/Mixin) fabric-screen-api-v1.mixins.json:MinecraftClientMixin from mod fabric-screen-api-v1->@Inject::afterScreenTick(Lorg/spongepowered/asm/mixin/injection/callback/CallbackInfo;)V won't be passed a CallbackInfo as a result
[02:06:02] [Render thread/DEBUG] (FabricLoader/Mixin) fabric-screen-api-v1.mixins.json:MinecraftClientMixin from mod fabric-screen-api-v1->@Inject::beforeLoadingScreenTick(Lorg/spongepowered/asm/mixin/injection/callback/CallbackInfo;)V doesn't use it's CallbackInfo
[02:06:02] [Render thread/DEBUG] (FabricLoader/Mixin) fabric-screen-api-v1.mixins.json:MinecraftClientMixin from mod fabric-screen-api-v1->@Inject::beforeLoadingScreenTick(Lorg/spongepowered/asm/mixin/injection/callback/CallbackInfo;)V has 0 override(s) in child classes
[02:06:02] [Render thread/DEBUG] (FabricLoader/Mixin) fabric-screen-api-v1.mixins.json:MinecraftClientMixin from mod fabric-screen-api-v1->@Inject::beforeLoadingScreenTick(Lorg/spongepowered/asm/mixin/injection/callback/CallbackInfo;)V won't be passed a CallbackInfo as a result
[02:06:02] [Render thread/DEBUG] (FabricLoader/Mixin) fabric-screen-api-v1.mixins.json:MinecraftClientMixin from mod fabric-screen-api-v1->@Inject::afterLoadingScreenTick(Lorg/spongepowered/asm/mixin/injection/callback/CallbackInfo;)V doesn't use it's CallbackInfo
[02:06:02] [Render thread/DEBUG] (FabricLoader/Mixin) fabric-screen-api-v1.mixins.json:MinecraftClientMixin from mod fabric-screen-api-v1->@Inject::afterLoadingScreenTick(Lorg/spongepowered/asm/mixin/injection/callback/CallbackInfo;)V has 0 override(s) in child classes
[02:06:02] [Render thread/DEBUG] (FabricLoader/Mixin) fabric-screen-api-v1.mixins.json:MinecraftClientMixin from mod fabric-screen-api-v1->@Inject::afterLoadingScreenTick(Lorg/spongepowered/asm/mixin/injection/callback/CallbackInfo;)V won't be passed a CallbackInfo as a result
[02:06:02] [Render thread/DEBUG] (FabricLoader/Mixin) fabric-data-generation-api-v1.client.mixins.json:MinecraftClientMixin from mod fabric-data-generation-api-v1->@Inject::main(Lorg/spongepowered/asm/mixin/injection/callback/CallbackInfo;)V doesn't use it's CallbackInfo
[02:06:02] [Render thread/DEBUG] (FabricLoader/Mixin) fabric-data-generation-api-v1.client.mixins.json:MinecraftClientMixin from mod fabric-data-generation-api-v1->@Inject::main(Lorg/spongepowered/asm/mixin/injection/callback/CallbackInfo;)V has 0 override(s) in child classes
[02:06:02] [Render thread/DEBUG] (FabricLoader/Mixin) fabric-data-generation-api-v1.client.mixins.json:MinecraftClientMixin from mod fabric-data-generation-api-v1->@Inject::main(Lorg/spongepowered/asm/mixin/injection/callback/CallbackInfo;)V won't be passed a CallbackInfo as a result
[02:06:02] [Render thread/DEBUG] (FabricLoader/Mixin) fabric-registry-sync-v0.client.mixins.json:MinecraftClientMixin from mod fabric-registry-sync-v0->@Inject::disconnectAfter(Lnet/minecraft/client/gui/screens/Screen;Lorg/spongepowered/asm/mixin/injection/callback/CallbackInfo;)V doesn't use it's CallbackInfo
[02:06:02] [Render thread/DEBUG] (FabricLoader/Mixin) fabric-registry-sync-v0.client.mixins.json:MinecraftClientMixin from mod fabric-registry-sync-v0->@Inject::disconnectAfter(Lnet/minecraft/client/gui/screens/Screen;Lorg/spongepowered/asm/mixin/injection/callback/CallbackInfo;)V has 0 override(s) in child classes
[02:06:02] [Render thread/DEBUG] (FabricLoader/Mixin) fabric-registry-sync-v0.client.mixins.json:MinecraftClientMixin from mod fabric-registry-sync-v0->@Inject::disconnectAfter(Lnet/minecraft/client/gui/screens/Screen;Lorg/spongepowered/asm/mixin/injection/callback/CallbackInfo;)V won't be passed a CallbackInfo as a result
[02:06:02] [Render thread/DEBUG] (FabricLoader/Mixin) fabric-registry-sync-v0.client.mixins.json:MinecraftClientMixin from mod fabric-registry-sync-v0->@Inject::onStart(Lorg/spongepowered/asm/mixin/injection/callback/CallbackInfo;)V doesn't use it's CallbackInfo
[02:06:02] [Render thread/DEBUG] (FabricLoader/Mixin) fabric-registry-sync-v0.client.mixins.json:MinecraftClientMixin from mod fabric-registry-sync-v0->@Inject::onStart(Lorg/spongepowered/asm/mixin/injection/callback/CallbackInfo;)V has 0 override(s) in child classes
[02:06:02] [Render thread/DEBUG] (FabricLoader/Mixin) fabric-registry-sync-v0.client.mixins.json:MinecraftClientMixin from mod fabric-registry-sync-v0->@Inject::onStart(Lorg/spongepowered/asm/mixin/injection/callback/CallbackInfo;)V won't be passed a CallbackInfo as a result
[02:06:02] [Render thread/DEBUG] (FabricLoader/Mixin) jei.mixins.json:MinecraftMixin from mod jei->@Inject::beforeInitialResourceReload(Lnet/minecraft/client/main/GameConfig;Lorg/spongepowered/asm/mixin/injection/callback/CallbackInfo;)V doesn't use it's CallbackInfo
[02:06:02] [Render thread/DEBUG] (FabricLoader/Mixin) jei.mixins.json:MinecraftMixin from mod jei->@Inject::beforeInitialResourceReload(Lnet/minecraft/client/main/GameConfig;Lorg/spongepowered/asm/mixin/injection/callback/CallbackInfo;)V has 0 override(s) in child classes
[02:06:02] [Render thread/DEBUG] (FabricLoader/Mixin) jei.mixins.json:MinecraftMixin from mod jei->@Inject::beforeInitialResourceReload(Lnet/minecraft/client/main/GameConfig;Lorg/spongepowered/asm/mixin/injection/callback/CallbackInfo;)V won't be passed a CallbackInfo as a result
[02:06:02] [Render thread/DEBUG] (FabricLoader/Mixin) jei.mixins.json:MinecraftMixin from mod jei->@Inject::clearLevel(Lnet/minecraft/client/gui/screens/Screen;Lorg/spongepowered/asm/mixin/injection/callback/CallbackInfo;)V doesn't use it's CallbackInfo
[02:06:02] [Render thread/DEBUG] (FabricLoader/Mixin) jei.mixins.json:MinecraftMixin from mod jei->@Inject::clearLevel(Lnet/minecraft/client/gui/screens/Screen;Lorg/spongepowered/asm/mixin/injection/callback/CallbackInfo;)V has 0 override(s) in child classes
[02:06:02] [Render thread/DEBUG] (FabricLoader/Mixin) jei.mixins.json:MinecraftMixin from mod jei->@Inject::clearLevel(Lnet/minecraft/client/gui/screens/Screen;Lorg/spongepowered/asm/mixin/injection/callback/CallbackInfo;)V won't be passed a CallbackInfo as a result
[02:06:02] [Render thread/DEBUG] (FabricLoader/Mixin) fabric-lifecycle-events-v1.client.mixins.json:MinecraftClientMixin from mod fabric-lifecycle-events-v1->@Inject::onStartTick(Lorg/spongepowered/asm/mixin/injection/callback/CallbackInfo;)V doesn't use it's CallbackInfo
[02:06:02] [Render thread/DEBUG] (FabricLoader/Mixin) fabric-lifecycle-events-v1.client.mixins.json:MinecraftClientMixin from mod fabric-lifecycle-events-v1->@Inject::onStartTick(Lorg/spongepowered/asm/mixin/injection/callback/CallbackInfo;)V has 0 override(s) in child classes
[02:06:02] [Render thread/DEBUG] (FabricLoader/Mixin) fabric-lifecycle-events-v1.client.mixins.json:MinecraftClientMixin from mod fabric-lifecycle-events-v1->@Inject::onStartTick(Lorg/spongepowered/asm/mixin/injection/callback/CallbackInfo;)V won't be passed a CallbackInfo as a result
[02:06:02] [Render thread/DEBUG] (FabricLoader/Mixin) fabric-lifecycle-events-v1.client.mixins.json:MinecraftClientMixin from mod fabric-lifecycle-events-v1->@Inject::onEndTick(Lorg/spongepowered/asm/mixin/injection/callback/CallbackInfo;)V doesn't use it's CallbackInfo
[02:06:02] [Render thread/DEBUG] (FabricLoader/Mixin) fabric-lifecycle-events-v1.client.mixins.json:MinecraftClientMixin from mod fabric-lifecycle-events-v1->@Inject::onEndTick(Lorg/spongepowered/asm/mixin/injection/callback/CallbackInfo;)V has 0 override(s) in child classes
[02:06:02] [Render thread/DEBUG] (FabricLoader/Mixin) fabric-lifecycle-events-v1.client.mixins.json:MinecraftClientMixin from mod fabric-lifecycle-events-v1->@Inject::onEndTick(Lorg/spongepowered/asm/mixin/injection/callback/CallbackInfo;)V won't be passed a CallbackInfo as a result
[02:06:02] [Render thread/DEBUG] (FabricLoader/Mixin) fabric-lifecycle-events-v1.client.mixins.json:MinecraftClientMixin from mod fabric-lifecycle-events-v1->@Inject::onStopping(Lorg/spongepowered/asm/mixin/injection/callback/CallbackInfo;)V doesn't use it's CallbackInfo
[02:06:02] [Render thread/DEBUG] (FabricLoader/Mixin) fabric-lifecycle-events-v1.client.mixins.json:MinecraftClientMixin from mod fabric-lifecycle-events-v1->@Inject::onStopping(Lorg/spongepowered/asm/mixin/injection/callback/CallbackInfo;)V has 0 override(s) in child classes
[02:06:02] [Render thread/DEBUG] (FabricLoader/Mixin) fabric-lifecycle-events-v1.client.mixins.json:MinecraftClientMixin from mod fabric-lifecycle-events-v1->@Inject::onStopping(Lorg/spongepowered/asm/mixin/injection/callback/CallbackInfo;)V won't be passed a CallbackInfo as a result
[02:06:02] [Render thread/DEBUG] (FabricLoader/Mixin) fabric-lifecycle-events-v1.client.mixins.json:MinecraftClientMixin from mod fabric-lifecycle-events-v1->@Inject::onStart(Lorg/spongepowered/asm/mixin/injection/callback/CallbackInfo;)V doesn't use it's CallbackInfo
[02:06:02] [Render thread/DEBUG] (FabricLoader/Mixin) fabric-lifecycle-events-v1.client.mixins.json:MinecraftClientMixin from mod fabric-lifecycle-events-v1->@Inject::onStart(Lorg/spongepowered/asm/mixin/injection/callback/CallbackInfo;)V has 0 override(s) in child classes
[02:06:02] [Render thread/DEBUG] (FabricLoader/Mixin) fabric-lifecycle-events-v1.client.mixins.json:MinecraftClientMixin from mod fabric-lifecycle-events-v1->@Inject::onStart(Lorg/spongepowered/asm/mixin/injection/callback/CallbackInfo;)V won't be passed a CallbackInfo as a result
[02:06:02] [Render thread/DEBUG] (FabricLoader/Mixin) Mixing client.MixinScreen from architectury.mixins.json into net.minecraft.client.gui.screens.Screen
[02:06:02] [Render thread/DEBUG] (FabricLoader/Mixin) Mixing ScreenAccessor from fabric-screen-api-v1.mixins.json into net.minecraft.client.gui.screens.Screen
[02:06:02] [Render thread/DEBUG] (FabricLoader/Mixin) fabric-screen-api-v1.mixins.json:ScreenAccessor from mod fabric-screen-api-v1: Class version 61 required is higher than the class version supported by the current version of Mixin (JAVA_16 supports class version 60)
[02:06:02] [Render thread/DEBUG] (FabricLoader/Mixin) Mixing ScreenMixin from fabric-screen-api-v1.mixins.json into net.minecraft.client.gui.screens.Screen
[02:06:02] [Render thread/DEBUG] (FabricLoader/Mixin) fabric-screen-api-v1.mixins.json:ScreenMixin from mod fabric-screen-api-v1: Class version 61 required is higher than the class version supported by the current version of Mixin (JAVA_16 supports class version 60)
[02:06:02] [Render thread/DEBUG] (FabricLoader/Mixin) Mixing ScreenMixin from jei.mixins.json into net.minecraft.client.gui.screens.Screen
[02:06:02] [Render thread/DEBUG] (FabricLoader/Mixin) jei.mixins.json:ScreenMixin from mod jei: Class version 61 required is higher than the class version supported by the current version of Mixin (JAVA_16 supports class version 60)
[02:06:02] [Render thread/DEBUG] (FabricLoader/Mixin) architectury.mixins.json:client.MixinScreen from mod architectury->@Inject::preInit(Lnet/minecraft/client/Minecraft;IILorg/spongepowered/asm/mixin/injection/callback/CallbackInfo;)V does use it's CallbackInfo
[02:06:02] [Render thread/DEBUG] (FabricLoader/Mixin) architectury.mixins.json:client.MixinScreen from mod architectury->@Inject::postInit(Lorg/spongepowered/asm/mixin/injection/callback/CallbackInfo;)V doesn't use it's CallbackInfo
[02:06:02] [Render thread/DEBUG] (FabricLoader/Mixin) architectury.mixins.json:client.MixinScreen from mod architectury->@Inject::postInit(Lorg/spongepowered/asm/mixin/injection/callback/CallbackInfo;)V has 0 override(s) in child classes
[02:06:02] [Render thread/DEBUG] (FabricLoader/Mixin) architectury.mixins.json:client.MixinScreen from mod architectury->@Inject::postInit(Lorg/spongepowered/asm/mixin/injection/callback/CallbackInfo;)V won't be passed a CallbackInfo as a result
[02:06:02] [Render thread/DEBUG] (FabricLoader/Mixin) architectury.mixins.json:client.MixinScreen from mod architectury->@Inject::preInit2(Lorg/spongepowered/asm/mixin/injection/callback/CallbackInfo;)V does use it's CallbackInfo
[02:06:02] [Render thread/DEBUG] (FabricLoader/Mixin) architectury.mixins.json:client.MixinScreen from mod architectury->@Inject::postInit2(Lorg/spongepowered/asm/mixin/injection/callback/CallbackInfo;)V doesn't use it's CallbackInfo
[02:06:02] [Render thread/DEBUG] (FabricLoader/Mixin) architectury.mixins.json:client.MixinScreen from mod architectury->@Inject::postInit2(Lorg/spongepowered/asm/mixin/injection/callback/CallbackInfo;)V has 0 override(s) in child classes
[02:06:02] [Render thread/DEBUG] (FabricLoader/Mixin) architectury.mixins.json:client.MixinScreen from mod architectury->@Inject::postInit2(Lorg/spongepowered/asm/mixin/injection/callback/CallbackInfo;)V won't be passed a CallbackInfo as a result
[02:06:02] [Render thread/DEBUG] (FabricLoader/Mixin) fabric-screen-api-v1.mixins.json:ScreenMixin from mod fabric-screen-api-v1->@Inject::beforeInitScreen(Lnet/minecraft/client/Minecraft;IILorg/spongepowered/asm/mixin/injection/callback/CallbackInfo;)V doesn't use it's CallbackInfo
[02:06:02] [Render thread/DEBUG] (FabricLoader/Mixin) fabric-screen-api-v1.mixins.json:ScreenMixin from mod fabric-screen-api-v1->@Inject::beforeInitScreen(Lnet/minecraft/client/Minecraft;IILorg/spongepowered/asm/mixin/injection/callback/CallbackInfo;)V has 0 override(s) in child classes
[02:06:02] [Render thread/DEBUG] (FabricLoader/Mixin) fabric-screen-api-v1.mixins.json:ScreenMixin from mod fabric-screen-api-v1->@Inject::beforeInitScreen(Lnet/minecraft/client/Minecraft;IILorg/spongepowered/asm/mixin/injection/callback/CallbackInfo;)V won't be passed a CallbackInfo as a result
[02:06:02] [Render thread/DEBUG] (FabricLoader/Mixin) fabric-screen-api-v1.mixins.json:ScreenMixin from mod fabric-screen-api-v1->@Inject::afterInitScreen(Lnet/minecraft/client/Minecraft;IILorg/spongepowered/asm/mixin/injection/callback/CallbackInfo;)V doesn't use it's CallbackInfo
[02:06:02] [Render thread/DEBUG] (FabricLoader/Mixin) fabric-screen-api-v1.mixins.json:ScreenMixin from mod fabric-screen-api-v1->@Inject::afterInitScreen(Lnet/minecraft/client/Minecraft;IILorg/spongepowered/asm/mixin/injection/callback/CallbackInfo;)V has 0 override(s) in child classes
[02:06:02] [Render thread/DEBUG] (FabricLoader/Mixin) fabric-screen-api-v1.mixins.json:ScreenMixin from mod fabric-screen-api-v1->@Inject::afterInitScreen(Lnet/minecraft/client/Minecraft;IILorg/spongepowered/asm/mixin/injection/callback/CallbackInfo;)V won't be passed a CallbackInfo as a result
[02:06:02] [Render thread/DEBUG] (FabricLoader/Mixin) fabric-screen-api-v1.mixins.json:ScreenMixin from mod fabric-screen-api-v1->@Inject::beforeResizeScreen(Lnet/minecraft/client/Minecraft;IILorg/spongepowered/asm/mixin/injection/callback/CallbackInfo;)V doesn't use it's CallbackInfo
[02:06:02] [Render thread/DEBUG] (FabricLoader/Mixin) fabric-screen-api-v1.mixins.json:ScreenMixin from mod fabric-screen-api-v1->@Inject::beforeResizeScreen(Lnet/minecraft/client/Minecraft;IILorg/spongepowered/asm/mixin/injection/callback/CallbackInfo;)V has 0 override(s) in child classes
[02:06:02] [Render thread/DEBUG] (FabricLoader/Mixin) fabric-screen-api-v1.mixins.json:ScreenMixin from mod fabric-screen-api-v1->@Inject::beforeResizeScreen(Lnet/minecraft/client/Minecraft;IILorg/spongepowered/asm/mixin/injection/callback/CallbackInfo;)V won't be passed a CallbackInfo as a result
[02:06:02] [Render thread/DEBUG] (FabricLoader/Mixin) fabric-screen-api-v1.mixins.json:ScreenMixin from mod fabric-screen-api-v1->@Inject::afterResizeScreen(Lnet/minecraft/client/Minecraft;IILorg/spongepowered/asm/mixin/injection/callback/CallbackInfo;)V doesn't use it's CallbackInfo
[02:06:02] [Render thread/DEBUG] (FabricLoader/Mixin) fabric-screen-api-v1.mixins.json:ScreenMixin from mod fabric-screen-api-v1->@Inject::afterResizeScreen(Lnet/minecraft/client/Minecraft;IILorg/spongepowered/asm/mixin/injection/callback/CallbackInfo;)V has 0 override(s) in child classes
[02:06:02] [Render thread/DEBUG] (FabricLoader/Mixin) fabric-screen-api-v1.mixins.json:ScreenMixin from mod fabric-screen-api-v1->@Inject::afterResizeScreen(Lnet/minecraft/client/Minecraft;IILorg/spongepowered/asm/mixin/injection/callback/CallbackInfo;)V won't be passed a CallbackInfo as a result
[02:06:02] [Render thread/DEBUG] (FabricLoader/Mixin) jei.mixins.json:ScreenMixin from mod jei->@Inject::afterRenderBackground(Lnet/minecraft/client/gui/GuiGraphics;Lorg/spongepowered/asm/mixin/injection/callback/CallbackInfo;)V doesn't use it's CallbackInfo
[02:06:02] [Render thread/DEBUG] (FabricLoader/Mixin) jei.mixins.json:ScreenMixin from mod jei->@Inject::afterRenderBackground(Lnet/minecraft/client/gui/GuiGraphics;Lorg/spongepowered/asm/mixin/injection/callback/CallbackInfo;)V has 0 override(s) in child classes
[02:06:02] [Render thread/DEBUG] (FabricLoader/Mixin) jei.mixins.json:ScreenMixin from mod jei->@Inject::afterRenderBackground(Lnet/minecraft/client/gui/GuiGraphics;Lorg/spongepowered/asm/mixin/injection/callback/CallbackInfo;)V won't be passed a CallbackInfo as a result
[02:06:02] [Render thread/DEBUG] (FabricLoader/Mixin) Mixing client.ClientPlayerAttackInvoker from architectury.mixins.json into net.minecraft.client.player.LocalPlayer
[02:06:02] [Render thread/DEBUG] (FabricLoader/Mixin) Mixing elytra.ClientPlayerEntityMixin from fabric-entity-events-v1.client.mixins.json into net.minecraft.client.player.LocalPlayer
[02:06:02] [Render thread/DEBUG] (FabricLoader/Mixin) fabric-entity-events-v1.client.mixins.json:elytra.ClientPlayerEntityMixin from mod fabric-entity-events-v1: Class version 61 required is higher than the class version supported by the current version of Mixin (JAVA_16 supports class version 60)
[02:06:02] [Render thread/DEBUG] (FabricLoader/Mixin) architectury.mixins.json:client.ClientPlayerAttackInvoker from mod architectury->@Inject::hurt(Lnet/minecraft/world/damagesource/DamageSource;FLorg/spongepowered/asm/mixin/injection/callback/CallbackInfoReturnable;)V does use it's CallbackInfoReturnable
[02:06:02] [Render thread/DEBUG] (FabricLoader/Mixin) fabric-entity-events-v1.client.mixins.json:elytra.ClientPlayerEntityMixin from mod fabric-entity-events-v1->@Inject::injectElytraStart(Lorg/spongepowered/asm/mixin/injection/callback/CallbackInfo;)V doesn't use it's CallbackInfo
[02:06:02] [Render thread/DEBUG] (FabricLoader/Mixin) fabric-entity-events-v1.client.mixins.json:elytra.ClientPlayerEntityMixin from mod fabric-entity-events-v1->@Inject::injectElytraStart(Lorg/spongepowered/asm/mixin/injection/callback/CallbackInfo;)V has 0 override(s) in child classes
[02:06:02] [Render thread/DEBUG] (FabricLoader/Mixin) fabric-entity-events-v1.client.mixins.json:elytra.ClientPlayerEntityMixin from mod fabric-entity-events-v1->@Inject::injectElytraStart(Lorg/spongepowered/asm/mixin/injection/callback/CallbackInfo;)V won't be passed a CallbackInfo as a result
[02:06:02] [Render thread/DEBUG] (FabricLoader/Mixin) Mixing EffectRenderingInventoryScreenMixin from jei.mixins.json into net.minecraft.client.gui.screens.inventory.EffectRenderingInventoryScreen
[02:06:02] [Render thread/DEBUG] (FabricLoader/Mixin) jei.mixins.json:EffectRenderingInventoryScreenMixin from mod jei: Class version 61 required is higher than the class version supported by the current version of Mixin (JAVA_16 supports class version 60)
[02:06:02] [Render thread/DEBUG] (FabricLoader/Mixin) Mixing client.MixinAbstractContainerScreen from architectury.mixins.json into net.minecraft.client.gui.screens.inventory.AbstractContainerScreen
[02:06:02] [Render thread/DEBUG] (FabricLoader/Mixin) Mixing AbstractContainerScreenMixin from jei.mixins.json into net.minecraft.client.gui.screens.inventory.AbstractContainerScreen
[02:06:02] [Render thread/DEBUG] (FabricLoader/Mixin) jei.mixins.json:AbstractContainerScreenMixin from mod jei: Class version 61 required is higher than the class version supported by the current version of Mixin (JAVA_16 supports class version 60)
[02:06:02] [Render thread/DEBUG] (FabricLoader/Mixin) architectury.mixins.json:client.MixinAbstractContainerScreen from mod architectury->@Inject::renderBackground(Lnet/minecraft/client/gui/GuiGraphics;IIFLorg/spongepowered/asm/mixin/injection/callback/CallbackInfo;)V doesn't use it's CallbackInfo
[02:06:02] [Render thread/DEBUG] (FabricLoader/Mixin) architectury.mixins.json:client.MixinAbstractContainerScreen from mod architectury->@Inject::renderBackground(Lnet/minecraft/client/gui/GuiGraphics;IIFLorg/spongepowered/asm/mixin/injection/callback/CallbackInfo;)V has 0 override(s) in child classes
[02:06:02] [Render thread/DEBUG] (FabricLoader/Mixin) architectury.mixins.json:client.MixinAbstractContainerScreen from mod architectury->@Inject::renderBackground(Lnet/minecraft/client/gui/GuiGraphics;IIFLorg/spongepowered/asm/mixin/injection/callback/CallbackInfo;)V won't be passed a CallbackInfo as a result
[02:06:02] [Render thread/DEBUG] (FabricLoader/Mixin) architectury.mixins.json:client.MixinAbstractContainerScreen from mod architectury->@Inject::renderForeground(Lnet/minecraft/client/gui/GuiGraphics;IIFLorg/spongepowered/asm/mixin/injection/callback/CallbackInfo;)V doesn't use it's CallbackInfo
[02:06:02] [Render thread/DEBUG] (FabricLoader/Mixin) architectury.mixins.json:client.MixinAbstractContainerScreen from mod architectury->@Inject::renderForeground(Lnet/minecraft/client/gui/GuiGraphics;IIFLorg/spongepowered/asm/mixin/injection/callback/CallbackInfo;)V has 0 override(s) in child classes
[02:06:02] [Render thread/DEBUG] (FabricLoader/Mixin) architectury.mixins.json:client.MixinAbstractContainerScreen from mod architectury->@Inject::renderForeground(Lnet/minecraft/client/gui/GuiGraphics;IIFLorg/spongepowered/asm/mixin/injection/callback/CallbackInfo;)V won't be passed a CallbackInfo as a result
[02:06:02] [Render thread/DEBUG] (FabricLoader/Mixin) jei.mixins.json:AbstractContainerScreenMixin from mod jei->@Inject::drawForeground(Lnet/minecraft/client/gui/GuiGraphics;IIFLorg/spongepowered/asm/mixin/injection/callback/CallbackInfo;)V doesn't use it's CallbackInfo
[02:06:02] [Render thread/DEBUG] (FabricLoader/Mixin) jei.mixins.json:AbstractContainerScreenMixin from mod jei->@Inject::drawForeground(Lnet/minecraft/client/gui/GuiGraphics;IIFLorg/spongepowered/asm/mixin/injection/callback/CallbackInfo;)V has 0 override(s) in child classes
[02:06:02] [Render thread/DEBUG] (FabricLoader/Mixin) jei.mixins.json:AbstractContainerScreenMixin from mod jei->@Inject::drawForeground(Lnet/minecraft/client/gui/GuiGraphics;IIFLorg/spongepowered/asm/mixin/injection/callback/CallbackInfo;)V won't be passed a CallbackInfo as a result
[02:06:02] [Render thread/DEBUG] (FabricLoader/Mixin) Mixing client.MixinClientLevel from architectury.mixins.json into net.minecraft.client.multiplayer.ClientLevel
[02:06:02] [Render thread/DEBUG] (FabricLoader/Mixin) Mixing ClientWorldMixin from fabric-lifecycle-events-v1.client.mixins.json into net.minecraft.client.multiplayer.ClientLevel
[02:06:02] [Render thread/DEBUG] (FabricLoader/Mixin) fabric-lifecycle-events-v1.client.mixins.json:ClientWorldMixin from mod fabric-lifecycle-events-v1: Class version 61 required is higher than the class version supported by the current version of Mixin (JAVA_16 supports class version 60)
[02:06:02] [Render thread/DEBUG] (FabricLoader/Mixin) architectury.mixins.json:client.MixinClientLevel from mod architectury->@Inject::construct(Lnet/minecraft/client/multiplayer/ClientPacketListener;Lnet/minecraft/client/multiplayer/ClientLevel$ClientLevelData;Lnet/minecraft/resources/ResourceKey;Lnet/minecraft/core/Holder;IILjava/util/function/Supplier;Lnet/minecraft/client/renderer/LevelRenderer;ZJLorg/spongepowered/asm/mixin/injection/callback/CallbackInfo;)V doesn't use it's CallbackInfo
[02:06:02] [Render thread/DEBUG] (FabricLoader/Mixin) architectury.mixins.json:client.MixinClientLevel from mod architectury->@Inject::construct(Lnet/minecraft/client/multiplayer/ClientPacketListener;Lnet/minecraft/client/multiplayer/ClientLevel$ClientLevelData;Lnet/minecraft/resources/ResourceKey;Lnet/minecraft/core/Holder;IILjava/util/function/Supplier;Lnet/minecraft/client/renderer/LevelRenderer;ZJLorg/spongepowered/asm/mixin/injection/callback/CallbackInfo;)V has 0 override(s) in child classes
[02:06:02] [Render thread/DEBUG] (FabricLoader/Mixin) architectury.mixins.json:client.MixinClientLevel from mod architectury->@Inject::construct(Lnet/minecraft/client/multiplayer/ClientPacketListener;Lnet/minecraft/client/multiplayer/ClientLevel$ClientLevelData;Lnet/minecraft/resources/ResourceKey;Lnet/minecraft/core/Holder;IILjava/util/function/Supplier;Lnet/minecraft/client/renderer/LevelRenderer;ZJLorg/spongepowered/asm/mixin/injection/callback/CallbackInfo;)V won't be passed a CallbackInfo as a result
[02:06:02] [Render thread/DEBUG] (FabricLoader/Mixin) architectury.mixins.json:client.MixinClientLevel from mod architectury->@Inject::addEntity(ILnet/minecraft/world/entity/Entity;Lorg/spongepowered/asm/mixin/injection/callback/CallbackInfo;)V does use it's CallbackInfo
[02:06:02] [Render thread/DEBUG] (FabricLoader/Mixin) fabric-lifecycle-events-v1.client.mixins.json:ClientWorldMixin from mod fabric-lifecycle-events-v1->@Inject::tickWorldAfterBlockEntities(Lorg/spongepowered/asm/mixin/injection/callback/CallbackInfo;)V doesn't use it's CallbackInfo
[02:06:02] [Render thread/DEBUG] (FabricLoader/Mixin) fabric-lifecycle-events-v1.client.mixins.json:ClientWorldMixin from mod fabric-lifecycle-events-v1->@Inject::tickWorldAfterBlockEntities(Lorg/spongepowered/asm/mixin/injection/callback/CallbackInfo;)V has 0 override(s) in child classes
[02:06:02] [Render thread/DEBUG] (FabricLoader/Mixin) fabric-lifecycle-events-v1.client.mixins.json:ClientWorldMixin from mod fabric-lifecycle-events-v1->@Inject::tickWorldAfterBlockEntities(Lorg/spongepowered/asm/mixin/injection/callback/CallbackInfo;)V won't be passed a CallbackInfo as a result
[02:06:02] [Render thread/DEBUG] (FabricLoader/Mixin) fabric-lifecycle-events-v1.client.mixins.json:ClientWorldMixin from mod fabric-lifecycle-events-v1->@Inject::startWorldTick(Lorg/spongepowered/asm/mixin/injection/callback/CallbackInfo;)V doesn't use it's CallbackInfo
[02:06:02] [Render thread/DEBUG] (FabricLoader/Mixin) fabric-lifecycle-events-v1.client.mixins.json:ClientWorldMixin from mod fabric-lifecycle-events-v1->@Inject::startWorldTick(Lorg/spongepowered/asm/mixin/injection/callback/CallbackInfo;)V has 0 override(s) in child classes
[02:06:02] [Render thread/DEBUG] (FabricLoader/Mixin) fabric-lifecycle-events-v1.client.mixins.json:ClientWorldMixin from mod fabric-lifecycle-events-v1->@Inject::startWorldTick(Lorg/spongepowered/asm/mixin/injection/callback/CallbackInfo;)V won't be passed a CallbackInfo as a result
[02:06:02] [Render thread/DEBUG] (FabricLoader/Mixin) Mixing SinglePreparationResourceReloaderMixin from fabric-resource-conditions-api-v1.mixins.json into net.minecraft.server.packs.resources.SimplePreparableReloadListener
[02:06:02] [Render thread/DEBUG] (FabricLoader/Mixin) fabric-resource-conditions-api-v1.mixins.json:SinglePreparationResourceReloaderMixin from mod fabric-resource-conditions-api-v1: Class version 61 required is higher than the class version supported by the current version of Mixin (JAVA_16 supports class version 60)
[02:06:02] [Render thread/DEBUG] (FabricLoader/Mixin) fabric-resource-conditions-api-v1.mixins.json:SinglePreparationResourceReloaderMixin from mod fabric-resource-conditions-api-v1->@Inject::applyResourceConditions(Lnet/minecraft/server/packs/resources/ResourceManager;Lnet/minecraft/util/profiling/ProfilerFiller;Ljava/lang/Object;Lorg/spongepowered/asm/mixin/injection/callback/CallbackInfo;)V doesn't use it's CallbackInfo
[02:06:02] [Render thread/DEBUG] (FabricLoader/Mixin) fabric-resource-conditions-api-v1.mixins.json:SinglePreparationResourceReloaderMixin from mod fabric-resource-conditions-api-v1->@Inject::applyResourceConditions(Lnet/minecraft/server/packs/resources/ResourceManager;Lnet/minecraft/util/profiling/ProfilerFiller;Ljava/lang/Object;Lorg/spongepowered/asm/mixin/injection/callback/CallbackInfo;)V has 0 override(s) in child classes
[02:06:02] [Render thread/DEBUG] (FabricLoader/Mixin) fabric-resource-conditions-api-v1.mixins.json:SinglePreparationResourceReloaderMixin from mod fabric-resource-conditions-api-v1->@Inject::applyResourceConditions(Lnet/minecraft/server/packs/resources/ResourceManager;Lnet/minecraft/util/profiling/ProfilerFiller;Ljava/lang/Object;Lorg/spongepowered/asm/mixin/injection/callback/CallbackInfo;)V won't be passed a CallbackInfo as a result
[02:06:02] [Render thread/DEBUG] (FabricLoader/Mixin) Mixing DefaultClientResourcePackProviderMixin from fabric-resource-loader-v0.client.mixins.json into net.minecraft.client.resources.ClientPackSource
[02:06:02] [Render thread/DEBUG] (FabricLoader/Mixin) fabric-resource-loader-v0.client.mixins.json:DefaultClientResourcePackProviderMixin from mod fabric-resource-loader-v0: Class version 61 required is higher than the class version supported by the current version of Mixin (JAVA_16 supports class version 60)
[02:06:02] [Render thread/DEBUG] (FabricLoader/Mixin) Renaming synthetic method lambda$onCreateVanillaBuiltinResourcePack$0(Lnet/minecraft/server/packs/repository/Pack$ResourcesSupplier;Ljava/lang/String;Ljava/lang/String;)Lnet/minecraft/server/packs/PackResources; to md4ccb60$fabric-resource-loader-v0$lambda$onCreateVanillaBuiltinResourcePack$0$0 in fabric-resource-loader-v0.client.mixins.json:DefaultClientResourcePackProviderMixin from mod fabric-resource-loader-v0
[02:06:02] [Render thread/DEBUG] (FabricLoader/Mixin) Mixing VanillaResourcePackProviderMixin from fabric-resource-loader-v0.client.mixins.json into net.minecraft.server.packs.repository.BuiltInPackSource
[02:06:02] [Render thread/DEBUG] (FabricLoader/Mixin) fabric-resource-loader-v0.client.mixins.json:VanillaResourcePackProviderMixin from mod fabric-resource-loader-v0: Class version 61 required is higher than the class version supported by the current version of Mixin (JAVA_16 supports class version 60)
[02:06:02] [Render thread/DEBUG] (FabricLoader/Mixin) fabric-resource-loader-v0.client.mixins.json:VanillaResourcePackProviderMixin from mod fabric-resource-loader-v0->@Inject::addBuiltinResourcePacks(Ljava/util/function/Consumer;Lorg/spongepowered/asm/mixin/injection/callback/CallbackInfo;)V doesn't use it's CallbackInfo
[02:06:02] [Render thread/DEBUG] (FabricLoader/Mixin) fabric-resource-loader-v0.client.mixins.json:VanillaResourcePackProviderMixin from mod fabric-resource-loader-v0->@Inject::addBuiltinResourcePacks(Ljava/util/function/Consumer;Lorg/spongepowered/asm/mixin/injection/callback/CallbackInfo;)V has 0 override(s) in child classes
[02:06:02] [Render thread/DEBUG] (FabricLoader/Mixin) fabric-resource-loader-v0.client.mixins.json:VanillaResourcePackProviderMixin from mod fabric-resource-loader-v0->@Inject::addBuiltinResourcePacks(Ljava/util/function/Consumer;Lorg/spongepowered/asm/mixin/injection/callback/CallbackInfo;)V won't be passed a CallbackInfo as a result
[02:06:02] [Render thread/DEBUG] (FabricLoader/Mixin) Mixing ResourcePackManagerMixin from fabric-resource-loader-v0.mixins.json into net.minecraft.server.packs.repository.PackRepository
[02:06:02] [Render thread/DEBUG] (FabricLoader/Mixin) fabric-resource-loader-v0.mixins.json:ResourcePackManagerMixin from mod fabric-resource-loader-v0: Class version 61 required is higher than the class version supported by the current version of Mixin (JAVA_16 supports class version 60)
[02:06:02] [Render thread/DEBUG] (FabricLoader/Mixin) fabric-resource-loader-v0.mixins.json:ResourcePackManagerMixin from mod fabric-resource-loader-v0->@Inject::construct([Lnet/minecraft/server/packs/repository/RepositorySource;Lorg/spongepowered/asm/mixin/injection/callback/CallbackInfo;)V doesn't use it's CallbackInfo
[02:06:02] [Render thread/DEBUG] (FabricLoader/Mixin) fabric-resource-loader-v0.mixins.json:ResourcePackManagerMixin from mod fabric-resource-loader-v0->@Inject::construct([Lnet/minecraft/server/packs/repository/RepositorySource;Lorg/spongepowered/asm/mixin/injection/callback/CallbackInfo;)V has 0 override(s) in child classes
[02:06:02] [Render thread/DEBUG] (FabricLoader/Mixin) fabric-resource-loader-v0.mixins.json:ResourcePackManagerMixin from mod fabric-resource-loader-v0->@Inject::construct([Lnet/minecraft/server/packs/repository/RepositorySource;Lorg/spongepowered/asm/mixin/injection/callback/CallbackInfo;)V won't be passed a CallbackInfo as a result
[02:06:02] [Render thread/INFO] (com.mojang.authlib.yggdrasil.YggdrasilAuthenticationService) Environment: authHost='https://authserver.mojang.com', accountsHost='https://api.mojang.com', sessionHost='https://sessionserver.mojang.com', servicesHost='https://api.minecraftservices.com', name='PROD'
[02:06:02] [Yggdrasil Key Fetcher/DEBUG] (com.mojang.authlib.HttpAuthenticationService) Opening connection to https://api.minecraftservices.com/publickeys
[02:06:02] [Render thread/DEBUG] (com.mojang.authlib.minecraft.client.MinecraftClient) Connecting to https://api.minecraftservices.com/player/attributes
[02:06:02] [Yggdrasil Key Fetcher/DEBUG] (com.mojang.authlib.HttpAuthenticationService) Reading data from https://api.minecraftservices.com/publickeys
[02:06:03] [Yggdrasil Key Fetcher/DEBUG] (com.mojang.authlib.HttpAuthenticationService) Successful read, server response was 200
[02:06:03] [Yggdrasil Key Fetcher/DEBUG] (com.mojang.authlib.HttpAuthenticationService) Response: {
  "profilePropertyKeys" : [ {
    "publicKey" : "MIICIjANBgkqhkiG9w0BAQEFAAOCAg8AMIICCgKCAgEAylB4B6m5lz7jwrcFz6Fd/fnfUhcvlxsTSn5kIK/2aGG1C3kMy4VjhwlxF6BFUSnfxhNswPjh3ZitkBxEAFY25uzkJFRwHwVA9mdwjashXILtR6OqdLXXFVyUPIURLOSWqGNBtb08EN5fMnG8iFLgEJIBMxs9BvF3s3/FhuHyPKiVTZmXY0WY4ZyYqvoKR+XjaTRPPvBsDa4WI2u1zxXMeHlodT3lnCzVvyOYBLXL6CJgByuOxccJ8hnXfF9yY4F0aeL080Jz/3+EBNG8RO4ByhtBf4Ny8NQ6stWsjfeUIvH7bU/4zCYcYOq4WrInXHqS8qruDmIl7P5XXGcabuzQstPf/h2CRAUpP/PlHXcMlvewjmGU6MfDK+lifScNYwjPxRo4nKTGFZf/0aqHCh/EAsQyLKrOIYRE0lDG3bzBh8ogIMLAugsAfBb6M3mqCqKaTMAf/VAjh5FFJnjS+7bE+bZEV0qwax1CEoPPJL1fIQjOS8zj086gjpGRCtSy9+bTPTfTR/SJ+VUB5G2IeCItkNHpJX2ygojFZ9n5Fnj7R9ZnOM+L8nyIjPu3aePvtcrXlyLhH/hvOfIOjPxOlqW+O5QwSFP4OEcyLAUgDdUgyW36Z5mB285uKW/ighzZsOTevVUG2QwDItObIV6i8RCxFbN2oDHyPaO5j1tTaBNyVt8CAwEAAQ=="
  }, {
    "publicKey" : "MIICIjANBgkqhkiG9w0BAQEFAAOCAg8AMIICCgKCAgEAra4Y2wu3rWEW7cDTDRRd4IvUD140Y12SaG3k4V3UwT/pDnnX5itOcYiZA0qf4VCpJDp2PifOL+Pr/ph/G9/6ZoIxkBeGENo+S7i9BqizJy9cmZocpyx+RkZaw9+frCGNLuYLrxziNWiXFACJSg2mHACR7+6NkGN8d/16/3PxMnvGSyLT7JKGUgqj1Q3oW7k+NLXR9sw6oRELOcnUvZVa2bcglv8vlcyPqqnBhydLfHI85Z5WnIYZviZ3Bb4dv5Fme726BGOtEY7kz40RfiwjT3xYKYKPJUS3/crPX6eugmWyrWdddKaePrW88bp17Z5NIStlJ5KJJk4coha8O+P7onDqmbHwLqPTeR51njkgZ+DJWT6fz8ku9OWQn6I/FxqN14iYIghDJijmKvEwsI7FJ5X2ttPXEvBYLmpj2j0lQQcUIqH7hkiZ+mCW0GYawJgbAeNAraM9sP+76MyAGITtAsXv1IQmah+7OeDJOToG2Kb1Dl0Va+HiP9MPpcnO7kbn6dqAyhNvRNmHnsUOiEcLhW9Rk7xz87IBV/cGKbUDgxu8cYY0P512DWt5+Jmr8W10FDFdLmkJt1taWxNxApM2CiFPCimk02koyLZDW9nqpWNw6qS/TOYPdz438qEuamtYUJ+u6WhBjK8xAJEAt5k3gDKX+nlTiG3N6se09D62fS8CAwEAAQ=="
  } ],
  "playerCertificateKeys" : [ {
    "publicKey" : "MIICIjANBgkqhkiG9w0BAQEFAAOCAg8AMIICCgKCAgEAylB4B6m5lz7jwrcFz6Fd/fnfUhcvlxsTSn5kIK/2aGG1C3kMy4VjhwlxF6BFUSnfxhNswPjh3ZitkBxEAFY25uzkJFRwHwVA9mdwjashXILtR6OqdLXXFVyUPIURLOSWqGNBtb08EN5fMnG8iFLgEJIBMxs9BvF3s3/FhuHyPKiVTZmXY0WY4ZyYqvoKR+XjaTRPPvBsDa4WI2u1zxXMeHlodT3lnCzVvyOYBLXL6CJgByuOxccJ8hnXfF9yY4F0aeL080Jz/3+EBNG8RO4ByhtBf4Ny8NQ6stWsjfeUIvH7bU/4zCYcYOq4WrInXHqS8qruDmIl7P5XXGcabuzQstPf/h2CRAUpP/PlHXcMlvewjmGU6MfDK+lifScNYwjPxRo4nKTGFZf/0aqHCh/EAsQyLKrOIYRE0lDG3bzBh8ogIMLAugsAfBb6M3mqCqKaTMAf/VAjh5FFJnjS+7bE+bZEV0qwax1CEoPPJL1fIQjOS8zj086gjpGRCtSy9+bTPTfTR/SJ+VUB5G2IeCItkNHpJX2ygojFZ9n5Fnj7R9ZnOM+L8nyIjPu3aePvtcrXlyLhH/hvOfIOjPxOlqW+O5QwSFP4OEcyLAUgDdUgyW36Z5mB285uKW/ighzZsOTevVUG2QwDItObIV6i8RCxFbN2oDHyPaO5j1tTaBNyVt8CAwEAAQ=="
  }, {
    "publicKey" : "MIICIjANBgkqhkiG9w0BAQEFAAOCAg8AMIICCgKCAgEAt4t9NPuu7cktclnaH7eZj0omkLcJHeLz5MKsyJEntHZ0INtuBjSSul3Pp3pBeJN8k3ADdcdBLUN90bcAi7WsQqTx3Ft363q3W7TbM8j2iTEdp/0uVspoRt/DP1tkaWFs/w2WwUv9jbVoBUzfUc4pSTIxRwdjmqjZQfvjwKNDbOx3IhP2H0WXodbISejPi1wBZqNW4m1rnZAXp/EpUguxA8mobCa4vUCBkyFDyXdl69/wUSJHyCPmgcMJ364OlAhIqtwVPShBZObvrK/f0BYk6ShJD3N7TFDatSYsIIdcTKRknaIm91s+EsMrdB9U4Yw+ZJ/pyCB4S3vk8zfDCnb0DWIxYH3/EMzaxl77djmTmMzi/JDITup5z3jfWtRZmrAhU2/+W5IO5hEpo3/bCS9PXIY5xb41Lmp2ZO8dXKtyD66Chchy0W129n8vPl2GIruOdrxsjZAHnneyAb9jm0uaGaphwnEnuecX/qgHY6ZMtayvLLsPst8PO6R1vufMy8WqjK+j7LnC1krL7CPDg0NEhyQTmw5l+NCNjSlvB1juM9V4PARg0bYCOkGXm7ydRCjSSH8CJXZpwnd5cBB5WKAX3KPzutRgMi/LFwNSMZzFuUyXaYOZPpD259yqph1LmGqegEdDriACVU+dVEONFMm8eIuBofe7ljmsAFKW9BINwK0CAwEAAQ=="
  } ],
  "authenticationKeys" : [ {
    "publicKey" : "MIIBIjANBgkqhkiG9w0BAQEFAAOCAQ8AMIIBCgKCAQEA4S4G8fJJw4hLRME8zM2aBqaQRqYs0TlU8N+sZl0MUgtyFw0KAXnzbOPH7yu6qbqsGYVKF/D+fUg+49PhFmxEsylvmj/yeRwdp3yFGME/BVfL06zFmAw+rGaxqubcswzIO8ByUtjQOmlnrzj4zvhNSYJmwNbTIKrKNlSHYvYZbUDRquH9yMDOKnvGAMMDGttFrM300mVznRgaTEzU9aPqMvj0YxtxUcGIQTar0TBQa7NzEAr59u5VVx5s6naS6QVBrMc6e32f38enVkNFZQT87KlCb2B6ziPmbaRzWWs4qcHsHz8BUCKplo5iu/ePtwaa5AaVT27Lnv+KzS46eyf1CwIDAQAB"
  }, {
    "publicKey" : "MIIBIjANBgkqhkiG9w0BAQEFAAOCAQ8AMIIBCgKCAQEAys5/Z+MBAOBcdnk3wKDDvsw6UUdTjSRQ+e5Ug2HJnshWunZMQDPGZvctUWpHxDZHAjaFfhpjw1pWtN/ejTpv37jZCp0yF533LfAfxiiQBWfJdKk5Wzyw7kmU8xmO984csukYFH4aTTLwZuhmMLFk3l00mMNPixgnRMuyr7aKIu/+l3wH1kCf1k74MTH4wX5fgNqFvTS3127DNVnTH9sOw+dhEViiQpTz3BFEpIUvl9T7B2rjF0CDmW9xtyNINw2EfENa7PwE0uIyNoZl/+m7yzMKef4lrE6Ch/IMzfT03Q2QvbwFlm+kzQKhSlB18Ohotrkega62fMxdn/s6Rv6oQQIDAQAB"
  } ]
}
[02:06:03] [Render thread/ERROR] (net.minecraft.client.Minecraft) Failed to verify authentication
com.mojang.authlib.exceptions.InvalidCredentialsException: Status: 401
	at com.mojang.authlib.exceptions.MinecraftClientHttpException.toAuthenticationException(MinecraftClientHttpException.java:56) ~[authlib-4.0.43.jar:?]
	at com.mojang.authlib.yggdrasil.YggdrasilUserApiService.fetchProperties(YggdrasilUserApiService.java:156) ~[authlib-4.0.43.jar:?]
	at com.mojang.authlib.yggdrasil.YggdrasilUserApiService.<init>(YggdrasilUserApiService.java:55) ~[authlib-4.0.43.jar:?]
	at com.mojang.authlib.yggdrasil.YggdrasilAuthenticationService.createUserApiService(YggdrasilAuthenticationService.java:124) ~[authlib-4.0.43.jar:?]
	at net.minecraft.client.Minecraft.createUserApiService(Minecraft.java:733) ~[minecraft-merged-adc751d9ee-1.20.1-loom.mappings.1_20_1.layered+hash.1900676243-v2.jar:?]
	at net.minecraft.client.Minecraft.<init>(Minecraft.java:442) ~[minecraft-merged-adc751d9ee-1.20.1-loom.mappings.1_20_1.layered+hash.1900676243-v2.jar:?]
	at net.minecraft.client.main.Main.main(Main.java:211) ~[minecraft-merged-adc751d9ee-1.20.1-loom.mappings.1_20_1.layered+hash.1900676243-v2.jar:?]
	at net.fabricmc.loader.impl.game.minecraft.MinecraftGameProvider.launch(MinecraftGameProvider.java:480) ~[fabric-loader-0.16.14.jar:?]
	at net.fabricmc.loader.impl.launch.knot.Knot.launch(Knot.java:74) ~[fabric-loader-0.16.14.jar:?]
	at net.fabricmc.loader.impl.launch.knot.KnotClient.main(KnotClient.java:23) ~[fabric-loader-0.16.14.jar:?]
	at net.fabricmc.devlaunchinjector.Main.main(Main.java:86) ~[dev-launch-injector-0.2.1+build.8.jar:?]
	at dev.architectury.transformer.TransformerRuntime.main(TransformerRuntime.java:220) ~[architectury-transformer-5.2.87-runtime.jar:?]
Caused by: com.mojang.authlib.exceptions.MinecraftClientHttpException: Status: 401
	at com.mojang.authlib.minecraft.client.MinecraftClient.readInputStream(MinecraftClient.java:85) ~[authlib-4.0.43.jar:?]
	at com.mojang.authlib.minecraft.client.MinecraftClient.get(MinecraftClient.java:48) ~[authlib-4.0.43.jar:?]
	at com.mojang.authlib.yggdrasil.YggdrasilUserApiService.fetchProperties(YggdrasilUserApiService.java:129) ~[authlib-4.0.43.jar:?]
	... 10 more
[02:06:03] [Render thread/INFO] (net.minecraft.client.Minecraft) Setting user: Player942
[02:06:03] [Render thread/DEBUG] (FabricLoader/Mixin) Mixing KeyBindingAccessor from fabric-events-interaction-v0.client.mixins.json into net.minecraft.client.KeyMapping
[02:06:03] [Render thread/DEBUG] (FabricLoader/Mixin) fabric-events-interaction-v0.client.mixins.json:KeyBindingAccessor from mod fabric-events-interaction-v0: Class version 61 required is higher than the class version supported by the current version of Mixin (JAVA_16 supports class version 60)
[02:06:03] [Render thread/DEBUG] (FabricLoader/Mixin) Mixing KeyBindingAccessor from fabric-key-binding-api-v1.mixins.json into net.minecraft.client.KeyMapping
[02:06:03] [Render thread/DEBUG] (FabricLoader/Mixin) fabric-key-binding-api-v1.mixins.json:KeyBindingAccessor from mod fabric-key-binding-api-v1: Class version 61 required is higher than the class version supported by the current version of Mixin (JAVA_16 supports class version 60)
[02:06:03] [Render thread/DEBUG] (FabricLoader/Mixin) Renaming @Accessor method fabric_getCategoryMap()Ljava/util/Map; to fabric_getCategoryMap$fabric-key-binding-api-v1_$md$4ccb60$0 in fabric-key-binding-api-v1.mixins.json:KeyBindingAccessor from mod fabric-key-binding-api-v1
[02:06:03] [Render thread/DEBUG] (FabricLoader/Entrypoint) Iterating over entrypoint 'main'
[02:06:03] [Render thread/DEBUG] (FabricLoader/Mixin) Mixing ServerLoginNetworkHandlerMixin from fabric-networking-api-v1.mixins.json into net.minecraft.server.network.ServerLoginPacketListenerImpl
[02:06:03] [Render thread/DEBUG] (FabricLoader/Mixin) fabric-networking-api-v1.mixins.json:ServerLoginNetworkHandlerMixin from mod fabric-networking-api-v1: Class version 61 required is higher than the class version supported by the current version of Mixin (JAVA_16 supports class version 60)
[02:06:03] [Render thread/DEBUG] (FabricLoader/Mixin) Mixing accessor.ServerLoginNetworkHandlerAccessor from fabric-networking-api-v1.mixins.json into net.minecraft.server.network.ServerLoginPacketListenerImpl
[02:06:03] [Render thread/DEBUG] (FabricLoader/Mixin) fabric-networking-api-v1.mixins.json:accessor.ServerLoginNetworkHandlerAccessor from mod fabric-networking-api-v1: Class version 61 required is higher than the class version supported by the current version of Mixin (JAVA_16 supports class version 60)
[02:06:03] [Render thread/DEBUG] (FabricLoader/Mixin) fabric-networking-api-v1.mixins.json:ServerLoginNetworkHandlerMixin from mod fabric-networking-api-v1->@Inject::initAddon(Lorg/spongepowered/asm/mixin/injection/callback/CallbackInfo;)V doesn't use it's CallbackInfo
[02:06:03] [Render thread/DEBUG] (FabricLoader/Mixin) fabric-networking-api-v1.mixins.json:ServerLoginNetworkHandlerMixin from mod fabric-networking-api-v1->@Inject::initAddon(Lorg/spongepowered/asm/mixin/injection/callback/CallbackInfo;)V has 0 override(s) in child classes
[02:06:03] [Render thread/DEBUG] (FabricLoader/Mixin) fabric-networking-api-v1.mixins.json:ServerLoginNetworkHandlerMixin from mod fabric-networking-api-v1->@Inject::initAddon(Lorg/spongepowered/asm/mixin/injection/callback/CallbackInfo;)V won't be passed a CallbackInfo as a result
[02:06:03] [Render thread/DEBUG] (FabricLoader/Mixin) fabric-networking-api-v1.mixins.json:ServerLoginNetworkHandlerMixin from mod fabric-networking-api-v1->@Inject::handleCustomPayloadReceivedAsync(Lnet/minecraft/network/protocol/login/ServerboundCustomQueryPacket;Lorg/spongepowered/asm/mixin/injection/callback/CallbackInfo;)V does use it's CallbackInfo
[02:06:03] [Render thread/DEBUG] (FabricLoader/Mixin) fabric-networking-api-v1.mixins.json:ServerLoginNetworkHandlerMixin from mod fabric-networking-api-v1->@Inject::handleDisconnection(Lnet/minecraft/network/chat/Component;Lorg/spongepowered/asm/mixin/injection/callback/CallbackInfo;)V doesn't use it's CallbackInfo
[02:06:03] [Render thread/DEBUG] (FabricLoader/Mixin) fabric-networking-api-v1.mixins.json:ServerLoginNetworkHandlerMixin from mod fabric-networking-api-v1->@Inject::handleDisconnection(Lnet/minecraft/network/chat/Component;Lorg/spongepowered/asm/mixin/injection/callback/CallbackInfo;)V has 0 override(s) in child classes
[02:06:03] [Render thread/DEBUG] (FabricLoader/Mixin) fabric-networking-api-v1.mixins.json:ServerLoginNetworkHandlerMixin from mod fabric-networking-api-v1->@Inject::handleDisconnection(Lnet/minecraft/network/chat/Component;Lorg/spongepowered/asm/mixin/injection/callback/CallbackInfo;)V won't be passed a CallbackInfo as a result
[02:06:03] [Render thread/DEBUG] (FabricLoader/Mixin) fabric-networking-api-v1.mixins.json:ServerLoginNetworkHandlerMixin from mod fabric-networking-api-v1->@Inject::handlePlayTransitionNormal(Lnet/minecraft/server/level/ServerPlayer;Lorg/spongepowered/asm/mixin/injection/callback/CallbackInfo;)V doesn't use it's CallbackInfo
[02:06:03] [Render thread/DEBUG] (FabricLoader/Mixin) fabric-networking-api-v1.mixins.json:ServerLoginNetworkHandlerMixin from mod fabric-networking-api-v1->@Inject::handlePlayTransitionNormal(Lnet/minecraft/server/level/ServerPlayer;Lorg/spongepowered/asm/mixin/injection/callback/CallbackInfo;)V has 0 override(s) in child classes
[02:06:03] [Render thread/DEBUG] (FabricLoader/Mixin) fabric-networking-api-v1.mixins.json:ServerLoginNetworkHandlerMixin from mod fabric-networking-api-v1->@Inject::handlePlayTransitionNormal(Lnet/minecraft/server/level/ServerPlayer;Lorg/spongepowered/asm/mixin/injection/callback/CallbackInfo;)V won't be passed a CallbackInfo as a result
[02:06:03] [Render thread/DEBUG] (FabricLoader/Mixin) Mixing MinecraftServerMixin from fabric-resource-loader-v0.mixins.json into net.minecraft.server.MinecraftServer
[02:06:03] [Render thread/DEBUG] (FabricLoader/Mixin) fabric-resource-loader-v0.mixins.json:MinecraftServerMixin from mod fabric-resource-loader-v0: Class version 61 required is higher than the class version supported by the current version of Mixin (JAVA_16 supports class version 60)
[02:06:03] [Render thread/DEBUG] (FabricLoader/Mixin) Mixing modification.MinecraftServerMixin from fabric-biome-api-v1.mixins.json into net.minecraft.server.MinecraftServer
[02:06:03] [Render thread/DEBUG] (FabricLoader/Mixin) fabric-biome-api-v1.mixins.json:modification.MinecraftServerMixin from mod fabric-biome-api-v1: Class version 61 required is higher than the class version supported by the current version of Mixin (JAVA_16 supports class version 60)
[02:06:03] [Render thread/DEBUG] (FabricLoader/Mixin) Mixing MinecraftServerMixin from fabric-registry-sync-v0.mixins.json into net.minecraft.server.MinecraftServer
[02:06:03] [Render thread/DEBUG] (FabricLoader/Mixin) fabric-registry-sync-v0.mixins.json:MinecraftServerMixin from mod fabric-registry-sync-v0: Class version 61 required is higher than the class version supported by the current version of Mixin (JAVA_16 supports class version 60)
[02:06:03] [Render thread/DEBUG] (FabricLoader/Mixin) Mixing MinecraftServerMixin from fabric-lifecycle-events-v1.mixins.json into net.minecraft.server.MinecraftServer
[02:06:03] [Render thread/DEBUG] (FabricLoader/Mixin) fabric-lifecycle-events-v1.mixins.json:MinecraftServerMixin from mod fabric-lifecycle-events-v1: Class version 61 required is higher than the class version supported by the current version of Mixin (JAVA_16 supports class version 60)
[02:06:03] [Render thread/DEBUG] (FabricLoader/Mixin) Renaming synthetic method lambda$endResourceReload$0(Ljava/lang/Void;Ljava/lang/Throwable;)Ljava/lang/Void; to md4ccb60$fabric-lifecycle-events-v1$lambda$endResourceReload$0$0 in fabric-lifecycle-events-v1.mixins.json:MinecraftServerMixin from mod fabric-lifecycle-events-v1
[02:06:03] [Render thread/DEBUG] (FabricLoader/Mixin) Mixing MinecraftServerMixin from fabric-gametest-api-v1.mixins.json into net.minecraft.server.MinecraftServer
[02:06:03] [Render thread/DEBUG] (FabricLoader/Mixin) fabric-gametest-api-v1.mixins.json:MinecraftServerMixin from mod fabric-gametest-api-v1: Class version 61 required is higher than the class version supported by the current version of Mixin (JAVA_16 supports class version 60)
[02:06:03] [Render thread/DEBUG] (FabricLoader/Mixin) Mixing MinecraftServerMixin from fabric-message-api-v1.mixins.json into net.minecraft.server.MinecraftServer
[02:06:03] [Render thread/DEBUG] (FabricLoader/Mixin) fabric-message-api-v1.mixins.json:MinecraftServerMixin from mod fabric-message-api-v1: Class version 61 required is higher than the class version supported by the current version of Mixin (JAVA_16 supports class version 60)
[02:06:03] [Render thread/DEBUG] (FabricLoader/Mixin) Renaming synthetic method lambda$onGetChatDecorator$1(Lnet/minecraft/network/chat/ChatDecorator;Lnet/minecraft/server/level/ServerPlayer;Lnet/minecraft/network/chat/Component;)Ljava/util/concurrent/CompletableFuture; to md4ccb60$fabric-message-api-v1$lambda$onGetChatDecorator$1$1 in fabric-message-api-v1.mixins.json:MinecraftServerMixin from mod fabric-message-api-v1
[02:06:03] [Render thread/DEBUG] (FabricLoader/Mixin) Renaming synthetic method lambda$onGetChatDecorator$0(Lnet/minecraft/server/level/ServerPlayer;Lnet/minecraft/network/chat/Component;)Ljava/util/concurrent/CompletionStage; to md4ccb60$fabric-message-api-v1$lambda$onGetChatDecorator$0$2 in fabric-message-api-v1.mixins.json:MinecraftServerMixin from mod fabric-message-api-v1
[02:06:03] [Render thread/DEBUG] (FabricLoader/Mixin) fabric-biome-api-v1.mixins.json:modification.MinecraftServerMixin from mod fabric-biome-api-v1->@Inject::finalizeWorldGen(Lorg/spongepowered/asm/mixin/injection/callback/CallbackInfo;)V doesn't use it's CallbackInfo
[02:06:03] [Render thread/DEBUG] (FabricLoader/Mixin) fabric-biome-api-v1.mixins.json:modification.MinecraftServerMixin from mod fabric-biome-api-v1->@Inject::finalizeWorldGen(Lorg/spongepowered/asm/mixin/injection/callback/CallbackInfo;)V has 0 override(s) in child classes
[02:06:03] [Render thread/DEBUG] (FabricLoader/Mixin) fabric-biome-api-v1.mixins.json:modification.MinecraftServerMixin from mod fabric-biome-api-v1->@Inject::finalizeWorldGen(Lorg/spongepowered/asm/mixin/injection/callback/CallbackInfo;)V won't be passed a CallbackInfo as a result
[02:06:03] [Render thread/DEBUG] (FabricLoader/Mixin) fabric-registry-sync-v0.mixins.json:MinecraftServerMixin from mod fabric-registry-sync-v0->@Inject::beforeSetupServer(Lorg/spongepowered/asm/mixin/injection/callback/CallbackInfo;)V doesn't use it's CallbackInfo
[02:06:03] [Render thread/DEBUG] (FabricLoader/Mixin) fabric-registry-sync-v0.mixins.json:MinecraftServerMixin from mod fabric-registry-sync-v0->@Inject::beforeSetupServer(Lorg/spongepowered/asm/mixin/injection/callback/CallbackInfo;)V has 0 override(s) in child classes
[02:06:03] [Render thread/DEBUG] (FabricLoader/Mixin) fabric-registry-sync-v0.mixins.json:MinecraftServerMixin from mod fabric-registry-sync-v0->@Inject::beforeSetupServer(Lorg/spongepowered/asm/mixin/injection/callback/CallbackInfo;)V won't be passed a CallbackInfo as a result
[02:06:03] [Render thread/DEBUG] (FabricLoader/Mixin) fabric-lifecycle-events-v1.mixins.json:MinecraftServerMixin from mod fabric-lifecycle-events-v1->@Inject::beforeSetupServer(Lorg/spongepowered/asm/mixin/injection/callback/CallbackInfo;)V doesn't use it's CallbackInfo
[02:06:03] [Render thread/DEBUG] (FabricLoader/Mixin) fabric-lifecycle-events-v1.mixins.json:MinecraftServerMixin from mod fabric-lifecycle-events-v1->@Inject::beforeSetupServer(Lorg/spongepowered/asm/mixin/injection/callback/CallbackInfo;)V has 0 override(s) in child classes
[02:06:03] [Render thread/DEBUG] (FabricLoader/Mixin) fabric-lifecycle-events-v1.mixins.json:MinecraftServerMixin from mod fabric-lifecycle-events-v1->@Inject::beforeSetupServer(Lorg/spongepowered/asm/mixin/injection/callback/CallbackInfo;)V won't be passed a CallbackInfo as a result
[02:06:03] [Render thread/DEBUG] (FabricLoader/Mixin) fabric-lifecycle-events-v1.mixins.json:MinecraftServerMixin from mod fabric-lifecycle-events-v1->@Inject::afterSetupServer(Lorg/spongepowered/asm/mixin/injection/callback/CallbackInfo;)V doesn't use it's CallbackInfo
[02:06:03] [Render thread/DEBUG] (FabricLoader/Mixin) fabric-lifecycle-events-v1.mixins.json:MinecraftServerMixin from mod fabric-lifecycle-events-v1->@Inject::afterSetupServer(Lorg/spongepowered/asm/mixin/injection/callback/CallbackInfo;)V has 0 override(s) in child classes
[02:06:03] [Render thread/DEBUG] (FabricLoader/Mixin) fabric-lifecycle-events-v1.mixins.json:MinecraftServerMixin from mod fabric-lifecycle-events-v1->@Inject::afterSetupServer(Lorg/spongepowered/asm/mixin/injection/callback/CallbackInfo;)V won't be passed a CallbackInfo as a result
[02:06:03] [Render thread/DEBUG] (FabricLoader/Mixin) fabric-lifecycle-events-v1.mixins.json:MinecraftServerMixin from mod fabric-lifecycle-events-v1->@Inject::beforeShutdownServer(Lorg/spongepowered/asm/mixin/injection/callback/CallbackInfo;)V doesn't use it's CallbackInfo
[02:06:03] [Render thread/DEBUG] (FabricLoader/Mixin) fabric-lifecycle-events-v1.mixins.json:MinecraftServerMixin from mod fabric-lifecycle-events-v1->@Inject::beforeShutdownServer(Lorg/spongepowered/asm/mixin/injection/callback/CallbackInfo;)V has 0 override(s) in child classes
[02:06:03] [Render thread/DEBUG] (FabricLoader/Mixin) fabric-lifecycle-events-v1.mixins.json:MinecraftServerMixin from mod fabric-lifecycle-events-v1->@Inject::beforeShutdownServer(Lorg/spongepowered/asm/mixin/injection/callback/CallbackInfo;)V won't be passed a CallbackInfo as a result
[02:06:03] [Render thread/DEBUG] (FabricLoader/Mixin) fabric-lifecycle-events-v1.mixins.json:MinecraftServerMixin from mod fabric-lifecycle-events-v1->@Inject::afterShutdownServer(Lorg/spongepowered/asm/mixin/injection/callback/CallbackInfo;)V doesn't use it's CallbackInfo
[02:06:03] [Render thread/DEBUG] (FabricLoader/Mixin) fabric-lifecycle-events-v1.mixins.json:MinecraftServerMixin from mod fabric-lifecycle-events-v1->@Inject::afterShutdownServer(Lorg/spongepowered/asm/mixin/injection/callback/CallbackInfo;)V has 0 override(s) in child classes
[02:06:03] [Render thread/DEBUG] (FabricLoader/Mixin) fabric-lifecycle-events-v1.mixins.json:MinecraftServerMixin from mod fabric-lifecycle-events-v1->@Inject::afterShutdownServer(Lorg/spongepowered/asm/mixin/injection/callback/CallbackInfo;)V won't be passed a CallbackInfo as a result
[02:06:03] [Render thread/DEBUG] (FabricLoader/Mixin) fabric-lifecycle-events-v1.mixins.json:MinecraftServerMixin from mod fabric-lifecycle-events-v1->@Inject::onStartTick(Ljava/util/function/BooleanSupplier;Lorg/spongepowered/asm/mixin/injection/callback/CallbackInfo;)V doesn't use it's CallbackInfo
[02:06:03] [Render thread/DEBUG] (FabricLoader/Mixin) fabric-lifecycle-events-v1.mixins.json:MinecraftServerMixin from mod fabric-lifecycle-events-v1->@Inject::onStartTick(Ljava/util/function/BooleanSupplier;Lorg/spongepowered/asm/mixin/injection/callback/CallbackInfo;)V has 0 override(s) in child classes
[02:06:03] [Render thread/DEBUG] (FabricLoader/Mixin) fabric-lifecycle-events-v1.mixins.json:MinecraftServerMixin from mod fabric-lifecycle-events-v1->@Inject::onStartTick(Ljava/util/function/BooleanSupplier;Lorg/spongepowered/asm/mixin/injection/callback/CallbackInfo;)V won't be passed a CallbackInfo as a result
[02:06:03] [Render thread/DEBUG] (FabricLoader/Mixin) fabric-lifecycle-events-v1.mixins.json:MinecraftServerMixin from mod fabric-lifecycle-events-v1->@Inject::onEndTick(Ljava/util/function/BooleanSupplier;Lorg/spongepowered/asm/mixin/injection/callback/CallbackInfo;)V doesn't use it's CallbackInfo
[02:06:03] [Render thread/DEBUG] (FabricLoader/Mixin) fabric-lifecycle-events-v1.mixins.json:MinecraftServerMixin from mod fabric-lifecycle-events-v1->@Inject::onEndTick(Ljava/util/function/BooleanSupplier;Lorg/spongepowered/asm/mixin/injection/callback/CallbackInfo;)V has 0 override(s) in child classes
[02:06:03] [Render thread/DEBUG] (FabricLoader/Mixin) fabric-lifecycle-events-v1.mixins.json:MinecraftServerMixin from mod fabric-lifecycle-events-v1->@Inject::onEndTick(Ljava/util/function/BooleanSupplier;Lorg/spongepowered/asm/mixin/injection/callback/CallbackInfo;)V won't be passed a CallbackInfo as a result
[02:06:03] [Render thread/DEBUG] (FabricLoader/Mixin) fabric-lifecycle-events-v1.mixins.json:MinecraftServerMixin from mod fabric-lifecycle-events-v1->@Inject::onUnloadWorldAtShutdown(Lorg/spongepowered/asm/mixin/injection/callback/CallbackInfo;Ljava/util/Iterator;Lnet/minecraft/server/level/ServerLevel;)V doesn't use it's CallbackInfo
[02:06:03] [Render thread/DEBUG] (FabricLoader/Mixin) fabric-lifecycle-events-v1.mixins.json:MinecraftServerMixin from mod fabric-lifecycle-events-v1->@Inject::onUnloadWorldAtShutdown(Lorg/spongepowered/asm/mixin/injection/callback/CallbackInfo;Ljava/util/Iterator;Lnet/minecraft/server/level/ServerLevel;)V has 0 override(s) in child classes
[02:06:03] [Render thread/DEBUG] (FabricLoader/Mixin) fabric-lifecycle-events-v1.mixins.json:MinecraftServerMixin from mod fabric-lifecycle-events-v1->@Inject::onUnloadWorldAtShutdown(Lorg/spongepowered/asm/mixin/injection/callback/CallbackInfo;Ljava/util/Iterator;Lnet/minecraft/server/level/ServerLevel;)V won't be passed a CallbackInfo as a result
[02:06:03] [Render thread/DEBUG] (FabricLoader/Mixin) fabric-lifecycle-events-v1.mixins.json:MinecraftServerMixin from mod fabric-lifecycle-events-v1->@Inject::startResourceReload(Ljava/util/Collection;Lorg/spongepowered/asm/mixin/injection/callback/CallbackInfoReturnable;)V doesn't use it's CallbackInfoReturnable
[02:06:03] [Render thread/DEBUG] (FabricLoader/Mixin) fabric-lifecycle-events-v1.mixins.json:MinecraftServerMixin from mod fabric-lifecycle-events-v1->@Inject::startResourceReload(Ljava/util/Collection;Lorg/spongepowered/asm/mixin/injection/callback/CallbackInfoReturnable;)V has 0 override(s) in child classes
[02:06:03] [Render thread/DEBUG] (FabricLoader/Mixin) fabric-lifecycle-events-v1.mixins.json:MinecraftServerMixin from mod fabric-lifecycle-events-v1->@Inject::startResourceReload(Ljava/util/Collection;Lorg/spongepowered/asm/mixin/injection/callback/CallbackInfoReturnable;)V won't be passed a CallbackInfoReturnable as a result
[02:06:03] [Render thread/DEBUG] (FabricLoader/Mixin) fabric-lifecycle-events-v1.mixins.json:MinecraftServerMixin from mod fabric-lifecycle-events-v1->@Inject::endResourceReload(Ljava/util/Collection;Lorg/spongepowered/asm/mixin/injection/callback/CallbackInfoReturnable;)V does use it's CallbackInfoReturnable
[02:06:03] [Render thread/DEBUG] (FabricLoader/Mixin) fabric-gametest-api-v1.mixins.json:MinecraftServerMixin from mod fabric-gametest-api-v1->@Inject::tickWorlds(Ljava/util/function/BooleanSupplier;Lorg/spongepowered/asm/mixin/injection/callback/CallbackInfo;)V doesn't use it's CallbackInfo
[02:06:03] [Render thread/DEBUG] (FabricLoader/Mixin) fabric-gametest-api-v1.mixins.json:MinecraftServerMixin from mod fabric-gametest-api-v1->@Inject::tickWorlds(Ljava/util/function/BooleanSupplier;Lorg/spongepowered/asm/mixin/injection/callback/CallbackInfo;)V has 0 override(s) in child classes
[02:06:03] [Render thread/DEBUG] (FabricLoader/Mixin) fabric-gametest-api-v1.mixins.json:MinecraftServerMixin from mod fabric-gametest-api-v1->@Inject::tickWorlds(Ljava/util/function/BooleanSupplier;Lorg/spongepowered/asm/mixin/injection/callback/CallbackInfo;)V won't be passed a CallbackInfo as a result
[02:06:03] [Render thread/DEBUG] (FabricLoader/Mixin) fabric-message-api-v1.mixins.json:MinecraftServerMixin from mod fabric-message-api-v1->@Inject::onGetChatDecorator(Lorg/spongepowered/asm/mixin/injection/callback/CallbackInfoReturnable;)V does use it's CallbackInfoReturnable
[02:06:03] [Render thread/DEBUG] (FabricLoader/Mixin) Mixing client.MixinIntegratedServer from architectury.mixins.json into net.minecraft.client.server.IntegratedServer
[02:06:03] [Render thread/DEBUG] (FabricLoader/Mixin) architectury.mixins.json:client.MixinIntegratedServer from mod architectury->@Inject::initServer(Lorg/spongepowered/asm/mixin/injection/callback/CallbackInfoReturnable;)V does use it's CallbackInfoReturnable
[02:06:03] [Render thread/DEBUG] (FabricLoader/Mixin) Mixing client.MixinGuiGraphics from architectury.mixins.json into net.minecraft.client.gui.GuiGraphics
[02:06:03] [Render thread/DEBUG] (FabricLoader/Mixin) architectury.mixins.json:client.MixinGuiGraphics from mod architectury->@Inject::preRenderTooltipItem(Lnet/minecraft/client/gui/Font;Lnet/minecraft/world/item/ItemStack;IILorg/spongepowered/asm/mixin/injection/callback/CallbackInfo;)V doesn't use it's CallbackInfo
[02:06:03] [Render thread/DEBUG] (FabricLoader/Mixin) architectury.mixins.json:client.MixinGuiGraphics from mod architectury->@Inject::preRenderTooltipItem(Lnet/minecraft/client/gui/Font;Lnet/minecraft/world/item/ItemStack;IILorg/spongepowered/asm/mixin/injection/callback/CallbackInfo;)V has 0 override(s) in child classes
[02:06:03] [Render thread/DEBUG] (FabricLoader/Mixin) architectury.mixins.json:client.MixinGuiGraphics from mod architectury->@Inject::preRenderTooltipItem(Lnet/minecraft/client/gui/Font;Lnet/minecraft/world/item/ItemStack;IILorg/spongepowered/asm/mixin/injection/callback/CallbackInfo;)V won't be passed a CallbackInfo as a result
[02:06:03] [Render thread/DEBUG] (FabricLoader/Mixin) architectury.mixins.json:client.MixinGuiGraphics from mod architectury->@Inject::postRenderTooltipItem(Lnet/minecraft/client/gui/Font;Lnet/minecraft/world/item/ItemStack;IILorg/spongepowered/asm/mixin/injection/callback/CallbackInfo;)V doesn't use it's CallbackInfo
[02:06:03] [Render thread/DEBUG] (FabricLoader/Mixin) architectury.mixins.json:client.MixinGuiGraphics from mod architectury->@Inject::postRenderTooltipItem(Lnet/minecraft/client/gui/Font;Lnet/minecraft/world/item/ItemStack;IILorg/spongepowered/asm/mixin/injection/callback/CallbackInfo;)V has 0 override(s) in child classes
[02:06:03] [Render thread/DEBUG] (FabricLoader/Mixin) architectury.mixins.json:client.MixinGuiGraphics from mod architectury->@Inject::postRenderTooltipItem(Lnet/minecraft/client/gui/Font;Lnet/minecraft/world/item/ItemStack;IILorg/spongepowered/asm/mixin/injection/callback/CallbackInfo;)V won't be passed a CallbackInfo as a result
[02:06:03] [Render thread/DEBUG] (FabricLoader/Mixin) architectury.mixins.json:client.MixinGuiGraphics from mod architectury->@Inject::renderTooltip(Lnet/minecraft/client/gui/Font;Ljava/util/List;IILnet/minecraft/client/gui/screens/inventory/tooltip/ClientTooltipPositioner;Lorg/spongepowered/asm/mixin/injection/callback/CallbackInfo;)V does use it's CallbackInfo
[02:06:03] [Render thread/DEBUG] (FabricLoader/Mixin) Mixing KeyedResourceReloadListenerMixin from fabric-resource-loader-v0.mixins.json into net.minecraft.world.level.storage.loot.LootDataManager
[02:06:03] [Render thread/DEBUG] (FabricLoader/Mixin) fabric-resource-loader-v0.mixins.json:KeyedResourceReloadListenerMixin from mod fabric-resource-loader-v0: Class version 61 required is higher than the class version supported by the current version of Mixin (JAVA_16 supports class version 60)
[02:06:03] [Render thread/DEBUG] (FabricLoader/Mixin) Mixing LootManagerMixin from fabric-loot-api-v2.mixins.json into net.minecraft.world.level.storage.loot.LootDataManager
[02:06:03] [Render thread/DEBUG] (FabricLoader/Mixin) fabric-loot-api-v2.mixins.json:LootManagerMixin from mod fabric-loot-api-v2: Class version 61 required is higher than the class version supported by the current version of Mixin (JAVA_8 supports class version 52)
[02:06:03] [Render thread/DEBUG] (FabricLoader/Mixin) Renaming synthetic method lambda$applyLootTableEvents$1(Lcom/google/common/collect/ImmutableMap$Builder;Lnet/minecraft/server/packs/resources/ResourceManager;Lnet/minecraft/world/level/storage/loot/LootDataManager;Lnet/minecraft/world/level/storage/loot/LootDataId;Ljava/lang/Object;)V to md4ccb60$fabric-loot-api-v2$lambda$applyLootTableEvents$1$0 in fabric-loot-api-v2.mixins.json:LootManagerMixin from mod fabric-loot-api-v2
[02:06:03] [Render thread/DEBUG] (FabricLoader/Mixin) Renaming synthetic method lambda$reload$0(Lnet/minecraft/server/packs/resources/ResourceManager;Lnet/minecraft/world/level/storage/loot/LootDataManager;)V to md4ccb60$fabric-loot-api-v2$lambda$reload$0$1 in fabric-loot-api-v2.mixins.json:LootManagerMixin from mod fabric-loot-api-v2
[02:06:03] [Render thread/DEBUG] (FabricLoader/Mixin) Mixing LootManagerMixin from fabric-resource-conditions-api-v1.mixins.json into net.minecraft.world.level.storage.loot.LootDataManager
[02:06:03] [Render thread/DEBUG] (FabricLoader/Mixin) fabric-resource-conditions-api-v1.mixins.json:LootManagerMixin from mod fabric-resource-conditions-api-v1: Class version 61 required is higher than the class version supported by the current version of Mixin (JAVA_16 supports class version 60)
[02:06:03] [Render thread/DEBUG] (FabricLoader/Mixin) fabric-loot-api-v2.mixins.json:LootManagerMixin from mod fabric-loot-api-v2->@Inject::reload(Lnet/minecraft/server/packs/resources/PreparableReloadListener$PreparationBarrier;Lnet/minecraft/server/packs/resources/ResourceManager;Lnet/minecraft/util/profiling/ProfilerFiller;Lnet/minecraft/util/profiling/ProfilerFiller;Ljava/util/concurrent/Executor;Ljava/util/concurrent/Executor;Lorg/spongepowered/asm/mixin/injection/callback/CallbackInfoReturnable;)V does use it's CallbackInfoReturnable
[02:06:03] [Render thread/DEBUG] (FabricLoader/Mixin) fabric-resource-conditions-api-v1.mixins.json:LootManagerMixin from mod fabric-resource-conditions-api-v1->@Inject::load(Lnet/minecraft/world/level/storage/loot/LootDataType;Lnet/minecraft/server/packs/resources/ResourceManager;Ljava/util/concurrent/Executor;Ljava/util/Map;Lorg/spongepowered/asm/mixin/injection/callback/CallbackInfoReturnable;Ljava/util/Map;)V doesn't use it's CallbackInfoReturnable
[02:06:03] [Render thread/DEBUG] (FabricLoader/Mixin) fabric-resource-conditions-api-v1.mixins.json:LootManagerMixin from mod fabric-resource-conditions-api-v1->@Inject::runAsync(Lnet/minecraft/server/packs/resources/ResourceManager;Lnet/minecraft/world/level/storage/loot/LootDataType;Ljava/util/Map;Lorg/spongepowered/asm/mixin/injection/callback/CallbackInfo;)V doesn't use it's CallbackInfo
[02:06:03] [Render thread/DEBUG] (FabricLoader/Mixin) fabric-resource-conditions-api-v1.mixins.json:LootManagerMixin from mod fabric-resource-conditions-api-v1->@Inject::applyResourceConditions(Lnet/minecraft/world/level/storage/loot/LootDataType;Ljava/util/Map;Lnet/minecraft/resources/ResourceLocation;Lcom/google/gson/JsonElement;Lorg/spongepowered/asm/mixin/injection/callback/CallbackInfo;)V does use it's CallbackInfo
[02:06:03] [Render thread/DEBUG] (FabricLoader/Mixin) fabric-resource-conditions-api-v1.mixins.json:LootManagerMixin from mod fabric-resource-conditions-api-v1->@Inject::runAsyncEnd(Lnet/minecraft/server/packs/resources/ResourceManager;Lnet/minecraft/world/level/storage/loot/LootDataType;Ljava/util/Map;Lorg/spongepowered/asm/mixin/injection/callback/CallbackInfo;)V doesn't use it's CallbackInfo
[02:06:03] [Render thread/DEBUG] (FabricLoader/Mixin) Mixing LootTableAccessor from fabric-loot-api-v2.mixins.json into net.minecraft.world.level.storage.loot.LootTable
[02:06:03] [Render thread/DEBUG] (FabricLoader/Mixin) fabric-loot-api-v2.mixins.json:LootTableAccessor from mod fabric-loot-api-v2: Class version 61 required is higher than the class version supported by the current version of Mixin (JAVA_8 supports class version 52)
[02:06:03] [Render thread/DEBUG] (FabricLoader/Mixin) Mixing LootTableMixin from fabric-loot-tables-v1.mixins.json into net.minecraft.world.level.storage.loot.LootTable
[02:06:03] [Render thread/DEBUG] (FabricLoader/Mixin) fabric-loot-tables-v1.mixins.json:LootTableMixin from mod fabric-loot-tables-v1: Class version 61 required is higher than the class version supported by the current version of Mixin (JAVA_16 supports class version 60)
[02:06:03] [Render thread/DEBUG] (FabricLoader/Mixin) Mixing LootTableBuilderMixin from fabric-loot-api-v2.mixins.json into net.minecraft.world.level.storage.loot.LootTable$Builder
[02:06:03] [Render thread/DEBUG] (FabricLoader/Mixin) fabric-loot-api-v2.mixins.json:LootTableBuilderMixin from mod fabric-loot-api-v2: Class version 61 required is higher than the class version supported by the current version of Mixin (JAVA_8 supports class version 52)
[02:06:03] [Render thread/ERROR] (net.minecraft.Util) No data fixer registered for throw_lightsaber
[02:06:03] [Render thread/ERROR] (net.minecraft.Util) No data fixer registered for blaster_bolt
[02:06:03] [Render thread/DEBUG] (io.netty.util.internal.InternalThreadLocalMap) -Dio.netty.threadLocalMap.stringBuilder.initialSize: 1024
[02:06:03] [Render thread/DEBUG] (io.netty.util.internal.InternalThreadLocalMap) -Dio.netty.threadLocalMap.stringBuilder.maxSize: 4096
[02:06:03] [Render thread/DEBUG] (io.netty.util.internal.ThreadLocalRandom) -Dio.netty.initialSeedUniquifier: 0x08483dae9e0f7b5a
[02:06:03] [Render thread/INFO] (dev.architectury.networking.fabric.NetworkManagerImpl) Registering C2S receiver with id swm:network/314a715070d43f878b731054ed8575ad
[02:06:03] [Render thread/INFO] (dev.architectury.networking.fabric.NetworkManagerImpl) Registering S2C receiver with id swm:network/314a715070d43f878b731054ed8575ad
[02:06:03] [Render thread/INFO] (dev.architectury.networking.fabric.NetworkManagerImpl) Registering C2S receiver with id swm:network/1fe3e863e4b1318295cb7f4c336625e4
[02:06:03] [Render thread/INFO] (dev.architectury.networking.fabric.NetworkManagerImpl) Registering S2C receiver with id swm:network/1fe3e863e4b1318295cb7f4c336625e4
[02:06:03] [Render thread/INFO] (dev.architectury.networking.fabric.NetworkManagerImpl) Registering C2S receiver with id swm:network/9085840957a43f61ba541c3a647bb1d0
[02:06:03] [Render thread/INFO] (dev.architectury.networking.fabric.NetworkManagerImpl) Registering S2C receiver with id swm:network/9085840957a43f61ba541c3a647bb1d0
[02:06:03] [Render thread/INFO] (dev.architectury.networking.fabric.NetworkManagerImpl) Registering C2S receiver with id swm:network/f15198ab032f3479b779f3a6eb9fcabd
[02:06:03] [Render thread/INFO] (dev.architectury.networking.fabric.NetworkManagerImpl) Registering S2C receiver with id swm:network/f15198ab032f3479b779f3a6eb9fcabd
[02:06:03] [Render thread/INFO] (dev.architectury.networking.fabric.NetworkManagerImpl) Registering C2S receiver with id swm:network/9d38da05408b3c3b975c9b09c907c251
[02:06:03] [Render thread/INFO] (dev.architectury.networking.fabric.NetworkManagerImpl) Registering S2C receiver with id swm:network/9d38da05408b3c3b975c9b09c907c251
[02:06:03] [Render thread/INFO] (dev.architectury.networking.fabric.NetworkManagerImpl) Registering C2S receiver with id swm:network/5e6d3f9aa74937cb8f315f06a539680a
[02:06:03] [Render thread/INFO] (dev.architectury.networking.fabric.NetworkManagerImpl) Registering S2C receiver with id swm:network/5e6d3f9aa74937cb8f315f06a539680a
[02:06:03] [Render thread/INFO] (dev.architectury.networking.fabric.NetworkManagerImpl) Registering C2S receiver with id swm:network/c122165bdc5036118d8d093a62cfe452
[02:06:03] [Render thread/INFO] (dev.architectury.networking.fabric.NetworkManagerImpl) Registering S2C receiver with id swm:network/c122165bdc5036118d8d093a62cfe452
[02:06:03] [Render thread/INFO] (dev.architectury.networking.fabric.NetworkManagerImpl) Registering C2S receiver with id swm:network/6936fc2a442437b6a02d34860178c087
[02:06:03] [Render thread/INFO] (dev.architectury.networking.fabric.NetworkManagerImpl) Registering S2C receiver with id swm:network/6936fc2a442437b6a02d34860178c087
[02:06:03] [Render thread/INFO] (dev.architectury.networking.fabric.NetworkManagerImpl) Registering C2S receiver with id swm:network/c6e5874747553c8ba1efb48f8c357d3c
[02:06:03] [Render thread/INFO] (dev.architectury.networking.fabric.NetworkManagerImpl) Registering S2C receiver with id swm:network/c6e5874747553c8ba1efb48f8c357d3c
[02:06:03] [Render thread/DEBUG] (FabricLoader/Mixin) Mixing SoundInstanceMixin from fabric-sound-api-v1.mixins.json into net.minecraft.client.resources.sounds.SoundInstance
[02:06:03] [Render thread/INFO] (dev.architectury.networking.fabric.NetworkManagerImpl) Registering C2S receiver with id swm:network/b3c86b2f0dfb373e90531d28f256be34
[02:06:03] [Render thread/INFO] (dev.architectury.networking.fabric.NetworkManagerImpl) Registering S2C receiver with id swm:network/b3c86b2f0dfb373e90531d28f256be34
[02:06:03] [Render thread/DEBUG] (FabricLoader/Mixin) Mixing JsonDataLoaderMixin from fabric-resource-conditions-api-v1.mixins.json into net.minecraft.server.packs.resources.SimpleJsonResourceReloadListener
[02:06:03] [Render thread/DEBUG] (FabricLoader/Mixin) fabric-resource-conditions-api-v1.mixins.json:JsonDataLoaderMixin from mod fabric-resource-conditions-api-v1: Class version 61 required is higher than the class version supported by the current version of Mixin (JAVA_16 supports class version 60)
[02:06:03] [Render thread/DEBUG] (FabricLoader/Entrypoint) Iterating over entrypoint 'client'
[02:06:03] [Render thread/DEBUG] (FabricLoader/Mixin) Mixing accessor.ClientLoginNetworkHandlerAccessor from fabric-networking-api-v1.client.mixins.json into net.minecraft.client.multiplayer.ClientHandshakePacketListenerImpl
[02:06:03] [Render thread/DEBUG] (FabricLoader/Mixin) fabric-networking-api-v1.client.mixins.json:accessor.ClientLoginNetworkHandlerAccessor from mod fabric-networking-api-v1: Class version 61 required is higher than the class version supported by the current version of Mixin (JAVA_16 supports class version 60)
[02:06:03] [Render thread/DEBUG] (FabricLoader/Mixin) Mixing ClientLoginNetworkHandlerMixin from fabric-networking-api-v1.client.mixins.json into net.minecraft.client.multiplayer.ClientHandshakePacketListenerImpl
[02:06:03] [Render thread/DEBUG] (FabricLoader/Mixin) fabric-networking-api-v1.client.mixins.json:ClientLoginNetworkHandlerMixin from mod fabric-networking-api-v1: Class version 61 required is higher than the class version supported by the current version of Mixin (JAVA_16 supports class version 60)
[02:06:03] [Render thread/DEBUG] (FabricLoader/Mixin) fabric-networking-api-v1.client.mixins.json:ClientLoginNetworkHandlerMixin from mod fabric-networking-api-v1->@Inject::initAddon(Lorg/spongepowered/asm/mixin/injection/callback/CallbackInfo;)V doesn't use it's CallbackInfo
[02:06:03] [Render thread/DEBUG] (FabricLoader/Mixin) fabric-networking-api-v1.client.mixins.json:ClientLoginNetworkHandlerMixin from mod fabric-networking-api-v1->@Inject::initAddon(Lorg/spongepowered/asm/mixin/injection/callback/CallbackInfo;)V has 0 override(s) in child classes
[02:06:03] [Render thread/DEBUG] (FabricLoader/Mixin) fabric-networking-api-v1.client.mixins.json:ClientLoginNetworkHandlerMixin from mod fabric-networking-api-v1->@Inject::initAddon(Lorg/spongepowered/asm/mixin/injection/callback/CallbackInfo;)V won't be passed a CallbackInfo as a result
[02:06:03] [Render thread/DEBUG] (FabricLoader/Mixin) fabric-networking-api-v1.client.mixins.json:ClientLoginNetworkHandlerMixin from mod fabric-networking-api-v1->@Inject::handleQueryRequest(Lnet/minecraft/network/protocol/login/ClientboundCustomQueryPacket;Lorg/spongepowered/asm/mixin/injection/callback/CallbackInfo;)V does use it's CallbackInfo
[02:06:03] [Render thread/DEBUG] (FabricLoader/Mixin) fabric-networking-api-v1.client.mixins.json:ClientLoginNetworkHandlerMixin from mod fabric-networking-api-v1->@Inject::invokeLoginDisconnectEvent(Lnet/minecraft/network/chat/Component;Lorg/spongepowered/asm/mixin/injection/callback/CallbackInfo;)V doesn't use it's CallbackInfo
[02:06:03] [Render thread/DEBUG] (FabricLoader/Mixin) fabric-networking-api-v1.client.mixins.json:ClientLoginNetworkHandlerMixin from mod fabric-networking-api-v1->@Inject::invokeLoginDisconnectEvent(Lnet/minecraft/network/chat/Component;Lorg/spongepowered/asm/mixin/injection/callback/CallbackInfo;)V has 0 override(s) in child classes
[02:06:03] [Render thread/DEBUG] (FabricLoader/Mixin) fabric-networking-api-v1.client.mixins.json:ClientLoginNetworkHandlerMixin from mod fabric-networking-api-v1->@Inject::invokeLoginDisconnectEvent(Lnet/minecraft/network/chat/Component;Lorg/spongepowered/asm/mixin/injection/callback/CallbackInfo;)V won't be passed a CallbackInfo as a result
[02:06:03] [Render thread/DEBUG] (FabricLoader/Mixin) fabric-networking-api-v1.client.mixins.json:ClientLoginNetworkHandlerMixin from mod fabric-networking-api-v1->@Inject::handlePlayTransition(Lorg/spongepowered/asm/mixin/injection/callback/CallbackInfo;)V doesn't use it's CallbackInfo
[02:06:03] [Render thread/DEBUG] (FabricLoader/Mixin) fabric-networking-api-v1.client.mixins.json:ClientLoginNetworkHandlerMixin from mod fabric-networking-api-v1->@Inject::handlePlayTransition(Lorg/spongepowered/asm/mixin/injection/callback/CallbackInfo;)V has 0 override(s) in child classes
[02:06:03] [Render thread/DEBUG] (FabricLoader/Mixin) fabric-networking-api-v1.client.mixins.json:ClientLoginNetworkHandlerMixin from mod fabric-networking-api-v1->@Inject::handlePlayTransition(Lorg/spongepowered/asm/mixin/injection/callback/CallbackInfo;)V won't be passed a CallbackInfo as a result
[02:06:03] [Render thread/DEBUG] (FabricLoader/Mixin) Mixing ModelPredicateProviderRegistryAccessor from fabric-object-builder-v1.client.mixins.json into net.minecraft.client.renderer.item.ItemProperties
[02:06:03] [Render thread/DEBUG] (FabricLoader/Mixin) fabric-object-builder-v1.client.mixins.json:ModelPredicateProviderRegistryAccessor from mod fabric-object-builder-api-v1: Class version 61 required is higher than the class version supported by the current version of Mixin (JAVA_16 supports class version 60)
[02:06:03] [Render thread/DEBUG] (FabricLoader/Mixin) Renaming @Invoker method callRegister(Lnet/minecraft/resources/ResourceLocation;Lnet/minecraft/client/renderer/item/ClampedItemPropertyFunction;)Lnet/minecraft/client/renderer/item/ClampedItemPropertyFunction; to callRegister$fabric-object-builder-api-v1_$md$4ccb60$0 in fabric-object-builder-v1.client.mixins.json:ModelPredicateProviderRegistryAccessor from mod fabric-object-builder-api-v1
[02:06:03] [Render thread/DEBUG] (FabricLoader/Mixin) Mixing ModelPredicateProviderRegistrySpecificAccessor from fabric-object-builder-v1.client.mixins.json into net.minecraft.client.renderer.item.ItemProperties
[02:06:03] [Render thread/DEBUG] (FabricLoader/Mixin) fabric-object-builder-v1.client.mixins.json:ModelPredicateProviderRegistrySpecificAccessor from mod fabric-object-builder-api-v1: Class version 61 required is higher than the class version supported by the current version of Mixin (JAVA_16 supports class version 60)
[02:06:03] [Render thread/INFO] (dev.architectury.networking.fabric.NetworkManagerImpl) Registering S2C receiver with id architectury:spawn_entity_packet
[02:06:03] [Render thread/INFO] (net.fabricmc.fabric.impl.client.indigo.Indigo) [Indigo] Registering Indigo renderer!
[02:06:03] [Render thread/DEBUG] (FabricLoader/Mixin) Mixing GameRendererMixin from fabric-screen-api-v1.mixins.json into net.minecraft.client.renderer.GameRenderer
[02:06:03] [Render thread/DEBUG] (FabricLoader/Mixin) fabric-screen-api-v1.mixins.json:GameRendererMixin from mod fabric-screen-api-v1: Class version 61 required is higher than the class version supported by the current version of Mixin (JAVA_16 supports class version 60)
[02:06:03] [Render thread/DEBUG] (FabricLoader/Mixin) Mixing shader.GameRendererMixin from fabric-rendering-v1.mixins.json into net.minecraft.client.renderer.GameRenderer
[02:06:03] [Render thread/DEBUG] (FabricLoader/Mixin) fabric-rendering-v1.mixins.json:shader.GameRendererMixin from mod fabric-rendering-v1: Class version 61 required is higher than the class version supported by the current version of Mixin (JAVA_16 supports class version 60)
[02:06:03] [Render thread/DEBUG] (FabricLoader/Mixin) Renaming synthetic method lambda$registerShaders$0(Lnet/minecraft/server/packs/resources/ResourceProvider;Ljava/util/List;Lnet/minecraft/resources/ResourceLocation;Lcom/mojang/blaze3d/vertex/VertexFormat;Ljava/util/function/Consumer;)V to md4ccb60$fabric-rendering-v1$lambda$registerShaders$0$0 in fabric-rendering-v1.mixins.json:shader.GameRendererMixin from mod fabric-rendering-v1
[02:06:03] [Render thread/DEBUG] (FabricLoader/Mixin) Mixing client.MixinGameRenderer from architectury.mixins.json into net.minecraft.client.renderer.GameRenderer
[02:06:03] [Render thread/DEBUG] (FabricLoader/Mixin) Renaming synthetic method lambda$reloadShaders$0(Ljava/util/List;Lnet/minecraft/client/renderer/ShaderInstance;Ljava/util/function/Consumer;)V to md4ccb60$architectury$lambda$reloadShaders$0$1 in architectury.mixins.json:client.MixinGameRenderer from mod architectury
[02:06:03] [Render thread/DEBUG] (FabricLoader/Mixin) fabric-screen-api-v1.mixins.json:GameRendererMixin from mod fabric-screen-api-v1->@Inject::onBeforeRenderScreen(FJZLorg/spongepowered/asm/mixin/injection/callback/CallbackInfo;IILcom/mojang/blaze3d/vertex/PoseStack;Lnet/minecraft/client/gui/GuiGraphics;)V doesn't use it's CallbackInfo
[02:06:03] [Render thread/DEBUG] (FabricLoader/Mixin) fabric-screen-api-v1.mixins.json:GameRendererMixin from mod fabric-screen-api-v1->@Inject::onBeforeRenderScreen(FJZLorg/spongepowered/asm/mixin/injection/callback/CallbackInfo;IILcom/mojang/blaze3d/vertex/PoseStack;Lnet/minecraft/client/gui/GuiGraphics;)V has 0 override(s) in child classes
[02:06:03] [Render thread/DEBUG] (FabricLoader/Mixin) fabric-screen-api-v1.mixins.json:GameRendererMixin from mod fabric-screen-api-v1->@Inject::onBeforeRenderScreen(FJZLorg/spongepowered/asm/mixin/injection/callback/CallbackInfo;IILcom/mojang/blaze3d/vertex/PoseStack;Lnet/minecraft/client/gui/GuiGraphics;)V won't be passed a CallbackInfo as a result
[02:06:03] [Render thread/DEBUG] (FabricLoader/Mixin) fabric-screen-api-v1.mixins.json:GameRendererMixin from mod fabric-screen-api-v1->@Inject::onAfterRenderScreen(FJZLorg/spongepowered/asm/mixin/injection/callback/CallbackInfo;IILcom/mojang/blaze3d/vertex/PoseStack;Lnet/minecraft/client/gui/GuiGraphics;)V doesn't use it's CallbackInfo
[02:06:03] [Render thread/DEBUG] (FabricLoader/Mixin) fabric-screen-api-v1.mixins.json:GameRendererMixin from mod fabric-screen-api-v1->@Inject::onAfterRenderScreen(FJZLorg/spongepowered/asm/mixin/injection/callback/CallbackInfo;IILcom/mojang/blaze3d/vertex/PoseStack;Lnet/minecraft/client/gui/GuiGraphics;)V has 0 override(s) in child classes
[02:06:03] [Render thread/DEBUG] (FabricLoader/Mixin) fabric-screen-api-v1.mixins.json:GameRendererMixin from mod fabric-screen-api-v1->@Inject::onAfterRenderScreen(FJZLorg/spongepowered/asm/mixin/injection/callback/CallbackInfo;IILcom/mojang/blaze3d/vertex/PoseStack;Lnet/minecraft/client/gui/GuiGraphics;)V won't be passed a CallbackInfo as a result
[02:06:03] [Render thread/DEBUG] (FabricLoader/Mixin) fabric-rendering-v1.mixins.json:shader.GameRendererMixin from mod fabric-rendering-v1->@Inject::registerShaders(Lnet/minecraft/server/packs/resources/ResourceProvider;Lorg/spongepowered/asm/mixin/injection/callback/CallbackInfo;Ljava/util/List;Ljava/util/List;)V doesn't use it's CallbackInfo
[02:06:03] [Render thread/DEBUG] (FabricLoader/Mixin) fabric-rendering-v1.mixins.json:shader.GameRendererMixin from mod fabric-rendering-v1->@Inject::registerShaders(Lnet/minecraft/server/packs/resources/ResourceProvider;Lorg/spongepowered/asm/mixin/injection/callback/CallbackInfo;Ljava/util/List;Ljava/util/List;)V has 0 override(s) in child classes
[02:06:03] [Render thread/DEBUG] (FabricLoader/Mixin) fabric-rendering-v1.mixins.json:shader.GameRendererMixin from mod fabric-rendering-v1->@Inject::registerShaders(Lnet/minecraft/server/packs/resources/ResourceProvider;Lorg/spongepowered/asm/mixin/injection/callback/CallbackInfo;Ljava/util/List;Ljava/util/List;)V won't be passed a CallbackInfo as a result
[02:06:03] [Render thread/DEBUG] (FabricLoader/Mixin) fabric-rendering-v1.mixins.json:shader.GameRendererMixin from mod fabric-rendering-v1->@Inject::registerShaders(Lnet/minecraft/server/packs/resources/ResourceProvider;Lorg/spongepowered/asm/mixin/injection/callback/CallbackInfo;Ljava/util/List;Ljava/util/List;)V doesn't use it's CallbackInfo
[02:06:03] [Render thread/DEBUG] (FabricLoader/Mixin) fabric-rendering-v1.mixins.json:shader.GameRendererMixin from mod fabric-rendering-v1->@Inject::registerShaders(Lnet/minecraft/server/packs/resources/ResourceProvider;Lorg/spongepowered/asm/mixin/injection/callback/CallbackInfo;Ljava/util/List;Ljava/util/List;)V has 0 override(s) in child classes
[02:06:03] [Render thread/DEBUG] (FabricLoader/Mixin) fabric-rendering-v1.mixins.json:shader.GameRendererMixin from mod fabric-rendering-v1->@Inject::registerShaders(Lnet/minecraft/server/packs/resources/ResourceProvider;Lorg/spongepowered/asm/mixin/injection/callback/CallbackInfo;Ljava/util/List;Ljava/util/List;)V won't be passed a CallbackInfo as a result
[02:06:03] [Render thread/DEBUG] (FabricLoader/Mixin) fabric-rendering-v1.mixins.json:shader.GameRendererMixin from mod fabric-rendering-v1->@Inject::registerShaders(Lnet/minecraft/server/packs/resources/ResourceProvider;Lorg/spongepowered/asm/mixin/injection/callback/CallbackInfo;Ljava/util/List;Ljava/util/List;)V doesn't use it's CallbackInfo
[02:06:03] [Render thread/DEBUG] (FabricLoader/Mixin) fabric-rendering-v1.mixins.json:shader.GameRendererMixin from mod fabric-rendering-v1->@Inject::registerShaders(Lnet/minecraft/server/packs/resources/ResourceProvider;Lorg/spongepowered/asm/mixin/injection/callback/CallbackInfo;Ljava/util/List;Ljava/util/List;)V has 0 override(s) in child classes
[02:06:03] [Render thread/DEBUG] (FabricLoader/Mixin) fabric-rendering-v1.mixins.json:shader.GameRendererMixin from mod fabric-rendering-v1->@Inject::registerShaders(Lnet/minecraft/server/packs/resources/ResourceProvider;Lorg/spongepowered/asm/mixin/injection/callback/CallbackInfo;Ljava/util/List;Ljava/util/List;)V won't be passed a CallbackInfo as a result
[02:06:03] [Render thread/DEBUG] (FabricLoader/Mixin) fabric-rendering-v1.mixins.json:shader.GameRendererMixin from mod fabric-rendering-v1->@Inject::registerShaders(Lnet/minecraft/server/packs/resources/ResourceProvider;Lorg/spongepowered/asm/mixin/injection/callback/CallbackInfo;Ljava/util/List;Ljava/util/List;)V doesn't use it's CallbackInfo
[02:06:03] [Render thread/DEBUG] (FabricLoader/Mixin) fabric-rendering-v1.mixins.json:shader.GameRendererMixin from mod fabric-rendering-v1->@Inject::registerShaders(Lnet/minecraft/server/packs/resources/ResourceProvider;Lorg/spongepowered/asm/mixin/injection/callback/CallbackInfo;Ljava/util/List;Ljava/util/List;)V has 0 override(s) in child classes
[02:06:03] [Render thread/DEBUG] (FabricLoader/Mixin) fabric-rendering-v1.mixins.json:shader.GameRendererMixin from mod fabric-rendering-v1->@Inject::registerShaders(Lnet/minecraft/server/packs/resources/ResourceProvider;Lorg/spongepowered/asm/mixin/injection/callback/CallbackInfo;Ljava/util/List;Ljava/util/List;)V won't be passed a CallbackInfo as a result
[02:06:03] [Render thread/DEBUG] (FabricLoader/Mixin) fabric-rendering-v1.mixins.json:shader.GameRendererMixin from mod fabric-rendering-v1->@Inject::registerShaders(Lnet/minecraft/server/packs/resources/ResourceProvider;Lorg/spongepowered/asm/mixin/injection/callback/CallbackInfo;Ljava/util/List;Ljava/util/List;)V doesn't use it's CallbackInfo
[02:06:03] [Render thread/DEBUG] (FabricLoader/Mixin) fabric-rendering-v1.mixins.json:shader.GameRendererMixin from mod fabric-rendering-v1->@Inject::registerShaders(Lnet/minecraft/server/packs/resources/ResourceProvider;Lorg/spongepowered/asm/mixin/injection/callback/CallbackInfo;Ljava/util/List;Ljava/util/List;)V has 0 override(s) in child classes
[02:06:03] [Render thread/DEBUG] (FabricLoader/Mixin) fabric-rendering-v1.mixins.json:shader.GameRendererMixin from mod fabric-rendering-v1->@Inject::registerShaders(Lnet/minecraft/server/packs/resources/ResourceProvider;Lorg/spongepowered/asm/mixin/injection/callback/CallbackInfo;Ljava/util/List;Ljava/util/List;)V won't be passed a CallbackInfo as a result
[02:06:03] [Render thread/DEBUG] (FabricLoader/Mixin) fabric-rendering-v1.mixins.json:shader.GameRendererMixin from mod fabric-rendering-v1->@Inject::registerShaders(Lnet/minecraft/server/packs/resources/ResourceProvider;Lorg/spongepowered/asm/mixin/injection/callback/CallbackInfo;Ljava/util/List;Ljava/util/List;)V doesn't use it's CallbackInfo
[02:06:03] [Render thread/DEBUG] (FabricLoader/Mixin) fabric-rendering-v1.mixins.json:shader.GameRendererMixin from mod fabric-rendering-v1->@Inject::registerShaders(Lnet/minecraft/server/packs/resources/ResourceProvider;Lorg/spongepowered/asm/mixin/injection/callback/CallbackInfo;Ljava/util/List;Ljava/util/List;)V has 0 override(s) in child classes
[02:06:03] [Render thread/DEBUG] (FabricLoader/Mixin) fabric-rendering-v1.mixins.json:shader.GameRendererMixin from mod fabric-rendering-v1->@Inject::registerShaders(Lnet/minecraft/server/packs/resources/ResourceProvider;Lorg/spongepowered/asm/mixin/injection/callback/CallbackInfo;Ljava/util/List;Ljava/util/List;)V won't be passed a CallbackInfo as a result
[02:06:03] [Render thread/DEBUG] (FabricLoader/Mixin) fabric-rendering-v1.mixins.json:shader.GameRendererMixin from mod fabric-rendering-v1->@Inject::registerShaders(Lnet/minecraft/server/packs/resources/ResourceProvider;Lorg/spongepowered/asm/mixin/injection/callback/CallbackInfo;Ljava/util/List;Ljava/util/List;)V doesn't use it's CallbackInfo
[02:06:03] [Render thread/DEBUG] (FabricLoader/Mixin) fabric-rendering-v1.mixins.json:shader.GameRendererMixin from mod fabric-rendering-v1->@Inject::registerShaders(Lnet/minecraft/server/packs/resources/ResourceProvider;Lorg/spongepowered/asm/mixin/injection/callback/CallbackInfo;Ljava/util/List;Ljava/util/List;)V has 0 override(s) in child classes
[02:06:03] [Render thread/DEBUG] (FabricLoader/Mixin) fabric-rendering-v1.mixins.json:shader.GameRendererMixin from mod fabric-rendering-v1->@Inject::registerShaders(Lnet/minecraft/server/packs/resources/ResourceProvider;Lorg/spongepowered/asm/mixin/injection/callback/CallbackInfo;Ljava/util/List;Ljava/util/List;)V won't be passed a CallbackInfo as a result
[02:06:03] [Render thread/DEBUG] (FabricLoader/Mixin) fabric-rendering-v1.mixins.json:shader.GameRendererMixin from mod fabric-rendering-v1->@Inject::registerShaders(Lnet/minecraft/server/packs/resources/ResourceProvider;Lorg/spongepowered/asm/mixin/injection/callback/CallbackInfo;Ljava/util/List;Ljava/util/List;)V doesn't use it's CallbackInfo
[02:06:03] [Render thread/DEBUG] (FabricLoader/Mixin) fabric-rendering-v1.mixins.json:shader.GameRendererMixin from mod fabric-rendering-v1->@Inject::registerShaders(Lnet/minecraft/server/packs/resources/ResourceProvider;Lorg/spongepowered/asm/mixin/injection/callback/CallbackInfo;Ljava/util/List;Ljava/util/List;)V has 0 override(s) in child classes
[02:06:03] [Render thread/DEBUG] (FabricLoader/Mixin) fabric-rendering-v1.mixins.json:shader.GameRendererMixin from mod fabric-rendering-v1->@Inject::registerShaders(Lnet/minecraft/server/packs/resources/ResourceProvider;Lorg/spongepowered/asm/mixin/injection/callback/CallbackInfo;Ljava/util/List;Ljava/util/List;)V won't be passed a CallbackInfo as a result
[02:06:03] [Render thread/DEBUG] (FabricLoader/Mixin) fabric-rendering-v1.mixins.json:shader.GameRendererMixin from mod fabric-rendering-v1->@Inject::registerShaders(Lnet/minecraft/server/packs/resources/ResourceProvider;Lorg/spongepowered/asm/mixin/injection/callback/CallbackInfo;Ljava/util/List;Ljava/util/List;)V doesn't use it's CallbackInfo
[02:06:03] [Render thread/DEBUG] (FabricLoader/Mixin) fabric-rendering-v1.mixins.json:shader.GameRendererMixin from mod fabric-rendering-v1->@Inject::registerShaders(Lnet/minecraft/server/packs/resources/ResourceProvider;Lorg/spongepowered/asm/mixin/injection/callback/CallbackInfo;Ljava/util/List;Ljava/util/List;)V has 0 override(s) in child classes
[02:06:03] [Render thread/DEBUG] (FabricLoader/Mixin) fabric-rendering-v1.mixins.json:shader.GameRendererMixin from mod fabric-rendering-v1->@Inject::registerShaders(Lnet/minecraft/server/packs/resources/ResourceProvider;Lorg/spongepowered/asm/mixin/injection/callback/CallbackInfo;Ljava/util/List;Ljava/util/List;)V won't be passed a CallbackInfo as a result
[02:06:03] [Render thread/DEBUG] (FabricLoader/Mixin) fabric-rendering-v1.mixins.json:shader.GameRendererMixin from mod fabric-rendering-v1->@Inject::registerShaders(Lnet/minecraft/server/packs/resources/ResourceProvider;Lorg/spongepowered/asm/mixin/injection/callback/CallbackInfo;Ljava/util/List;Ljava/util/List;)V doesn't use it's CallbackInfo
[02:06:03] [Render thread/DEBUG] (FabricLoader/Mixin) fabric-rendering-v1.mixins.json:shader.GameRendererMixin from mod fabric-rendering-v1->@Inject::registerShaders(Lnet/minecraft/server/packs/resources/ResourceProvider;Lorg/spongepowered/asm/mixin/injection/callback/CallbackInfo;Ljava/util/List;Ljava/util/List;)V has 0 override(s) in child classes
[02:06:03] [Render thread/DEBUG] (FabricLoader/Mixin) fabric-rendering-v1.mixins.json:shader.GameRendererMixin from mod fabric-rendering-v1->@Inject::registerShaders(Lnet/minecraft/server/packs/resources/ResourceProvider;Lorg/spongepowered/asm/mixin/injection/callback/CallbackInfo;Ljava/util/List;Ljava/util/List;)V won't be passed a CallbackInfo as a result
[02:06:03] [Render thread/DEBUG] (FabricLoader/Mixin) fabric-rendering-v1.mixins.json:shader.GameRendererMixin from mod fabric-rendering-v1->@Inject::registerShaders(Lnet/minecraft/server/packs/resources/ResourceProvider;Lorg/spongepowered/asm/mixin/injection/callback/CallbackInfo;Ljava/util/List;Ljava/util/List;)V doesn't use it's CallbackInfo
[02:06:03] [Render thread/DEBUG] (FabricLoader/Mixin) fabric-rendering-v1.mixins.json:shader.GameRendererMixin from mod fabric-rendering-v1->@Inject::registerShaders(Lnet/minecraft/server/packs/resources/ResourceProvider;Lorg/spongepowered/asm/mixin/injection/callback/CallbackInfo;Ljava/util/List;Ljava/util/List;)V has 0 override(s) in child classes
[02:06:03] [Render thread/DEBUG] (FabricLoader/Mixin) fabric-rendering-v1.mixins.json:shader.GameRendererMixin from mod fabric-rendering-v1->@Inject::registerShaders(Lnet/minecraft/server/packs/resources/ResourceProvider;Lorg/spongepowered/asm/mixin/injection/callback/CallbackInfo;Ljava/util/List;Ljava/util/List;)V won't be passed a CallbackInfo as a result
[02:06:03] [Render thread/DEBUG] (FabricLoader/Mixin) fabric-rendering-v1.mixins.json:shader.GameRendererMixin from mod fabric-rendering-v1->@Inject::registerShaders(Lnet/minecraft/server/packs/resources/ResourceProvider;Lorg/spongepowered/asm/mixin/injection/callback/CallbackInfo;Ljava/util/List;Ljava/util/List;)V doesn't use it's CallbackInfo
[02:06:03] [Render thread/DEBUG] (FabricLoader/Mixin) fabric-rendering-v1.mixins.json:shader.GameRendererMixin from mod fabric-rendering-v1->@Inject::registerShaders(Lnet/minecraft/server/packs/resources/ResourceProvider;Lorg/spongepowered/asm/mixin/injection/callback/CallbackInfo;Ljava/util/List;Ljava/util/List;)V has 0 override(s) in child classes
[02:06:03] [Render thread/DEBUG] (FabricLoader/Mixin) fabric-rendering-v1.mixins.json:shader.GameRendererMixin from mod fabric-rendering-v1->@Inject::registerShaders(Lnet/minecraft/server/packs/resources/ResourceProvider;Lorg/spongepowered/asm/mixin/injection/callback/CallbackInfo;Ljava/util/List;Ljava/util/List;)V won't be passed a CallbackInfo as a result
[02:06:03] [Render thread/DEBUG] (FabricLoader/Mixin) fabric-rendering-v1.mixins.json:shader.GameRendererMixin from mod fabric-rendering-v1->@Inject::registerShaders(Lnet/minecraft/server/packs/resources/ResourceProvider;Lorg/spongepowered/asm/mixin/injection/callback/CallbackInfo;Ljava/util/List;Ljava/util/List;)V doesn't use it's CallbackInfo
[02:06:03] [Render thread/DEBUG] (FabricLoader/Mixin) fabric-rendering-v1.mixins.json:shader.GameRendererMixin from mod fabric-rendering-v1->@Inject::registerShaders(Lnet/minecraft/server/packs/resources/ResourceProvider;Lorg/spongepowered/asm/mixin/injection/callback/CallbackInfo;Ljava/util/List;Ljava/util/List;)V has 0 override(s) in child classes
[02:06:03] [Render thread/DEBUG] (FabricLoader/Mixin) fabric-rendering-v1.mixins.json:shader.GameRendererMixin from mod fabric-rendering-v1->@Inject::registerShaders(Lnet/minecraft/server/packs/resources/ResourceProvider;Lorg/spongepowered/asm/mixin/injection/callback/CallbackInfo;Ljava/util/List;Ljava/util/List;)V won't be passed a CallbackInfo as a result
[02:06:03] [Render thread/DEBUG] (FabricLoader/Mixin) fabric-rendering-v1.mixins.json:shader.GameRendererMixin from mod fabric-rendering-v1->@Inject::registerShaders(Lnet/minecraft/server/packs/resources/ResourceProvider;Lorg/spongepowered/asm/mixin/injection/callback/CallbackInfo;Ljava/util/List;Ljava/util/List;)V doesn't use it's CallbackInfo
[02:06:03] [Render thread/DEBUG] (FabricLoader/Mixin) fabric-rendering-v1.mixins.json:shader.GameRendererMixin from mod fabric-rendering-v1->@Inject::registerShaders(Lnet/minecraft/server/packs/resources/ResourceProvider;Lorg/spongepowered/asm/mixin/injection/callback/CallbackInfo;Ljava/util/List;Ljava/util/List;)V has 0 override(s) in child classes
[02:06:03] [Render thread/DEBUG] (FabricLoader/Mixin) fabric-rendering-v1.mixins.json:shader.GameRendererMixin from mod fabric-rendering-v1->@Inject::registerShaders(Lnet/minecraft/server/packs/resources/ResourceProvider;Lorg/spongepowered/asm/mixin/injection/callback/CallbackInfo;Ljava/util/List;Ljava/util/List;)V won't be passed a CallbackInfo as a result
[02:06:03] [Render thread/DEBUG] (FabricLoader/Mixin) fabric-rendering-v1.mixins.json:shader.GameRendererMixin from mod fabric-rendering-v1->@Inject::registerShaders(Lnet/minecraft/server/packs/resources/ResourceProvider;Lorg/spongepowered/asm/mixin/injection/callback/CallbackInfo;Ljava/util/List;Ljava/util/List;)V doesn't use it's CallbackInfo
[02:06:03] [Render thread/DEBUG] (FabricLoader/Mixin) fabric-rendering-v1.mixins.json:shader.GameRendererMixin from mod fabric-rendering-v1->@Inject::registerShaders(Lnet/minecraft/server/packs/resources/ResourceProvider;Lorg/spongepowered/asm/mixin/injection/callback/CallbackInfo;Ljava/util/List;Ljava/util/List;)V has 0 override(s) in child classes
[02:06:03] [Render thread/DEBUG] (FabricLoader/Mixin) fabric-rendering-v1.mixins.json:shader.GameRendererMixin from mod fabric-rendering-v1->@Inject::registerShaders(Lnet/minecraft/server/packs/resources/ResourceProvider;Lorg/spongepowered/asm/mixin/injection/callback/CallbackInfo;Ljava/util/List;Ljava/util/List;)V won't be passed a CallbackInfo as a result
[02:06:03] [Render thread/DEBUG] (FabricLoader/Mixin) fabric-rendering-v1.mixins.json:shader.GameRendererMixin from mod fabric-rendering-v1->@Inject::registerShaders(Lnet/minecraft/server/packs/resources/ResourceProvider;Lorg/spongepowered/asm/mixin/injection/callback/CallbackInfo;Ljava/util/List;Ljava/util/List;)V doesn't use it's CallbackInfo
[02:06:03] [Render thread/DEBUG] (FabricLoader/Mixin) fabric-rendering-v1.mixins.json:shader.GameRendererMixin from mod fabric-rendering-v1->@Inject::registerShaders(Lnet/minecraft/server/packs/resources/ResourceProvider;Lorg/spongepowered/asm/mixin/injection/callback/CallbackInfo;Ljava/util/List;Ljava/util/List;)V has 0 override(s) in child classes
[02:06:03] [Render thread/DEBUG] (FabricLoader/Mixin) fabric-rendering-v1.mixins.json:shader.GameRendererMixin from mod fabric-rendering-v1->@Inject::registerShaders(Lnet/minecraft/server/packs/resources/ResourceProvider;Lorg/spongepowered/asm/mixin/injection/callback/CallbackInfo;Ljava/util/List;Ljava/util/List;)V won't be passed a CallbackInfo as a result
[02:06:03] [Render thread/DEBUG] (FabricLoader/Mixin) fabric-rendering-v1.mixins.json:shader.GameRendererMixin from mod fabric-rendering-v1->@Inject::registerShaders(Lnet/minecraft/server/packs/resources/ResourceProvider;Lorg/spongepowered/asm/mixin/injection/callback/CallbackInfo;Ljava/util/List;Ljava/util/List;)V doesn't use it's CallbackInfo
[02:06:03] [Render thread/DEBUG] (FabricLoader/Mixin) fabric-rendering-v1.mixins.json:shader.GameRendererMixin from mod fabric-rendering-v1->@Inject::registerShaders(Lnet/minecraft/server/packs/resources/ResourceProvider;Lorg/spongepowered/asm/mixin/injection/callback/CallbackInfo;Ljava/util/List;Ljava/util/List;)V has 0 override(s) in child classes
[02:06:03] [Render thread/DEBUG] (FabricLoader/Mixin) fabric-rendering-v1.mixins.json:shader.GameRendererMixin from mod fabric-rendering-v1->@Inject::registerShaders(Lnet/minecraft/server/packs/resources/ResourceProvider;Lorg/spongepowered/asm/mixin/injection/callback/CallbackInfo;Ljava/util/List;Ljava/util/List;)V won't be passed a CallbackInfo as a result
[02:06:03] [Render thread/DEBUG] (FabricLoader/Mixin) fabric-rendering-v1.mixins.json:shader.GameRendererMixin from mod fabric-rendering-v1->@Inject::registerShaders(Lnet/minecraft/server/packs/resources/ResourceProvider;Lorg/spongepowered/asm/mixin/injection/callback/CallbackInfo;Ljava/util/List;Ljava/util/List;)V doesn't use it's CallbackInfo
[02:06:03] [Render thread/DEBUG] (FabricLoader/Mixin) fabric-rendering-v1.mixins.json:shader.GameRendererMixin from mod fabric-rendering-v1->@Inject::registerShaders(Lnet/minecraft/server/packs/resources/ResourceProvider;Lorg/spongepowered/asm/mixin/injection/callback/CallbackInfo;Ljava/util/List;Ljava/util/List;)V has 0 override(s) in child classes
[02:06:03] [Render thread/DEBUG] (FabricLoader/Mixin) fabric-rendering-v1.mixins.json:shader.GameRendererMixin from mod fabric-rendering-v1->@Inject::registerShaders(Lnet/minecraft/server/packs/resources/ResourceProvider;Lorg/spongepowered/asm/mixin/injection/callback/CallbackInfo;Ljava/util/List;Ljava/util/List;)V won't be passed a CallbackInfo as a result
[02:06:03] [Render thread/DEBUG] (FabricLoader/Mixin) fabric-rendering-v1.mixins.json:shader.GameRendererMixin from mod fabric-rendering-v1->@Inject::registerShaders(Lnet/minecraft/server/packs/resources/ResourceProvider;Lorg/spongepowered/asm/mixin/injection/callback/CallbackInfo;Ljava/util/List;Ljava/util/List;)V doesn't use it's CallbackInfo
[02:06:03] [Render thread/DEBUG] (FabricLoader/Mixin) fabric-rendering-v1.mixins.json:shader.GameRendererMixin from mod fabric-rendering-v1->@Inject::registerShaders(Lnet/minecraft/server/packs/resources/ResourceProvider;Lorg/spongepowered/asm/mixin/injection/callback/CallbackInfo;Ljava/util/List;Ljava/util/List;)V has 0 override(s) in child classes
[02:06:03] [Render thread/DEBUG] (FabricLoader/Mixin) fabric-rendering-v1.mixins.json:shader.GameRendererMixin from mod fabric-rendering-v1->@Inject::registerShaders(Lnet/minecraft/server/packs/resources/ResourceProvider;Lorg/spongepowered/asm/mixin/injection/callback/CallbackInfo;Ljava/util/List;Ljava/util/List;)V won't be passed a CallbackInfo as a result
[02:06:03] [Render thread/DEBUG] (FabricLoader/Mixin) fabric-rendering-v1.mixins.json:shader.GameRendererMixin from mod fabric-rendering-v1->@Inject::registerShaders(Lnet/minecraft/server/packs/resources/ResourceProvider;Lorg/spongepowered/asm/mixin/injection/callback/CallbackInfo;Ljava/util/List;Ljava/util/List;)V doesn't use it's CallbackInfo
[02:06:03] [Render thread/DEBUG] (FabricLoader/Mixin) fabric-rendering-v1.mixins.json:shader.GameRendererMixin from mod fabric-rendering-v1->@Inject::registerShaders(Lnet/minecraft/server/packs/resources/ResourceProvider;Lorg/spongepowered/asm/mixin/injection/callback/CallbackInfo;Ljava/util/List;Ljava/util/List;)V has 0 override(s) in child classes
[02:06:03] [Render thread/DEBUG] (FabricLoader/Mixin) fabric-rendering-v1.mixins.json:shader.GameRendererMixin from mod fabric-rendering-v1->@Inject::registerShaders(Lnet/minecraft/server/packs/resources/ResourceProvider;Lorg/spongepowered/asm/mixin/injection/callback/CallbackInfo;Ljava/util/List;Ljava/util/List;)V won't be passed a CallbackInfo as a result
[02:06:03] [Render thread/DEBUG] (FabricLoader/Mixin) fabric-rendering-v1.mixins.json:shader.GameRendererMixin from mod fabric-rendering-v1->@Inject::registerShaders(Lnet/minecraft/server/packs/resources/ResourceProvider;Lorg/spongepowered/asm/mixin/injection/callback/CallbackInfo;Ljava/util/List;Ljava/util/List;)V doesn't use it's CallbackInfo
[02:06:03] [Render thread/DEBUG] (FabricLoader/Mixin) fabric-rendering-v1.mixins.json:shader.GameRendererMixin from mod fabric-rendering-v1->@Inject::registerShaders(Lnet/minecraft/server/packs/resources/ResourceProvider;Lorg/spongepowered/asm/mixin/injection/callback/CallbackInfo;Ljava/util/List;Ljava/util/List;)V has 0 override(s) in child classes
[02:06:03] [Render thread/DEBUG] (FabricLoader/Mixin) fabric-rendering-v1.mixins.json:shader.GameRendererMixin from mod fabric-rendering-v1->@Inject::registerShaders(Lnet/minecraft/server/packs/resources/ResourceProvider;Lorg/spongepowered/asm/mixin/injection/callback/CallbackInfo;Ljava/util/List;Ljava/util/List;)V won't be passed a CallbackInfo as a result
[02:06:03] [Render thread/DEBUG] (FabricLoader/Mixin) fabric-rendering-v1.mixins.json:shader.GameRendererMixin from mod fabric-rendering-v1->@Inject::registerShaders(Lnet/minecraft/server/packs/resources/ResourceProvider;Lorg/spongepowered/asm/mixin/injection/callback/CallbackInfo;Ljava/util/List;Ljava/util/List;)V doesn't use it's CallbackInfo
[02:06:03] [Render thread/DEBUG] (FabricLoader/Mixin) fabric-rendering-v1.mixins.json:shader.GameRendererMixin from mod fabric-rendering-v1->@Inject::registerShaders(Lnet/minecraft/server/packs/resources/ResourceProvider;Lorg/spongepowered/asm/mixin/injection/callback/CallbackInfo;Ljava/util/List;Ljava/util/List;)V has 0 override(s) in child classes
[02:06:03] [Render thread/DEBUG] (FabricLoader/Mixin) fabric-rendering-v1.mixins.json:shader.GameRendererMixin from mod fabric-rendering-v1->@Inject::registerShaders(Lnet/minecraft/server/packs/resources/ResourceProvider;Lorg/spongepowered/asm/mixin/injection/callback/CallbackInfo;Ljava/util/List;Ljava/util/List;)V won't be passed a CallbackInfo as a result
[02:06:03] [Render thread/DEBUG] (FabricLoader/Mixin) fabric-rendering-v1.mixins.json:shader.GameRendererMixin from mod fabric-rendering-v1->@Inject::registerShaders(Lnet/minecraft/server/packs/resources/ResourceProvider;Lorg/spongepowered/asm/mixin/injection/callback/CallbackInfo;Ljava/util/List;Ljava/util/List;)V doesn't use it's CallbackInfo
[02:06:03] [Render thread/DEBUG] (FabricLoader/Mixin) fabric-rendering-v1.mixins.json:shader.GameRendererMixin from mod fabric-rendering-v1->@Inject::registerShaders(Lnet/minecraft/server/packs/resources/ResourceProvider;Lorg/spongepowered/asm/mixin/injection/callback/CallbackInfo;Ljava/util/List;Ljava/util/List;)V has 0 override(s) in child classes
[02:06:03] [Render thread/DEBUG] (FabricLoader/Mixin) fabric-rendering-v1.mixins.json:shader.GameRendererMixin from mod fabric-rendering-v1->@Inject::registerShaders(Lnet/minecraft/server/packs/resources/ResourceProvider;Lorg/spongepowered/asm/mixin/injection/callback/CallbackInfo;Ljava/util/List;Ljava/util/List;)V won't be passed a CallbackInfo as a result
[02:06:03] [Render thread/DEBUG] (FabricLoader/Mixin) fabric-rendering-v1.mixins.json:shader.GameRendererMixin from mod fabric-rendering-v1->@Inject::registerShaders(Lnet/minecraft/server/packs/resources/ResourceProvider;Lorg/spongepowered/asm/mixin/injection/callback/CallbackInfo;Ljava/util/List;Ljava/util/List;)V doesn't use it's CallbackInfo
[02:06:03] [Render thread/DEBUG] (FabricLoader/Mixin) fabric-rendering-v1.mixins.json:shader.GameRendererMixin from mod fabric-rendering-v1->@Inject::registerShaders(Lnet/minecraft/server/packs/resources/ResourceProvider;Lorg/spongepowered/asm/mixin/injection/callback/CallbackInfo;Ljava/util/List;Ljava/util/List;)V has 0 override(s) in child classes
[02:06:03] [Render thread/DEBUG] (FabricLoader/Mixin) fabric-rendering-v1.mixins.json:shader.GameRendererMixin from mod fabric-rendering-v1->@Inject::registerShaders(Lnet/minecraft/server/packs/resources/ResourceProvider;Lorg/spongepowered/asm/mixin/injection/callback/CallbackInfo;Ljava/util/List;Ljava/util/List;)V won't be passed a CallbackInfo as a result
[02:06:03] [Render thread/DEBUG] (FabricLoader/Mixin) fabric-rendering-v1.mixins.json:shader.GameRendererMixin from mod fabric-rendering-v1->@Inject::registerShaders(Lnet/minecraft/server/packs/resources/ResourceProvider;Lorg/spongepowered/asm/mixin/injection/callback/CallbackInfo;Ljava/util/List;Ljava/util/List;)V doesn't use it's CallbackInfo
[02:06:03] [Render thread/DEBUG] (FabricLoader/Mixin) fabric-rendering-v1.mixins.json:shader.GameRendererMixin from mod fabric-rendering-v1->@Inject::registerShaders(Lnet/minecraft/server/packs/resources/ResourceProvider;Lorg/spongepowered/asm/mixin/injection/callback/CallbackInfo;Ljava/util/List;Ljava/util/List;)V has 0 override(s) in child classes
[02:06:03] [Render thread/DEBUG] (FabricLoader/Mixin) fabric-rendering-v1.mixins.json:shader.GameRendererMixin from mod fabric-rendering-v1->@Inject::registerShaders(Lnet/minecraft/server/packs/resources/ResourceProvider;Lorg/spongepowered/asm/mixin/injection/callback/CallbackInfo;Ljava/util/List;Ljava/util/List;)V won't be passed a CallbackInfo as a result
[02:06:03] [Render thread/DEBUG] (FabricLoader/Mixin) fabric-rendering-v1.mixins.json:shader.GameRendererMixin from mod fabric-rendering-v1->@Inject::registerShaders(Lnet/minecraft/server/packs/resources/ResourceProvider;Lorg/spongepowered/asm/mixin/injection/callback/CallbackInfo;Ljava/util/List;Ljava/util/List;)V doesn't use it's CallbackInfo
[02:06:03] [Render thread/DEBUG] (FabricLoader/Mixin) fabric-rendering-v1.mixins.json:shader.GameRendererMixin from mod fabric-rendering-v1->@Inject::registerShaders(Lnet/minecraft/server/packs/resources/ResourceProvider;Lorg/spongepowered/asm/mixin/injection/callback/CallbackInfo;Ljava/util/List;Ljava/util/List;)V has 0 override(s) in child classes
[02:06:03] [Render thread/DEBUG] (FabricLoader/Mixin) fabric-rendering-v1.mixins.json:shader.GameRendererMixin from mod fabric-rendering-v1->@Inject::registerShaders(Lnet/minecraft/server/packs/resources/ResourceProvider;Lorg/spongepowered/asm/mixin/injection/callback/CallbackInfo;Ljava/util/List;Ljava/util/List;)V won't be passed a CallbackInfo as a result
[02:06:03] [Render thread/DEBUG] (FabricLoader/Mixin) fabric-rendering-v1.mixins.json:shader.GameRendererMixin from mod fabric-rendering-v1->@Inject::registerShaders(Lnet/minecraft/server/packs/resources/ResourceProvider;Lorg/spongepowered/asm/mixin/injection/callback/CallbackInfo;Ljava/util/List;Ljava/util/List;)V doesn't use it's CallbackInfo
[02:06:03] [Render thread/DEBUG] (FabricLoader/Mixin) fabric-rendering-v1.mixins.json:shader.GameRendererMixin from mod fabric-rendering-v1->@Inject::registerShaders(Lnet/minecraft/server/packs/resources/ResourceProvider;Lorg/spongepowered/asm/mixin/injection/callback/CallbackInfo;Ljava/util/List;Ljava/util/List;)V has 0 override(s) in child classes
[02:06:03] [Render thread/DEBUG] (FabricLoader/Mixin) fabric-rendering-v1.mixins.json:shader.GameRendererMixin from mod fabric-rendering-v1->@Inject::registerShaders(Lnet/minecraft/server/packs/resources/ResourceProvider;Lorg/spongepowered/asm/mixin/injection/callback/CallbackInfo;Ljava/util/List;Ljava/util/List;)V won't be passed a CallbackInfo as a result
[02:06:03] [Render thread/DEBUG] (FabricLoader/Mixin) fabric-rendering-v1.mixins.json:shader.GameRendererMixin from mod fabric-rendering-v1->@Inject::registerShaders(Lnet/minecraft/server/packs/resources/ResourceProvider;Lorg/spongepowered/asm/mixin/injection/callback/CallbackInfo;Ljava/util/List;Ljava/util/List;)V doesn't use it's CallbackInfo
[02:06:03] [Render thread/DEBUG] (FabricLoader/Mixin) fabric-rendering-v1.mixins.json:shader.GameRendererMixin from mod fabric-rendering-v1->@Inject::registerShaders(Lnet/minecraft/server/packs/resources/ResourceProvider;Lorg/spongepowered/asm/mixin/injection/callback/CallbackInfo;Ljava/util/List;Ljava/util/List;)V has 0 override(s) in child classes
[02:06:03] [Render thread/DEBUG] (FabricLoader/Mixin) fabric-rendering-v1.mixins.json:shader.GameRendererMixin from mod fabric-rendering-v1->@Inject::registerShaders(Lnet/minecraft/server/packs/resources/ResourceProvider;Lorg/spongepowered/asm/mixin/injection/callback/CallbackInfo;Ljava/util/List;Ljava/util/List;)V won't be passed a CallbackInfo as a result
[02:06:03] [Render thread/DEBUG] (FabricLoader/Mixin) fabric-rendering-v1.mixins.json:shader.GameRendererMixin from mod fabric-rendering-v1->@Inject::registerShaders(Lnet/minecraft/server/packs/resources/ResourceProvider;Lorg/spongepowered/asm/mixin/injection/callback/CallbackInfo;Ljava/util/List;Ljava/util/List;)V doesn't use it's CallbackInfo
[02:06:03] [Render thread/DEBUG] (FabricLoader/Mixin) fabric-rendering-v1.mixins.json:shader.GameRendererMixin from mod fabric-rendering-v1->@Inject::registerShaders(Lnet/minecraft/server/packs/resources/ResourceProvider;Lorg/spongepowered/asm/mixin/injection/callback/CallbackInfo;Ljava/util/List;Ljava/util/List;)V has 0 override(s) in child classes
[02:06:03] [Render thread/DEBUG] (FabricLoader/Mixin) fabric-rendering-v1.mixins.json:shader.GameRendererMixin from mod fabric-rendering-v1->@Inject::registerShaders(Lnet/minecraft/server/packs/resources/ResourceProvider;Lorg/spongepowered/asm/mixin/injection/callback/CallbackInfo;Ljava/util/List;Ljava/util/List;)V won't be passed a CallbackInfo as a result
[02:06:03] [Render thread/DEBUG] (FabricLoader/Mixin) fabric-rendering-v1.mixins.json:shader.GameRendererMixin from mod fabric-rendering-v1->@Inject::registerShaders(Lnet/minecraft/server/packs/resources/ResourceProvider;Lorg/spongepowered/asm/mixin/injection/callback/CallbackInfo;Ljava/util/List;Ljava/util/List;)V doesn't use it's CallbackInfo
[02:06:03] [Render thread/DEBUG] (FabricLoader/Mixin) fabric-rendering-v1.mixins.json:shader.GameRendererMixin from mod fabric-rendering-v1->@Inject::registerShaders(Lnet/minecraft/server/packs/resources/ResourceProvider;Lorg/spongepowered/asm/mixin/injection/callback/CallbackInfo;Ljava/util/List;Ljava/util/List;)V has 0 override(s) in child classes
[02:06:03] [Render thread/DEBUG] (FabricLoader/Mixin) fabric-rendering-v1.mixins.json:shader.GameRendererMixin from mod fabric-rendering-v1->@Inject::registerShaders(Lnet/minecraft/server/packs/resources/ResourceProvider;Lorg/spongepowered/asm/mixin/injection/callback/CallbackInfo;Ljava/util/List;Ljava/util/List;)V won't be passed a CallbackInfo as a result
[02:06:03] [Render thread/DEBUG] (FabricLoader/Mixin) fabric-rendering-v1.mixins.json:shader.GameRendererMixin from mod fabric-rendering-v1->@Inject::registerShaders(Lnet/minecraft/server/packs/resources/ResourceProvider;Lorg/spongepowered/asm/mixin/injection/callback/CallbackInfo;Ljava/util/List;Ljava/util/List;)V doesn't use it's CallbackInfo
[02:06:03] [Render thread/DEBUG] (FabricLoader/Mixin) fabric-rendering-v1.mixins.json:shader.GameRendererMixin from mod fabric-rendering-v1->@Inject::registerShaders(Lnet/minecraft/server/packs/resources/ResourceProvider;Lorg/spongepowered/asm/mixin/injection/callback/CallbackInfo;Ljava/util/List;Ljava/util/List;)V has 0 override(s) in child classes
[02:06:03] [Render thread/DEBUG] (FabricLoader/Mixin) fabric-rendering-v1.mixins.json:shader.GameRendererMixin from mod fabric-rendering-v1->@Inject::registerShaders(Lnet/minecraft/server/packs/resources/ResourceProvider;Lorg/spongepowered/asm/mixin/injection/callback/CallbackInfo;Ljava/util/List;Ljava/util/List;)V won't be passed a CallbackInfo as a result
[02:06:03] [Render thread/DEBUG] (FabricLoader/Mixin) fabric-rendering-v1.mixins.json:shader.GameRendererMixin from mod fabric-rendering-v1->@Inject::registerShaders(Lnet/minecraft/server/packs/resources/ResourceProvider;Lorg/spongepowered/asm/mixin/injection/callback/CallbackInfo;Ljava/util/List;Ljava/util/List;)V doesn't use it's CallbackInfo
[02:06:03] [Render thread/DEBUG] (FabricLoader/Mixin) fabric-rendering-v1.mixins.json:shader.GameRendererMixin from mod fabric-rendering-v1->@Inject::registerShaders(Lnet/minecraft/server/packs/resources/ResourceProvider;Lorg/spongepowered/asm/mixin/injection/callback/CallbackInfo;Ljava/util/List;Ljava/util/List;)V has 0 override(s) in child classes
[02:06:03] [Render thread/DEBUG] (FabricLoader/Mixin) fabric-rendering-v1.mixins.json:shader.GameRendererMixin from mod fabric-rendering-v1->@Inject::registerShaders(Lnet/minecraft/server/packs/resources/ResourceProvider;Lorg/spongepowered/asm/mixin/injection/callback/CallbackInfo;Ljava/util/List;Ljava/util/List;)V won't be passed a CallbackInfo as a result
[02:06:03] [Render thread/DEBUG] (FabricLoader/Mixin) fabric-rendering-v1.mixins.json:shader.GameRendererMixin from mod fabric-rendering-v1->@Inject::registerShaders(Lnet/minecraft/server/packs/resources/ResourceProvider;Lorg/spongepowered/asm/mixin/injection/callback/CallbackInfo;Ljava/util/List;Ljava/util/List;)V doesn't use it's CallbackInfo
[02:06:03] [Render thread/DEBUG] (FabricLoader/Mixin) fabric-rendering-v1.mixins.json:shader.GameRendererMixin from mod fabric-rendering-v1->@Inject::registerShaders(Lnet/minecraft/server/packs/resources/ResourceProvider;Lorg/spongepowered/asm/mixin/injection/callback/CallbackInfo;Ljava/util/List;Ljava/util/List;)V has 0 override(s) in child classes
[02:06:03] [Render thread/DEBUG] (FabricLoader/Mixin) fabric-rendering-v1.mixins.json:shader.GameRendererMixin from mod fabric-rendering-v1->@Inject::registerShaders(Lnet/minecraft/server/packs/resources/ResourceProvider;Lorg/spongepowered/asm/mixin/injection/callback/CallbackInfo;Ljava/util/List;Ljava/util/List;)V won't be passed a CallbackInfo as a result
[02:06:03] [Render thread/DEBUG] (FabricLoader/Mixin) fabric-rendering-v1.mixins.json:shader.GameRendererMixin from mod fabric-rendering-v1->@Inject::registerShaders(Lnet/minecraft/server/packs/resources/ResourceProvider;Lorg/spongepowered/asm/mixin/injection/callback/CallbackInfo;Ljava/util/List;Ljava/util/List;)V doesn't use it's CallbackInfo
[02:06:03] [Render thread/DEBUG] (FabricLoader/Mixin) fabric-rendering-v1.mixins.json:shader.GameRendererMixin from mod fabric-rendering-v1->@Inject::registerShaders(Lnet/minecraft/server/packs/resources/ResourceProvider;Lorg/spongepowered/asm/mixin/injection/callback/CallbackInfo;Ljava/util/List;Ljava/util/List;)V has 0 override(s) in child classes
[02:06:03] [Render thread/DEBUG] (FabricLoader/Mixin) fabric-rendering-v1.mixins.json:shader.GameRendererMixin from mod fabric-rendering-v1->@Inject::registerShaders(Lnet/minecraft/server/packs/resources/ResourceProvider;Lorg/spongepowered/asm/mixin/injection/callback/CallbackInfo;Ljava/util/List;Ljava/util/List;)V won't be passed a CallbackInfo as a result
[02:06:03] [Render thread/DEBUG] (FabricLoader/Mixin) fabric-rendering-v1.mixins.json:shader.GameRendererMixin from mod fabric-rendering-v1->@Inject::registerShaders(Lnet/minecraft/server/packs/resources/ResourceProvider;Lorg/spongepowered/asm/mixin/injection/callback/CallbackInfo;Ljava/util/List;Ljava/util/List;)V doesn't use it's CallbackInfo
[02:06:03] [Render thread/DEBUG] (FabricLoader/Mixin) fabric-rendering-v1.mixins.json:shader.GameRendererMixin from mod fabric-rendering-v1->@Inject::registerShaders(Lnet/minecraft/server/packs/resources/ResourceProvider;Lorg/spongepowered/asm/mixin/injection/callback/CallbackInfo;Ljava/util/List;Ljava/util/List;)V has 0 override(s) in child classes
[02:06:03] [Render thread/DEBUG] (FabricLoader/Mixin) fabric-rendering-v1.mixins.json:shader.GameRendererMixin from mod fabric-rendering-v1->@Inject::registerShaders(Lnet/minecraft/server/packs/resources/ResourceProvider;Lorg/spongepowered/asm/mixin/injection/callback/CallbackInfo;Ljava/util/List;Ljava/util/List;)V won't be passed a CallbackInfo as a result
[02:06:03] [Render thread/DEBUG] (FabricLoader/Mixin) fabric-rendering-v1.mixins.json:shader.GameRendererMixin from mod fabric-rendering-v1->@Inject::registerShaders(Lnet/minecraft/server/packs/resources/ResourceProvider;Lorg/spongepowered/asm/mixin/injection/callback/CallbackInfo;Ljava/util/List;Ljava/util/List;)V doesn't use it's CallbackInfo
[02:06:03] [Render thread/DEBUG] (FabricLoader/Mixin) fabric-rendering-v1.mixins.json:shader.GameRendererMixin from mod fabric-rendering-v1->@Inject::registerShaders(Lnet/minecraft/server/packs/resources/ResourceProvider;Lorg/spongepowered/asm/mixin/injection/callback/CallbackInfo;Ljava/util/List;Ljava/util/List;)V has 0 override(s) in child classes
[02:06:03] [Render thread/DEBUG] (FabricLoader/Mixin) fabric-rendering-v1.mixins.json:shader.GameRendererMixin from mod fabric-rendering-v1->@Inject::registerShaders(Lnet/minecraft/server/packs/resources/ResourceProvider;Lorg/spongepowered/asm/mixin/injection/callback/CallbackInfo;Ljava/util/List;Ljava/util/List;)V won't be passed a CallbackInfo as a result
[02:06:03] [Render thread/DEBUG] (FabricLoader/Mixin) fabric-rendering-v1.mixins.json:shader.GameRendererMixin from mod fabric-rendering-v1->@Inject::registerShaders(Lnet/minecraft/server/packs/resources/ResourceProvider;Lorg/spongepowered/asm/mixin/injection/callback/CallbackInfo;Ljava/util/List;Ljava/util/List;)V doesn't use it's CallbackInfo
[02:06:03] [Render thread/DEBUG] (FabricLoader/Mixin) fabric-rendering-v1.mixins.json:shader.GameRendererMixin from mod fabric-rendering-v1->@Inject::registerShaders(Lnet/minecraft/server/packs/resources/ResourceProvider;Lorg/spongepowered/asm/mixin/injection/callback/CallbackInfo;Ljava/util/List;Ljava/util/List;)V has 0 override(s) in child classes
[02:06:03] [Render thread/DEBUG] (FabricLoader/Mixin) fabric-rendering-v1.mixins.json:shader.GameRendererMixin from mod fabric-rendering-v1->@Inject::registerShaders(Lnet/minecraft/server/packs/resources/ResourceProvider;Lorg/spongepowered/asm/mixin/injection/callback/CallbackInfo;Ljava/util/List;Ljava/util/List;)V won't be passed a CallbackInfo as a result
[02:06:03] [Render thread/DEBUG] (FabricLoader/Mixin) fabric-rendering-v1.mixins.json:shader.GameRendererMixin from mod fabric-rendering-v1->@Inject::registerShaders(Lnet/minecraft/server/packs/resources/ResourceProvider;Lorg/spongepowered/asm/mixin/injection/callback/CallbackInfo;Ljava/util/List;Ljava/util/List;)V doesn't use it's CallbackInfo
[02:06:03] [Render thread/DEBUG] (FabricLoader/Mixin) fabric-rendering-v1.mixins.json:shader.GameRendererMixin from mod fabric-rendering-v1->@Inject::registerShaders(Lnet/minecraft/server/packs/resources/ResourceProvider;Lorg/spongepowered/asm/mixin/injection/callback/CallbackInfo;Ljava/util/List;Ljava/util/List;)V has 0 override(s) in child classes
[02:06:03] [Render thread/DEBUG] (FabricLoader/Mixin) fabric-rendering-v1.mixins.json:shader.GameRendererMixin from mod fabric-rendering-v1->@Inject::registerShaders(Lnet/minecraft/server/packs/resources/ResourceProvider;Lorg/spongepowered/asm/mixin/injection/callback/CallbackInfo;Ljava/util/List;Ljava/util/List;)V won't be passed a CallbackInfo as a result
[02:06:03] [Render thread/DEBUG] (FabricLoader/Mixin) fabric-rendering-v1.mixins.json:shader.GameRendererMixin from mod fabric-rendering-v1->@Inject::registerShaders(Lnet/minecraft/server/packs/resources/ResourceProvider;Lorg/spongepowered/asm/mixin/injection/callback/CallbackInfo;Ljava/util/List;Ljava/util/List;)V doesn't use it's CallbackInfo
[02:06:03] [Render thread/DEBUG] (FabricLoader/Mixin) fabric-rendering-v1.mixins.json:shader.GameRendererMixin from mod fabric-rendering-v1->@Inject::registerShaders(Lnet/minecraft/server/packs/resources/ResourceProvider;Lorg/spongepowered/asm/mixin/injection/callback/CallbackInfo;Ljava/util/List;Ljava/util/List;)V has 0 override(s) in child classes
[02:06:03] [Render thread/DEBUG] (FabricLoader/Mixin) fabric-rendering-v1.mixins.json:shader.GameRendererMixin from mod fabric-rendering-v1->@Inject::registerShaders(Lnet/minecraft/server/packs/resources/ResourceProvider;Lorg/spongepowered/asm/mixin/injection/callback/CallbackInfo;Ljava/util/List;Ljava/util/List;)V won't be passed a CallbackInfo as a result
[02:06:03] [Render thread/DEBUG] (FabricLoader/Mixin) fabric-rendering-v1.mixins.json:shader.GameRendererMixin from mod fabric-rendering-v1->@Inject::registerShaders(Lnet/minecraft/server/packs/resources/ResourceProvider;Lorg/spongepowered/asm/mixin/injection/callback/CallbackInfo;Ljava/util/List;Ljava/util/List;)V doesn't use it's CallbackInfo
[02:06:03] [Render thread/DEBUG] (FabricLoader/Mixin) fabric-rendering-v1.mixins.json:shader.GameRendererMixin from mod fabric-rendering-v1->@Inject::registerShaders(Lnet/minecraft/server/packs/resources/ResourceProvider;Lorg/spongepowered/asm/mixin/injection/callback/CallbackInfo;Ljava/util/List;Ljava/util/List;)V has 0 override(s) in child classes
[02:06:03] [Render thread/DEBUG] (FabricLoader/Mixin) fabric-rendering-v1.mixins.json:shader.GameRendererMixin from mod fabric-rendering-v1->@Inject::registerShaders(Lnet/minecraft/server/packs/resources/ResourceProvider;Lorg/spongepowered/asm/mixin/injection/callback/CallbackInfo;Ljava/util/List;Ljava/util/List;)V won't be passed a CallbackInfo as a result
[02:06:03] [Render thread/DEBUG] (FabricLoader/Mixin) fabric-rendering-v1.mixins.json:shader.GameRendererMixin from mod fabric-rendering-v1->@Inject::registerShaders(Lnet/minecraft/server/packs/resources/ResourceProvider;Lorg/spongepowered/asm/mixin/injection/callback/CallbackInfo;Ljava/util/List;Ljava/util/List;)V doesn't use it's CallbackInfo
[02:06:03] [Render thread/DEBUG] (FabricLoader/Mixin) fabric-rendering-v1.mixins.json:shader.GameRendererMixin from mod fabric-rendering-v1->@Inject::registerShaders(Lnet/minecraft/server/packs/resources/ResourceProvider;Lorg/spongepowered/asm/mixin/injection/callback/CallbackInfo;Ljava/util/List;Ljava/util/List;)V has 0 override(s) in child classes
[02:06:03] [Render thread/DEBUG] (FabricLoader/Mixin) fabric-rendering-v1.mixins.json:shader.GameRendererMixin from mod fabric-rendering-v1->@Inject::registerShaders(Lnet/minecraft/server/packs/resources/ResourceProvider;Lorg/spongepowered/asm/mixin/injection/callback/CallbackInfo;Ljava/util/List;Ljava/util/List;)V won't be passed a CallbackInfo as a result
[02:06:03] [Render thread/DEBUG] (FabricLoader/Mixin) fabric-rendering-v1.mixins.json:shader.GameRendererMixin from mod fabric-rendering-v1->@Inject::registerShaders(Lnet/minecraft/server/packs/resources/ResourceProvider;Lorg/spongepowered/asm/mixin/injection/callback/CallbackInfo;Ljava/util/List;Ljava/util/List;)V doesn't use it's CallbackInfo
[02:06:03] [Render thread/DEBUG] (FabricLoader/Mixin) fabric-rendering-v1.mixins.json:shader.GameRendererMixin from mod fabric-rendering-v1->@Inject::registerShaders(Lnet/minecraft/server/packs/resources/ResourceProvider;Lorg/spongepowered/asm/mixin/injection/callback/CallbackInfo;Ljava/util/List;Ljava/util/List;)V has 0 override(s) in child classes
[02:06:03] [Render thread/DEBUG] (FabricLoader/Mixin) fabric-rendering-v1.mixins.json:shader.GameRendererMixin from mod fabric-rendering-v1->@Inject::registerShaders(Lnet/minecraft/server/packs/resources/ResourceProvider;Lorg/spongepowered/asm/mixin/injection/callback/CallbackInfo;Ljava/util/List;Ljava/util/List;)V won't be passed a CallbackInfo as a result
[02:06:03] [Render thread/DEBUG] (FabricLoader/Mixin) fabric-rendering-v1.mixins.json:shader.GameRendererMixin from mod fabric-rendering-v1->@Inject::registerShaders(Lnet/minecraft/server/packs/resources/ResourceProvider;Lorg/spongepowered/asm/mixin/injection/callback/CallbackInfo;Ljava/util/List;Ljava/util/List;)V doesn't use it's CallbackInfo
[02:06:03] [Render thread/DEBUG] (FabricLoader/Mixin) fabric-rendering-v1.mixins.json:shader.GameRendererMixin from mod fabric-rendering-v1->@Inject::registerShaders(Lnet/minecraft/server/packs/resources/ResourceProvider;Lorg/spongepowered/asm/mixin/injection/callback/CallbackInfo;Ljava/util/List;Ljava/util/List;)V has 0 override(s) in child classes
[02:06:03] [Render thread/DEBUG] (FabricLoader/Mixin) fabric-rendering-v1.mixins.json:shader.GameRendererMixin from mod fabric-rendering-v1->@Inject::registerShaders(Lnet/minecraft/server/packs/resources/ResourceProvider;Lorg/spongepowered/asm/mixin/injection/callback/CallbackInfo;Ljava/util/List;Ljava/util/List;)V won't be passed a CallbackInfo as a result
[02:06:03] [Render thread/DEBUG] (FabricLoader/Mixin) fabric-rendering-v1.mixins.json:shader.GameRendererMixin from mod fabric-rendering-v1->@Inject::registerShaders(Lnet/minecraft/server/packs/resources/ResourceProvider;Lorg/spongepowered/asm/mixin/injection/callback/CallbackInfo;Ljava/util/List;Ljava/util/List;)V doesn't use it's CallbackInfo
[02:06:03] [Render thread/DEBUG] (FabricLoader/Mixin) fabric-rendering-v1.mixins.json:shader.GameRendererMixin from mod fabric-rendering-v1->@Inject::registerShaders(Lnet/minecraft/server/packs/resources/ResourceProvider;Lorg/spongepowered/asm/mixin/injection/callback/CallbackInfo;Ljava/util/List;Ljava/util/List;)V has 0 override(s) in child classes
[02:06:03] [Render thread/DEBUG] (FabricLoader/Mixin) fabric-rendering-v1.mixins.json:shader.GameRendererMixin from mod fabric-rendering-v1->@Inject::registerShaders(Lnet/minecraft/server/packs/resources/ResourceProvider;Lorg/spongepowered/asm/mixin/injection/callback/CallbackInfo;Ljava/util/List;Ljava/util/List;)V won't be passed a CallbackInfo as a result
[02:06:03] [Render thread/DEBUG] (FabricLoader/Mixin) fabric-rendering-v1.mixins.json:shader.GameRendererMixin from mod fabric-rendering-v1->@Inject::registerShaders(Lnet/minecraft/server/packs/resources/ResourceProvider;Lorg/spongepowered/asm/mixin/injection/callback/CallbackInfo;Ljava/util/List;Ljava/util/List;)V doesn't use it's CallbackInfo
[02:06:03] [Render thread/DEBUG] (FabricLoader/Mixin) fabric-rendering-v1.mixins.json:shader.GameRendererMixin from mod fabric-rendering-v1->@Inject::registerShaders(Lnet/minecraft/server/packs/resources/ResourceProvider;Lorg/spongepowered/asm/mixin/injection/callback/CallbackInfo;Ljava/util/List;Ljava/util/List;)V has 0 override(s) in child classes
[02:06:03] [Render thread/DEBUG] (FabricLoader/Mixin) fabric-rendering-v1.mixins.json:shader.GameRendererMixin from mod fabric-rendering-v1->@Inject::registerShaders(Lnet/minecraft/server/packs/resources/ResourceProvider;Lorg/spongepowered/asm/mixin/injection/callback/CallbackInfo;Ljava/util/List;Ljava/util/List;)V won't be passed a CallbackInfo as a result
[02:06:03] [Render thread/DEBUG] (FabricLoader/Mixin) fabric-rendering-v1.mixins.json:shader.GameRendererMixin from mod fabric-rendering-v1->@Inject::registerShaders(Lnet/minecraft/server/packs/resources/ResourceProvider;Lorg/spongepowered/asm/mixin/injection/callback/CallbackInfo;Ljava/util/List;Ljava/util/List;)V doesn't use it's CallbackInfo
[02:06:03] [Render thread/DEBUG] (FabricLoader/Mixin) fabric-rendering-v1.mixins.json:shader.GameRendererMixin from mod fabric-rendering-v1->@Inject::registerShaders(Lnet/minecraft/server/packs/resources/ResourceProvider;Lorg/spongepowered/asm/mixin/injection/callback/CallbackInfo;Ljava/util/List;Ljava/util/List;)V has 0 override(s) in child classes
[02:06:03] [Render thread/DEBUG] (FabricLoader/Mixin) fabric-rendering-v1.mixins.json:shader.GameRendererMixin from mod fabric-rendering-v1->@Inject::registerShaders(Lnet/minecraft/server/packs/resources/ResourceProvider;Lorg/spongepowered/asm/mixin/injection/callback/CallbackInfo;Ljava/util/List;Ljava/util/List;)V won't be passed a CallbackInfo as a result
[02:06:03] [Render thread/DEBUG] (FabricLoader/Mixin) fabric-rendering-v1.mixins.json:shader.GameRendererMixin from mod fabric-rendering-v1->@Inject::registerShaders(Lnet/minecraft/server/packs/resources/ResourceProvider;Lorg/spongepowered/asm/mixin/injection/callback/CallbackInfo;Ljava/util/List;Ljava/util/List;)V doesn't use it's CallbackInfo
[02:06:03] [Render thread/DEBUG] (FabricLoader/Mixin) fabric-rendering-v1.mixins.json:shader.GameRendererMixin from mod fabric-rendering-v1->@Inject::registerShaders(Lnet/minecraft/server/packs/resources/ResourceProvider;Lorg/spongepowered/asm/mixin/injection/callback/CallbackInfo;Ljava/util/List;Ljava/util/List;)V has 0 override(s) in child classes
[02:06:03] [Render thread/DEBUG] (FabricLoader/Mixin) fabric-rendering-v1.mixins.json:shader.GameRendererMixin from mod fabric-rendering-v1->@Inject::registerShaders(Lnet/minecraft/server/packs/resources/ResourceProvider;Lorg/spongepowered/asm/mixin/injection/callback/CallbackInfo;Ljava/util/List;Ljava/util/List;)V won't be passed a CallbackInfo as a result
[02:06:03] [Render thread/DEBUG] (FabricLoader/Mixin) fabric-rendering-v1.mixins.json:shader.GameRendererMixin from mod fabric-rendering-v1->@Inject::registerShaders(Lnet/minecraft/server/packs/resources/ResourceProvider;Lorg/spongepowered/asm/mixin/injection/callback/CallbackInfo;Ljava/util/List;Ljava/util/List;)V doesn't use it's CallbackInfo
[02:06:03] [Render thread/DEBUG] (FabricLoader/Mixin) fabric-rendering-v1.mixins.json:shader.GameRendererMixin from mod fabric-rendering-v1->@Inject::registerShaders(Lnet/minecraft/server/packs/resources/ResourceProvider;Lorg/spongepowered/asm/mixin/injection/callback/CallbackInfo;Ljava/util/List;Ljava/util/List;)V has 0 override(s) in child classes
[02:06:03] [Render thread/DEBUG] (FabricLoader/Mixin) fabric-rendering-v1.mixins.json:shader.GameRendererMixin from mod fabric-rendering-v1->@Inject::registerShaders(Lnet/minecraft/server/packs/resources/ResourceProvider;Lorg/spongepowered/asm/mixin/injection/callback/CallbackInfo;Ljava/util/List;Ljava/util/List;)V won't be passed a CallbackInfo as a result
[02:06:03] [Render thread/DEBUG] (FabricLoader/Mixin) fabric-rendering-v1.mixins.json:shader.GameRendererMixin from mod fabric-rendering-v1->@Inject::registerShaders(Lnet/minecraft/server/packs/resources/ResourceProvider;Lorg/spongepower[02:06:03] [Yggdrasil Key Fetcher/DEBUG] (com.mojang.authlib.HttpAuthenticationService) Successful read, server response was 200
[02:06:03] [Yggdrasil Key Fetcher/DEBUG] (com.mojang.authlib.HttpAuthenticationService) Response: {
  "profilePropertyKeys" : [ {
    "publicKey" : "MIICIjANBgkqhkiG9w0BAQEFAAOCAg8AMIICCgKCAgEAylB4B6m5lz7jwrcFz6Fd/fnfUhcvlxsTSn5kIK/2aGG1C3kMy4VjhwlxF6BFUSnfxhNswPjh3ZitkBxEAFY25uzkJFRwHwVA9mdwjashXILtR6OqdLXXFVyUPIURLOSWqGNBtb08EN5fMnG8iFLgEJIBMxs9BvF3s3/FhuHyPKiVTZmXY0WY4ZyYqvoKR+XjaTRPPvBsDa4WI2u1zxXMeHlodT3lnCzVvyOYBLXL6CJgByuOxccJ8hnXfF9yY4F0aeL080Jz/3+EBNG8RO4ByhtBf4Ny8NQ6stWsjfeUIvH7bU/4zCYcYOq4WrInXHqS8qruDmIl7P5XXGcabuzQstPf/h2CRAUpP/PlHXcMlvewjmGU6MfDK+lifScNYwjPxRo4nKTGFZf/0aqHCh/EAsQyLKrOIYRE0lDG3bzBh8ogIMLAugsAfBb6M3mqCqKaTMAf/VAjh5FFJnjS+7bE+bZEV0qwax1CEoPPJL1fIQjOS8zj086gjpGRCtSy9+bTPTfTR/SJ+VUB5G2IeCItkNHpJX2ygojFZ9n5Fnj7R9ZnOM+L8nyIjPu3aePvtcrXlyLhH/hvOfIOjPxOlqW+O5QwSFP4OEcyLAUgDdUgyW36Z5mB285uKW/ighzZsOTevVUG2QwDItObIV6i8RCxFbN2oDHyPaO5j1tTaBNyVt8CAwEAAQ=="
  }, {
    "publicKey" : "MIICIjANBgkqhkiG9w0BAQEFAAOCAg8AMIICCgKCAgEAra4Y2wu3rWEW7cDTDRRd4IvUD140Y12SaG3k4V3UwT/pDnnX5itOcYiZA0qf4VCpJDp2PifOL+Pr/ph/G9/6ZoIxkBeGENo+S7i9BqizJy9cmZocpyx+RkZaw9+frCGNLuYLrxziNWiXFACJSg2mHACR7+6NkGN8d/16/3PxMnvGSyLT7JKGUgqj1Q3oW7k+NLXR9sw6oRELOcnUvZVa2bcglv8vlcyPqqnBhydLfHI85Z5WnIYZviZ3Bb4dv5Fme726BGOtEY7kz40RfiwjT3xYKYKPJUS3/crPX6eugmWyrWdddKaePrW88bp17Z5NIStlJ5KJJk4coha8O+P7onDqmbHwLqPTeR51njkgZ+DJWT6fz8ku9OWQn6I/FxqN14iYIghDJijmKvEwsI7FJ5X2ttPXEvBYLmpj2j0lQQcUIqH7hkiZ+mCW0GYawJgbAeNAraM9sP+76MyAGITtAsXv1IQmah+7OeDJOToG2Kb1Dl0Va+HiP9MPpcnO7kbn6dqAyhNvRNmHnsUOiEcLhW9Rk7xz87IBV/cGKbUDgxu8cYY0P512DWt5+Jmr8W10FDFdLmkJt1taWxNxApM2CiFPCimk02koyLZDW9nqpWNw6qS/TOYPdz438qEuamtYUJ+u6WhBjK8xAJEAt5k3gDKX+nlTiG3N6se09D62fS8CAwEAAQ=="
  } ],
  "playerCertificateKeys" : [ {
    "publicKey" : "MIICIjANBgkqhkiG9w0BAQEFAAOCAg8AMIICCgKCAgEAylB4B6m5lz7jwrcFz6Fd/fnfUhcvlxsTSn5kIK/2aGG1C3kMy4VjhwlxF6BFUSnfxhNswPjh3ZitkBxEAFY25uzkJFRwHwVA9mdwjashXILtR6OqdLXXFVyUPIURLOSWqGNBtb08EN5fMnG8iFLgEJIBMxs9BvF3s3/FhuHyPKiVTZmXY0WY4ZyYqvoKR+XjaTRPPvBsDa4WI2u1zxXMeHlodT3lnCzVvyOYBLXL6CJgByuOxccJ8hnXfF9yY4F0aeL080Jz/3+EBNG8RO4ByhtBf4Ny8NQ6stWsjfeUIvH7bU/4zCYcYOq4WrInXHqS8qruDmIl7P5XXGcabuzQstPf/h2CRAUpP/PlHXcMlvewjmGU6MfDK+lifScNYwjPxRo4nKTGFZf/0aqHCh/EAsQyLKrOIYRE0lDG3bzBh8ogIMLAugsAfBb6M3mqCqKaTMAf/VAjh5FFJnjS+7bE+bZEV0qwax1CEoPPJL1fIQjOS8zj086gjpGRCtSy9+bTPTfTR/SJ+VUB5G2IeCItkNHpJX2ygojFZ9n5Fnj7R9ZnOM+L8nyIjPu3aePvtcrXlyLhH/hvOfIOjPxOlqW+O5QwSFP4OEcyLAUgDdUgyW36Z5mB285uKW/ighzZsOTevVUG2QwDItObIV6i8RCxFbN2oDHyPaO5j1tTaBNyVt8CAwEAAQ=="
  }, {
    "publicKey" : "MIICIjANBgkqhkiG9w0BAQEFAAOCAg8AMIICCgKCAgEAt4t9NPuu7cktclnaH7eZj0omkLcJHeLz5MKsyJEntHZ0INtuBjSSul3Pp3pBeJN8k3ADdcdBLUN90bcAi7WsQqTx3Ft363q3W7TbM8j2iTEdp/0uVspoRt/DP1tkaWFs/w2WwUv9jbVoBUzfUc4pSTIxRwdjmqjZQfvjwKNDbOx3IhP2H0WXodbISejPi1wBZqNW4m1rnZAXp/EpUguxA8mobCa4vUCBkyFDyXdl69/wUSJHyCPmgcMJ364OlAhIqtwVPShBZObvrK/f0BYk6ShJD3N7TFDatSYsIIdcTKRknaIm91s+EsMrdB9U4Yw+ZJ/pyCB4S3vk8zfDCnb0DWIxYH3/EMzaxl77djmTmMzi/JDITup5z3jfWtRZmrAhU2/+W5IO5hEpo3/bCS9PXIY5xb41Lmp2ZO8dXKtyD66Chchy0W129n8vPl2GIruOdrxsjZAHnneyAb9jm0uaGaphwnEnuecX/qgHY6ZMtayvLLsPst8PO6R1vufMy8WqjK+j7LnC1krL7CPDg0NEhyQTmw5l+NCNjSlvB1juM9V4PARg0bYCOkGXm7ydRCjSSH8CJXZpwnd5cBB5WKAX3KPzutRgMi/LFwNSMZzFuUyXaYOZPpD259yqph1LmGqegEdDriACVU+dVEONFMm8eIuBofe7ljmsAFKW9BINwK0CAwEAAQ=="
  } ],
  "authenticationKeys" : [ {
    "publicKey" : "MIIBIjANBgkqhkiG9w0BAQEFAAOCAQ8AMIIBCgKCAQEA4S4G8fJJw4hLRME8zM2aBqaQRqYs0TlU8N+sZl0MUgtyFw0KAXnzbOPH7yu6qbqsGYVKF/D+fUg+49PhFmxEsylvmj/yeRwdp3yFGME/BVfL06zFmAw+rGaxqubcswzIO8ByUtjQOmlnrzj4zvhNSYJmwNbTIKrKNlSHYvYZbUDRquH9yMDOKnvGAMMDGttFrM300mVznRgaTEzU9aPqMvj0YxtxUcGIQTar0TBQa7NzEAr59u5VVx5s6naS6QVBrMc6e32f38enVkNFZQT87KlCb2B6ziPmbaRzWWs4qcHsHz8BUCKplo5iu/ePtwaa5AaVT27Lnv+KzS46eyf1CwIDAQAB"
  }, {
    "publicKey" : "MIIBIjANBgkqhkiG9w0BAQEFAAOCAQ8AMIIBCgKCAQEAys5/Z+MBAOBcdnk3wKDDvsw6UUdTjSRQ+e5Ug2HJnshWunZMQDPGZvctUWpHxDZHAjaFfhpjw1pWtN/ejTpv37jZCp0yF533LfAfxiiQBWfJdKk5Wzyw7kmU8xmO984csukYFH4aTTLwZuhmMLFk3l00mMNPixgnRMuyr7aKIu/+l3wH1kCf1k74MTH4wX5fgNqFvTS3127DNVnTH9sOw+dhEViiQpTz3BFEpIUvl9T7B2rjF0CDmW9xtyNINw2EfENa7PwE0uIyNoZl/+m7yzMKef4lrE6Ch/IMzfT03Q2QvbwFlm+kzQKhSlB18Ohotrkega62fMxdn/s6Rv6oQQIDAQAB"
  } ]
}
[02:06:03] [Render thread/ERROR] (net.minecraft.client.Minecraft) Failed to verify authentication
com.mojang.authlib.exceptions.InvalidCredentialsException: Status: 401
	at com.mojang.authlib.exceptions.MinecraftClientHttpException.toAuthenticationException(MinecraftClientHttpException.java:56) ~[authlib-4.0.43.jar:?]
	at com.mojang.authlib.yggdrasil.YggdrasilUserApiService.fetchProperties(YggdrasilUserApiService.java:156) ~[authlib-4.0.43.jar:?]
	at com.mojang.authlib.yggdrasil.YggdrasilUserApiService.<init>(YggdrasilUserApiService.java:55) ~[authlib-4.0.43.jar:?]
	at com.mojang.authlib.yggdrasil.YggdrasilAuthenticationService.createUserApiService(YggdrasilAuthenticationService.java:124) ~[authlib-4.0.43.jar:?]
	at net.minecraft.client.Minecraft.createUserApiService(Minecraft.java:733) ~[minecraft-merged-adc751d9ee-1.20.1-loom.mappings.1_20_1.layered+hash.1900676243-v2.jar:?]
	at net.minecraft.client.Minecraft.<init>(Minecraft.java:442) ~[minecraft-merged-adc751d9ee-1.20.1-loom.mappings.1_20_1.layered+hash.1900676243-v2.jar:?]
	at net.minecraft.client.main.Main.main(Main.java:211) ~[minecraft-merged-adc751d9ee-1.20.1-loom.mappings.1_20_1.layered+hash.1900676243-v2.jar:?]
	at net.fabricmc.loader.impl.game.minecraft.MinecraftGameProvider.launch(MinecraftGameProvider.java:480) ~[fabric-loader-0.16.14.jar:?]
	at net.fabricmc.loader.impl.launch.knot.Knot.launch(Knot.java:74) ~[fabric-loader-0.16.14.jar:?]
	at net.fabricmc.loader.impl.launch.knot.KnotClient.main(KnotClient.java:23) ~[fabric-loader-0.16.14.jar:?]
	at net.fabricmc.devlaunchinjector.Main.main(Main.java:86) ~[dev-launch-injector-0.2.1+build.8.jar:?]
	at dev.architectury.transformer.TransformerRuntime.main(TransformerRuntime.java:220) ~[architectury-transformer-5.2.87-runtime.jar:?]
Caused by: com.mojang.authlib.exceptions.MinecraftClientHttpException: Status: 401
	at com.mojang.authlib.minecraft.client.MinecraftClient.readInputStream(MinecraftClient.java:85) ~[authlib-4.0.43.jar:?]
	at com.mojang.authlib.minecraft.client.MinecraftClient.get(MinecraftClient.java:48) ~[authlib-4.0.43.jar:?]
	at com.mojang.authlib.yggdrasil.YggdrasilUserApiService.fetchProperties(YggdrasilUserApiService.java:129) ~[authlib-4.0.43.jar:?]
	... 10 more
[02:06:03] [Render thread/INFO] (net.minecraft.client.Minecraft) Setting user: Player60
[02:06:03] [Render thread/DEBUG] (FabricLoader/Mixin) Mixing KeyBindingAccessor from fabric-events-interaction-v0.client.mixins.json into net.minecraft.client.KeyMapping
[02:06:03] [Render thread/DEBUG] (FabricLoader/Mixin) fabric-events-interaction-v0.client.mixins.json:KeyBindingAccessor from mod fabric-events-interaction-v0: Class version 61 required is higher than the class version supported by the current version of Mixin (JAVA_16 supports class version 60)
[02:06:03] [Render thread/DEBUG] (FabricLoader/Mixin) Mixing KeyBindingAccessor from fabric-key-binding-api-v1.mixins.json into net.minecraft.client.KeyMapping
[02:06:03] [Render thread/DEBUG] (FabricLoader/Mixin) fabric-key-binding-api-v1.mixins.json:KeyBindingAccessor from mod fabric-key-binding-api-v1: Class version 61 required is higher than the class version supported by the current version of Mixin (JAVA_16 supports class version 60)
[02:06:03] [Render thread/DEBUG] (FabricLoader/Mixin) Renaming @Accessor method fabric_getCategoryMap()Ljava/util/Map; to fabric_getCategoryMap$fabric-key-binding-api-v1_$md$fb85d1$0 in fabric-key-binding-api-v1.mixins.json:KeyBindingAccessor from mod fabric-key-binding-api-v1
[02:06:03] [Render thread/DEBUG] (FabricLoader/Entrypoint) Iterating over entrypoint 'main'
[02:06:03] [Render thread/DEBUG] (FabricLoader/Mixin) Mixing ServerLoginNetworkHandlerMixin from fabric-networking-api-v1.mixins.json into net.minecraft.server.network.ServerLoginPacketListenerImpl
[02:06:03] [Render thread/DEBUG] (FabricLoader/Mixin) fabric-networking-api-v1.mixins.json:ServerLoginNetworkHandlerMixin from mod fabric-networking-api-v1: Class version 61 required is higher than the class version supported by the current version of Mixin (JAVA_16 supports class version 60)
[02:06:03] [Render thread/DEBUG] (FabricLoader/Mixin) Mixing accessor.ServerLoginNetworkHandlerAccessor from fabric-networking-api-v1.mixins.json into net.minecraft.server.network.ServerLoginPacketListenerImpl
[02:06:03] [Render thread/DEBUG] (FabricLoader/Mixin) fabric-networking-api-v1.mixins.json:accessor.ServerLoginNetworkHandlerAccessor from mod fabric-networking-api-v1: Class version 61 required is higher than the class version supported by the current version of Mixin (JAVA_16 supports class version 60)
[02:06:03] [Render thread/DEBUG] (FabricLoader/Mixin) fabric-networking-api-v1.mixins.json:ServerLoginNetworkHandlerMixin from mod fabric-networking-api-v1->@Inject::initAddon(Lorg/spongepowered/asm/mixin/injection/callback/CallbackInfo;)V doesn't use it's CallbackInfo
[02:06:03] [Render thread/DEBUG] (FabricLoader/Mixin) fabric-networking-api-v1.mixins.json:ServerLoginNetworkHandlerMixin from mod fabric-networking-api-v1->@Inject::initAddon(Lorg/spongepowered/asm/mixin/injection/callback/CallbackInfo;)V has 0 override(s) in child classes
[02:06:03] [Render thread/DEBUG] (FabricLoader/Mixin) fabric-networking-api-v1.mixins.json:ServerLoginNetworkHandlerMixin from mod fabric-networking-api-v1->@Inject::initAddon(Lorg/spongepowered/asm/mixin/injection/callback/CallbackInfo;)V won't be passed a CallbackInfo as a result
[02:06:03] [Render thread/DEBUG] (FabricLoader/Mixin) fabric-networking-api-v1.mixins.json:ServerLoginNetworkHandlerMixin from mod fabric-networking-api-v1->@Inject::handleCustomPayloadReceivedAsync(Lnet/minecraft/network/protocol/login/ServerboundCustomQueryPacket;Lorg/spongepowered/asm/mixin/injection/callback/CallbackInfo;)V does use it's CallbackInfo
[02:06:03] [Render thread/DEBUG] (FabricLoader/Mixin) fabric-networking-api-v1.mixins.json:ServerLoginNetworkHandlerMixin from mod fabric-networking-api-v1->@Inject::handleDisconnection(Lnet/minecraft/network/chat/Component;Lorg/spongepowered/asm/mixin/injection/callback/CallbackInfo;)V doesn't use it's CallbackInfo
[02:06:03] [Render thread/DEBUG] (FabricLoader/Mixin) fabric-networking-api-v1.mixins.json:ServerLoginNetworkHandlerMixin from mod fabric-networking-api-v1->@Inject::handleDisconnection(Lnet/minecraft/network/chat/Component;Lorg/spongepowered/asm/mixin/injection/callback/CallbackInfo;)V has 0 override(s) in child classes
[02:06:03] [Render thread/DEBUG] (FabricLoader/Mixin) fabric-networking-api-v1.mixins.json:ServerLoginNetworkHandlerMixin from mod fabric-networking-api-v1->@Inject::handleDisconnection(Lnet/minecraft/network/chat/Component;Lorg/spongepowered/asm/mixin/injection/callback/CallbackInfo;)V won't be passed a CallbackInfo as a result
[02:06:03] [Render thread/DEBUG] (FabricLoader/Mixin) fabric-networking-api-v1.mixins.json:ServerLoginNetworkHandlerMixin from mod fabric-networking-api-v1->@Inject::handlePlayTransitionNormal(Lnet/minecraft/server/level/ServerPlayer;Lorg/spongepowered/asm/mixin/injection/callback/CallbackInfo;)V doesn't use it's CallbackInfo
[02:06:03] [Render thread/DEBUG] (FabricLoader/Mixin) fabric-networking-api-v1.mixins.json:ServerLoginNetworkHandlerMixin from mod fabric-networking-api-v1->@Inject::handlePlayTransitionNormal(Lnet/minecraft/server/level/ServerPlayer;Lorg/spongepowered/asm/mixin/injection/callback/CallbackInfo;)V has 0 override(s) in child classes
[02:06:03] [Render thread/DEBUG] (FabricLoader/Mixin) fabric-networking-api-v1.mixins.json:ServerLoginNetworkHandlerMixin from mod fabric-networking-api-v1->@Inject::handlePlayTransitionNormal(Lnet/minecraft/server/level/ServerPlayer;Lorg/spongepowered/asm/mixin/injection/callback/CallbackInfo;)V won't be passed a CallbackInfo as a result
[02:06:03] [Render thread/DEBUG] (FabricLoader/Mixin) Mixing modification.MinecraftServerMixin from fabric-biome-api-v1.mixins.json into net.minecraft.server.MinecraftServer
[02:06:03] [Render thread/DEBUG] (FabricLoader/Mixin) fabric-biome-api-v1.mixins.json:modification.MinecraftServerMixin from mod fabric-biome-api-v1: Class version 61 required is higher than the class version supported by the current version of Mixin (JAVA_16 supports class version 60)
[02:06:03] [Render thread/DEBUG] (FabricLoader/Mixin) Mixing MinecraftServerMixin from fabric-message-api-v1.mixins.json into net.minecraft.server.MinecraftServer
[02:06:03] [Render thread/DEBUG] (FabricLoader/Mixin) fabric-message-api-v1.mixins.json:MinecraftServerMixin from mod fabric-message-api-v1: Class version 61 required is higher than the class version supported by the current version of Mixin (JAVA_16 supports class version 60)
[02:06:03] [Render thread/DEBUG] (FabricLoader/Mixin) Renaming synthetic method lambda$onGetChatDecorator$1(Lnet/minecraft/network/chat/ChatDecorator;Lnet/minecraft/server/level/ServerPlayer;Lnet/minecraft/network/chat/Component;)Ljava/util/concurrent/CompletableFuture; to mdfb85d1$fabric-message-api-v1$lambda$onGetChatDecorator$1$0 in fabric-message-api-v1.mixins.json:MinecraftServerMixin from mod fabric-message-api-v1
[02:06:03] [Render thread/DEBUG] (FabricLoader/Mixin) Renaming synthetic method lambda$onGetChatDecorator$0(Lnet/minecraft/server/level/ServerPlayer;Lnet/minecraft/network/chat/Component;)Ljava/util/concurrent/CompletionStage; to mdfb85d1$fabric-message-api-v1$lambda$onGetChatDecorator$0$1 in fabric-message-api-v1.mixins.json:MinecraftServerMixin from mod fabric-message-api-v1
[02:06:03] [Render thread/DEBUG] (FabricLoader/Mixin) Mixing MinecraftServerMixin from fabric-registry-sync-v0.mixins.json into net.minecraft.server.MinecraftServer
[02:06:03] [Render thread/DEBUG] (FabricLoader/Mixin) fabric-registry-sync-v0.mixins.json:MinecraftServerMixin from mod fabric-registry-sync-v0: Class version 61 required is higher than the class version supported by the current version of Mixin (JAVA_16 supports class version 60)
[02:06:03] [Render thread/DEBUG] (FabricLoader/Mixin) Mixing MinecraftServerMixin from fabric-lifecycle-events-v1.mixins.json into net.minecraft.server.MinecraftServer
[02:06:03] [Render thread/DEBUG] (FabricLoader/Mixin) fabric-lifecycle-events-v1.mixins.json:MinecraftServerMixin from mod fabric-lifecycle-events-v1: Class version 61 required is higher than the class version supported by the current version of Mixin (JAVA_16 supports class version 60)
[02:06:03] [Render thread/DEBUG] (FabricLoader/Mixin) Renaming synthetic method lambda$endResourceReload$0(Ljava/lang/Void;Ljava/lang/Throwable;)Ljava/lang/Void; to mdfb85d1$fabric-lifecycle-events-v1$lambda$endResourceReload$0$2 in fabric-lifecycle-events-v1.mixins.json:MinecraftServerMixin from mod fabric-lifecycle-events-v1
[02:06:03] [Render thread/DEBUG] (FabricLoader/Mixin) Mixing MinecraftServerMixin from fabric-gametest-api-v1.mixins.json into net.minecraft.server.MinecraftServer
[02:06:03] [Render thread/DEBUG] (FabricLoader/Mixin) fabric-gametest-api-v1.mixins.json:MinecraftServerMixin from mod fabric-gametest-api-v1: Class version 61 required is higher than the class version supported by the current version of Mixin (JAVA_16 supports class version 60)
[02:06:03] [Render thread/DEBUG] (FabricLoader/Mixin) Mixing MinecraftServerMixin from fabric-resource-loader-v0.mixins.json into net.minecraft.server.MinecraftServer
[02:06:03] [Render thread/DEBUG] (FabricLoader/Mixin) fabric-resource-loader-v0.mixins.json:MinecraftServerMixin from mod fabric-resource-loader-v0: Class version 61 required is higher than the class version supported by the current version of Mixin (JAVA_16 supports class version 60)
[02:06:03] [Render thread/DEBUG] (FabricLoader/Mixin) fabric-biome-api-v1.mixins.json:modification.MinecraftServerMixin from mod fabric-biome-api-v1->@Inject::finalizeWorldGen(Lorg/spongepowered/asm/mixin/injection/callback/CallbackInfo;)V doesn't use it's CallbackInfo
[02:06:03] [Render thread/DEBUG] (FabricLoader/Mixin) fabric-biome-api-v1.mixins.json:modification.MinecraftServerMixin from mod fabric-biome-api-v1->@Inject::finalizeWorldGen(Lorg/spongepowered/asm/mixin/injection/callback/CallbackInfo;)V has 0 override(s) in child classes
[02:06:03] [Render thread/DEBUG] (FabricLoader/Mixin) fabric-biome-api-v1.mixins.json:modification.MinecraftServerMixin from mod fabric-biome-api-v1->@Inject::finalizeWorldGen(Lorg/spongepowered/asm/mixin/injection/callback/CallbackInfo;)V won't be passed a CallbackInfo as a result
[02:06:03] [Render thread/DEBUG] (FabricLoader/Mixin) fabric-message-api-v1.mixins.json:MinecraftServerMixin from mod fabric-message-api-v1->@Inject::onGetChatDecorator(Lorg/spongepowered/asm/mixin/injection/callback/CallbackInfoReturnable;)V does use it's CallbackInfoReturnable
[02:06:03] [Render thread/DEBUG] (FabricLoader/Mixin) fabric-registry-sync-v0.mixins.json:MinecraftServerMixin from mod fabric-registry-sync-v0->@Inject::beforeSetupServer(Lorg/spongepowered/asm/mixin/injection/callback/CallbackInfo;)V doesn't use it's CallbackInfo
[02:06:03] [Render thread/DEBUG] (FabricLoader/Mixin) fabric-registry-sync-v0.mixins.json:MinecraftServerMixin from mod fabric-registry-sync-v0->@Inject::beforeSetupServer(Lorg/spongepowered/asm/mixin/injection/callback/CallbackInfo;)V has 0 override(s) in child classes
[02:06:03] [Render thread/DEBUG] (FabricLoader/Mixin) fabric-registry-sync-v0.mixins.json:MinecraftServerMixin from mod fabric-registry-sync-v0->@Inject::beforeSetupServer(Lorg/spongepowered/asm/mixin/injection/callback/CallbackInfo;)V won't be passed a CallbackInfo as a result
[02:06:03] [Render thread/DEBUG] (FabricLoader/Mixin) fabric-lifecycle-events-v1.mixins.json:MinecraftServerMixin from mod fabric-lifecycle-events-v1->@Inject::beforeSetupServer(Lorg/spongepowered/asm/mixin/injection/callback/CallbackInfo;)V doesn't use it's CallbackInfo
[02:06:03] [Render thread/DEBUG] (FabricLoader/Mixin) fabric-lifecycle-events-v1.mixins.json:MinecraftServerMixin from mod fabric-lifecycle-events-v1->@Inject::beforeSetupServer(Lorg/spongepowered/asm/mixin/injection/callback/CallbackInfo;)V has 0 override(s) in child classes
[02:06:03] [Render thread/DEBUG] (FabricLoader/Mixin) fabric-lifecycle-events-v1.mixins.json:MinecraftServerMixin from mod fabric-lifecycle-events-v1->@Inject::beforeSetupServer(Lorg/spongepowered/asm/mixin/injection/callback/CallbackInfo;)V won't be passed a CallbackInfo as a result
[02:06:03] [Render thread/DEBUG] (FabricLoader/Mixin) fabric-lifecycle-events-v1.mixins.json:MinecraftServerMixin from mod fabric-lifecycle-events-v1->@Inject::afterSetupServer(Lorg/spongepowered/asm/mixin/injection/callback/CallbackInfo;)V doesn't use it's CallbackInfo
[02:06:03] [Render thread/DEBUG] (FabricLoader/Mixin) fabric-lifecycle-events-v1.mixins.json:MinecraftServerMixin from mod fabric-lifecycle-events-v1->@Inject::afterSetupServer(Lorg/spongepowered/asm/mixin/injection/callback/CallbackInfo;)V has 0 override(s) in child classes
[02:06:03] [Render thread/DEBUG] (FabricLoader/Mixin) fabric-lifecycle-events-v1.mixins.json:MinecraftServerMixin from mod fabric-lifecycle-events-v1->@Inject::afterSetupServer(Lorg/spongepowered/asm/mixin/injection/callback/CallbackInfo;)V won't be passed a CallbackInfo as a result
[02:06:03] [Render thread/DEBUG] (FabricLoader/Mixin) fabric-lifecycle-events-v1.mixins.json:MinecraftServerMixin from mod fabric-lifecycle-events-v1->@Inject::beforeShutdownServer(Lorg/spongepowered/asm/mixin/injection/callback/CallbackInfo;)V doesn't use it's CallbackInfo
[02:06:03] [Render thread/DEBUG] (FabricLoader/Mixin) fabric-lifecycle-events-v1.mixins.json:MinecraftServerMixin from mod fabric-lifecycle-events-v1->@Inject::beforeShutdownServer(Lorg/spongepowered/asm/mixin/injection/callback/CallbackInfo;)V has 0 override(s) in child classes
[02:06:03] [Render thread/DEBUG] (FabricLoader/Mixin) fabric-lifecycle-events-v1.mixins.json:MinecraftServerMixin from mod fabric-lifecycle-events-v1->@Inject::beforeShutdownServer(Lorg/spongepowered/asm/mixin/injection/callback/CallbackInfo;)V won't be passed a CallbackInfo as a result
[02:06:03] [Render thread/DEBUG] (FabricLoader/Mixin) fabric-lifecycle-events-v1.mixins.json:MinecraftServerMixin from mod fabric-lifecycle-events-v1->@Inject::afterShutdownServer(Lorg/spongepowered/asm/mixin/injection/callback/CallbackInfo;)V doesn't use it's CallbackInfo
[02:06:03] [Render thread/DEBUG] (FabricLoader/Mixin) fabric-lifecycle-events-v1.mixins.json:MinecraftServerMixin from mod fabric-lifecycle-events-v1->@Inject::afterShutdownServer(Lorg/spongepowered/asm/mixin/injection/callback/CallbackInfo;)V has 0 override(s) in child classes
[02:06:03] [Render thread/DEBUG] (FabricLoader/Mixin) fabric-lifecycle-events-v1.mixins.json:MinecraftServerMixin from mod fabric-lifecycle-events-v1->@Inject::afterShutdownServer(Lorg/spongepowered/asm/mixin/injection/callback/CallbackInfo;)V won't be passed a CallbackInfo as a result
[02:06:03] [Render thread/DEBUG] (FabricLoader/Mixin) fabric-lifecycle-events-v1.mixins.json:MinecraftServerMixin from mod fabric-lifecycle-events-v1->@Inject::onStartTick(Ljava/util/function/BooleanSupplier;Lorg/spongepowered/asm/mixin/injection/callback/CallbackInfo;)V doesn't use it's CallbackInfo
[02:06:03] [Render thread/DEBUG] (FabricLoader/Mixin) fabric-lifecycle-events-v1.mixins.json:MinecraftServerMixin from mod fabric-lifecycle-events-v1->@Inject::onStartTick(Ljava/util/function/BooleanSupplier;Lorg/spongepowered/asm/mixin/injection/callback/CallbackInfo;)V has 0 override(s) in child classes
[02:06:03] [Render thread/DEBUG] (FabricLoader/Mixin) fabric-lifecycle-events-v1.mixins.json:MinecraftServerMixin from mod fabric-lifecycle-events-v1->@Inject::onStartTick(Ljava/util/function/BooleanSupplier;Lorg/spongepowered/asm/mixin/injection/callback/CallbackInfo;)V won't be passed a CallbackInfo as a result
[02:06:03] [Render thread/DEBUG] (FabricLoader/Mixin) fabric-lifecycle-events-v1.mixins.json:MinecraftServerMixin from mod fabric-lifecycle-events-v1->@Inject::onEndTick(Ljava/util/function/BooleanSupplier;Lorg/spongepowered/asm/mixin/injection/callback/CallbackInfo;)V doesn't use it's CallbackInfo
[02:06:03] [Render thread/DEBUG] (FabricLoader/Mixin) fabric-lifecycle-events-v1.mixins.json:MinecraftServerMixin from mod fabric-lifecycle-events-v1->@Inject::onEndTick(Ljava/util/function/BooleanSupplier;Lorg/spongepowered/asm/mixin/injection/callback/CallbackInfo;)V has 0 override(s) in child classes
[02:06:03] [Render thread/DEBUG] (FabricLoader/Mixin) fabric-lifecycle-events-v1.mixins.json:MinecraftServerMixin from mod fabric-lifecycle-events-v1->@Inject::onEndTick(Ljava/util/function/BooleanSupplier;Lorg/spongepowered/asm/mixin/injection/callback/CallbackInfo;)V won't be passed a CallbackInfo as a result
[02:06:03] [Render thread/DEBUG] (FabricLoader/Mixin) fabric-lifecycle-events-v1.mixins.json:MinecraftServerMixin from mod fabric-lifecycle-events-v1->@Inject::onUnloadWorldAtShutdown(Lorg/spongepowered/asm/mixin/injection/callback/CallbackInfo;Ljava/util/Iterator;Lnet/minecraft/server/level/ServerLevel;)V doesn't use it's CallbackInfo
[02:06:03] [Render thread/DEBUG] (FabricLoader/Mixin) fabric-lifecycle-events-v1.mixins.json:MinecraftServerMixin from mod fabric-lifecycle-events-v1->@Inject::onUnloadWorldAtShutdown(Lorg/spongepowered/asm/mixin/injection/callback/CallbackInfo;Ljava/util/Iterator;Lnet/minecraft/server/level/ServerLevel;)V has 0 override(s) in child classes
[02:06:03] [Render thread/DEBUG] (FabricLoader/Mixin) fabric-lifecycle-events-v1.mixins.json:MinecraftServerMixin from mod fabric-lifecycle-events-v1->@Inject::onUnloadWorldAtShutdown(Lorg/spongepowered/asm/mixin/injection/callback/CallbackInfo;Ljava/util/Iterator;Lnet/minecraft/server/level/ServerLevel;)V won't be passed a CallbackInfo as a result
[02:06:03] [Render thread/DEBUG] (FabricLoader/Mixin) fabric-lifecycle-events-v1.mixins.json:MinecraftServerMixin from mod fabric-lifecycle-events-v1->@Inject::startResourceReload(Ljava/util/Collection;Lorg/spongepowered/asm/mixin/injection/callback/CallbackInfoReturnable;)V doesn't use it's CallbackInfoReturnable
[02:06:03] [Render thread/DEBUG] (FabricLoader/Mixin) fabric-lifecycle-events-v1.mixins.json:MinecraftServerMixin from mod fabric-lifecycle-events-v1->@Inject::startResourceReload(Ljava/util/Collection;Lorg/spongepowered/asm/mixin/injection/callback/CallbackInfoReturnable;)V has 0 override(s) in child classes
[02:06:03] [Render thread/DEBUG] (FabricLoader/Mixin) fabric-lifecycle-events-v1.mixins.json:MinecraftServerMixin from mod fabric-lifecycle-events-v1->@Inject::startResourceReload(Ljava/util/Collection;Lorg/spongepowered/asm/mixin/injection/callback/CallbackInfoReturnable;)V won't be passed a CallbackInfoReturnable as a result
[02:06:03] [Render thread/DEBUG] (FabricLoader/Mixin) fabric-lifecycle-events-v1.mixins.json:MinecraftServerMixin from mod fabric-lifecycle-events-v1->@Inject::endResourceReload(Ljava/util/Collection;Lorg/spongepowered/asm/mixin/injection/callback/CallbackInfoReturnable;)V does use it's CallbackInfoReturnable
[02:06:03] [Render thread/DEBUG] (FabricLoader/Mixin) fabric-gametest-api-v1.mixins.json:MinecraftServerMixin from mod fabric-gametest-api-v1->@Inject::tickWorlds(Ljava/util/function/BooleanSupplier;Lorg/spongepowered/asm/mixin/injection/callback/CallbackInfo;)V doesn't use it's CallbackInfo
[02:06:03] [Render thread/DEBUG] (FabricLoader/Mixin) fabric-gametest-api-v1.mixins.json:MinecraftServerMixin from mod fabric-gametest-api-v1->@Inject::tickWorlds(Ljava/util/function/BooleanSupplier;Lorg/spongepowered/asm/mixin/injection/callback/CallbackInfo;)V has 0 override(s) in child classes
[02:06:03] [Render thread/DEBUG] (FabricLoader/Mixin) fabric-gametest-api-v1.mixins.json:MinecraftServerMixin from mod fabric-gametest-api-v1->@Inject::tickWorlds(Ljava/util/function/BooleanSupplier;Lorg/spongepowered/asm/mixin/injection/callback/CallbackInfo;)V won't be passed a CallbackInfo as a result
[02:06:03] [Render thread/DEBUG] (FabricLoader/Mixin) Mixing LootTableBuilderMixin from fabric-loot-api-v2.mixins.json into net.minecraft.world.level.storage.loot.LootTable$Builder
[02:06:03] [Render thread/DEBUG] (FabricLoader/Mixin) fabric-loot-api-v2.mixins.json:LootTableBuilderMixin from mod fabric-loot-api-v2: Class version 61 required is higher than the class version supported by the current version of Mixin (JAVA_8 supports class version 52)
[02:06:03] [Render thread/DEBUG] (FabricLoader/Mixin) Mixing LootManagerMixin from fabric-resource-conditions-api-v1.mixins.json into net.minecraft.world.level.storage.loot.LootDataManager
[02:06:03] [Render thread/DEBUG] (FabricLoader/Mixin) fabric-resource-conditions-api-v1.mixins.json:LootManagerMixin from mod fabric-resource-conditions-api-v1: Class version 61 required is higher than the class version supported by the current version of Mixin (JAVA_16 supports class version 60)
[02:06:03] [Render thread/DEBUG] (FabricLoader/Mixin) Mixing LootManagerMixin from fabric-loot-api-v2.mixins.json into net.minecraft.world.level.storage.loot.LootDataManager
[02:06:03] [Render thread/DEBUG] (FabricLoader/Mixin) fabric-loot-api-v2.mixins.json:LootManagerMixin from mod fabric-loot-api-v2: Class version 61 required is higher than the class version supported by the current version of Mixin (JAVA_8 supports class version 52)
[02:06:03] [Render thread/DEBUG] (FabricLoader/Mixin) Renaming synthetic method lambda$applyLootTableEvents$1(Lcom/google/common/collect/ImmutableMap$Builder;Lnet/minecraft/server/packs/resources/ResourceManager;Lnet/minecraft/world/level/storage/loot/LootDataManager;Lnet/minecraft/world/level/storage/loot/LootDataId;Ljava/lang/Object;)V to mdfb85d1$fabric-loot-api-v2$lambda$applyLootTableEvents$1$0 in fabric-loot-api-v2.mixins.json:LootManagerMixin from mod fabric-loot-api-v2
[02:06:03] [Render thread/DEBUG] (FabricLoader/Mixin) Renaming synthetic method lambda$reload$0(Lnet/minecraft/server/packs/resources/ResourceManager;Lnet/minecraft/world/level/storage/loot/LootDataManager;)V to mdfb85d1$fabric-loot-api-v2$lambda$reload$0$1 in fabric-loot-api-v2.mixins.json:LootManagerMixin from mod fabric-loot-api-v2
[02:06:03] [Render thread/DEBUG] (FabricLoader/Mixin) Mixing KeyedResourceReloadListenerMixin from fabric-resource-loader-v0.mixins.json into net.minecraft.world.level.storage.loot.LootDataManager
[02:06:03] [Render thread/DEBUG] (FabricLoader/Mixin) fabric-resource-loader-v0.mixins.json:KeyedResourceReloadListenerMixin from mod fabric-resource-loader-v0: Class version 61 required is higher than the class version supported by the current version of Mixin (JAVA_16 supports class version 60)
[02:06:03] [Render thread/DEBUG] (FabricLoader/Mixin) fabric-resource-conditions-api-v1.mixins.json:LootManagerMixin from mod fabric-resource-conditions-api-v1->@Inject::load(Lnet/minecraft/world/level/storage/loot/LootDataType;Lnet/minecraft/server/packs/resources/ResourceManager;Ljava/util/concurrent/Executor;Ljava/util/Map;Lorg/spongepowered/asm/mixin/injection/callback/CallbackInfoReturnable;Ljava/util/Map;)V doesn't use it's CallbackInfoReturnable
[02:06:03] [Render thread/DEBUG] (FabricLoader/Mixin) fabric-resource-conditions-api-v1.mixins.json:LootManagerMixin from mod fabric-resource-conditions-api-v1->@Inject::runAsync(Lnet/minecraft/server/packs/resources/ResourceManager;Lnet/minecraft/world/level/storage/loot/LootDataType;Ljava/util/Map;Lorg/spongepowered/asm/mixin/injection/callback/CallbackInfo;)V doesn't use it's CallbackInfo
[02:06:03] [Render thread/DEBUG] (FabricLoader/Mixin) fabric-resource-conditions-api-v1.mixins.json:LootManagerMixin from mod fabric-resource-conditions-api-v1->@Inject::applyResourceConditions(Lnet/minecraft/world/level/storage/loot/LootDataType;Ljava/util/Map;Lnet/minecraft/resources/ResourceLocation;Lcom/google/gson/JsonElement;Lorg/spongepowered/asm/mixin/injection/callback/CallbackInfo;)V does use it's CallbackInfo
[02:06:03] [Render thread/DEBUG] (FabricLoader/Mixin) fabric-resource-conditions-api-v1.mixins.json:LootManagerMixin from mod fabric-resource-conditions-api-v1->@Inject::runAsyncEnd(Lnet/minecraft/server/packs/resources/ResourceManager;Lnet/minecraft/world/level/storage/loot/LootDataType;Ljava/util/Map;Lorg/spongepowered/asm/mixin/injection/callback/CallbackInfo;)V doesn't use it's CallbackInfo
[02:06:03] [Render thread/DEBUG] (FabricLoader/Mixin) fabric-loot-api-v2.mixins.json:LootManagerMixin from mod fabric-loot-api-v2->@Inject::reload(Lnet/minecraft/server/packs/resources/PreparableReloadListener$PreparationBarrier;Lnet/minecraft/server/packs/resources/ResourceManager;Lnet/minecraft/util/profiling/ProfilerFiller;Lnet/minecraft/util/profiling/ProfilerFiller;Ljava/util/concurrent/Executor;Ljava/util/concurrent/Executor;Lorg/spongepowered/asm/mixin/injection/callback/CallbackInfoReturnable;)V does use it's CallbackInfoReturnable
[02:06:03] [Render thread/DEBUG] (FabricLoader/Mixin) Mixing LootTableMixin from fabric-loot-tables-v1.mixins.json into net.minecraft.world.level.storage.loot.LootTable
[02:06:03] [Render thread/DEBUG] (FabricLoader/Mixin) fabric-loot-tables-v1.mixins.json:LootTableMixin from mod fabric-loot-tables-v1: Class version 61 required is higher than the class version supported by the current version of Mixin (JAVA_16 supports class version 60)
[02:06:03] [Render thread/DEBUG] (FabricLoader/Mixin) Mixing LootTableAccessor from fabric-loot-api-v2.mixins.json into net.minecraft.world.level.storage.loot.LootTable
[02:06:03] [Render thread/DEBUG] (FabricLoader/Mixin) fabric-loot-api-v2.mixins.json:LootTableAccessor from mod fabric-loot-api-v2: Class version 61 required is higher than the class version supported by the current version of Mixin (JAVA_8 supports class version 52)
[02:06:04] [Render thread/DEBUG] (FabricLoader/Mixin) Mixing client.MixinIntegratedServer from architectury.mixins.json into net.minecraft.client.server.IntegratedServer
[02:06:04] [Render thread/DEBUG] (FabricLoader/Mixin) architectury.mixins.json:client.MixinIntegratedServer from mod architectury->@Inject::initServer(Lorg/spongepowered/asm/mixin/injection/callback/CallbackInfoReturnable;)V does use it's CallbackInfoReturnable
[02:06:04] [Render thread/DEBUG] (FabricLoader/Mixin) Mixing client.MixinGuiGraphics from architectury.mixins.json into net.minecraft.client.gui.GuiGraphics
[02:06:04] [Render thread/DEBUG] (FabricLoader/Mixin) architectury.mixins.json:client.MixinGuiGraphics from mod architectury->@Inject::preRenderTooltipItem(Lnet/minecraft/client/gui/Font;Lnet/minecraft/world/item/ItemStack;IILorg/spongepowered/asm/mixin/injection/callback/CallbackInfo;)V doesn't use it's CallbackInfo
[02:06:04] [Render thread/DEBUG] (FabricLoader/Mixin) architectury.mixins.json:client.MixinGuiGraphics from mod architectury->@Inject::preRenderTooltipItem(Lnet/minecraft/client/gui/Font;Lnet/minecraft/world/item/ItemStack;IILorg/spongepowered/asm/mixin/injection/callback/CallbackInfo;)V has 0 override(s) in child classes
[02:06:04] [Render thread/DEBUG] (FabricLoader/Mixin) architectury.mixins.json:client.MixinGuiGraphics from mod architectury->@Inject::preRenderTooltipItem(Lnet/minecraft/client/gui/Font;Lnet/minecraft/world/item/ItemStack;IILorg/spongepowered/asm/mixin/injection/callback/CallbackInfo;)V won't be passed a CallbackInfo as a result
[02:06:04] [Render thread/DEBUG] (FabricLoader/Mixin) architectury.mixins.json:client.MixinGuiGraphics from mod architectury->@Inject::postRenderTooltipItem(Lnet/minecraft/client/gui/Font;Lnet/minecraft/world/item/ItemStack;IILorg/spongepowered/asm/mixin/injection/callback/CallbackInfo;)V doesn't use it's CallbackInfo
[02:06:04] [Render thread/DEBUG] (FabricLoader/Mixin) architectury.mixins.json:client.MixinGuiGraphics from mod architectury->@Inject::postRenderTooltipItem(Lnet/minecraft/client/gui/Font;Lnet/minecraft/world/item/ItemStack;IILorg/spongepowered/asm/mixin/injection/callback/CallbackInfo;)V has 0 override(s) in child classes
[02:06:04] [Render thread/DEBUG] (FabricLoader/Mixin) architectury.mixins.json:client.MixinGuiGraphics from mod architectury->@Inject::postRenderTooltipItem(Lnet/minecraft/client/gui/Font;Lnet/minecraft/world/item/ItemStack;IILorg/spongepowered/asm/mixin/injection/callback/CallbackInfo;)V won't be passed a CallbackInfo as a result
[02:06:04] [Render thread/DEBUG] (FabricLoader/Mixin) architectury.mixins.json:client.MixinGuiGraphics from mod architectury->@Inject::renderTooltip(Lnet/minecraft/client/gui/Font;Ljava/util/List;IILnet/minecraft/client/gui/screens/inventory/tooltip/ClientTooltipPositioner;Lorg/spongepowered/asm/mixin/injection/callback/CallbackInfo;)V does use it's CallbackInfo
[02:06:04] [Render thread/ERROR] (net.minecraft.Util) No data fixer registered for throw_lightsaber
[02:06:04] [Render thread/ERROR] (net.minecraft.Util) No data fixer registered for blaster_bolt
[02:06:04] [Render thread/DEBUG] (io.netty.util.internal.InternalThreadLocalMap) -Dio.netty.threadLocalMap.stringBuilder.initialSize: 1024
[02:06:04] [Render thread/DEBUG] (io.netty.util.internal.InternalThreadLocalMap) -Dio.netty.threadLocalMap.stringBuilder.maxSize: 4096
[02:06:04] [Render thread/DEBUG] (io.netty.util.internal.ThreadLocalRandom) -Dio.netty.initialSeedUniquifier: 0x8e78be5e69e2b786
[02:06:04] [Render thread/INFO] (dev.architectury.networking.fabric.NetworkManagerImpl) Registering C2S receiver with id swm:network/314a715070d43f878b731054ed8575ad
[02:06:04] [Render thread/INFO] (dev.architectury.networking.fabric.NetworkManagerImpl) Registering S2C receiver with id swm:network/314a715070d43f878b731054ed8575ad
[02:06:04] [Render thread/INFO] (dev.architectury.networking.fabric.NetworkManagerImpl) Registering C2S receiver with id swm:network/1fe3e863e4b1318295cb7f4c336625e4
[02:06:04] [Render thread/INFO] (dev.architectury.networking.fabric.NetworkManagerImpl) Registering S2C receiver with id swm:network/1fe3e863e4b1318295cb7f4c336625e4
[02:06:04] [Render thread/INFO] (dev.architectury.networking.fabric.NetworkManagerImpl) Registering C2S receiver with id swm:network/9085840957a43f61ba541c3a647bb1d0
[02:06:04] [Render thread/INFO] (dev.architectury.networking.fabric.NetworkManagerImpl) Registering S2C receiver with id swm:network/9085840957a43f61ba541c3a647bb1d0
[02:06:04] [Render thread/INFO] (dev.architectury.networking.fabric.NetworkManagerImpl) Registering C2S receiver with id swm:network/f15198ab032f3479b779f3a6eb9fcabd
[02:06:04] [Render thread/INFO] (dev.architectury.networking.fabric.NetworkManagerImpl) Registering S2C receiver with id swm:network/f15198ab032f3479b779f3a6eb9fcabd
[02:06:04] [Render thread/INFO] (dev.architectury.networking.fabric.NetworkManagerImpl) Registering C2S receiver with id swm:network/9d38da05408b3c3b975c9b09c907c251
[02:06:04] [Render thread/INFO] (dev.architectury.networking.fabric.NetworkManagerImpl) Registering S2C receiver with id swm:network/9d38da05408b3c3b975c9b09c907c251
[02:06:04] [Render thread/INFO] (dev.architectury.networking.fabric.NetworkManagerImpl) Registering C2S receiver with id swm:network/5e6d3f9aa74937cb8f315f06a539680a
[02:06:04] [Render thread/INFO] (dev.architectury.networking.fabric.NetworkManagerImpl) Registering S2C receiver with id swm:network/5e6d3f9aa74937cb8f315f06a539680a
[02:06:04] [Render thread/INFO] (dev.architectury.networking.fabric.NetworkManagerImpl) Registering C2S receiver with id swm:network/c122165bdc5036118d8d093a62cfe452
[02:06:04] [Render thread/INFO] (dev.architectury.networking.fabric.NetworkManagerImpl) Registering S2C receiver with id swm:network/c122165bdc5036118d8d093a62cfe452
[02:06:04] [Render thread/INFO] (dev.architectury.networking.fabric.NetworkManagerImpl) Registering C2S receiver with id swm:network/6936fc2a442437b6a02d34860178c087
[02:06:04] [Render thread/INFO] (dev.architectury.networking.fabric.NetworkManagerImpl) Registering S2C receiver with id swm:network/6936fc2a442437b6a02d34860178c087
[02:06:04] [Render thread/INFO] (dev.architectury.networking.fabric.NetworkManagerImpl) Registering C2S receiver with id swm:network/c6e5874747553c8ba1efb48f8c357d3c
[02:06:04] [Render thread/INFO] (dev.architectury.networking.fabric.NetworkManagerImpl) Registering S2C receiver with id swm:network/c6e5874747553c8ba1efb48f8c357d3c
[02:06:04] [Render thread/DEBUG] (FabricLoader/Mixin) Mixing SoundInstanceMixin from fabric-sound-api-v1.mixins.json into net.minecraft.client.resources.sounds.SoundInstance
[02:06:04] [Render thread/INFO] (dev.architectury.networking.fabric.NetworkManagerImpl) Registering C2S receiver with id swm:network/b3c86b2f0dfb373e90531d28f256be34
[02:06:04] [Render thread/INFO] (dev.architectury.networking.fabric.NetworkManagerImpl) Registering S2C receiver with id swm:network/b3c86b2f0dfb373e90531d28f256be34
[02:06:04] [Render thread/DEBUG] (FabricLoader/Mixin) Mixing JsonDataLoaderMixin from fabric-resource-conditions-api-v1.mixins.json into net.minecraft.server.packs.resources.SimpleJsonResourceReloadListener
[02:06:04] [Render thread/DEBUG] (FabricLoader/Mixin) fabric-resource-conditions-api-v1.mixins.json:JsonDataLoaderMixin from mod fabric-resource-conditions-api-v1: Class version 61 required is higher than the class version supported by the current version of Mixin (JAVA_16 supports class version 60)
[02:06:04] [Render thread/DEBUG] (FabricLoader/Entrypoint) Iterating over entrypoint 'client'
[02:06:04] [Render thread/DEBUG] (FabricLoader/Mixin) Mixing accessor.ClientLoginNetworkHandlerAccessor from fabric-networking-api-v1.client.mixins.json into net.minecraft.client.multiplayer.ClientHandshakePacketListenerImpl
[02:06:04] [Render thread/DEBUG] (FabricLoader/Mixin) fabric-networking-api-v1.client.mixins.json:accessor.ClientLoginNetworkHandlerAccessor from mod fabric-networking-api-v1: Class version 61 required is higher than the class version supported by the current version of Mixin (JAVA_16 supports class version 60)
[02:06:04] [Render thread/DEBUG] (FabricLoader/Mixin) Mixing ClientLoginNetworkHandlerMixin from fabric-networking-api-v1.client.mixins.json into net.minecraft.client.multiplayer.ClientHandshakePacketListenerImpl
[02:06:04] [Render thread/DEBUG] (FabricLoader/Mixin) fabric-networking-api-v1.client.mixins.json:ClientLoginNetworkHandlerMixin from mod fabric-networking-api-v1: Class version 61 required is higher than the class version supported by the current version of Mixin (JAVA_16 supports class version 60)
[02:06:04] [Render thread/DEBUG] (FabricLoader/Mixin) fabric-networking-api-v1.client.mixins.json:ClientLoginNetworkHandlerMixin from mod fabric-networking-api-v1->@Inject::initAddon(Lorg/spongepowered/asm/mixin/injection/callback/CallbackInfo;)V doesn't use it's CallbackInfo
[02:06:04] [Render thread/DEBUG] (FabricLoader/Mixin) fabric-networking-api-v1.client.mixins.json:ClientLoginNetworkHandlerMixin from mod fabric-networking-api-v1->@Inject::initAddon(Lorg/spongepowered/asm/mixin/injection/callback/CallbackInfo;)V has 0 override(s) in child classes
[02:06:04] [Render thread/DEBUG] (FabricLoader/Mixin) fabric-networking-api-v1.client.mixins.json:ClientLoginNetworkHandlerMixin from mod fabric-networking-api-v1->@Inject::initAddon(Lorg/spongepowered/asm/mixin/injection/callback/CallbackInfo;)V won't be passed a CallbackInfo as a result
[02:06:04] [Render thread/DEBUG] (FabricLoader/Mixin) fabric-networking-api-v1.client.mixins.json:ClientLoginNetworkHandlerMixin from mod fabric-networking-api-v1->@Inject::handleQueryRequest(Lnet/minecraft/network/protocol/login/ClientboundCustomQueryPacket;Lorg/spongepowered/asm/mixin/injection/callback/CallbackInfo;)V does use it's CallbackInfo
[02:06:04] [Render thread/DEBUG] (FabricLoader/Mixin) fabric-networking-api-v1.client.mixins.json:ClientLoginNetworkHandlerMixin from mod fabric-networking-api-v1->@Inject::invokeLoginDisconnectEvent(Lnet/minecraft/network/chat/Component;Lorg/spongepowered/asm/mixin/injection/callback/CallbackInfo;)V doesn't use it's CallbackInfo
[02:06:04] [Render thread/DEBUG] (FabricLoader/Mixin) fabric-networking-api-v1.client.mixins.json:ClientLoginNetworkHandlerMixin from mod fabric-networking-api-v1->@Inject::invokeLoginDisconnectEvent(Lnet/minecraft/network/chat/Component;Lorg/spongepowered/asm/mixin/injection/callback/CallbackInfo;)V has 0 override(s) in child classes
[02:06:04] [Render thread/DEBUG] (FabricLoader/Mixin) fabric-networking-api-v1.client.mixins.json:ClientLoginNetworkHandlerMixin from mod fabric-networking-api-v1->@Inject::invokeLoginDisconnectEvent(Lnet/minecraft/network/chat/Component;Lorg/spongepowered/asm/mixin/injection/callback/CallbackInfo;)V won't be passed a CallbackInfo as a result
[02:06:04] [Render thread/DEBUG] (FabricLoader/Mixin) fabric-networking-api-v1.client.mixins.json:ClientLoginNetworkHandlerMixin from mod fabric-networking-api-v1->@Inject::handlePlayTransition(Lorg/spongepowered/asm/mixin/injection/callback/CallbackInfo;)V doesn't use it's CallbackInfo
[02:06:04] [Render thread/DEBUG] (FabricLoader/Mixin) fabric-networking-api-v1.client.mixins.json:ClientLoginNetworkHandlerMixin from mod fabric-networking-api-v1->@Inject::handlePlayTransition(Lorg/spongepowered/asm/mixin/injection/callback/CallbackInfo;)V has 0 override(s) in child classes
[02:06:04] [Render thread/DEBUG] (FabricLoader/Mixin) fabric-networking-api-v1.client.mixins.json:ClientLoginNetworkHandlerMixin from mod fabric-networking-api-v1->@Inject::handlePlayTransition(Lorg/spongepowered/asm/mixin/injection/callback/CallbackInfo;)V won't be passed a CallbackInfo as a result
[02:06:04] [Render thread/DEBUG] (mezz.jei.common.platform.Services) Loaded mezz.jei.fabric.platform.PlatformHelper@37618990 for service interface mezz.jei.common.platform.IPlatformHelper
[02:06:04] [Render thread/DEBUG] (FabricLoader/Mixin) Mixing ClientPlayNetworkHandlerMixin from fabric-message-api-v1.client.mixins.json into net.minecraft.client.multiplayer.ClientPacketListener
[02:06:04] [Render thread/DEBUG] (FabricLoader/Mixin) Mixing ClientPlayNetworkHandlerMixin from fabric-networking-api-v1.client.mixins.json into net.minecraft.client.multiplayer.ClientPacketListener
[02:06:04] [Render thread/DEBUG] (FabricLoader/Mixin) fabric-networking-api-v1.client.mixins.json:ClientPlayNetworkHandlerMixin from mod fabric-networking-api-v1: Class version 61 required is higher than the class version supported by the current version of Mixin (JAVA_16 supports class version 60)
[02:06:04] [Render thread/DEBUG] (FabricLoader/Mixin) Mixing ClientPacketListenerMixin from jei.mixins.json into net.minecraft.client.multiplayer.ClientPacketListener
[02:06:04] [Render thread/DEBUG] (FabricLoader/Mixin) jei.mixins.json:ClientPacketListenerMixin from mod jei: Class version 61 required is higher than the class version supported by the current version of Mixin (JAVA_16 supports class version 60)
[02:06:04] [Render thread/DEBUG] (FabricLoader/Mixin) Mixing ClientPlayNetworkHandlerMixin from fabric-data-attachment-api-v1.client.mixins.json into net.minecraft.client.multiplayer.ClientPacketListener
[02:06:04] [Render thread/DEBUG] (FabricLoader/Mixin) Mixing client.MixinClientPacketListener from architectury.mixins.json into net.minecraft.client.multiplayer.ClientPacketListener
[02:06:04] [Render thread/DEBUG] (FabricLoader/Mixin) Mixing ClientPlayNetworkHandlerMixin from fabric-command-api-v2.client.mixins.json into net.minecraft.client.multiplayer.ClientPacketListener
[02:06:04] [Render thread/DEBUG] (FabricLoader/Mixin) fabric-command-api-v2.client.mixins.json:ClientPlayNetworkHandlerMixin from mod fabric-command-api-v2: Class version 61 required is higher than the class version supported by the current version of Mixin (JAVA_16 supports class version 60)
[02:06:04] [Render thread/DEBUG] (FabricLoader/Mixin) Mixing ClientPlayNetworkHandlerMixin from fabric-lifecycle-events-v1.client.mixins.json into net.minecraft.client.multiplayer.ClientPacketListener
[02:06:04] [Render thread/DEBUG] (FabricLoader/Mixin) fabric-lifecycle-events-v1.client.mixins.json:ClientPlayNetworkHandlerMixin from mod fabric-lifecycle-events-v1: Class version 61 required is higher than the class version supported by the current version of Mixin (JAVA_16 supports class version 60)
[02:06:04] [Render thread/DEBUG] (FabricLoader/Mixin) Mixing client.ClientPacketListenerMixin from swm.mixins.json into net.minecraft.client.multiplayer.ClientPacketListener
[02:06:04] [Render thread/DEBUG] (FabricLoader/Mixin) fabric-message-api-v1.client.mixins.json:ClientPlayNetworkHandlerMixin from mod fabric-message-api-v1->@Inject::fabric_allowSendChatMessage(Ljava/lang/String;Lorg/spongepowered/asm/mixin/injection/callback/CallbackInfo;)V does use it's CallbackInfo
[02:06:04] [Render thread/DEBUG] (FabricLoader/Mixin) fabric-message-api-v1.client.mixins.json:ClientPlayNetworkHandlerMixin from mod fabric-message-api-v1->@Inject::fabric_allowSendCommandMessage(Ljava/lang/String;Lorg/spongepowered/asm/mixin/injection/callback/CallbackInfo;)V does use it's CallbackInfo
[02:06:04] [Render thread/DEBUG] (FabricLoader/Mixin) fabric-networking-api-v1.client.mixins.json:ClientPlayNetworkHandlerMixin from mod fabric-networking-api-v1->@Inject::initAddon(Lorg/spongepowered/asm/mixin/injection/callback/CallbackInfo;)V doesn't use it's CallbackInfo
[02:06:04] [Render thread/DEBUG] (FabricLoader/Mixin) fabric-networking-api-v1.client.mixins.json:ClientPlayNetworkHandlerMixin from mod fabric-networking-api-v1->@Inject::initAddon(Lorg/spongepowered/asm/mixin/injection/callback/CallbackInfo;)V has 0 override(s) in child classes
[02:06:04] [Render thread/DEBUG] (FabricLoader/Mixin) fabric-networking-api-v1.client.mixins.json:ClientPlayNetworkHandlerMixin from mod fabric-networking-api-v1->@Inject::initAddon(Lorg/spongepowered/asm/mixin/injection/callback/CallbackInfo;)V won't be passed a CallbackInfo as a result
[02:06:04] [Render thread/DEBUG] (FabricLoader/Mixin) fabric-networking-api-v1.client.mixins.json:ClientPlayNetworkHandlerMixin from mod fabric-networking-api-v1->@Inject::handleServerPlayReady(Lnet/minecraft/network/protocol/game/ClientboundLoginPacket;Lorg/spongepowered/asm/mixin/injection/callback/CallbackInfo;)V doesn't use it's CallbackInfo
[02:06:04] [Render thread/DEBUG] (FabricLoader/Mixin) fabric-networking-api-v1.client.mixins.json:ClientPlayNetworkHandlerMixin from mod fabric-networking-api-v1->@Inject::handleServerPlayReady(Lnet/minecraft/network/protocol/game/ClientboundLoginPacket;Lorg/spongepowered/asm/mixin/injection/callback/CallbackInfo;)V has 0 override(s) in child classes
[02:06:04] [Render thread/DEBUG] (FabricLoader/Mixin) fabric-networking-api-v1.client.mixins.json:ClientPlayNetworkHandlerMixin from mod fabric-networking-api-v1->@Inject::handleServerPlayReady(Lnet/minecraft/network/protocol/game/ClientboundLoginPacket;Lorg/spongepowered/asm/mixin/injection/callback/CallbackInfo;)V won't be passed a CallbackInfo as a result
[02:06:04] [Render thread/DEBUG] (FabricLoader/Mixin) fabric-networking-api-v1.client.mixins.json:ClientPlayNetworkHandlerMixin from mod fabric-networking-api-v1->@Inject::handleCustomPayload(Lnet/minecraft/network/protocol/game/ClientboundCustomPayloadPacket;Lorg/spongepowered/asm/mixin/injection/callback/CallbackInfo;)V does use it's CallbackInfo
[02:06:04] [Render thread/DEBUG] (FabricLoader/Mixin) fabric-networking-api-v1.client.mixins.json:ClientPlayNetworkHandlerMixin from mod fabric-networking-api-v1->@Inject::handleDisconnection(Lnet/minecraft/network/chat/Component;Lorg/spongepowered/asm/mixin/injection/callback/CallbackInfo;)V doesn't use it's CallbackInfo
[02:06:04] [Render thread/DEBUG] (FabricLoader/Mixin) fabric-networking-api-v1.client.mixins.json:ClientPlayNetworkHandlerMixin from mod fabric-networking-api-v1->@Inject::handleDisconnection(Lnet/minecraft/network/chat/Component;Lorg/spongepowered/asm/mixin/injection/callback/CallbackInfo;)V has 0 override(s) in child classes
[02:06:04] [Render thread/DEBUG] (FabricLoader/Mixin) fabric-networking-api-v1.client.mixins.json:ClientPlayNetworkHandlerMixin from mod fabric-networking-api-v1->@Inject::handleDisconnection(Lnet/minecraft/network/chat/Component;Lorg/spongepowered/asm/mixin/injection/callback/CallbackInfo;)V won't be passed a CallbackInfo as a result
[02:06:04] [Render thread/DEBUG] (FabricLoader/Mixin) jei.mixins.json:ClientPacketListenerMixin from mod jei->@Inject::handleUpdateRecipes(Lnet/minecraft/network/protocol/game/ClientboundUpdateRecipesPacket;Lorg/spongepowered/asm/mixin/injection/callback/CallbackInfo;)V doesn't use it's CallbackInfo
[02:06:04] [Render thread/DEBUG] (FabricLoader/Mixin) jei.mixins.json:ClientPacketListenerMixin from mod jei->@Inject::handleUpdateRecipes(Lnet/minecraft/network/protocol/game/ClientboundUpdateRecipesPacket;Lorg/spongepowered/asm/mixin/injection/callback/CallbackInfo;)V has 0 override(s) in child classes
[02:06:04] [Render thread/DEBUG] (FabricLoader/Mixin) jei.mixins.json:ClientPacketListenerMixin from mod jei->@Inject::handleUpdateRecipes(Lnet/minecraft/network/protocol/game/ClientboundUpdateRecipesPacket;Lorg/spongepowered/asm/mixin/injection/callback/CallbackInfo;)V won't be passed a CallbackInfo as a result
[02:06:04] [Render thread/DEBUG] (FabricLoader/Mixin) jei.mixins.json:ClientPacketListenerMixin from mod jei->@Inject::handleLogin(Lnet/minecraft/network/protocol/game/ClientboundLoginPacket;Lorg/spongepowered/asm/mixin/injection/callback/CallbackInfo;)V doesn't use it's CallbackInfo
[02:06:04] [Render thread/DEBUG] (FabricLoader/Mixin) jei.mixins.json:ClientPacketListenerMixin from mod jei->@Inject::handleLogin(Lnet/minecraft/network/protocol/game/ClientboundLoginPacket;Lorg/spongepowered/asm/mixin/injection/callback/CallbackInfo;)V has 0 override(s) in child classes
[02:06:04] [Render thread/DEBUG] (FabricLoader/Mixin) jei.mixins.json:ClientPacketListenerMixin from mod jei->@Inject::handleLogin(Lnet/minecraft/network/protocol/game/ClientboundLoginPacket;Lorg/spongepowered/asm/mixin/injection/callback/CallbackInfo;)V won't be passed a CallbackInfo as a result
[02:06:04] [Render thread/DEBUG] (FabricLoader/Mixin) architectury.mixins.json:client.MixinClientPacketListener from mod architectury->@Inject::handleLogin(Lnet/minecraft/network/protocol/game/ClientboundLoginPacket;Lorg[02:06:04] [Render thread/INFO] (net.minecraft.client.Minecraft) Backend library: LWJGL version 3.3.2-snapshot
[02:06:04] [Render thread/DEBUG] (FabricLoader/Mixin) Mixing client.MixinMouseHandler from architectury.mixins.json into net.minecraft.client.MouseHandler
[02:06:04] [Render thread/DEBUG] (FabricLoader/Mixin) Mixing MouseMixin from fabric-screen-api-v1.mixins.json into net.minecraft.client.MouseHandler
[02:06:04] [Render thread/DEBUG] (FabricLoader/Mixin) fabric-screen-api-v1.mixins.json:MouseMixin from mod fabric-screen-api-v1: Class version 61 required is higher than the class version supported by the current version of Mixin (JAVA_16 supports class version 60)
[02:06:04] [JEI Config File Watcher/DEBUG] (mezz.jei.common.config.file.FileWatcherThread) Detected changes in files:
C:\Users\Aidan\IdeaProjects\StarWarsMod\1.20.1\fabric\run\config\jei\jei-debug.ini
C:\Users\Aidan\IdeaProjects\StarWarsMod\1.20.1\fabric\run\config\jei\jei-mod-id-format.ini
C:\Users\Aidan\IdeaProjects\StarWarsMod\1.20.1\fabric\run\config\jei\jei-client.ini
C:\Users\Aidan\IdeaProjects\StarWarsMod\1.20.1\fabric\run\config\jei\jei-colors.ini
[02:06:04] [Render thread/DEBUG] (FabricLoader/Mixin) architectury.mixins.json:client.MixinMouseHandler from mod architectury->@Inject::onMouseScrolled(JDDLorg/spongepowered/asm/mixin/injection/callback/CallbackInfo;DDD)V does use it's CallbackInfo
[02:06:04] [Render thread/DEBUG] (FabricLoader/Mixin) architectury.mixins.json:client.MixinMouseHandler from mod architectury->@Inject::onMouseScrolledPost(JDDLorg/spongepowered/asm/mixin/injection/callback/CallbackInfo;DDD)V does use it's CallbackInfo
[02:06:04] [Render thread/DEBUG] (FabricLoader/Mixin) architectury.mixins.json:client.MixinMouseHandler from mod architectury->@Inject::onRawMouseScrolled(JDDLorg/spongepowered/asm/mixin/injection/callback/CallbackInfo;D)V does use it's CallbackInfo
[02:06:04] [Render thread/DEBUG] (FabricLoader/Mixin) architectury.mixins.json:client.MixinMouseHandler from mod architectury->@Inject::onGuiMouseClicked([ZLnet/minecraft/client/gui/screens/Screen;DDILorg/spongepowered/asm/mixin/injection/callback/CallbackInfo;)V does use it's CallbackInfo
[02:06:04] [Render thread/DEBUG] (FabricLoader/Mixin) architectury.mixins.json:client.MixinMouseHandler from mod architectury->@Inject::onGuiMouseClickedPost([ZLnet/minecraft/client/gui/screens/Screen;DDILorg/spongepowered/asm/mixin/injection/callback/CallbackInfo;)V does use it's CallbackInfo
[02:06:04] [Render thread/DEBUG] (FabricLoader/Mixin) architectury.mixins.json:client.MixinMouseHandler from mod architectury->@Inject::onRawMouseClicked(JIIILorg/spongepowered/asm/mixin/injection/callback/CallbackInfo;)V does use it's CallbackInfo
[02:06:04] [Render thread/DEBUG] (FabricLoader/Mixin) architectury.mixins.json:client.MixinMouseHandler from mod architectury->@Inject::onRawMouseClickedPost(JIIILorg/spongepowered/asm/mixin/injection/callback/CallbackInfo;)V does use it's CallbackInfo
[02:06:04] [Render thread/DEBUG] (FabricLoader/Mixin) architectury.mixins.json:client.MixinMouseHandler from mod architectury->@Inject::onRawMouseClickedPost(JIIILorg/spongepowered/asm/mixin/injection/callback/CallbackInfo;)V does use it's CallbackInfo
[02:06:04] [Render thread/DEBUG] (FabricLoader/Mixin) architectury.mixins.json:client.MixinMouseHandler from mod architectury->@Inject::onRawMouseClickedPost(JIIILorg/spongepowered/asm/mixin/injection/callback/CallbackInfo;)V does use it's CallbackInfo
[02:06:04] [Render thread/DEBUG] (FabricLoader/Mixin) architectury.mixins.json:client.MixinMouseHandler from mod architectury->@Inject::onRawMouseClickedPost(JIIILorg/spongepowered/asm/mixin/injection/callback/CallbackInfo;)V does use it's CallbackInfo
[02:06:04] [Render thread/DEBUG] (FabricLoader/Mixin) architectury.mixins.json:client.MixinMouseHandler from mod architectury->@Inject::onGuiMouseReleased([ZLnet/minecraft/client/gui/screens/Screen;DDILorg/spongepowered/asm/mixin/injection/callback/CallbackInfo;)V does use it's CallbackInfo
[02:06:04] [Render thread/DEBUG] (FabricLoader/Mixin) architectury.mixins.json:client.MixinMouseHandler from mod architectury->@Inject::onGuiMouseReleasedPost([ZLnet/minecraft/client/gui/screens/Screen;DDILorg/spongepowered/asm/mixin/injection/callback/CallbackInfo;)V does use it's CallbackInfo
[02:06:04] [Render thread/DEBUG] (FabricLoader/Mixin) architectury.mixins.json:client.MixinMouseHandler from mod architectury->@Inject::onGuiMouseDraggedPre(Lnet/minecraft/client/gui/screens/Screen;DDDDLorg/spongepowered/asm/mixin/injection/callback/CallbackInfo;)V does use it's CallbackInfo
[02:06:04] [Render thread/DEBUG] (FabricLoader/Mixin) fabric-screen-api-v1.mixins.json:MouseMixin from mod fabric-screen-api-v1->@Inject::beforeMouseClickedEvent([ZLnet/minecraft/client/gui/screens/Screen;DDILorg/spongepowered/asm/mixin/injection/callback/CallbackInfo;)V does use it's CallbackInfo
[02:06:04] [Render thread/DEBUG] (FabricLoader/Mixin) fabric-screen-api-v1.mixins.json:MouseMixin from mod fabric-screen-api-v1->@Inject::afterMouseClickedEvent([ZLnet/minecraft/client/gui/screens/Screen;DDILorg/spongepowered/asm/mixin/injection/callback/CallbackInfo;)V doesn't use it's CallbackInfo
[02:06:04] [Render thread/DEBUG] (FabricLoader/Mixin) fabric-screen-api-v1.mixins.json:MouseMixin from mod fabric-screen-api-v1->@Inject::beforeMouseReleasedEvent([ZLnet/minecraft/client/gui/screens/Screen;DDILorg/spongepowered/asm/mixin/injection/callback/CallbackInfo;)V does use it's CallbackInfo
[02:06:04] [Render thread/DEBUG] (FabricLoader/Mixin) fabric-screen-api-v1.mixins.json:MouseMixin from mod fabric-screen-api-v1->@Inject::afterMouseReleasedEvent([ZLnet/minecraft/client/gui/screens/Screen;DDILorg/spongepowered/asm/mixin/injection/callback/CallbackInfo;)V doesn't use it's CallbackInfo
[02:06:04] [Render thread/DEBUG] (FabricLoader/Mixin) fabric-screen-api-v1.mixins.json:MouseMixin from mod fabric-screen-api-v1->@Inject::beforeMouseScrollEvent(JDDLorg/spongepowered/asm/mixin/injection/callback/CallbackInfo;DDD)V does use it's CallbackInfo
[02:06:04] [Render thread/DEBUG] (FabricLoader/Mixin) fabric-screen-api-v1.mixins.json:MouseMixin from mod fabric-screen-api-v1->@Inject::afterMouseScrollEvent(JDDLorg/spongepowered/asm/mixin/injection/callback/CallbackInfo;DDD)V doesn't use it's CallbackInfo
[02:06:04] [Render thread/DEBUG] (FabricLoader/Mixin) fabric-screen-api-v1.mixins.json:MouseMixin from mod fabric-screen-api-v1->@Inject::afterMouseScrollEvent(JDDLorg/spongepowered/asm/mixin/injection/callback/CallbackInfo;DDD)V has 0 override(s) in child classes
[02:06:04] [Render thread/DEBUG] (FabricLoader/Mixin) fabric-screen-api-v1.mixins.json:MouseMixin from mod fabric-screen-api-v1->@Inject::afterMouseScrollEvent(JDDLorg/spongepowered/asm/mixin/injection/callback/CallbackInfo;DDD)V won't be passed a CallbackInfo as a result
[02:06:04] [Render thread/DEBUG] (FabricLoader/Mixin) Mixing client.MixinKeyboardHandler from architectury.mixins.json into net.minecraft.client.KeyboardHandler
[02:06:04] [Render thread/DEBUG] (FabricLoader/Mixin) Mixing KeyboardMixin from fabric-screen-api-v1.mixins.json into net.minecraft.client.KeyboardHandler
[02:06:04] [Render thread/DEBUG] (FabricLoader/Mixin) fabric-screen-api-v1.mixins.json:KeyboardMixin from mod fabric-screen-api-v1: Class version 61 required is higher than the class version supported by the current version of Mixin (JAVA_16 supports class version 60)
[02:06:04] [Render thread/DEBUG] (FabricLoader/Mixin) Mixing KeyboardHandlerMixin from jei.mixins.json into net.minecraft.client.KeyboardHandler
[02:06:04] [Render thread/DEBUG] (FabricLoader/Mixin) jei.mixins.json:KeyboardHandlerMixin from mod jei: Class version 61 required is higher than the class version supported by the current version of Mixin (JAVA_16 supports class version 60)
[02:06:04] [Render thread/DEBUG] (FabricLoader/Mixin) architectury.mixins.json:client.MixinKeyboardHandler from mod architectury->@Inject::onKey(JIIIILorg/spongepowered/asm/mixin/injection/callback/CallbackInfo;)V does use it's CallbackInfo
[02:06:04] [Render thread/DEBUG] (FabricLoader/Mixin) architectury.mixins.json:client.MixinKeyboardHandler from mod architectury->@Inject::onKeyAfter(JIIIILorg/spongepowered/asm/mixin/injection/callback/CallbackInfo;Lnet/minecraft/client/gui/screens/Screen;[Z)V does use it's CallbackInfo
[02:06:04] [Render thread/DEBUG] (FabricLoader/Mixin) architectury.mixins.json:client.MixinKeyboardHandler from mod architectury->@Inject::onRawKey(JIIIILorg/spongepowered/asm/mixin/injection/callback/CallbackInfo;)V does use it's CallbackInfo
[02:06:04] [Render thread/DEBUG] (FabricLoader/Mixin) architectury.mixins.json:client.MixinKeyboardHandler from mod architectury->@Inject::onRawKey(JIIIILorg/spongepowered/asm/mixin/injection/callback/CallbackInfo;)V does use it's CallbackInfo
[02:06:04] [Render thread/DEBUG] (FabricLoader/Mixin) architectury.mixins.json:client.MixinKeyboardHandler from mod architectury->@Inject::onRawKey(JIIIILorg/spongepowered/asm/mixin/injection/callback/CallbackInfo;)V does use it's CallbackInfo
[02:06:04] [Render thread/DEBUG] (FabricLoader/Mixin) architectury.mixins.json:client.MixinKeyboardHandler from mod architectury->@Inject::onRawKey(JIIIILorg/spongepowered/asm/mixin/injection/callback/CallbackInfo;)V does use it's CallbackInfo
[02:06:04] [Render thread/DEBUG] (FabricLoader/Mixin) architectury.mixins.json:client.MixinKeyboardHandler from mod architectury->@Inject::onRawKey(JIIIILorg/spongepowered/asm/mixin/injection/callback/CallbackInfo;)V does use it's CallbackInfo
[02:06:04] [Render thread/DEBUG] (FabricLoader/Mixin) fabric-screen-api-v1.mixins.json:KeyboardMixin from mod fabric-screen-api-v1->@Inject::beforeKeyPressedEvent(ILnet/minecraft/client/gui/screens/Screen;[ZIIILorg/spongepowered/asm/mixin/injection/callback/CallbackInfo;)V does use it's CallbackInfo
[02:06:04] [Render thread/DEBUG] (FabricLoader/Mixin) fabric-screen-api-v1.mixins.json:KeyboardMixin from mod fabric-screen-api-v1->@Inject::afterKeyPressedEvent(ILnet/minecraft/client/gui/screens/Screen;[ZIIILorg/spongepowered/asm/mixin/injection/callback/CallbackInfo;)V doesn't use it's CallbackInfo
[02:06:04] [Render thread/DEBUG] (FabricLoader/Mixin) fabric-screen-api-v1.mixins.json:KeyboardMixin from mod fabric-screen-api-v1->@Inject::beforeKeyReleasedEvent(ILnet/minecraft/client/gui/screens/Screen;[ZIIILorg/spongepowered/asm/mixin/injection/callback/CallbackInfo;)V does use it's CallbackInfo
[02:06:04] [Render thread/DEBUG] (FabricLoader/Mixin) fabric-screen-api-v1.mixins.json:KeyboardMixin from mod fabric-screen-api-v1->@Inject::afterKeyReleasedEvent(ILnet/minecraft/client/gui/screens/Screen;[ZIIILorg/spongepowered/asm/mixin/injection/callback/CallbackInfo;)V doesn't use it's CallbackInfo
[02:06:04] [Render thread/DEBUG] (FabricLoader/Mixin) jei.mixins.json:KeyboardHandlerMixin from mod jei->@Inject::beforeCharTypedEvent(Lnet/minecraft/client/gui/components/events/GuiEventListener;IILorg/spongepowered/asm/mixin/injection/callback/CallbackInfo;)V does use it's CallbackInfo
[02:06:04] [Render thread/DEBUG] (FabricLoader/Mixin) jei.mixins.json:KeyboardHandlerMixin from mod jei->@Inject::beforeCharTypedEvent2(Lnet/minecraft/client/gui/components/events/GuiEventListener;CILorg/spongepowered/asm/mixin/injection/callback/CallbackInfo;)V does use it's CallbackInfo
[02:06:04] [Render thread/DEBUG] (FabricLoader/Mixin) jei.mixins.json:KeyboardHandlerMixin from mod jei->@Inject::afterCharTypedEvent(Lnet/minecraft/client/gui/components/events/GuiEventListener;IILorg/spongepowered/asm/mixin/injection/callback/CallbackInfo;)V does use it's CallbackInfo
[02:06:04] [Render thread/DEBUG] (FabricLoader/Mixin) jei.mixins.json:KeyboardHandlerMixin from mod jei->@Inject::afterCharTypedEvent2(Lnet/minecraft/client/gui/components/events/GuiEventListener;CILorg/spongepowered/asm/mixin/injection/callback/CallbackInfo;)V does use it's CallbackInfo
[02:06:04] [Render thread/DEBUG] (FabricLoader/Mixin) Mixing LifecycledResourceManagerImplMixin from fabric-resource-loader-v0.mixins.json into net.minecraft.server.packs.resources.MultiPackResourceManager
[02:06:04] [Render thread/DEBUG] (FabricLoader/Mixin) fabric-resource-loader-v0.mixins.json:LifecycledResourceManagerImplMixin from mod fabric-resource-loader-v0: Class version 61 required is higher than the class version supported by the current version of Mixin (JAVA_16 supports class version 60)
[02:06:04] [Render thread/DEBUG] (FabricLoader/Mixin) fabric-resource-loader-v0.mixins.json:LifecycledResourceManagerImplMixin from mod fabric-resource-loader-v0->@Inject::init(Lnet/minecraft/server/packs/PackType;Ljava/util/List;Lorg/spongepowered/asm/mixin/injection/callback/CallbackInfo;)V doesn't use it's CallbackInfo
[02:06:04] [Render thread/DEBUG] (FabricLoader/Mixin) fabric-resource-loader-v0.mixins.json:LifecycledResourceManagerImplMixin from mod fabric-resource-loader-v0->@Inject::init(Lnet/minecraft/server/packs/PackType;Ljava/util/List;Lorg/spongepowered/asm/mixin/injection/callback/CallbackInfo;)V has 0 override(s) in child classes
[02:06:04] [Render thread/DEBUG] (FabricLoader/Mixin) fabric-resource-loader-v0.mixins.json:LifecycledResourceManagerImplMixin from mod fabric-resource-loader-v0->@Inject::init(Lnet/minecraft/server/packs/PackType;Ljava/util/List;Lorg/spongepowered/asm/mixin/injection/callback/CallbackInfo;)V won't be passed a CallbackInfo as a result
[02:06:05] [Render thread/DEBUG] (FabricLoader/Mixin) Mixing KeyedResourceReloadListenerClientMixin from fabric-resource-loader-v0.client.mixins.json into net.minecraft.client.resources.language.LanguageManager
[02:06:05] [Render thread/DEBUG] (FabricLoader/Mixin) fabric-resource-loader-v0.client.mixins.json:KeyedResourceReloadListenerClientMixin from mod fabric-resource-loader-v0: Class version 61 required is higher than the class version supported by the current version of Mixin (JAVA_16 supports class version 60)
[02:06:05] [Render thread/DEBUG] (FabricLoader/Mixin) Mixing client.HttpTextureMixin from swm.mixins.json into net.minecraft.client.renderer.texture.HttpTexture
[02:06:05] [Render thread/DEBUG] (FabricLoader/Mixin) Renaming synthetic method lambda$loadCallbackInject$0(I)I to md4ccb60$swm$lambda$loadCallbackInject$0$0 in swm.mixins.json:client.HttpTextureMixin from mod swm
[02:06:05] [Render thread/DEBUG] (FabricLoader/Mixin) swm.mixins.json:client.HttpTextureMixin from mod swm->@Inject::loadCallbackInject(Lcom/mojang/blaze3d/platform/NativeImage;Lorg/spongepowered/asm/mixin/injection/callback/CallbackInfo;)V doesn't use it's CallbackInfo
[02:06:05] [Render thread/DEBUG] (FabricLoader/Mixin) swm.mixins.json:client.HttpTextureMixin from mod swm->@Inject::loadCallbackInject(Lcom/mojang/blaze3d/platform/NativeImage;Lorg/spongepowered/asm/mixin/injection/callback/CallbackInfo;)V has 0 override(s) in child classes
[02:06:05] [Render thread/DEBUG] (FabricLoader/Mixin) swm.mixins.json:client.HttpTextureMixin from mod swm->@Inject::loadCallbackInject(Lcom/mojang/blaze3d/platform/NativeImage;Lorg/spongepowered/asm/mixin/injection/callback/CallbackInfo;)V won't be passed a CallbackInfo as a result
[02:06:05] [Render thread/DEBUG] (FabricLoader/Mixin) Mixing KeyedResourceReloadListenerClientMixin from fabric-resource-loader-v0.client.mixins.json into net.minecraft.client.sounds.SoundManager
[02:06:05] [Render thread/DEBUG] (FabricLoader/Mixin) fabric-resource-loader-v0.client.mixins.json:KeyedResourceReloadListenerClientMixin from mod fabric-resource-loader-v0: Class version 61 required is higher than the class version supported by the current version of Mixin (JAVA_16 supports class version 60)
[02:06:05] [Render thread/DEBUG] (FabricLoader/Mixin) Mixing SoundSystemMixin from fabric-sound-api-v1.mixins.json into net.minecraft.client.sounds.SoundEngine
[02:06:05] [Render thread/DEBUG] (FabricLoader/Mixin) Mixing FontManagerMixin from fabric-resource-loader-v0.client.mixins.json into net.minecraft.client.gui.font.FontManager
[02:06:05] [Render thread/DEBUG] (FabricLoader/Mixin) fabric-resource-loader-v0.client.mixins.json:FontManagerMixin from mod fabric-resource-loader-v0: Class version 61 required is higher than the class version supported by the current version of Mixin (JAVA_16 supports class version 60)
[02:06:05] [Render thread/DEBUG] (FabricLoader/Mixin) Mixing BlockColorsMixin from fabric-registry-sync-v0.client.mixins.json into net.minecraft.client.color.block.BlockColors
[02:06:05] [Render thread/DEBUG] (FabricLoader/Mixin) fabric-registry-sync-v0.client.mixins.json:BlockColorsMixin from mod fabric-registry-sync-v0: Class version 61 required is higher than the class version supported by the current version of Mixin (JAVA_16 supports class version 60)
[02:06:05] [Render thread/DEBUG] (FabricLoader/Mixin) Mixing BlockColorsMixin from fabric-rendering-v1.mixins.json into net.minecraft.client.color.block.BlockColors
[02:06:05] [Render thread/DEBUG] (FabricLoader/Mixin) fabric-rendering-v1.mixins.json:BlockColorsMixin from mod fabric-rendering-v1: Class version 61 required is higher than the class version supported by the current version of Mixin (JAVA_16 supports class version 60)
[02:06:05] [Render thread/DEBUG] (FabricLoader/Mixin) fabric-registry-sync-v0.client.mixins.json:BlockColorsMixin from mod fabric-registry-sync-v0->@Inject::create(Lorg/spongepowered/asm/mixin/injection/callback/CallbackInfo;)V doesn't use it's CallbackInfo
[02:06:05] [Render thread/DEBUG] (FabricLoader/Mixin) fabric-registry-sync-v0.client.mixins.json:BlockColorsMixin from mod fabric-registry-sync-v0->@Inject::create(Lorg/spongepowered/asm/mixin/injection/callback/CallbackInfo;)V has 0 override(s) in child classes
[02:06:05] [Render thread/DEBUG] (FabricLoader/Mixin) fabric-registry-sync-v0.client.mixins.json:BlockColorsMixin from mod fabric-registry-sync-v0->@Inject::create(Lorg/spongepowered/asm/mixin/injection/callback/CallbackInfo;)V won't be passed a CallbackInfo as a result
[02:06:05] [Render thread/DEBUG] (FabricLoader/Mixin) fabric-rendering-v1.mixins.json:BlockColorsMixin from mod fabric-rendering-v1->@Inject::create(Lorg/spongepowered/asm/mixin/injection/callback/CallbackInfoReturnable;)V does use it's CallbackInfoReturnable
[02:06:05] [Render thread/DEBUG] (FabricLoader/Mixin) Mixing ItemColorsMixin from fabric-registry-sync-v0.client.mixins.json into net.minecraft.client.color.item.ItemColors
[02:06:05] [Render thread/DEBUG] (FabricLoader/Mixin) fabric-registry-sync-v0.client.mixins.json:ItemColorsMixin from mod fabric-registry-sync-v0: Class version 61 required is higher than the class version supported by the current version of Mixin (JAVA_16 supports class version 60)
[02:06:05] [Render thread/DEBUG] (FabricLoader/Mixin) Mixing ItemColorsMixin from fabric-rendering-v1.mixins.json into net.minecraft.client.color.item.ItemColors
[02:06:05] [Render thread/DEBUG] (FabricLoader/Mixin) fabric-rendering-v1.mixins.json:ItemColorsMixin from mod fabric-rendering-v1: Class version 61 required is higher than the class version supported by the current version of Mixin (JAVA_16 supports class version 60)
[02:06:05] [Render thread/DEBUG] (FabricLoader/Mixin) fabric-registry-sync-v0.client.mixins.json:ItemColorsMixin from mod fabric-registry-sync-v0->@Inject::create(Lorg/spongepowered/asm/mixin/injection/callback/CallbackInfo;)V doesn't use it's CallbackInfo
[02:06:05] [Render thread/DEBUG] (FabricLoader/Mixin) fabric-registry-sync-v0.client.mixins.json:ItemColorsMixin from mod fabric-registry-sync-v0->@Inject::create(Lorg/spongepowered/asm/mixin/injection/callback/CallbackInfo;)V has 0 override(s) in child classes
[02:06:05] [Render thread/DEBUG] (FabricLoader/Mixin) fabric-registry-sync-v0.client.mixins.json:ItemColorsMixin from mod fabric-registry-sync-v0->@Inject::create(Lorg/spongepowered/asm/mixin/injection/callback/CallbackInfo;)V won't be passed a CallbackInfo as a result
[02:06:05] [Render thread/DEBUG] (FabricLoader/Mixin) fabric-rendering-v1.mixins.json:ItemColorsMixin from mod fabric-rendering-v1->@Inject::create(Lnet/minecraft/client/color/block/BlockColors;Lorg/spongepowered/asm/mixin/injection/callback/CallbackInfoReturnable;)V does use it's CallbackInfoReturnable
[02:06:05] [Render thread/DEBUG] (FabricLoader/Mixin) Mixing KeyedResourceReloadListenerClientMixin from fabric-resource-loader-v0.client.mixins.json into net.minecraft.client.resources.model.ModelManager
[02:06:05] [Render thread/DEBUG] (FabricLoader/Mixin) fabric-resource-loader-v0.client.mixins.json:KeyedResourceReloadListenerClientMixin from mod fabric-resource-loader-v0: Class version 61 required is higher than the class version supported by the current version of Mixin (JAVA_16 supports class version 60)
[02:06:05] [Render thread/DEBUG] (FabricLoader/Mixin) Mixing BakedModelManagerMixin from fabric-model-loading-api-v1.mixins.json into net.minecraft.client.resources.model.ModelManager
[02:06:05] [Render thread/DEBUG] (FabricLoader/Mixin) Renaming synthetic method lambda$loadModelPluginData$0(Ljava/util/function/BiFunction;Lnet/minecraft/util/Tuple;Ljava/util/List;)Lnet/minecraft/client/resources/model/ModelBakery; to md4ccb60$fabric-model-loading-api-v1$lambda$loadModelPluginData$0$0 in fabric-model-loading-api-v1.mixins.json:BakedModelManagerMixin from mod fabric-model-loading-api-v1
[02:06:05] [Render thread/DEBUG] (FabricLoader/Mixin) Mixing TexturedRenderLayersMixin from fabric-object-builder-v1.client.mixins.json into net.minecraft.client.renderer.Sheets
[02:06:05] [Render thread/DEBUG] (FabricLoader/Mixin) fabric-object-builder-v1.client.mixins.json:TexturedRenderLayersMixin from mod fabric-object-builder-api-v1: Class version 61 required is higher than the class version supported by the current version of Mixin (JAVA_16 supports class version 60)
[02:06:05] [Render thread/DEBUG] (FabricLoader/Mixin) fabric-object-builder-v1.client.mixins.json:TexturedRenderLayersMixin from mod fabric-object-builder-api-v1->@Inject::modifyTextureId(Lnet/minecraft/world/level/block/state/properties/WoodType;Lorg/spongepowered/asm/mixin/injection/callback/CallbackInfoReturnable;)V does use it's CallbackInfoReturnable
[02:06:05] [Render thread/DEBUG] (FabricLoader/Mixin) fabric-object-builder-v1.client.mixins.json:TexturedRenderLayersMixin from mod fabric-object-builder-api-v1->@Inject::modifyHangingTextureId(Lnet/minecraft/world/level/block/state/properties/WoodType;Lorg/spongepowered/asm/mixin/injection/callback/CallbackInfoReturnable;)V does use it's CallbackInfoReturnable
[02:06:05] [Render thread/DEBUG] (FabricLoader/Mixin) Mixing KeyedResourceReloadListenerClientMixin from fabric-resource-loader-v0.client.mixins.json into net.minecraft.client.renderer.block.BlockRenderDispatcher
[02:06:05] [Render thread/DEBUG] (FabricLoader/Mixin) fabric-resource-loader-v0.client.mixins.json:KeyedResourceReloadListenerClientMixin from mod fabric-resource-loader-v0: Class version 61 required is higher than the class version supported by the current version of Mixin (JAVA_16 supports class version 60)
[02:06:05] [Render thread/DEBUG] (FabricLoader/Mixin) Mixing BuiltinModelItemRendererMixin from fabric-rendering-v1.mixins.json into net.minecraft.client.renderer.BlockEntityWithoutLevelRenderer
[02:06:05] [Render thread/DEBUG] (FabricLoader/Mixin) fabric-rendering-v1.mixins.json:BuiltinModelItemRendererMixin from mod fabric-rendering-v1: Class version 61 required is higher than the class version supported by the current version of Mixin (JAVA_16 supports class version 60)
[02:06:05] [Render thread/DEBUG] (FabricLoader/Mixin) fabric-rendering-v1.mixins.json:BuiltinModelItemRendererMixin from mod fabric-rendering-v1->@Inject::fabric_onRender(Lnet/minecraft/world/item/ItemStack;Lnet/minecraft/world/item/ItemDisplayContext;Lcom/mojang/blaze3d/vertex/PoseStack;Lnet/minecraft/client/renderer/MultiBufferSource;IILorg/spongepowered/asm/mixin/injection/callback/CallbackInfo;)V does use it's CallbackInfo
[02:06:05] [Render thread/DEBUG] (FabricLoader/Mixin) Mixing ItemModelsMixin from fabric-registry-sync-v0.client.mixins.json into net.minecraft.client.renderer.ItemModelShaper
[02:06:05] [Render thread/DEBUG] (FabricLoader/Mixin) fabric-registry-sync-v0.client.mixins.json:ItemModelsMixin from mod fabric-registry-sync-v0: Class version 61 required is higher than the class version supported by the current version of Mixin (JAVA_16 supports class version 60)
[02:06:05] [Render thread/DEBUG] (FabricLoader/Mixin) fabric-registry-sync-v0.client.mixins.json:ItemModelsMixin from mod fabric-registry-sync-v0->@Inject::onInit(Lnet/minecraft/client/resources/model/ModelManager;Lorg/spongepowered/asm/mixin/injection/callback/CallbackInfo;)V doesn't use it's CallbackInfo
[02:06:05] [Render thread/DEBUG] (FabricLoader/Mixin) fabric-registry-sync-v0.client.mixins.json:ItemModelsMixin from mod fabric-registry-sync-v0->@Inject::onInit(Lnet/minecraft/client/resources/model/ModelManager;Lorg/spongepowered/asm/mixin/injection/callback/CallbackInfo;)V has 0 override(s) in child classes
[02:06:05] [Render thread/DEBUG] (FabricLoader/Mixin) fabric-registry-sync-v0.client.mixins.json:ItemModelsMixin from mod fabric-registry-sync-v0->@Inject::onInit(Lnet/minecraft/client/resources/model/ModelManager;Lorg/spongepowered/asm/mixin/injection/callback/CallbackInfo;)V won't be passed a CallbackInfo as a result
[02:06:05] [Render thread/DEBUG] (FabricLoader/Mixin) Mixing ModelLoaderMixin from fabric-model-loading-api-v1.mixins.json into net.minecraft.client.resources.model.ModelBakery
[02:06:05] [Render thread/DEBUG] (FabricLoader/Mixin) fabric-model-loading-api-v1.mixins.json:ModelLoaderMixin from mod fabric-model-loading-api-v1->@Inject::afterMissingModelInit(Lnet/minecraft/client/color/block/BlockColors;Lnet/minecraft/util/profiling/ProfilerFiller;Ljava/util/Map;Ljava/util/Map;Lorg/spongepowered/asm/mixin/injection/callback/CallbackInfo;)V doesn't use it's CallbackInfo
[02:06:05] [Render thread/DEBUG] (FabricLoader/Mixin) fabric-model-loading-api-v1.mixins.json:ModelLoaderMixin from mod fabric-model-loading-api-v1->@Inject::afterMissingModelInit(Lnet/minecraft/client/color/block/BlockColors;Lnet/minecraft/util/profiling/ProfilerFiller;Ljava/util/Map;Ljava/util/Map;Lorg/spongepowered/asm/mixin/injection/callback/CallbackInfo;)V has 0 override(s) in child classes
[02:06:05] [Render thread/DEBUG] (FabricLoader/Mixin) fabric-model-loading-api-v1.mixins.json:ModelLoaderMixin from mod fabric-model-loading-api-v1->@Inject::afterMissingModelInit(Lnet/minecraft/client/color/block/BlockColors;Lnet/minecraft/util/profiling/ProfilerFiller;Ljava/util/Map;Ljava/util/Map;Lorg/spongepowered/asm/mixin/injection/callback/CallbackInfo;)V won't be passed a CallbackInfo as a result
[02:06:05] [Render thread/DEBUG] (FabricLoader/Mixin) fabric-model-loading-api-v1.mixins.json:ModelLoaderMixin from mod fabric-model-loading-api-v1->@Inject::fabric_preventNestedGetOrLoadModel(Lnet/minecraft/resources/ResourceLocation;Lorg/spongepowered/asm/mixin/injection/callback/CallbackInfoReturnable;)V doesn't use it's CallbackInfoReturnable
[02:06:05] [Render thread/DEBUG] (FabricLoader/Mixin) fabric-model-loading-api-v1.mixins.json:ModelLoaderMixin from mod fabric-model-loading-api-v1->@Inject::fabric_preventNestedGetOrLoadModel(Lnet/minecraft/resources/ResourceLocation;Lorg/spongepowered/asm/mixin/injection/callback/CallbackInfoReturnable;)V has 0 override(s) in child classes
[02:06:05] [Render thread/DEBUG] (FabricLoader/Mixin) fabric-model-loading-api-v1.mixins.json:ModelLoaderMixin from mod fabric-model-loading-api-v1->@Inject::fabric_preventNestedGetOrLoadModel(Lnet/minecraft/resources/ResourceLocation;Lorg/spongepowered/asm/mixin/injection/callback/CallbackInfoReturnable;)V won't be passed a CallbackInfoReturnable as a result
[02:06:05] [Render thread/DEBUG] (FabricLoader/Mixin) fabric-model-loading-api-v1.mixins.json:ModelLoaderMixin from mod fabric-model-loading-api-v1->@Inject::onLoadModel(Lnet/minecraft/resources/ResourceLocation;Lorg/spongepowered/asm/mixin/injection/callback/CallbackInfo;)V does use it's CallbackInfo
[02:06:05] [Render thread/DEBUG] (FabricLoader/Mixin) Mixing client.BakedModelMixin from fabric-renderer-api-v1.mixins.json into net.minecraft.client.resources.model.BakedModel
[02:06:05] [Render thread/DEBUG] (FabricLoader/Mixin) fabric-renderer-api-v1.mixins.json:client.BakedModelMixin from mod fabric-renderer-api-v1: Class version 61 required is higher than the class version supported by the current version of Mixin (JAVA_16 supports class version 60)
[02:06:05] [Render thread/DEBUG] (FabricLoader/Mixin) Mixing BakedModelMixin from fabric-renderer-indigo.mixins.json into net.minecraft.client.resources.model.BakedModel
[02:06:05] [Render thread/DEBUG] (FabricLoader/Mixin) fabric-renderer-indigo.mixins.json:BakedModelMixin from mod fabric-renderer-indigo: Class version 61 required is higher than the class version supported by the current version of Mixin (JAVA_16 supports class version 60)
[02:06:05] [Render thread/DEBUG] (FabricLoader/Mixin) Mixing BlockModelRendererMixin from fabric-renderer-indigo.mixins.json into net.minecraft.client.renderer.block.ModelBlockRenderer
[02:06:05] [Render thread/DEBUG] (FabricLoader/Mixin) fabric-renderer-indigo.mixins.json:BlockModelRendererMixin from mod fabric-renderer-indigo: Class version 61 required is higher than the class version supported by the current version of Mixin (JAVA_16 supports class version 60)
[02:06:05] [Render thread/DEBUG] (FabricLoader/Mixin) fabric-renderer-indigo.mixins.json:BlockModelRendererMixin from mod fabric-renderer-indigo->@Inject::hookRender(Lnet/minecraft/world/level/BlockAndTintGetter;Lnet/minecraft/client/resources/model/BakedModel;Lnet/minecraft/world/level/block/state/BlockState;Lnet/minecraft/core/BlockPos;Lcom/mojang/blaze3d/vertex/PoseStack;Lcom/mojang/blaze3d/vertex/VertexConsumer;ZLnet/minecraft/util/RandomSource;JILorg/spongepowered/asm/mixin/injection/callback/CallbackInfo;)V does use it's CallbackInfo
[02:06:05] [Render thread/DEBUG] (FabricLoader/Mixin) fabric-renderer-indigo.mixins.json:BlockModelRendererMixin from mod fabric-renderer-indigo->@Inject::onInit(Lorg/spongepowered/asm/mixin/injection/callback/CallbackInfo;)V doesn't use it's CallbackInfo
[02:06:05] [Render thread/DEBUG] (FabricLoader/Mixin) fabric-renderer-indigo.mixins.json:BlockModelRendererMixin from mod fabric-renderer-indigo->@Inject::onInit(Lorg/spongepowered/asm/mixin/injection/callback/CallbackInfo;)V has 0 override(s) in child classes
[02:06:05] [Render thread/DEBUG] (FabricLoader/Mixin) fabric-renderer-indigo.mixins.json:BlockModelRendererMixin from mod fabric-renderer-indigo->@Inject::onInit(Lorg/spongepowered/asm/mixin/injection/callback/CallbackInfo;)V won't be passed a CallbackInfo as a result
[02:06:05] [Render thread/DEBUG] (FabricLoader/Mixin) Mixing FluidRendererMixin from fabric-rendering-fluids-v1.mixins.json into net.minecraft.client.renderer.block.LiquidBlockRenderer
[02:06:05] [Render thread/DEBUG] (FabricLoader/Mixin) fabric-rendering-fluids-v1.mixins.json:FluidRendererMixin from mod fabric-rendering-fluids-v1: Class version 61 required is higher than the class version supported by the current version of Mixin (JAVA_16 supports class version 60)
[02:06:05] [Render thread/DEBUG] (FabricLoader/Mixin) Renaming synthetic method lambda$new$0()Ljava/lang/Boolean; to md4ccb60$fabric-rendering-fluids-v1$lambda$new$0$0 in fabric-rendering-fluids-v1.mixins.json:FluidRendererMixin from mod fabric-rendering-fluids-v1
[02:06:05] [Render thread/DEBUG] (FabricLoader/Mixin) fabric-rendering-fluids-v1.mixins.json:FluidRendererMixin from mod fabric-rendering-fluids-v1->@Inject::onResourceReloadReturn(Lorg/spongepowered/asm/mixin/injection/callback/CallbackInfo;)V doesn't use it's CallbackInfo
[02:06:05] [Render thread/DEBUG] (FabricLoader/Mixin) fabric-rendering-fluids-v1.mixins.json:FluidRendererMixin from mod fabric-rendering-fluids-v1->@Inject::onResourceReloadReturn(Lorg/spongepowered/asm/mixin/injection/callback/CallbackInfo;)V has 0 override(s) in child classes
[02:06:05] [Render thread/DEBUG] (FabricLoader/Mixin) fabric-rendering-fluids-v1.mixins.json:FluidRendererMixin from mod fabric-rendering-fluids-v1->@Inject::onResourceReloadReturn(Lorg/spongepowered/asm/mixin/injection/callback/CallbackInfo;)V won't be passed a CallbackInfo as a result
[02:06:05] [Render thread/DEBUG] (FabricLoader/Mixin) fabric-rendering-fluids-v1.mixins.json:FluidRendererMixin from mod fabric-rendering-fluids-v1->@Inject::tesselate(Lnet/minecraft/world/level/BlockAndTintGetter;Lnet/minecraft/core/BlockPos;Lcom/mojang/blaze3d/vertex/VertexConsumer;Lnet/minecraft/world/level/block/state/BlockState;Lnet/minecraft/world/level/material/FluidState;Lorg/spongepowered/asm/mixin/injection/callback/CallbackInfo;)V does use it's CallbackInfo
[02:06:05] [Render thread/DEBUG] (FabricLoader/Mixin) fabric-rendering-fluids-v1.mixins.json:FluidRendererMixin from mod fabric-rendering-fluids-v1->@Inject::tesselateReturn(Lnet/minecraft/world/level/BlockAndTintGetter;Lnet/minecraft/core/BlockPos;Lcom/mojang/blaze3d/vertex/VertexConsumer;Lnet/minecraft/world/level/block/state/BlockState;Lnet/minecraft/world/level/material/FluidState;Lorg/spongepowered/asm/mixin/injection/callback/CallbackInfo;)V doesn't use it's CallbackInfo
[02:06:05] [Render thread/DEBUG] (FabricLoader/Mixin) fabric-rendering-fluids-v1.mixins.json:FluidRendererMixin from mod fabric-rendering-fluids-v1->@Inject::tesselateReturn(Lnet/minecraft/world/level/BlockAndTintGetter;Lnet/minecraft/core/BlockPos;Lcom/mojang/blaze3d/vertex/VertexConsumer;Lnet/minecraft/world/level/block/state/BlockState;Lnet/minecraft/world/level/material/FluidState;Lorg/spongepowered/asm/mixin/injection/callback/CallbackInfo;)V has 0 override(s) in child classes
[02:06:05] [Render thread/DEBUG] (FabricLoader/Mixin) fabric-rendering-fluids-v1.mixins.json:FluidRendererMixin from mod fabric-rendering-fluids-v1->@Inject::tesselateReturn(Lnet/minecraft/world/level/BlockAndTintGetter;Lnet/minecraft/core/BlockPos;Lcom/mojang/blaze3d/vertex/VertexConsumer;Lnet/minecraft/world/level/block/state/BlockState;Lnet/minecraft/world/level/material/FluidState;Lorg/spongepowered/asm/mixin/injection/callback/CallbackInfo;)V won't be passed a CallbackInfo as a result
[02:06:05] [Render thread/DEBUG] (FabricLoader/Mixin) fabric-rendering-fluids-v1.mixins.json:FluidRendererMixin from mod fabric-rendering-fluids-v1->@Inject::tesselateReturn(Lnet/minecraft/world/level/BlockAndTintGetter;Lnet/minecraft/core/BlockPos;Lcom/mojang/blaze3d/vertex/VertexConsumer;Lnet/minecraft/world/level/block/state/BlockState;Lnet/minecraft/world/level/material/FluidState;Lorg/spongepowered/asm/mixin/injection/callback/CallbackInfo;)V doesn't use it's CallbackInfo
[02:06:05] [Render thread/DEBUG] (FabricLoader/Mixin) fabric-rendering-fluids-v1.mixins.json:FluidRendererMixin from mod fabric-rendering-fluids-v1->@Inject::tesselateReturn(Lnet/minecraft/world/level/BlockAndTintGetter;Lnet/minecraft/core/BlockPos;Lcom/mojang/blaze3d/vertex/VertexConsumer;Lnet/minecraft/world/level/block/state/BlockState;Lnet/minecraft/world/level/material/FluidState;Lorg/spongepowered/asm/mixin/injection/callback/CallbackInfo;)V has 0 override(s) in child classes
[02:06:05] [Render thread/DEBUG] (FabricLoader/Mixin) fabric-rendering-fluids-v1.mixins.json:FluidRendererMixin from mod fabric-rendering-fluids-v1->@Inject::tesselateReturn(Lnet/minecraft/world/level/BlockAndTintGetter;Lnet/minecraft/core/BlockPos;Lcom/mojang/blaze3d/vertex/VertexConsumer;Lnet/minecraft/world/level/block/state/BlockState;Lnet/minecraft/world/level/material/FluidState;Lorg/spongepowered/asm/mixin/injection/callback/CallbackInfo;)V won't be passed a CallbackInfo as a result
[02:06:05] [Render thread/DEBUG] (FabricLoader/Mixin) Mixing HeldItemRendererMixin from fabric-item-api-v1.client.mixins.json into net.minecraft.client.renderer.ItemInHandRenderer
[02:06:05] [Render thread/DEBUG] (FabricLoader/Mixin) fabric-item-api-v1.client.mixins.json:HeldItemRendererMixin from mod fabric-item-api-v1: Class version 61 required is higher than the class version supported by the current version of Mixin (JAVA_16 supports class version 60)
[02:06:05] [Render thread/DEBUG] (FabricLoader/Mixin) Mixing client.ItemInHandRendererMixin from swm.mixins.json into net.minecraft.client.renderer.ItemInHandRenderer
[02:06:05] [Render thread/DEBUG] (FabricLoader/Mixin) fabric-item-api-v1.client.mixins.json:HeldItemRendererMixin from mod fabric-item-api-v1->@Inject::modifyProgressAnimation(Lorg/spongepowered/asm/mixin/injection/callback/CallbackInfo;)V doesn't use it's CallbackInfo
[02:06:05] [Render thread/DEBUG] (FabricLoader/Mixin) fabric-item-api-v1.client.mixins.json:HeldItemRendererMixin from mod fabric-item-api-v1->@Inject::modifyProgressAnimation(Lorg/spongepowered/asm/mixin/injection/callback/CallbackInfo;)V has 0 override(s) in child classes
[02:06:05] [Render thread/DEBUG] (FabricLoader/Mixin) fabric-item-api-v1.client.mixins.json:HeldItemRendererMixin from mod fabric-item-api-v1->@Inject::modifyProgressAnimation(Lorg/spongepowered/asm/mixin/injection/callback/CallbackInfo;)V won't be passed a CallbackInfo as a result
[02:06:05] [Render thread/DEBUG] (FabricLoader/Mixin) swm.mixins.json:client.ItemInHandRendererMixin from mod swm->@Inject::tick(Lorg/spongepowered/asm/mixin/injection/callback/CallbackInfo;)V doesn't use it's CallbackInfo
[02:06:05] [Render thread/DEBUG] (FabricLoader/Mixin) swm.mixins.json:client.ItemInHandRendererMixin from mod swm->@Inject::tick(Lorg/spongepowered/asm/mixin/injection/callback/CallbackInfo;)V has 0 override(s) in child classes
[02:06:05] [Render thread/DEBUG] (FabricLoader/Mixin) swm.mixins.json:client.ItemInHandRendererMixin from mod swm->@Inject::tick(Lorg/spongepowered/asm/mixin/injection/callback/CallbackInfo;)V won't be passed a CallbackInfo as a result
[02:06:05] [Render thread/DEBUG] (FabricLoader/Mixin) Mixing KeyedResourceReloadListenerClientMixin from fabric-resource-loader-v0.client.mixins.json into net.minecraft.client.renderer.LevelRenderer
[02:06:05] [Render thread/DEBUG] (FabricLoader/Mixin) fabric-resource-loader-v0.client.mixins.json:KeyedResourceReloadListenerClientMixin from mod fabric-resource-loader-v0: Class version 61 required is higher than the class version supported by the current version of Mixin (JAVA_16 supports class version 60)
[02:06:05] [Render thread/DEBUG] (FabricLoader/Mixin) Mixing client.LevelRendererMixin from swm.mixins.json into net.minecraft.client.renderer.LevelRenderer
[02:06:05] [Render thread/DEBUG] (FabricLoader/Mixin) Mixing WorldRendererMixin from fabric-rendering-v1.mixins.json into net.minecraft.client.renderer.LevelRenderer
[02:06:05] [Render thread/DEBUG] (FabricLoader/Mixin) fabric-rendering-v1.mixins.json:WorldRendererMixin from mod fabric-rendering-v1: Class version 61 required is higher than the class version supported by the current version of Mixin (JAVA_16 supports class version 60)
[02:06:05] [Render thread/DEBUG] (FabricLoader/Mixin) swm.mixins.json:client.LevelRendererMixin from mod swm->@Inject::render(Lcom/mojang/blaze3d/vertex/PoseStack;FJZLnet/minecraft/client/Camera;Lnet/minecraft/client/renderer/GameRenderer;Lnet/minecraft/client/renderer/LightTexture;Lorg/joml/Matrix4f;Lorg/spongepowered/asm/mixin/injection/callback/CallbackInfo;)V doesn't use it's CallbackInfo
[02:06:05] [Render thread/DEBUG] (FabricLoader/Mixin) swm.mixins.json:client.LevelRendererMixin from mod swm->@Inject::render(Lcom/mojang/blaze3d/vertex/PoseStack;FJZLnet/minecraft/client/Camera;Lnet/minecraft/client/renderer/GameRenderer;Lnet/minecraft/client/renderer/LightTexture;Lorg/joml/Matrix4f;Lorg/spongepowered/asm/mixin/injection/callback/CallbackInfo;)V has 0 override(s) in child classes
[02:06:05] [Render thread/DEBUG] (FabricLoader/Mixin) swm.mixins.json:client.LevelRendererMixin from mod swm->@Inject::render(Lcom/mojang/blaze3d/vertex/PoseStack;FJZLnet/minecraft/client/Camera;Lnet/minecraft/client/renderer/GameRenderer;Lnet/minecraft/client/renderer/LightTexture;Lorg/joml/Matrix4f;Lorg/spongepowered/asm/mixin/injection/callback/CallbackInfo;)V won't be passed a CallbackInfo as a result
[02:06:05] [Render thread/DEBUG] (FabricLoader/Mixin) fabric-rendering-v1.mixins.json:WorldRendererMixin from mod fabric-rendering-v1->@Inject::beforeRender(Lcom/mojang/blaze3d/vertex/PoseStack;FJZLnet/minecraft/client/Camera;Lnet/minecraft/client/renderer/GameRenderer;Lnet/minecraft/client/renderer/LightTexture;Lorg/joml/Matrix4f;Lorg/spongepowered/asm/mixin/injection/callback/CallbackInfo;)V doesn't use it's CallbackInfo
[02:06:05] [Render thread/DEBUG] (FabricLoader/Mixin) fabric-rendering-v1.mixins.json:WorldRendererMixin from mod fabric-rendering-v1->@Inject::beforeRender(Lcom/mojang/blaze3d/vertex/PoseStack;FJZLnet/minecraft/client/Camera;Lnet/minecraft/client/renderer/GameRenderer;Lnet/minecraft/client/renderer/LightTexture;Lorg/joml/Matrix4f;Lorg/spongepowered/asm/mixin/injection/callback/CallbackInfo;)V has 0 override(s) in child classes
[02:06:05] [Render thread/DEBUG] (FabricLoader/Mixin) fabric-rendering-v1.mixins.json:WorldRendererMixin from mod fabric-rendering-v1->@Inject::beforeRender(Lcom/mojang/blaze3d/vertex/PoseStack;FJZLnet/minecraft/client/Camera;Lnet/minecraft/client/renderer/GameRenderer;Lnet/minecraft/client/renderer/LightTexture;Lorg/joml/Matrix4f;Lorg/spongepowered/asm/mixin/injection/callback/CallbackInfo;)V won't be passed a CallbackInfo as a result
[02:06:05] [Render thread/DEBUG] (FabricLoader/Mixin) fabric-rendering-v1.mixins.json:WorldRendererMixin from mod fabric-rendering-v1->@Inject::afterTerrainSetup(Lnet/minecraft/client/Camera;Lnet/minecraft/client/renderer/culling/Frustum;ZZLorg/spongepowered/asm/mixin/injection/callback/CallbackInfo;)V doesn't use it's CallbackInfo
[02:06:05] [Render thread/DEBUG] (FabricLoader/Mixin) fabric-rendering-v1.mixins.json:WorldRendererMixin from mod fabric-rendering-v1->@Inject::afterTerrainSetup(Lnet/minecraft/client/Camera;Lnet/minecraft/client/renderer/culling/Frustum;ZZLorg/spongepowered/asm/mixin/injection/callback/CallbackInfo;)V has 0 override(s) in child classes
[02:06:05] [Render thread/DEBUG] (FabricLoader/Mixin) fabric-rendering-v1.mixins.json:WorldRendererMixin from mod fabric-rendering-v1->@Inject::afterTerrainSetup(Lnet/minecraft/client/Camera;Lnet/minecraft/client/renderer/culling/Frustum;ZZLorg/spongepowered/asm/mixin/injection/callback/CallbackInfo;)V won't be passed a CallbackInfo as a result
[02:06:05] [Render thread/DEBUG] (FabricLoader/Mixin) fabric-rendering-v1.mixins.json:WorldRendererMixin from mod fabric-rendering-v1->@Inject::afterTerrainSolid(Lorg/spongepowered/asm/mixin/injection/callback/CallbackInfo;)V doesn't use it's CallbackInfo
[02:06:05] [Render thread/DEBUG] (FabricLoader/Mixin) fabric-rendering-v1.mixins.json:WorldRendererMixin from mod fabric-rendering-v1->@Inject::afterTerrainSolid(Lorg/spongepowered/asm/mixin/injection/callback/CallbackInfo;)V has 0 override(s) in child classes
[02:06:05] [Render thread/DEBUG] (FabricLoader/Mixin) fabric-rendering-v1.mixins.json:WorldRendererMixin from mod fabric-rendering-v1->@Inject::afterTerrainSolid(Lorg/spongepowered/asm/mixin/injection/callback/CallbackInfo;)V won't be passed a CallbackInfo as a result
[02:06:05] [Render thread/DEBUG] (FabricLoader/Mixin) fabric-rendering-v1.mixins.json:WorldRendererMixin from mod fabric-rendering-v1->@Inject::afterEntities(Lorg/spongepowered/asm/mixin/injection/callback/CallbackInfo;)V doesn't use it's CallbackInfo
[02:06:05] [Render thread/DEBUG] (FabricLoader/Mixin) fabric-rendering-v1.mixins.json:WorldRendererMixin from mod fabric-rendering-v1->@Inject::afterEntities(Lorg/spongepowered/asm/mixin/injection/callback/CallbackInfo;)V has 0 override(s) in child classes
[02:06:05] [Render thread/DEBUG] (FabricLoader/Mixin) fabric-rendering-v1.mixins.json:WorldRendererMixin from mod fabric-rendering-v1->@Inject::afterEntities(Lorg/spongepowered/asm/mixin/injection/callback/CallbackInfo;)V won't be passed a CallbackInfo as a result
[02:06:05] [Render thread/DEBUG] (FabricLoader/Mixin) fabric-rendering-v1.mixins.json:WorldRendererMixin from mod fabric-rendering-v1->@Inject::beforeRenderOutline(Lorg/spongepowered/asm/mixin/injection/callback/CallbackInfo;)V doesn't use it's CallbackInfo
[02:06:05] [Render thread/DEBUG] (FabricLoader/Mixin) fabric-rendering-v1.mixins.json:WorldRendererMixin from mod fabric-rendering-v1->@Inject::beforeRenderOutline(Lorg/spongepowered/asm/mixin/injection/callback/CallbackInfo;)V has 0 override(s) in child classes
[02:06:05] [Render thread/DEBUG] (FabricLoader/Mixin) fabric-rendering-v1.mixins.json:WorldRendererMixin from mod fabric-rendering-v1->@Inject::beforeRenderOutline(Lorg/spongepowered/asm/mixin/injection/callback/CallbackInfo;)V won't be passed a CallbackInfo as a result
[02:06:05] [Render thread/DEBUG] (FabricLoader/Mixin) fabric-rendering-v1.mixins.json:WorldRendererMixin from mod fabric-rendering-v1->@Inject::onDrawBlockOutline(Lcom/mojang/blaze3d/vertex/PoseStack;Lcom/mojang/blaze3d/vertex/VertexConsumer;Lnet/minecraft/world/entity/Entity;DDDLnet/minecraft/core/BlockPos;Lnet/minecraft/world/level/block/state/BlockState;Lorg/spongepowered/asm/mixin/injection/callback/CallbackInfo;)V does use it's CallbackInfo
[02:06:05] [Render thread/DEBUG] (FabricLoader/Mixin) fabric-rendering-v1.mixins.json:WorldRendererMixin from mod fabric-rendering-v1->@Inject::beforeDebugRender(Lorg/spongepowered/asm/mixin/injection/callback/CallbackInfo;)V doesn't use it's CallbackInfo
[02:06:05] [Render thread/DEBUG] (FabricLoader/Mixin) fabric-rendering-v1.mixins.json:WorldRendererMixin from mod fabric-rendering-v1->@Inject::beforeDebugRender(Lorg/spongepowered/asm/mixin/injection/callback/CallbackInfo;)V has 0 override(s) in child classes
[02:06:05] [Render thread/DEBUG] (FabricLoader/Mixin) fabric-rendering-v1.mixins.json:WorldRendererMixin from mod fabric-rendering-v1->@Inject::beforeDebugRender(Lorg/spongepowered/asm/mixin/injection/callback/CallbackInfo;)V won't be passed a CallbackInfo as a result
[02:06:05] [Render thread/DEBUG] (FabricLoader/Mixin) fabric-rendering-v1.mixins.json:WorldRendererMixin from mod fabric-rendering-v1->@Inject::onRenderParticles(Lorg/spongepowered/asm/mixin/injection/callback/CallbackInfo;)V doesn't use it's CallbackInfo
[02:06:05] [Render thread/DEBUG] (FabricLoader/Mixin) fabric-rendering-v1.mixins.json:WorldRendererMixin from mod fabric-rendering-v1->@Inject::onRenderParticles(Lorg/spongepowered/asm/mixin/injection/callback/CallbackInfo;)V has 0 override(s) in child classes
[02:06:05] [Render thread/DEBUG] (FabricLoader/Mixin) fabric-rendering-v1.mixins.json:WorldRendererMixin from mod fabric-rendering-v1->@Inject::onRenderParticles(Lorg/spongepowered/asm/mixin/injection/callback/CallbackInfo;)V won't be passed a CallbackInfo as a result
[02:06:05] [Render thread/DEBUG] (FabricLoader/Mixin) fabric-rendering-v1.mixins.json:WorldRendererMixin from mod fabric-rendering-v1->@Inject::onRenderParticles(Lorg/spongepowered/asm/mixin/injection/callback/CallbackInfo;)V doesn't use it's CallbackInfo
[02:06:05] [Render thread/DEBUG] (FabricLoader/Mixin) fabric-rendering-v1.mixins.json:WorldRendererMixin from mod fabric-rendering-v1->@Inject::onRenderParticles(Lorg/spongepowered/asm/mixin/injection/callback/CallbackInfo;)V has 0 override(s) in child classes
[02:06:05] [Render thread/DEBUG] (FabricLoader/Mixin) fabric-rendering-v1.mixins.json:WorldRendererMixin from mod fabric-rendering-v1->@Inject::onRenderParticles(Lorg/spongepowered/asm/mixin/injection/callback/CallbackInfo;)V won't be passed a CallbackInfo as a result
[02:06:05] [Render thread/DEBUG] (FabricLoader/Mixin) fabric-rendering-v1.mixins.json:WorldRendererMixin from mod fabric-rendering-v1->@Inject::beforeClouds(Lorg/spongepowered/asm/mixin/injection/callback/CallbackInfo;)V doesn't use it's CallbackInfo
[02:06:05] [Render thread/DEBUG] (FabricLoader/Mixin) fabric-rendering-v1.mixins.json:WorldRendererMixin from mod fabric-rendering-v1->@Inject::beforeClouds(Lorg/spongepowered/asm/mixin/injection/callback/CallbackInfo;)V has 0 override(s) in child classes
[02:06:05] [Render thread/DEBUG] (FabricLoader/Mixin) fabric-rendering-v1.mixins.json:WorldRendererMixin from mod fabric-rendering-v1->@Inject::beforeClouds(Lorg/spongepowered/asm/mixin/injection/callback/CallbackInfo;)V won't be passed a CallbackInfo as a result
[02:06:05] [Render thread/DEBUG] (FabricLoader/Mixin) fabric-rendering-v1.mixins.json:WorldRendererMixin from mod fabric-rendering-v1->@Inject::beforeClouds(Lorg/spongepowered/asm/mixin/injection/callback/CallbackInfo;)V doesn't use it's CallbackInfo
[02:06:05] [Render thread/DEBUG] (FabricLoader/Mixin) fabric-rendering-v1.mixins.json:WorldRendererMixin from mod fabric-rendering-v1->@Inject::beforeClouds(Lorg/spongepowered/asm/mixin/injection/callback/CallbackInfo;)V has 0 override(s) in child classes
[02:06:05] [Render thread/DEBUG] (FabricLoader/Mixin) fabric-rendering-v1.mixins.json:WorldRendererMixin from mod fabric-rendering-v1->@Inject::beforeClouds(Lorg/spongepowered/asm/mixin/injection/callback/CallbackInfo;)V won't be passed a CallbackInfo as a result
[02:06:05] [Render thread/DEBUG] (FabricLoader/Mixin) fabric-rendering-v1.mixins.json:WorldRendererMixin from mod fabric-rendering-v1->@Inject::beforeClouds(Lorg/spongepowered/asm/mixin/injection/callback/CallbackInfo;)V doesn't use it's CallbackInfo
[02:06:05] [Render thread/DEBUG] (FabricLoader/Mixin) fabric-rendering-v1.mixins.json:WorldRendererMixin from mod fabric-rendering-v1->@Inject::beforeClouds(Lorg/spongepowered/asm/mixin/injection/callback/CallbackInfo;)V has 0 override(s) in child classes
[02:06:05] [Render thread/DEBUG] (FabricLoader/Mixin) fabric-rendering-v1.mixins.json:WorldRendererMixin from mod fabric-rendering-v1->@Inject::beforeClouds(Lorg/spongepowered/asm/mixin/injection/callback/CallbackInfo;)V won't be passed a CallbackInfo as a result
[02:06:05] [Render thread/DEBUG] (FabricLoader/Mixin) fabric-rendering-v1.mixins.json:WorldRendererMixin from mod fabric-rendering-v1->@Inject::beforeClouds(Lorg/spongepowered/asm/mixin/injection/callback/CallbackInfo;)V doesn't use it's CallbackInfo
[02:06:05] [Render thread/DEBUG] (FabricLoader/Mixin) fabric-rendering-v1.mixins.json:WorldRendererMixin from mod fabric-rendering-v1->@Inject::beforeClouds(Lorg/spongepowered/asm/mixin/injection/callback/CallbackInfo;)V has 0 override(s) in child classes
[02:06:05] [Render thread/DEBUG] (FabricLoader/Mixin) fabric-rendering-v1.mixins.json:WorldRendererMixin from mod fabric-rendering-v1->@Inject::beforeClouds(Lorg/spongepowered/asm/mixin/injection/callback/CallbackInfo;)V won't be passed a CallbackInfo as a result
[02:06:05] [Render thread/DEBUG] (FabricLoader/Mixin) fabric-rendering-v1.mixins.json:WorldRendererMixin from mod fabric-rendering-v1->@Inject::onChunkDebugRender(Lorg/spongepowered/asm/mixin/injection/callback/CallbackInfo;)V doesn't use it's CallbackInfo
[02:06:05] [Render thread/DEBUG] (FabricLoader/Mixin) fabric-rendering-v1.mixins.json:WorldRendererMixin from mod fabric-rendering-v1->@Inject::onChunkDebugRender(Lorg/spongepowered/asm/mixin/injection/callback/CallbackInfo;)V has 0 override(s) in child classes
[02:06:05] [Render thread/DEBUG] (FabricLoader/Mixin) fabric-rendering-v1.mixins.json:WorldRendererMixin from mod fabric-rendering-v1->@Inject::onChunkDebugRender(Lorg/spongepowered/asm/mixin/injection/callback/CallbackInfo;)V won't be passed a CallbackInfo as a result
[02:06:05] [Render thread/DEBUG] (FabricLoader/Mixin) fabric-rendering-v1.mixins.json:WorldRendererMixin from mod fabric-rendering-v1->@Inject::afterRender(Lorg/spongepowered/asm/mixin/injection/callback/CallbackInfo;)V doesn't use it's CallbackInfo
[02:06:05] [Render thread/DEBUG] (FabricLoader/Mixin) fabric-rendering-v1.mixins.json:WorldRendererMixin from mod fabric-rendering-v1->@Inject::afterRender(Lorg/spongepowered/asm/mixin/injection/callback/CallbackInfo;)V has 0 override(s) in child classes
[02:06:05] [Render thread/DEBUG] (FabricLoader/Mixin) fabric-rendering-v1.mixins.json:WorldRendererMixin from mod fabric-rendering-v1->@Inject::afterRender(Lorg/spongepowered/asm/mixin/injection/callback/CallbackInfo;)V won't be passed a CallbackInfo as a result
[02:06:05] [Render thread/DEBUG] (FabricLoader/Mixin) fabric-rendering-v1.mixins.json:WorldRendererMixin from mod fabric-rendering-v1->@Inject::onReload(Lorg/spongepowered/asm/mixin/injection/callback/CallbackInfo;)V doesn't use it's CallbackInfo
[02:06:05] [Render thread/DEBUG] (FabricLoader/Mixin) fabric-rendering-v1.mixins.json:WorldRendererMixin from mod fabric-rendering-v1->@Inject::onReload(Lorg/spongepowered/asm/mixin/injection/callback/CallbackInfo;)V has 0 override(s) in child classes
[02:06:05] [Render thread/DEBUG] (FabricLoader/Mixin) fabric-rendering-v1.mixins.json:WorldRendererMixin from mod fabric-rendering-v1->@Inject::onReload(Lorg/spongepowered/asm/mixin/injection/callback/CallbackInfo;)V won't be passed a CallbackInfo as a result
[02:06:05] [Render thread/DEBUG] (FabricLoader/Mixin) fabric-rendering-v1.mixins.json:WorldRendererMixin from mod fabric-rendering-v1->@Inject::renderWeather(Lnet/minecraft/client/renderer/LightTexture;FDDDLorg/spongepowered/asm/mixin/injection/callback/CallbackInfo;)V does use it's CallbackInfo
[02:06:05] [Render thread/DEBUG] (FabricLoader/Mixin) fabric-rendering-v1.mixins.json:WorldRendererMixin from mod fabric-rendering-v1->@Inject::renderCloud(Lcom/mojang/blaze3d/vertex/PoseStack;Lorg/joml/Matrix4f;FDDDLorg/spongepowered/asm/mixin/injection/callback/CallbackInfo;)V does use it's CallbackInfo
[02:06:05] [Render thread/DEBUG] (FabricLoader/Mixin) fabric-rendering-v1.mixins.json:WorldRendererMixin from mod fabric-rendering-v1->@Inject::renderSky(Lcom/mojang/blaze3d/vertex/PoseStack;Lorg/joml/Matrix4f;FLnet/minecraft/client/Camera;ZLjava/lang/Runnable;Lorg/spongepowered/asm/mixin/injection/callback/CallbackInfo;)V does use it's CallbackInfo
[02:06:05] [Render thread/DEBUG] (com.mojang.blaze3d.systems.RenderSystem) Growing IndexBuffer: Old limit 0, new limit 9360.
[02:06:05] [Render thread/DEBUG] (com.mojang.blaze3d.systems.RenderSystem) Growing IndexBuffer: Old limit 0, new limit 20.
[02:06:05] [Render thread/DEBUG] (FabricLoader/Mixin) Mixing ParticleManagerMixin from fabric-registry-sync-v0.client.mixins.json into net.minecraft.client.particle.ParticleEngine
[02:06:05] [Render thread/DEBUG] (FabricLoader/Mixin) fabric-registry-sync-v0.client.mixins.json:ParticleManagerMixin from mod fabric-registry-sync-v0: Class version 61 required is higher than the class version supported by the current version of Mixin (JAVA_16 supports class version 60)
[02:06:05] [Render thread/DEBUG] (FabricLoader/Mixin) Mixing ParticleManagerMixin from fabric-particles-v1.client.mixins.json into net.minecraft.client.particle.ParticleEngine
[02:06:05] [Render thread/DEBUG] (FabricLoader/Mixin) fabric-particles-v1.client.mixins.json:ParticleManagerMixin from mod fabric-particles-v1: Class version 61 required is higher than the class version supported by the current version of Mixin (JAVA_16 supports class version 60)
[02:06:05] [Render thread/DEBUG] (FabricLoader/Mixin) Mixing ParticleManagerAccessor from fabric-particles-v1.client.mixins.json into net.minecraft.client.particle.ParticleEngine
[02:06:05] [Render thread/DEBUG] (FabricLoader/Mixin) fabric-particles-v1.client.mixins.json:ParticleManagerAccessor from mod fabric-particles-v1: Class version 61 required is higher than the class version supported by the current version of Mixin (JAVA_16 supports class version 60)
[02:06:05] [Render thread/DEBUG] (FabricLoader/Mixin) fabric-registry-sync-v0.client.mixins.json:ParticleManagerMixin from mod fabric-registry-sync-v0->@Inject::onInit(Lnet/minecraft/client/multiplayer/ClientLevel;Lnet/minecraft/client/renderer/texture/TextureManager;Lorg/spongepowered/asm/mixin/injection/callback/CallbackInfo;)V doesn't use it's CallbackInfo
[02:06:05] [Render thread/DEBUG] (FabricLoader/Mixin) fabric-registry-sync-v0.client.mixins.json:ParticleManagerMixin from mod fabric-registry-sync-v0->@Inject::onInit(Lnet/minecraft/client/multiplayer/ClientLevel;Lnet/minecraft/client/renderer/texture/TextureManager;Lorg/spongepowered/asm/mixin/injection/callback/CallbackInfo;)V has 0 override(s) in child classes
[02:06:05] [Render thread/DEBUG] (FabricLoader/Mixin) fabric-registry-sync-v0.client.mixins.json:ParticleManagerMixin from mod fabric-registry-sync-v0->@Inject::onInit(Lnet/minecraft/client/multiplayer/ClientLevel;Lnet/minecraft/client/renderer/texture/TextureManager;Lorg/spongepowered/asm/mixin/injection/callback/CallbackInfo;)V won't be passed a CallbackInfo as a result
[02:06:05] [Render thread/DEBUG] (FabricLoader/Mixin) fabric-particles-v1.client.mixins.json:ParticleManagerMixin from mod fabric-particles-v1->@Inject::onRegisterDefaultFactories(Lorg/spongepowered/asm/mixin/injection/callback/CallbackInfo;)V doesn't use it's CallbackInfo
[02:06:05] [Render thread/DEBUG] (FabricLoader/Mixin) fabric-particles-v1.client.mixins.json:ParticleManagerMixin from mod fabric-particles-v1->@Inject::onRegisterDefaultFactories(Lorg/spongepowered/asm/mixin/injection/callback/CallbackInfo;)V has 0 override(s) in child classes
[02:06:05] [Render thread/DEBUG] (FabricLoader/Mixin) fabric-particles-v1.client.mixins.json:ParticleManagerMixin from mod fabric-particles-v1->@Inject::onRegisterDefaultFactories(Lorg/spongepowered/asm/mixin/injection/callback/CallbackInfo;)V won't be passed a CallbackInfo as a result
[02:06:05] [Render thread/DEBUG] (FabricLoader/Mixin) Mixing BlockDustParticleMixin from fabric-particles-v1.client.mixins.json into net.minecraft.client.particle.TerrainParticle
[02:06:05] [Render thread/DEBUG] (FabricLoader/Mixin) fabric-particles-v1.client.mixins.json:BlockDustParticleMixin from mod fabric-particles-v1: Class version 61 required is higher than the class version supported by the current version of Mixin (JAVA_16 supports class version 60)
[02:06:05] [Render thread/DEBUG] (FabricLoader/Mixin) Mixing ParticleManagerAccessor$SimpleSpriteProviderAccessor from fabric-particles-v1.client.mixins.json into net.minecraft.client.particle.ParticleEngine$MutableSpriteSet
[02:06:05] [Render thread/DEBUG] (FabricLoader/Mixin) fabric-particles-v1.client.mixins.json:ParticleManagerAccessor$SimpleSpriteProviderAccessor from mod fabric-particles-v1: Class version 61 required is higher than the class version supported by the current version of Mixin (JAVA_16 supports class version 60)
[02:06:05] [Render thread/DEBUG] (FabricLoader/Mixin) Mixing InGameHudMixin from fabric-rendering-v1.mixins.json into net.minecraft.client.gui.Gui
[02:06:05] [Render thread/DEBUG] (FabricLoader/Mixin) fabric-rendering-v1.mixins.json:InGameHudMixin from mod fabric-rendering-v1: Class version 61 required is higher than the class version supported by the current version of Mixin (JAVA_16 supports class version 60)
[02:06:05] [Render thread/DEBUG] (FabricLoader/Mixin) fabric-rendering-v1.mixins.json:InGameHudMixin from mod fabric-rendering-v1->@Inject::render(Lnet/minecraft/client/gui/GuiGraphics;FLorg/spongepowered/asm/mixin/injection/callback/CallbackInfo;)V doesn't use it's CallbackInfo
[02:06:05] [Render thread/DEBUG] (FabricLoader/Mixin) fabric-rendering-v1.mixins.json:InGameHudMixin from mod fabric-rendering-v1->@Inject::render(Lnet/minecraft/client/gui/GuiGraphics;FLorg/spongepowered/asm/mixin/injection/callback/CallbackInfo;)V has 0 override(s) in child classes
[02:06:05] [Render thread/DEBUG] (FabricLoader/Mixin) fabric-rendering-v1.mixins.json:InGameHudMixin from mod fabric-rendering-v1->@Inject::render(Lnet/minecraft/client/gui/GuiGraphics;FLorg/spongepowered/asm/mixin/injection/callback/CallbackInfo;)V won't be passed a CallbackInfo as a result
[02:06:05] [Render thread/DEBUG] (FabricLoader/Mixin) Mixing DebugHudMixin from fabric-renderer-api-v1.debughud.mixins.json into net.minecraft.client.gui.components.DebugScreenOverlay
[02:06:05] [Render thread/DEBUG] (FabricLoader/Mixin) fabric-renderer-api-v1.debughud.mixins.json:DebugHudMixin from mod fabric-renderer-api-v1: Class version 61 required is higher than the class version supported by the current version of Mixin (JAVA_16 supports class version 60)
[02:06:05] [Render thread/DEBUG] (FabricLoader/Mixin) Mixing client.MixinDebugScreenOverlay from architectury.mixins.json into net.minecraft.client.gui.components.DebugScreenOverlay
[02:06:05] [Render thread/DEBUG] (FabricLoader/Mixin) fabric-renderer-api-v1.debughud.mixins.json:DebugHudMixin from mod fabric-renderer-api-v1->@Inject::getLeftText(Lorg/spongepowered/asm/mixin/injection/callback/CallbackInfoReturnable;)V does use it's CallbackInfoReturnable
[02:06:05] [Render thread/DEBUG] (FabricLoader/Mixin) fabric-renderer-api-v1.debughud.mixins.json:DebugHudMixin from mod fabric-renderer-api-v1->@Inject::getLeftText(Lorg/spongepowered/asm/mixin/injection/callback/CallbackInfoReturnable;)V does use it's CallbackInfoReturnable
[02:06:05] [Render thread/DEBUG] (FabricLoader/Mixin) architectury.mixins.json:client.MixinDebugScreenOverlay from mod architectury->@Inject::getLeftTexts(Lorg/spongepowered/asm/mixin/injection/callback/CallbackInfoReturnable;)V does use it's CallbackInfoReturnable
[02:06:05] [Render thread/DEBUG] (FabricLoader/Mixin) architectury.mixins.json:client.MixinDebugScreenOverlay from mod architectury->@Inject::getLeftTexts(Lorg/spongepowered/asm/mixin/injection/callback/CallbackInfoReturnable;)V does use it's CallbackInfoReturnable
[02:06:05] [Render thread/DEBUG] (FabricLoader/Mixin) architectury.mixins.json:client.MixinDebugScreenOverlay from mod architectury->@Inject::getRightTexts(Lorg/spongepowered/asm/mixin/injection/callback/CallbackInfoReturnable;)V does use it's CallbackInfoReturnable
[02:06:05] [Render thread/DEBUG] (FabricLoader/Mixin) architectury.mixins.json:client.MixinDebugScreenOverlay from mod architectury->@Inject::getRightTexts(Lorg/spongepowered/asm/mixin/injection/callback/CallbackInfoReturnable;)V does use it's CallbackInfoReturnable
[02:06:05] [Render thread/DEBUG] (FabricLoader/Mixin) Mixing shader.ShaderProgramImportProcessorMixin from fabric-rendering-v1.mixins.json into net.minecraft.client.renderer.ShaderInstance$1
[02:06:05] [Render thread/DEBUG] (FabricLoader/Mixin) fabric-rendering-v1.mixins.json:shader.ShaderProgramImportProcessorMixin from mod fabric-rendering-v1: Class version 61 required is higher than the class version supported by the current version of Mixin (JAVA_16 supports class version 60)
[02:06:05] [Render thread/DEBUG] (FabricLoader/Mixin) fabric-rendering-v1.mixins.json:shader.ShaderProgramImportProcessorMixin from mod fabric-rendering-v1->@Inject::captureImport(ZLjava/lang/String;Lorg/spongepowered/asm/mixin/injection/callback/CallbackInfoReturnable;)V doesn't use it's CallbackInfoReturnable
[02:06:05] [Render thread/DEBUG] (FabricLoader/Mixin) fabric-rendering-v1.mixins.json:shader.ShaderProgramImportProcessorMixin from mod fabric-rendering-v1->@Inject::captureImport(ZLjava/lang/String;Lorg/spongepowered/asm/mixin/injection/callback/CallbackInfoReturnable;)V has 0 override(s) in child classes
[02:06:05] [Render thread/DEBUG] (FabricLoader/Mixin) fabric-rendering-v1.mixins.json:shader.ShaderProgramImportProcessorMixin from mod fabric-rendering-v1->@Inject::captureImport(ZLjava/lang/String;Lorg/spongepowered/asm/mixin/injection/callback/CallbackInfoReturnable;)V won't be passed a CallbackInfoReturnable as a result
[02:06:05] [Render thread/DEBUG] (FabricLoader/Mixin) fabric-rendering-v1.mixins.json:shader.ShaderProgramImportProcessorMixin from mod fabric-rendering-v1->@Inject::uncaptureImport(ZLjava/lang/String;Lorg/spongepowered/asm/mixin/injection/callback/CallbackInfoReturnable;)V doesn't use it's CallbackInfoReturnable
[02:06:05] [Render thread/DEBUG] (FabricLoader/Mixin) fabric-rendering-v1.mixins.json:shader.ShaderProgramImportProcessorMixin from mod fabric-rendering-v1->@Inject::uncaptureImport(ZLjava/lang/String;Lorg/spongepowered/asm/mixin/injection/callback/CallbackInfoReturnable;)V has 0 override(s) in child classes
[02:06:05] [Render thread/DEBUG] (FabricLoader/Mixin) fabric-rendering-v1.mixins.json:shader.ShaderProgramImportProcessorMixin from mod fabric-rendering-v1->@Inject::uncaptureImport(ZLjava/lang/String;Lorg/spongepowered/asm/mixin/injection/callback/CallbackInfoReturnable;)V won't be passed a CallbackInfoReturnable as a result
[02:06:05] [Render thread/DEBUG] (FabricLoader/Mixin) fabric-rendering-v1.mixins.json:shader.ShaderProgramImportProcessorMixin from mod fabric-rendering-v1->@Inject::uncaptureImport(ZLjava/lang/String;Lorg/spongepowered/asm/mixin/injection/callback/CallbackInfoReturnable;)V doesn't use it's CallbackInfoReturnable
[02:06:05] [Render thread/DEBUG] (FabricLoader/Mixin) fabric-rendering-v1.mixins.json:shader.ShaderProgramImportProcessorMixin from mod fabric-rendering-v1->@Inject::uncaptureImport(ZLjava/lang/String;Lorg/spongepowered/asm/mixin/injection/callback/CallbackInfoReturnable;)V has 0 override(s) in child classes
[02:06:05] [Render thread/DEBUG] (FabricLoader/Mixin) fabric-rendering-v1.mixins.json:shader.ShaderProgramImportProcessorMixin from mod fabric-rendering-v1->@Inject::uncaptureImport(ZLjava/lang/String;Lorg/spongepowered/asm/mixin/injection/callback/CallbackInfoReturnable;)V won't be passed a CallbackInfoReturnable as a result
[02:06:05] [Render thread/DEBUG] (FabricLoader/Mixin) fabric-rendering-v1.mixins.json:shader.ShaderProgramImportProcessorMixin from mod fabric-rendering-v1->@Inject::uncaptureImport(ZLjava/lang/String;Lorg/spongepowered/asm/mixin/injection/callback/CallbackInfoReturnable;)V doesn't use it's CallbackInfoReturnable
[02:06:05] [Render thread/DEBUG] (FabricLoader/Mixin) fabric-rendering-v1.mixins.json:shader.ShaderProgramImportProcessorMixin from mod fabric-rendering-v1->@Inject::uncaptureImport(ZLjava/lang/String;Lorg/spongepowered/asm/mixin/injection/callback/CallbackInfoReturnable;)V has 0 override(s) in child classes
[02:06:05] [Render thread/DEBUG] (FabricLoader/Mixin) fabric-rendering-v1.mixins.json:shader.ShaderProgramImportProcessorMixin from mod fabric-rendering-v1->@Inject::uncaptureImport(ZLjava/lang/String;Lorg/spongepowered/asm/mixin/injection/callback/CallbackInfoReturnable;)V won't be passed a CallbackInfoReturnable as a result
[02:06:05] [Render thread/DEBUG] (FabricLoader/Mixin) Mixing ResourceMixin from fabric-resource-loader-v0.mixins.json into net.minecraft.server.packs.resources.Resource
[02:06:05] [Render thread/DEBUG] (FabricLoader/Mixin) fabric-resource-loader-v0.mixins.json:ResourceMixin from mod fabric-resource-loader-v0: Class version 61 required is higher than the class version supported by the current version of Mixin (JAVA_16 supports class version 60)
[02:06:05] [Render thread/DEBUG] (FabricLoader/Mixin) Mixing client.MixinChatListener from architectury.mixins.json into net.minecraft.client.multiplayer.chat.ChatListener
[02:06:05] [Render thread/DEBUG] (FabricLoader/Mixin) Mixing MessageHandlerMixin from fabric-message-api-v1.client.mixins.json into net.minecraft.client.multiplayer.chat.ChatListener
[02:06:05] [Render thread/DEBUG] (FabricLoader/Mixin) architectury.mixins.json:client.MixinChatListener from mod architectury->@Inject::handlePlayerChatMessage(Lnet/minecraft/network/chat/PlayerChatMessage;Lcom/mojang/authlib/GameProfile;Lnet/minecraft/network/chat/ChatType$Bound;Lorg/spongepowered/asm/mixin/injection/callback/CallbackInfo;)V doesn't use it's CallbackInfo
[02:06:05] [Render thread/DEBUG] (FabricLoader/Mixin) architectury.mixins.json:client.MixinChatListener from mod architectury->@Inject::handlePlayerChatMessage(Lnet/minecraft/network/chat/PlayerChatMessage;Lcom/mojang/authlib/GameProfile;Lnet/minecraft/network/chat/ChatType$Bound;Lorg/spongepowered/asm/mixin/injection/callback/CallbackInfo;)V has 0 override(s) in child classes
[02:06:05] [Render thread/DEBUG] (FabricLoader/Mixin) architectury.mixins.json:client.MixinChatListener from mod architectury->@Inject::handlePlayerChatMessage(Lnet/minecraft/network/chat/PlayerChatMessage;Lcom/mojang/authlib/GameProfile;Lnet/minecraft/network/chat/ChatType$Bound;Lorg/spongepowered/asm/mixin/injection/callback/CallbackInfo;)V won't be passed a CallbackInfo as a result
[02:06:05] [Render thread/DEBUG] (FabricLoader/Mixin) architectury.mixins.json:client.MixinChatListener from mod architectury->@Inject::handleChatPre(Lnet/minecraft/network/chat/PlayerChatMessage;Lcom/mojang/authlib/GameProfile;Lnet/minecraft/network/chat/ChatType$Bound;Lorg/spongepowered/asm/mixin/injection/callback/CallbackInfo;ZLnet/minecraft/network/chat/PlayerChatMessage;Lnet/minecraft/network/chat/Component;)V does use it's CallbackInfo
[02:06:05] [Render thread/DEBUG] (FabricLoader/Mixin) architectury.mixins.json:client.MixinChatListener from mod architectury->@Inject::handleSystemMessage(Lnet/minecraft/network/chat/Component;ZLorg/spongepowered/asm/mixin/injection/callback/CallbackInfo;)V does use it's CallbackInfo
[02:06:05] [Render thread/DEBUG] (FabricLoader/Mixin) fabric-message-api-v1.client.mixins.json:MessageHandlerMixin from mod fabric-message-api-v1->@Inject::fabric_onSignedChatMessage(Lnet/minecraft/network/chat/ChatType$Bound;Lnet/minecraft/network/chat/PlayerChatMessage;Lnet/minecraft/network/chat/Component;Lcom/mojang/authlib/GameProfile;ZLjava/time/Instant;Lorg/spongepowered/asm/mixin/injection/callback/CallbackInfoReturnable;)V does use it's CallbackInfoReturnable
[02:06:05] [Render thread/DEBUG] (FabricLoader/Mixin) fabric-message-api-v1.client.mixins.json:MessageHandlerMixin from mod fabric-message-api-v1->@Inject::fabric_onFilteredSignedChatMessage(Lnet/minecraft/network/chat/ChatType$Bound;Lnet/minecraft/network/chat/PlayerChatMessage;Lnet/minecraft/network/chat/Component;Lcom/mojang/authlib/GameProfile;ZLjava/time/Instant;Lorg/spongepowered/asm/mixin/injection/callback/CallbackInfoReturnable;)V does use it's CallbackInfoReturnable
[02:06:05] [Render thread/DEBUG] (FabricLoader/Mixin) fabric-message-api-v1.client.mixins.json:MessageHandlerMixin from mod fabric-message-api-v1->@Inject::fabric_onProfilelessChatMessage(Lnet/minecraft/network/chat/ChatType$Bound;Lnet/minecraft/network/chat/Component;Ljava/time/Instant;Lorg/spongepowered/asm/mixin/injection/callback/CallbackInfoReturnable;)V does use it's CallbackInfoReturnable
[02:06:05] [Render thread/DEBUG] (FabricLoader/Mixin) fabric-message-api-v1.client.mixins.json:MessageHandlerMixin from mod fabric-message-api-v1->@Inject::fabric_allowGameMessage(Lnet/minecraft/network/chat/Component;ZLorg/spongepowered/asm/mixin/injection/callback/CallbackInfo;)V does use it's CallbackInfo
[02:06:05] [Render thread/INFO] (net.minecraft.server.packs.resources.ReloadableResourceManager) Reloading ResourceManager: vanilla, fabric (fabricloader, fabric-api-base, fabric-transfer-api-v1, fabric-resource-loader-v0, fabric-events-interaction-v0, fabric-rendering-v0, fabric-content-registries-v0, fabric-recipe-api-v1, fabric-events-lifecycle-v0, fabric-renderer-api-v1, fabric-block-api-v1, fabric-screen-api-v1, fabric-dimensions-v1, fabric-game-rule-api-v1, fabric-renderer-indigo, fabric-models-v0, fabric-crash-report-info-v1, generated_237612e, fabric-convention-tags-v1, fabric-biome-api-v1, fabric-mining-level-api-v1, fabric-block-view-api-v2, fabric-transitive-access-wideners-v1, fabric-networking-api-v1, fabric-data-generation-api-v1, fabric-sound-api-v1, fabric-item-api-v1, fabric-data-attachment-api-v1, fabric-registry-sync-v0, jei, fabric-object-builder-api-v1, fabric-particles-v1, fabric-commands-v0, fabric-item-group-api-v1, fabric-api-lookup-api-v1, fabric-command-api-v1, fabric-lifecycle-events-v1, fabric-api, fabric-rendering-data-attachment-v1, fabric-client-tags-api-v1, fabric-screen-handler-api-v1, fabric-rendering-fluids-v1, fabric-rendering-v1, fabric-command-api-v2, fabric-model-loading-api-v1, fabric-blockrenderlayer-v1, fabric-keybindings-v0, fabric-loot-api-v2, fabric-networking-v0, fabric-resource-conditions-api-v1, fabric-entity-events-v1, fabric-key-binding-api-v1, fabric-gametest-api-v1, fabric-containers-v0, fabric-renderer-registries-v1, fabric-loot-tables-v1, fabric-message-api-v1)
[02:06:05] [Render thread/DEBUG] (FabricLoader/Mixin) Mixing NamespaceResourceManagerMixin from fabric-resource-loader-v0.mixins.json into net.minecraft.server.packs.resources.FallbackResourceManager
[02:06:05] [Render thread/DEBUG] (FabricLoader/Mixin) fabric-resource-loader-v0.mixins.json:NamespaceResourceManagerMixin from mod fabric-resource-loader-v0: Class version 61 required is higher than the class version supported by the current version of Mixin (JAVA_16 supports class version 60)
[02:06:05] [Render thread/DEBUG] (FabricLoader/Mixin) fabric-resource-loader-v0.mixins.json:NamespaceResourceManagerMixin from mod fabric-resource-loader-v0->@Inject::onGetAllResources(Lnet/minecraft/resources/ResourceLocation;Lorg/spongepowered/asm/mixin/injection/callback/CallbackInfoReturnable;Lnet/minecraft/resources/ResourceLocation;Ljava/util/List;)V doesn't use it's CallbackInfoReturnable
[02:06:05] [Render thread/DEBUG] (FabricLoader/Mixin) fabric-resource-loader-v0.mixins.json:NamespaceResourceManagerMixin from mod fabric-resource-loader-v0->@Inject::onGetAllResources(Lnet/minecraft/resources/ResourceLocation;Lorg/spongepowered/asm/mixin/injection/callback/CallbackInfoReturnable;Lnet/minecraft/resources/ResourceLocation;Ljava/util/List;)V has 0 override(s) in child classes
[02:06:05] [Render thread/DEBUG] (FabricLoader/Mixin) fabric-resource-loader-v0.mixins.json:NamespaceResourceManagerMixin from mod fabric-resource-loader-v0->@Inject::onGetAllResources(Lnet/minecraft/resources/ResourceLocation;Lorg/spongepowered/asm/mixin/injection/callback/CallbackInfoReturnable;Lnet/minecraft/resources/ResourceLocation;Ljava/util/List;)V won't be passed a CallbackInfoReturnable as a result
[02:06:05] [Render thread/DEBUG] (FabricLoader/Mixin) Mixing SimpleResourceReloadMixin from fabric-resource-loader-v0.mixins.json into net.minecraft.server.packs.resources.SimpleReloadInstance
[02:06:05] [Render thread/DEBUG] (FabricLoader/Mixin) fabric-resource-loader-v0.mixins.json:SimpleResourceReloadMixin from mod fabric-resource-loader-v0: Class version 61 required is higher than the class version supported by the current version of Mixin (JAVA_16 supports class version 60)
[02:06:05] [Render thread/DEBUG] (FabricLoader/Mixin) fabric-resource-loader-v0.mixins.json:SimpleResourceReloadMixin from mod fabric-resource-loader-v0->@Inject::method_40087(Lnet/minecraft/server/packs/resources/ResourceManager;Ljava/util/List;Ljava/util/concurrent/Executor;Ljava/util/concurrent/Executor;Ljava/util/concurrent/CompletableFuture;ZLorg/spongepowered/asm/mixin/injection/callback/CallbackInfoReturnable;)V doesn't use it's CallbackInfoReturnable
[02:06:05] [Worker-Main-10/INFO] (net.minecraft.client.gui.font.providers.UnihexProvider) Found unifont_all_no_pua-15.0.06.hex, loading
[02:06:05] [Worker-Main-11/ERROR] (net.fabricmc.fabric.impl.resource.loader.ModNioResourcePack) Invalid path in mod resource-pack generated_237612e: swm:textures/item/graphic display.png, ignoring
[02:06:05] [Realms Notification Availability checker #1/INFO] (com.mojang.realmsclient.client.RealmsClient) Could not authorize you against Realms server: java.lang.RuntimeException: Failed to parse into SignedJWT: FabricMC
[02:06:06] [Worker-Main-7/WARN] (net.minecraft.client.renderer.texture.SpriteLoader) Texture swm:item/silver with size 65x65 limits mip level from 4 to 0
[02:06:06] [Worker-Main-7/WARN] (net.minecraft.client.renderer.texture.SpriteLoader) minecraft:textures/atlas/blocks.png: dropping miplevel from 4 to 0, because of minimum power of two: 1
[02:06:07] [Worker-Main-5/DEBUG] (FabricLoader/Mixin) Mixing ModelLoaderBakerImplMixin from fabric-model-loading-api-v1.mixins.json into net.minecraft.client.resources.model.ModelBakery$ModelBakerImpl
[02:06:07] [Worker-Main-5/DEBUG] (FabricLoader/Mixin) Mixing client.MultipartBakedModelMixin from fabric-renderer-api-v1.mixins.json into net.minecraft.client.resources.model.MultiPartBakedModel
[02:06:07] [Worker-Main-5/DEBUG] (FabricLoader/Mixin) fabric-renderer-api-v1.mixins.json:client.MultipartBakedModelMixin from mod fabric-renderer-api-v1: Class version 61 required is higher than the class version supported by the current version of Mixin (JAVA_16 supports class version 60)
[02:06:07] [Worker-Main-5/DEBUG] (FabricLoader/Mixin) Renaming synthetic method lambda$emitBlockQuads$0(Lnet/minecraft/util/RandomSource;J)Lnet/minecraft/util/RandomSource; to md4ccb60$fabric-renderer-api-v1$lambda$emitBlockQuads$0$0 in fabric-renderer-api-v1.mixins.json:client.MultipartBakedModelMixin from mod fabric-renderer-api-v1
[02:06:07] [Worker-Main-5/DEBUG] (FabricLoader/Mixin) fabric-renderer-api-v1.mixins.json:client.MultipartBakedModelMixin from mod fabric-renderer-api-v1->@Inject::onInit(Ljava/util/List;Lorg/spongepowered/asm/mixin/injection/callback/CallbackInfo;)V doesn't use it's CallbackInfo
[02:06:07] [Worker-Main-5/DEBUG] (FabricLoader/Mixin) fabric-renderer-api-v1.mixins.json:client.MultipartBakedModelMixin from mod fabric-renderer-api-v1->@Inject::onInit(Ljava/util/List;Lorg/spongepowered/asm/mixin/injection/callback/CallbackInfo;)V has 0 override(s) in child classes
[02:06:07] [Worker-Main-5/DEBUG] (FabricLoader/Mixin) fabric-renderer-api-v1.mixins.json:client.MultipartBakedModelMixin from mod fabric-renderer-api-v1->@Inject::onInit(Ljava/util/List;Lorg/spongepowered/asm/mixin/injection/callback/CallbackInfo;)V won't be passed a CallbackInfo as a result
[02:06:07] [Worker-Main-5/DEBUG] (FabricLoader/Mixin) Mixing client.WeightedBakedModelMixin from fabric-renderer-api-v1.mixins.json into net.minecraft.client.resources.model.WeightedBakedModel
[02:06:07] [Worker-Main-5/DEBUG] (FabricLoader/Mixin) fabric-renderer-api-v1.mixins.json:client.WeightedBakedModelMixin from mod fabric-renderer-api-v1: Class version 61 required is higher than the class version supported by the current version of Mixin (JAVA_16 supports class version 60)
[02:06:07] [Worker-Main-5/DEBUG] (FabricLoader/Mixin) Renaming synthetic method lambda$emitItemQuads$1(Ljava/util/function/Supplier;)Lnet/minecraft/util/RandomSource; to md4ccb60$fabric-renderer-api-v1$lambda$emitItemQuads$1$0 in fabric-renderer-api-v1.mixins.json:client.WeightedBakedModelMixin from mod fabric-renderer-api-v1
[02:06:07] [Worker-Main-5/DEBUG] (FabricLoader/Mixin) Renaming synthetic method lambda$emitBlockQuads$0(Ljava/util/function/Supplier;)Lnet/minecraft/util/RandomSource; to md4ccb60$fabric-renderer-api-v1$lambda$emitBlockQuads$0$1 in fabric-renderer-api-v1.mixins.json:client.WeightedBakedModelMixin from mod fabric-renderer-api-v1
[02:06:07] [Worker-Main-5/DEBUG] (FabricLoader/Mixin) fabric-renderer-api-v1.mixins.json:client.WeightedBakedModelMixin from mod fabric-renderer-api-v1->@Inject::onInit(Ljava/util/List;Lorg/spongepowered/asm/mixin/injection/callback/CallbackInfo;)V doesn't use it's CallbackInfo
[02:06:07] [Worker-Main-5/DEBUG] (FabricLoader/Mixin) fabric-renderer-api-v1.mixins.json:client.WeightedBakedModelMixin from mod fabric-renderer-api-v1->@Inject::onInit(Ljava/util/List;Lorg/spongepowered/asm/mixin/injection/callback/CallbackInfo;)V has 0 override(s) in child classes
[02:06:07] [Worker-Main-5/DEBUG] (FabricLoader/Mixin) fabric-renderer-api-v1.mixins.json:client.WeightedBakedModelMixin from mod fabric-renderer-api-v1->@Inject::onInit(Ljava/util/List;Lorg/spongepowered/asm/mixin/injection/callback/CallbackInfo;)V won't be passed a CallbackInfo as a result
[02:06:07] [Render thread/WARN] (net.minecraft.client.sounds.SoundEngine) Missing sound for event: minecraft:item.goat_horn.play
[02:06:07] [Render thread/WARN] (net.minecraft.client.sounds.SoundEngine) Missing sound for event: minecraft:entity.goat.screaming.horn_break
[02:06:07] [Render thread/INFO] (com.mojang.blaze3d.audio.Library) OpenAL initialized on device OpenAL Soft on Headphones (High Definition Audio Device)
[02:06:07] [Render thread/INFO] (net.minecraft.client.sounds.SoundEngine) Sound engine started
[02:06:07] [Render thread/INFO] (net.minecraft.client.renderer.texture.TextureAtlas) Created: 2048x2048x0 minecraft:textures/atlas/blocks.png-atlas
[02:06:07] [Render thread/INFO] (net.minecraft.client.renderer.texture.TextureAtlas) Created: 256x256x4 minecraft:textures/atlas/signs.png-atlas
[02:06:07] [Render thread/INFO] (net.minecraft.client.renderer.texture.TextureAtlas) Created: 512x512x4 minecraft:textures/atlas/banner_patterns.png-atlas
[02:06:07] [Render thread/INFO] (net.minecraft.client.renderer.texture.TextureAtlas) Created: 512x512x4 minecraft:textures/atlas/shield_patterns.png-atlas
[02:06:07] [Render thread/INFO] (net.minecraft.client.renderer.texture.TextureAtlas) Created: 1024x1024x4 minecraft:textures/atlas/armor_trims.png-atlas
[02:06:07] [Render thread/INFO] (net.minecraft.client.renderer.texture.TextureAtlas) Created: 128x64x4 minecraft:textures/atlas/decorated_pot.png-atlas
[02:06:07] [Render thread/INFO] (net.minecraft.client.renderer.texture.TextureAtlas) Created: 256x256x4 minecraft:textures/atlas/chest.png-atlas
[02:06:07] [Render thread/INFO] (net.minecraft.client.renderer.texture.TextureAtlas) Created: 512x256x4 minecraft:textures/atlas/beds.png-atlas
[02:06:07] [Render thread/INFO] (net.minecraft.client.renderer.texture.TextureAtlas) Created: 512x256x4 minecraft:textures/atlas/shulker_boxes.png-atlas
[02:06:07] [Render thread/DEBUG] (FabricLoader/Mixin) Mixing EntityModelsMixin from fabric-rendering-v1.mixins.json into net.minecraft.client.model.geom.LayerDefinitions
[02:06:07] [Render thread/DEBUG] (FabricLoader/Mixin) fabric-rendering-v1.mixins.json:EntityModelsMixin from mod fabric-rendering-v1: Class version 61 required is higher than the class version supported by the current version of Mixin (JAVA_16 supports class version 60)
[02:06:07] [Render thread/DEBUG] (FabricLoader/Mixin) fabric-rendering-v1.mixins.json:EntityModelsMixin from mod fabric-rendering-v1->@Inject::registerExtraModelData(Lorg/spongepowered/asm/mixin/injection/callback/CallbackInfoReturnable;Lcom/google/common/collect/ImmutableMap$Builder;)V doesn't use it's CallbackInfoReturnable
[02:06:07] [Render thread/DEBUG] (FabricLoader/Mixin) Mixing client.HumanoidModelMixin from swm.mixins.json into net.minecraft.client.model.HumanoidModel
[02:06:07] [Render thread/DEBUG] (FabricLoader/Mixin) swm.mixins.json:client.HumanoidModelMixin from mod swm->@Inject::setAnim(Lnet/minecraft/world/entity/LivingEntity;FFFFFLorg/spongepowered/asm/mixin/injection/callback/CallbackInfo;)V doesn't use it's CallbackInfo
[02:06:07] [Render thread/DEBUG] (FabricLoader/Mixin) swm.mixins.json:client.HumanoidModelMixin from mod swm->@Inject::setAnim(Lnet/minecraft/world/entity/LivingEntity;FFFFFLorg/spongepowered/asm/mixin/injection/callback/CallbackInfo;)V has 0 override(s) in child classes
[02:06:07] [Render thread/DEBUG] (FabricLoader/Mixin) swm.mixins.json:client.HumanoidModelMixin from mod swm->@Inject::setAnim(Lnet/minecraft/world/entity/LivingEntity;FFFFFLorg/spongepowered/asm/mixin/injection/callback/CallbackInfo;)V won't be passed a CallbackInfo as a result
[02:06:07] [Render thread/DEBUG] (FabricLoader/Mixin) Mixing EntityModelLayersMixin from fabric-object-builder-v1.client.mixins.json into net.minecraft.client.model.geom.ModelLayers
[02:06:07] [Render thread/DEBUG] (FabricLoader/Mixin) fabric-object-builder-v1.client.mixins.json:EntityModelLayersMixin from mod fabric-object-builder-api-v1: Class version 61 required is higher than the class version supported by the current version of Mixin (JAVA_16 supports class version 60)
[02:06:07] [Render thread/DEBUG] (FabricLoader/Mixin) Mixing EntityModelLayersAccessor from fabric-rendering-v1.mixins.json into net.minecraft.client.model.geom.ModelLayers
[02:06:07] [Render thread/DEBUG] (FabricLoader/Mixin) fabric-rendering-v1.mixins.json:EntityModelLayersAccessor from mod fabric-rendering-v1: Class version 61 required is higher than the class version supported by the current version of Mixin (JAVA_16 supports class version 60)
[02:06:07] [Render thread/DEBUG] (FabricLoader/Mixin) Renaming @Accessor method getLayers()Ljava/util/Set; to getLayers$fabric-rendering-v1_$md$4ccb60$0 in fabric-rendering-v1.mixins.json:EntityModelLayersAccessor from mod fabric-rendering-v1
[02:06:07] [Render thread/DEBUG] (FabricLoader/Mixin) fabric-object-builder-v1.client.mixins.json:EntityModelLayersMixin from mod fabric-object-builder-api-v1->@Inject::createSign(Lnet/minecraft/world/level/block/state/properties/WoodType;Lorg/spongepowered/asm/mixin/injection/callback/CallbackInfoReturnable;)V does use it's CallbackInfoReturnable
[02:06:07] [Render thread/DEBUG] (FabricLoader/Mixin) fabric-object-builder-v1.client.mixins.json:EntityModelLayersMixin from mod fabric-object-builder-api-v1->@Inject::createHangingSign(Lnet/minecraft/world/level/block/state/properties/WoodType;Lorg/spongepowered/asm/mixin/injection/callback/CallbackInfoReturnable;)V does use it's CallbackInfoReturnable
[02:06:07] [Render thread/DEBUG] (FabricLoader/Mixin) Mixing BlockEntityRendererFactoriesMixin from fabric-rendering-v1.mixins.json into net.minecraft.client.renderer.blockentity.BlockEntityRenderers
[02:06:07] [Render thread/DEBUG] (FabricLoader/Mixin) fabric-rendering-v1.mixins.json:BlockEntityRendererFactoriesMixin from mod fabric-rendering-v1: Class version 61 required is higher than the class version supported by the current version of Mixin (JAVA_16 supports class version 60)
[02:06:07] [Render thread/DEBUG] (FabricLoader/Mixin) Renaming synthetic method lambda$init$0(Lnet/minecraft/world/level/block/entity/BlockEntityType;Lnet/minecraft/client/renderer/blockentity/BlockEntityRendererProvider;)V to md4ccb60$fabric-rendering-v1$lambda$init$0$0 in fabric-rendering-v1.mixins.json:BlockEntityRendererFactoriesMixin from mod fabric-rendering-v1
[02:06:07] [Render thread/DEBUG] (FabricLoader/Mixin) fabric-rendering-v1.mixins.json:BlockEntityRendererFactoriesMixin from mod fabric-rendering-v1->@Inject::init(Lorg/spongepowered/asm/mixin/injection/callback/CallbackInfo;)V doesn't use it's CallbackInfo
[02:06:07] [Render thread/DEBUG] (FabricLoader/Mixin) Mixing EntityRenderersMixin from fabric-rendering-v1.mixins.json into net.minecraft.client.renderer.entity.EntityRenderers
[02:06:07] [Render thread/DEBUG] (FabricLoader/Mixin) fabric-rendering-v1.mixins.json:EntityRenderersMixin from mod fabric-rendering-v1: Class version 61 required is higher than the class version supported by the current version of Mixin (JAVA_16 supports class version 60)
[02:06:07] [Render thread/DEBUG] (FabricLoader/Mixin) Renaming synthetic method lambda$onRegisterRenderers$0(Lnet/minecraft/world/entity/EntityType;Lnet/minecraft/client/renderer/entity/EntityRendererProvider;)V to md4ccb60$fabric-rendering-v1$lambda$onRegisterRenderers$0$0 in fabric-rendering-v1.mixins.json:EntityRenderersMixin from mod fabric-rendering-v1
[02:06:07] [Render thread/DEBUG] (FabricLoader/Mixin) fabric-rendering-v1.mixins.json:EntityRenderersMixin from mod fabric-rendering-v1->@Inject::onRegisterRenderers(Lorg/spongepowered/asm/mixin/injection/callback/CallbackInfo;)V doesn't use it's CallbackInfo
[02:06:07] [Render thread/DEBUG] (FabricLoader/Mixin) Mixing LivingEntityRendererAccessor from fabric-rendering-v1.mixins.json into net.minecraft.client.renderer.entity.LivingEntityRenderer
[02:06:07] [Render thread/DEBUG] (FabricLoader/Mixin) fabric-rendering-v1.mixins.json:LivingEntityRendererAccessor from mod fabric-rendering-v1: Class version 61 required is higher than the class version supported by the current version of Mixin (JAVA_16 supports class version 60)
[02:06:07] [Render thread/DEBUG] (FabricLoader/Mixin) Mixing ArmorFeatureRendererMixin from fabric-rendering-v1.mixins.json into net.minecraft.client.renderer.entity.layers.HumanoidArmorLayer
[02:06:07] [Render thread/DEBUG] (FabricLoader/Mixin) fabric-rendering-v1.mixins.json:ArmorFeatureRendererMixin from mod fabric-rendering-v1: Class version 61 required is higher than the class version supported by the current version of Mixin (JAVA_16 supports class version 60)
[02:06:07] [Render thread/DEBUG] (FabricLoader/Mixin) fabric-rendering-v1.mixins.json:ArmorFeatureRendererMixin from mod fabric-rendering-v1->@Inject::renderArmor(Lcom/mojang/blaze3d/vertex/PoseStack;Lnet/minecraft/client/renderer/MultiBufferSource;Lnet/minecraft/world/entity/LivingEntity;Lnet/minecraft/world/entity/EquipmentSlot;ILnet/minecraft/client/model/HumanoidModel;Lorg/spongepowered/asm/mixin/injection/callback/CallbackInfo;)V does use it's CallbackInfo
[02:06:07] [Render thread/DEBUG] (FabricLoader/Mixin) fabric-rendering-v1.mixins.json:ArmorFeatureRendererMixin from mod fabric-rendering-v1->@Inject::getArmorTexture(Lnet/minecraft/world/item/ArmorItem;ZLjava/lang/String;Lorg/spongepowered/asm/mixin/injection/callback/CallbackInfoReturnable;)V does use it's CallbackInfoReturnable
[02:06:07] [Render thread/DEBUG] (FabricLoader/Mixin) Mixing CapeFeatureRendererMixin from fabric-rendering-v1.mixins.json into net.minecraft.client.renderer.entity.layers.CapeLayer
[02:06:07] [Render thread/DEBUG] (FabricLoader/Mixin) fabric-rendering-v1.mixins.json:CapeFeatureRendererMixin from mod fabric-rendering-v1: Class version 61 required is higher than the class version supported by the current version of Mixin (JAVA_16 supports class version 60)
[02:06:07] [Render thread/DEBUG] (FabricLoader/Mixin) fabric-rendering-v1.mixins.json:CapeFeatureRendererMixin from mod fabric-rendering-v1->@Inject::injectCapeRenderCheck(Lcom/mojang/blaze3d/vertex/PoseStack;Lnet/minecraft/client/renderer/MultiBufferSource;ILnet/minecraft/client/player/AbstractClientPlayer;FFFFFFLorg/spongepowered/asm/mixin/injection/callback/CallbackInfo;)V does use it's CallbackInfo
[02:06:07] [Render thread/WARN] (net.minecraft.client.renderer.ShaderInstance) Shader rendertype_entity_translucent_emissive could not find sampler named Sampler2 in the specified shader program.
[02:06:07] [Render thread/DEBUG] (FabricLoader/Mixin) Mixing client.MixinEffectInstance from architectury.mixins.json into net.minecraft.client.renderer.EffectInstance
[02:06:08] [Render thread/INFO] (net.minecraft.client.renderer.texture.TextureAtlas) Created: 256x256x0 minecraft:textures/atlas/particles.png-atlas
[02:06:08] [Render thread/INFO] (net.minecraft.client.renderer.texture.TextureAtlas) Created: 256x256x0 minecraft:textures/atlas/paintings.png-atlas
[02:06:08] [Render thread/INFO] (net.minecraft.client.renderer.texture.TextureAtlas) Created: 128x128x0 minecraft:textures/atlas/mob_effects.png-atlas
[02:06:08] [Render thread/INFO] (net.minecraft.client.renderer.texture.TextureAtlas) Created: 256x256x0 jei:textures/atlas/gui.png-atlas
[02:06:10] [Render thread/DEBUG] (com.mojang.blaze3d.vertex.BufferBuilder) Needed to grow BufferBuilder buffer: Old size 1536 bytes, new size 2098688 bytes.
[02:12:58] [Server Pinger #0/DEBUG] (io.netty.util.internal.PlatformDependent0) -Dio.netty.noUnsafe: false
[02:12:58] [Server Pinger #0/DEBUG] (io.netty.util.internal.PlatformDependent0) Java version: 22
[02:12:58] [Server Pinger #0/DEBUG] (io.netty.util.internal.PlatformDependent0) sun.misc.Unsafe.theUnsafe: available
[02:12:58] [Server Pinger #0/DEBUG] (io.netty.util.internal.PlatformDependent0) sun.misc.Unsafe.copyMemory: available
[02:12:58] [Server Pinger #0/DEBUG] (io.netty.util.internal.PlatformDependent0) sun.misc.Unsafe.storeFence: available
[02:12:58] [Server Pinger #0/DEBUG] (io.netty.util.internal.PlatformDependent0) java.nio.Buffer.address: available
[02:12:58] [Server Pinger #0/DEBUG] (io.netty.util.internal.PlatformDependent0) direct buffer constructor: unavailable
java.lang.NoSuchMethodException: java.nio.DirectByteBuffer.<init>(long,int)
	at java.lang.Class.getConstructor0(Class.java:3784) ~[?:?]
	at java.lang.Class.getDeclaredConstructor(Class.java:2955) ~[?:?]
	at io.netty.util.internal.PlatformDependent0$5.run(PlatformDependent0.java:287) ~[netty-common-4.1.82.Final.jar:?]
	at java.security.AccessController.doPrivileged(AccessController.java:319) ~[?:?]
	at io.netty.util.internal.PlatformDependent0.<clinit>(PlatformDependent0.java:282) ~[netty-common-4.1.82.Final.jar:?]
	at io.netty.util.internal.PlatformDependent.isAndroid(PlatformDependent.java:333) ~[netty-common-4.1.82.Final.jar:?]
	at io.netty.util.internal.PlatformDependent.<clinit>(PlatformDependent.java:88) ~[netty-common-4.1.82.Final.jar:?]
	at io.netty.util.ConstantPool.<init>(ConstantPool.java:34) ~[netty-common-4.1.82.Final.jar:?]
	at io.netty.util.AttributeKey$1.<init>(AttributeKey.java:27) ~[netty-common-4.1.82.Final.jar:?]
	at io.netty.util.AttributeKey.<clinit>(AttributeKey.java:27) ~[netty-common-4.1.82.Final.jar:?]
	at net.minecraft.network.Connection.<clinit>(Connection.java:64) ~[minecraft-merged-adc751d9ee-1.20.1-loom.mappings.1_20_1.layered+hash.1900676243-v2.jar:?]
	at net.minecraft.client.multiplayer.ServerStatusPinger.pingServer(ServerStatusPinger.java:69) ~[minecraft-merged-adc751d9ee-1.20.1-loom.mappings.1_20_1.layered+hash.1900676243-v2.jar:?]
	at net.minecraft.client.gui.screens.multiplayer.ServerSelectionList$OnlineServerEntry.method_20138(ServerSelectionList.java:243) ~[minecraft-merged-adc751d9ee-1.20.1-loom.mappings.1_20_1.layered+hash.1900676243-v2.jar:?]
	at java.util.concurrent.Executors$RunnableAdapter.call(Executors.java:572) ~[?:?]
	at java.util.concurrent.FutureTask.run$$$capture(FutureTask.java:317) ~[?:?]
	at java.util.concurrent.FutureTask.run(FutureTask.java) ~[?:?]
	at java.util.concurrent.ScheduledThreadPoolExecutor$ScheduledFutureTask.run(ScheduledThreadPoolExecutor.java:304) ~[?:?]
	at java.util.concurrent.ThreadPoolExecutor.runWorker(ThreadPoolExecutor.java:1144) ~[?:?]
	at java.util.concurrent.ThreadPoolExecutor$Worker.run(ThreadPoolExecutor.java:642) ~[?:?]
	at java.lang.Thread.run(Thread.java:1570) ~[?:?]
[02:12:58] [Server Pinger #0/DEBUG] (io.netty.util.internal.PlatformDependent0) java.nio.Bits.unaligned: available, true
[02:12:58] [Server Pinger #0/DEBUG] (io.netty.util.internal.PlatformDependent0) jdk.internal.misc.Unsafe.allocateUninitializedArray(int): unavailable
java.lang.IllegalAccessException: class io.netty.util.internal.PlatformDependent0$7 cannot access class jdk.internal.misc.Unsafe (in module java.base) because module java.base does not export jdk.internal.misc to unnamed module @57fbf72e
	at jdk.internal.reflect.Reflection.newIllegalAccessException(Reflection.java:398) ~[?:?]
	at java.lang.reflect.AccessibleObject.checkAccess(AccessibleObject.java:709) ~[?:?]
	at java.lang.reflect.Method.invoke(Method.java:571) ~[?:?]
	at io.netty.util.internal.PlatformDependent0$7.run(PlatformDependent0.java:410) ~[netty-common-4.1.82.Final.jar:?]
	at java.security.AccessController.doPrivileged(AccessController.java:319) ~[?:?]
	at io.netty.util.internal.PlatformDependent0.<clinit>(PlatformDependent0.java:401) ~[netty-common-4.1.82.Final.jar:?]
	at io.netty.util.internal.PlatformDependent.isAndroid(PlatformDependent.java:333) ~[netty-common-4.1.82.Final.jar:?]
	at io.netty.util.internal.PlatformDependent.<clinit>(PlatformDependent.java:88) ~[netty-common-4.1.82.Final.jar:?]
	at io.netty.util.ConstantPool.<init>(ConstantPool.java:34) ~[netty-common-4.1.82.Final.jar:?]
	at io.netty.util.AttributeKey$1.<init>(AttributeKey.java:27) ~[netty-common-4.1.82.Final.jar:?]
	at io.netty.util.AttributeKey.<clinit>(AttributeKey.java:27) ~[netty-common-4.1.82.Final.jar:?]
	at net.minecraft.network.Connection.<clinit>(Connection.java:64) ~[minecraft-merged-adc751d9ee-1.20.1-loom.mappings.1_20_1.layered+hash.1900676243-v2.jar:?]
	at net.minecraft.client.multiplayer.ServerStatusPinger.pingServer(ServerStatusPinger.java:69) ~[minecraft-merged-adc751d9ee-1.20.1-loom.mappings.1_20_1.layered+hash.1900676243-v2.jar:?]
	at net.minecraft.client.gui.screens.multiplayer.ServerSelectionList$OnlineServerEntry.method_20138(ServerSelectionList.java:243) ~[minecraft-merged-adc751d9ee-1.20.1-loom.mappings.1_20_1.layered+hash.1900676243-v2.jar:?]
	at java.util.concurrent.Executors$RunnableAdapter.call(Executors.java:572) ~[?:?]
	at java.util.concurrent.FutureTask.run$$$capture(FutureTask.java:317) ~[?:?]
	at java.util.concurrent.FutureTask.run(FutureTask.java) ~[?:?]
	at java.util.concurrent.ScheduledThreadPoolExecutor$ScheduledFutureTask.run(ScheduledThreadPoolExecutor.java:304) ~[?:?]
	at java.util.concurrent.ThreadPoolExecutor.runWorker(ThreadPoolExecutor.java:1144) ~[?:?]
	at java.util.concurrent.ThreadPoolExecutor$Worker.run(ThreadPoolExecutor.java:642) ~[?:?]
	at java.lang.Thread.run(Thread.java:1570) ~[?:?]
[02:12:58] [Server Pinger #0/DEBUG] (io.netty.util.internal.PlatformDependent0) java.nio.DirectByteBuffer.<init>(long, int): unavailable
[02:12:58] [Server Pinger #0/DEBUG] (io.netty.util.internal.PlatformDependent) sun.misc.Unsafe: available
[02:12:58] [Server Pinger #0/DEBUG] (io.netty.util.internal.PlatformDependent) maxDirectMemory: 4282384384 bytes (maybe)
[02:12:58] [Server Pinger #0/DEBUG] (io.netty.util.internal.PlatformDependent) -Dio.netty.tmpdir: C:\Users\Aidan\AppData\Local\Temp (java.io.tmpdir)
[02:12:58] [Server Pinger #0/DEBUG] (io.netty.util.internal.PlatformDependent) -Dio.netty.bitMode: 64 (sun.arch.data.model)
[02:12:58] [Server Pinger #0/DEBUG] (io.netty.util.internal.PlatformDependent) Platform: Windows
[02:12:58] [Server Pinger #0/DEBUG] (io.netty.util.internal.PlatformDependent) -Dio.netty.maxDirectMemory: -1 bytes
[02:12:58] [Server Pinger #0/DEBUG] (io.netty.util.internal.PlatformDependent) -Dio.netty.uninitializedArrayAllocationThreshold: -1
[02:12:58] [Server Pinger #0/DEBUG] (io.netty.util.internal.CleanerJava9) java.nio.ByteBuffer.cleaner(): available
[02:12:58] [Server Pinger #0/DEBUG] (io.netty.util.internal.PlatformDependent) -Dio.netty.noPreferDirect: false
[02:12:58] [Server Pinger #0/DEBUG] (io.netty.channel.MultithreadEventLoopGroup) -Dio.netty.eventLoopThreads: 24
[02:12:58] [Server Pinger #0/DEBUG] (io.netty.channel.nio.NioEventLoop) -Dio.netty.noKeySetOptimization: false
[02:12:58] [Server Pinger #0/DEBUG] (io.netty.channel.nio.NioEventLoop) -Dio.netty.selectorAutoRebuildThreshold: 512
[02:12:58] [Server Pinger #0/DEBUG] (io.netty.util.internal.PlatformDependent) org.jctools-core.MpscChunkedArrayQueue: available
[02:12:58] [Server Pinger #0/DEBUG] (io.netty.channel.DefaultChannelId) -Dio.netty.processId: 13212 (auto-detected)
[02:12:58] [Server Pinger #0/DEBUG] (io.netty.util.NetUtil) -Djava.net.preferIPv4Stack: false
[02:12:58] [Server Pinger #0/DEBUG] (io.netty.util.NetUtil) -Djava.net.preferIPv6Addresses: false
[02:12:58] [Server Pinger #0/DEBUG] (io.netty.util.NetUtilInitializations) Loopback interface: loopback_0 (Software Loopback Interface 1, 0:0:0:0:0:0:0:1)
[02:12:58] [Server Pinger #0/DEBUG] (io.netty.util.NetUtil) Failed to get SOMAXCONN from sysctl and file \proc\sys\net\core\somaxconn. Default: 200
[02:12:58] [Server Pinger #0/DEBUG] (io.netty.channel.DefaultChannelId) -Dio.netty.machineId: 14:18:c3:ff:fe:02:38:66 (auto-detected)
[02:12:59] [Server Pinger #0/DEBUG] (io.netty.buffer.PooledByteBufAllocator) -Dio.netty.allocator.numHeapArenas: 24
[02:12:59] [Server Pinger #0/DEBUG] (io.netty.buffer.PooledByteBufAllocator) -Dio.netty.allocator.numDirectArenas: 24
[02:12:59] [Server Pinger #0/DEBUG] (io.netty.buffer.PooledByteBufAllocator) -Dio.netty.allocator.pageSize: 8192
[02:12:59] [Server Pinger #0/DEBUG] (io.netty.buffer.PooledByteBufAllocator) -Dio.netty.allocator.maxOrder: 9
[02:12:59] [Server Pinger #0/DEBUG] (io.netty.buffer.PooledByteBufAllocator) -Dio.netty.allocator.chunkSize: 4194304
[02:12:59] [Server Pinger #0/DEBUG] (io.netty.buffer.PooledByteBufAllocator) -Dio.netty.allocator.smallCacheSize: 256
[02:12:59] [Server Pinger #0/DEBUG] (io.netty.buffer.PooledByteBufAllocator) -Dio.netty.allocator.normalCacheSize: 64
[02:12:59] [Server Pinger #0/DEBUG] (io.netty.buffer.PooledByteBufAllocator) -Dio.netty.allocator.maxCachedBufferCapacity: 32768
[02:12:59] [Server Pinger #0/DEBUG] (io.netty.buffer.PooledByteBufAllocator) -Dio.netty.allocator.cacheTrimInterval: 8192
[02:12:59] [Server Pinger #0/DEBUG] (io.netty.buffer.PooledByteBufAllocator) -Dio.netty.allocator.cacheTrimIntervalMillis: 0
[02:12:59] [Server Pinger #0/DEBUG] (io.netty.buffer.PooledByteBufAllocator) -Dio.netty.allocator.useCacheForAllThreads: false
[02:12:59] [Server Pinger #0/DEBUG] (io.netty.buffer.PooledByteBufAllocator) -Dio.netty.allocator.maxCachedByteBuffersPerChunk: 1023
[02:12:59] [Server Pinger #0/DEBUG] (io.netty.buffer.ByteBufUtil) -Dio.netty.allocator.type: pooled
[02:12:59] [Server Pinger #0/DEBUG] (io.netty.buffer.ByteBufUtil) -Dio.netty.threadLocalDirectBufferSize: 0
[02:12:59] [Server Pinger #0/DEBUG] (io.netty.buffer.ByteBufUtil) -Dio.netty.maxThreadLocalCharBufferSize: 16384
[02:12:59] [Netty Client IO #0/DEBUG] (FabricLoader/Mixin) Mixing ingredient.PacketEncoderMixin from fabric-recipe-api-v1.mixins.json into net.minecraft.network.PacketEncoder
[02:12:59] [Netty Client IO #0/DEBUG] (FabricLoader/Mixin) fabric-recipe-api-v1.mixins.json:ingredient.PacketEncoderMixin from mod fabric-recipe-api-v1->@Inject::capturePacketEncoder(Lio/netty/channel/ChannelHandlerContext;Lnet/minecraft/network/protocol/Packet;Lio/netty/buffer/ByteBuf;Lorg/spongepowered/asm/mixin/injection/callback/CallbackInfo;)V doesn't use it's CallbackInfo
[02:12:59] [Netty Client IO #0/DEBUG] (FabricLoader/Mixin) fabric-recipe-api-v1.mixins.json:ingredient.PacketEncoderMixin from mod fabric-recipe-api-v1->@Inject::capturePacketEncoder(Lio/netty/channel/ChannelHandlerContext;Lnet/minecraft/network/protocol/Packet;Lio/netty/buffer/ByteBuf;Lorg/spongepowered/asm/mixin/injection/callback/CallbackInfo;)V has 0 override(s) in child classes
[02:12:59] [Netty Client IO #0/DEBUG] (FabricLoader/Mixin) fabric-recipe-api-v1.mixins.json:ingredient.PacketEncoderMixin from mod fabric-recipe-api-v1->@Inject::capturePacketEncoder(Lio/netty/channel/ChannelHandlerContext;Lnet/minecraft/network/protocol/Packet;Lio/netty/buffer/ByteBuf;Lorg/spongepowered/asm/mixin/injection/callback/CallbackInfo;)V won't be passed a CallbackInfo as a result
[02:12:59] [Netty Client IO #0/DEBUG] (FabricLoader/Mixin) fabric-recipe-api-v1.mixins.json:ingredient.PacketEncoderMixin from mod fabric-recipe-api-v1->@Inject::releasePacketEncoder(Lio/netty/channel/ChannelHandlerContext;Lnet/minecraft/network/protocol/Packet;Lio/netty/buffer/ByteBuf;Lorg/spongepowered/asm/mixin/injection/callback/CallbackInfo;)V doesn't use it's CallbackInfo
[02:12:59] [Netty Client IO #0/DEBUG] (FabricLoader/Mixin) fabric-recipe-api-v1.mixins.json:ingredient.PacketEncoderMixin from mod fabric-recipe-api-v1->@Inject::releasePacketEncoder(Lio/netty/channel/ChannelHandlerContext;Lnet/minecraft/network/protocol/Packet;Lio/netty/buffer/ByteBuf;Lorg/spongepowered/asm/mixin/injection/callback/CallbackInfo;)V has 0 override(s) in child classes
[02:12:59] [Netty Client IO #0/DEBUG] (FabricLoader/Mixin) fabric-recipe-api-v1.mixins.json:ingredient.PacketEncoderMixin from mod fabric-recipe-api-v1->@Inject::releasePacketEncoder(Lio/netty/channel/ChannelHandlerContext;Lnet/minecraft/network/protocol/Packet;Lio/netty/buffer/ByteBuf;Lorg/spongepowered/asm/mixin/injection/callback/CallbackInfo;)V won't be passed a CallbackInfo as a result
[02:12:59] [Netty Client IO #0/DEBUG] (FabricLoader/Mixin) fabric-recipe-api-v1.mixins.json:ingredient.PacketEncoderMixin from mod fabric-recipe-api-v1->@Inject::releasePacketEncoder(Lio/netty/channel/ChannelHandlerContext;Lnet/minecraft/network/protocol/Packet;Lio/netty/buffer/ByteBuf;Lorg/spongepowered/asm/mixin/injection/callback/CallbackInfo;)V doesn't use it's CallbackInfo
[02:12:59] [Netty Client IO #0/DEBUG] (FabricLoader/Mixin) fabric-recipe-api-v1.mixins.json:ingredient.PacketEncoderMixin from mod fabric-recipe-api-v1->@Inject::releasePacketEncoder(Lio/netty/channel/ChannelHandlerContext;Lnet/minecraft/network/protocol/Packet;Lio/netty/buffer/ByteBuf;Lorg/spongepowered/asm/mixin/injection/callback/CallbackInfo;)V has 0 override(s) in child classes
[02:12:59] [Netty Client IO #0/DEBUG] (FabricLoader/Mixin) fabric-recipe-api-v1.mixins.json:ingredient.PacketEncoderMixin from mod fabric-recipe-api-v1->@Inject::releasePacketEncoder(Lio/netty/channel/ChannelHandlerContext;Lnet/minecraft/network/protocol/Packet;Lio/netty/buffer/ByteBuf;Lorg/spongepowered/asm/mixin/injection/callback/CallbackInfo;)V won't be passed a CallbackInfo as a result
[02:13:09] [Render thread/DEBUG] (FabricLoader/Mixin) Mixing accessor.ConnectScreenAccessor from fabric-networking-api-v1.client.mixins.json into net.minecraft.client.gui.screens.ConnectScreen
[02:13:09] [Render thread/DEBUG] (FabricLoader/Mixin) fabric-networking-api-v1.client.mixins.json:accessor.ConnectScreenAccessor from mod fabric-networking-api-v1: Class version 61 required is higher than the class version supported by the current version of Mixin (JAVA_16 supports class version 60)
[02:13:09] [Render thread/INFO] (mezz.jei.fabric.startup.ClientLifecycleHandler) Stopping JEI
[02:13:09] [Render thread/INFO] (mezz.jei.library.startup.JeiStarter) Stopping JEI
[02:13:09] [Render thread/INFO] (mezz.jei.library.load.PluginCaller) Sending Runtime Unavailable...
[02:13:09] [Render thread/DEBUG] (mezz.jei.library.load.PluginCallerTimerRunnable) Sending Runtime Unavailable: jei:minecraft...
[02:13:09] [Render thread/DEBUG] (mezz.jei.library.load.PluginCallerTimerRunnable) Sending Runtime Unavailable: jei:debug...
[02:13:09] [Render thread/DEBUG] (mezz.jei.library.load.PluginCallerTimerRunnable) Sending Runtime Unavailable: jei:fabric_gui...
[02:13:09] [Render thread/INFO] (mezz.jei.fabric.plugins.fabric.FabricGuiPlugin) Stopping JEI GUI
[02:13:09] [Render thread/DEBUG] (mezz.jei.library.load.PluginCallerTimerRunnable) Sending Runtime Unavailable: jei:gui...
[02:13:09] [Render thread/DEBUG] (mezz.jei.library.load.PluginCallerTimerRunnable) Sending Runtime Unavailable: swm:crafting...
[02:13:09] [Render thread/DEBUG] (mezz.jei.library.load.PluginCallerTimerRunnable) Sending Runtime Unavailable: jei:internal...
[02:13:09] [Render thread/INFO] (mezz.jei.library.load.PluginCaller) Sending Runtime Unavailable took 384.3 μs
[02:13:09] [Render thread/INFO] (net.minecraft.client.gui.screens.ConnectScreen) Connecting to 192.168.1.223, 51160
[02:13:09] [Netty Client IO #2/DEBUG] (FabricLoader/Mixin) Mixing BlockEntityUpdateS2CPacketMixin from fabric-data-attachment-api-v1.mixins.json into net.minecraft.network.protocol.game.ClientboundBlockEntityDataPacket
[02:13:09] [Netty Client IO #2/DEBUG] (FabricLoader/Mixin) Renaming synthetic method lambda$stripPersistentAttachmentData$0(Ljava/util/function/Function;Lnet/minecraft/world/level/block/entity/BlockEntity;)Lnet/minecraft/nbt/CompoundTag; to md4ccb60$fabric-data-attachment-api-v1$lambda$stripPersistentAttachmentData$0$0 in fabric-data-attachment-api-v1.mixins.json:BlockEntityUpdateS2CPacketMixin from mod fabric-data-attachment-api-v1
[02:13:10] [Netty Client IO #2/DEBUG] (FabricLoader/Mixin) Mixing accessor.CustomPayloadC2SPacketAccessor from fabric-networking-api-v1.mixins.json into net.minecraft.network.protocol.game.ServerboundCustomPayloadPacket
[02:13:10] [Netty Client IO #2/DEBUG] (FabricLoader/Mixin) fabric-networking-api-v1.mixins.json:accessor.CustomPayloadC2SPacketAccessor from mod fabric-networking-api-v1: Class version 61 required is higher than the class version supported by the current version of Mixin (JAVA_16 supports class version 60)
[02:13:10] [Netty Client IO #2/DEBUG] (FabricLoader/Mixin) Mixing accessor.LoginQueryResponseC2SPacketAccessor from fabric-networking-api-v1.mixins.json into net.minecraft.network.protocol.login.ServerboundCustomQueryPacket
[02:13:10] [Netty Client IO #2/DEBUG] (FabricLoader/Mixin) fabric-networking-api-v1.mixins.json:accessor.LoginQueryResponseC2SPacketAccessor from mod fabric-networking-api-v1: Class version 61 required is higher than the class version supported by the current version of Mixin (JAVA_16 supports class version 60)
[02:13:10] [Netty Client IO #2/DEBUG] (io.netty.util.Recycler) -Dio.netty.recycler.maxCapacityPerThread: 4096
[02:13:10] [Netty Client IO #2/DEBUG] (io.netty.util.Recycler) -Dio.netty.recycler.ratio: 8
[02:13:10] [Netty Client IO #2/DEBUG] (io.netty.util.Recycler) -Dio.netty.recycler.chunkSize: 32
[02:13:10] [Netty Client IO #2/DEBUG] (io.netty.util.Recycler) -Dio.netty.recycler.blocking: false
[02:13:10] [Netty Client IO #2/DEBUG] (io.netty.buffer.AbstractByteBuf) -Dio.netty.buffer.checkAccessible: true
[02:13:10] [Netty Client IO #2/DEBUG] (io.netty.buffer.AbstractByteBuf) -Dio.netty.buffer.checkBounds: true
[02:13:10] [Netty Client IO #2/DEBUG] (io.netty.util.ResourceLeakDetectorFactory) Loaded default ResourceLeakDetector: io.netty.util.ResourceLeakDetector@5541a9ff
[02:13:10] [Downloader 0/DEBUG] (com.mojang.authlib.HttpAuthenticationService) Opening connection to https://sessionserver.mojang.com/session/minecraft/join
[02:13:10] [Downloader 0/DEBUG] (com.mojang.authlib.HttpAuthenticationService) Writing POST data to https://sessionserver.mojang.com/session/minecraft/join: {"accessToken":"FabricMC","selectedProfile":"0e2a864340df3a07bffeaa9fb0809920","serverId":"-7f5940af12fdd8023802515d51799b9f8f9e4817"}
[02:13:10] [Downloader 0/DEBUG] (com.mojang.authlib.HttpAuthenticationService) Reading data from https://sessionserver.mojang.com/session/minecraft/join
[02:13:10] [Downloader 0/DEBUG] (com.mojang.authlib.HttpAuthenticationService) Reading error page from https://sessionserver.mojang.com/session/minecraft/join
[02:13:10] [Downloader 0/DEBUG] (com.mojang.authlib.HttpAuthenticationService) Successful read, server response was 403
[02:13:10] [Downloader 0/DEBUG] (com.mojang.authlib.HttpAuthenticationService) Response: {
  "error" : "ForbiddenOperationException",
  "path" : "/session/minecraft/join"
}
[02:13:10] [Downloader 0/WARN] (net.minecraft.client.multiplayer.ClientHandshakePacketListenerImpl) Failed to log in: Invalid session (Try restarting your game and the launcher)
[02:13:10] [Netty Client IO #2/DEBUG] (ClientLoginNetworkAddon for Client) Handling inbound login response with id 0 and channel with name fabric:custom_ingredient_sync
[02:13:10] [Netty Client IO #2/DEBUG] (ClientLoginNetworkAddon for Client) Handling inbound login response with id 1 and channel with name fabric-networking-api-v1:early_registration
[02:13:10] [Netty Client IO #2/DEBUG] (fabric-networking-api-v1) Received accepted channels from the server
[02:13:10] [Netty Client IO #2/DEBUG] (fabric-networking-api-v1) Sent accepted channels to the server
[02:13:10] [Netty Client IO #2/DEBUG] (FabricLoader/Mixin) Mixing client.ClientPlayerAttackInvoker from architectury.mixins.json into net.minecraft.client.player.RemotePlayer
[02:13:10] [Netty Client IO #2/DEBUG] (FabricLoader/Mixin) architectury.mixins.json:client.ClientPlayerAttackInvoker from mod architectury->@Inject::hurt(Lnet/minecraft/world/damagesource/DamageSource;FLorg/spongepowered/asm/mixin/injection/callback/CallbackInfoReturnable;)V does use it's CallbackInfoReturnable
[02:13:10] [Netty Client IO #2/DEBUG] (FabricLoader/Mixin) Mixing KeyedResourceReloadListenerMixin from fabric-resource-loader-v0.mixins.json into net.minecraft.world.item.crafting.RecipeManager
[02:13:10] [Netty Client IO #2/DEBUG] (FabricLoader/Mixin) fabric-resource-loader-v0.mixins.json:KeyedResourceReloadListenerMixin from mod fabric-resource-loader-v0: Class version 61 required is higher than the class version supported by the current version of Mixin (JAVA_16 supports class version 60)
[02:13:10] [Netty Client IO #2/DEBUG] (FabricLoader/Mixin) Mixing modification.DynamicRegistryManagerImmutableImplMixin from fabric-biome-api-v1.mixins.json into net.minecraft.core.RegistryAccess$ImmutableRegistryAccess
[02:13:10] [Netty Client IO #2/DEBUG] (FabricLoader/Mixin) fabric-biome-api-v1.mixins.json:modification.DynamicRegistryManagerImmutableImplMixin from mod fabric-biome-api-v1: Class version 61 required is higher than the class version supported by the current version of Mixin (JAVA_16 supports class version 60)
[02:13:10] [Netty Client IO #2/DEBUG] (FabricLoader/Mixin) Mixing ClientCommandSourceMixin from fabric-command-api-v2.client.mixins.json into net.minecraft.client.multiplayer.ClientSuggestionProvider
[02:13:10] [Netty Client IO #2/DEBUG] (FabricLoader/Mixin) fabric-command-api-v2.client.mixins.json:ClientCommandSourceMixin from mod fabric-command-api-v2: Class version 61 required is higher than the class version supported by the current version of Mixin (JAVA_16 supports class version 60)
[02:13:10] [Netty Client IO #2/DEBUG] (FabricLoader/Mixin) Mixing client.MixinFabricClientCommandSource from architectury.mixins.json into net.fabricmc.fabric.api.client.command.v2.FabricClientCommandSource
[02:13:10] [Netty Client IO #2/DEBUG] (FabricLoader/Mixin) Mixing SerializableRegistriesMixin from fabric-registry-sync-v0.mixins.json into net.minecraft.core.RegistrySynchronization
[02:13:10] [Netty Client IO #2/DEBUG] (FabricLoader/Mixin) fabric-registry-sync-v0.mixins.json:SerializableRegistriesMixin from mod fabric-registry-sync-v0: Class version 61 required is higher than the class version supported by the current version of Mixin (JAVA_16 supports class version 60)
[02:13:10] [Netty Client IO #2/DEBUG] (FabricLoader/Mixin) Renaming synthetic method lambda$filterNonSyncedEntries$0(Lnet/minecraft/core/RegistryAccess$RegistryEntry;)Z to md4ccb60$fabric-registry-sync-v0$lambda$filterNonSyncedEntries$0$0 in fabric-registry-sync-v0.mixins.json:SerializableRegistriesMixin from mod fabric-registry-sync-v0
[02:13:10] [Render thread/DEBUG] (FabricLoader/Mixin) Mixing ClientPlayerInteractionManagerMixin from fabric-events-interaction-v0.client.mixins.json into net.minecraft.client.multiplayer.MultiPlayerGameMode
[02:13:10] [Render thread/DEBUG] (FabricLoader/Mixin) fabric-events-interaction-v0.client.mixins.json:ClientPlayerInteractionManagerMixin from mod fabric-events-interaction-v0: Class version 61 required is higher than the class version supported by the current version of Mixin (JAVA_16 supports class version 60)
[02:13:10] [Render thread/DEBUG] (FabricLoader/Mixin) Renaming synthetic method lambda$interactItem$2(Lnet/minecraft/world/InteractionHand;I)Lnet/minecraft/network/protocol/Packet; to md4ccb60$fabric-events-interaction-v0$lambda$interactItem$2$0 in fabric-events-interaction-v0.client.mixins.json:ClientPlayerInteractionManagerMixin from mod fabric-events-interaction-v0
[02:13:10] [Render thread/DEBUG] (FabricLoader/Mixin) Renaming synthetic method lambda$interactBlock$1(Lnet/minecraft/world/InteractionHand;Lnet/minecraft/world/phys/BlockHitResult;I)Lnet/minecraft/network/protocol/Packet; to md4ccb60$fabric-events-interaction-v0$lambda$interactBlock$1$1 in fabric-events-interaction-v0.client.mixins.json:ClientPlayerInteractionManagerMixin from mod fabric-events-interaction-v0
[02:13:10] [Render thread/DEBUG] (FabricLoader/Mixin) Renaming synthetic method lambda$fabric_fireAttackBlockCallback$0(Lnet/minecraft/core/BlockPos;Lnet/minecraft/core/Direction;I)Lnet/minecraft/network/protocol/Packet; to md4ccb60$fabric-events-interaction-v0$lambda$fabric_fireAttackBlockCallback$0$2 in fabric-events-interaction-v0.client.mixins.json:ClientPlayerInteractionManagerMixin from mod fabric-events-interaction-v0
[02:13:10] [Render thread/DEBUG] (FabricLoader/Mixin) Mixing client.MixinMultiPlayerGameMode from architectury.mixins.json into net.minecraft.client.multiplayer.MultiPlayerGameMode
[02:13:10] [Render thread/DEBUG] (FabricLoader/Mixin) Mixing ClientPlayerInteractionManagerMixin from fabric-item-api-v1.client.mixins.json into net.minecraft.client.multiplayer.MultiPlayerGameMode
[02:13:10] [Render thread/DEBUG] (FabricLoader/Mixin) fabric-item-api-v1.client.mixins.json:ClientPlayerInteractionManagerMixin from mod fabric-item-api-v1: Class version 61 required is higher than the class version supported by the current version of Mixin (JAVA_16 supports class version 60)
[02:13:10] [Render thread/DEBUG] (FabricLoader/Mixin) fabric-events-interaction-v0.client.mixins.json:ClientPlayerInteractionManagerMixin from mod fabric-events-interaction-v0->@Inject::attackBlock(Lnet/minecraft/core/BlockPos;Lnet/minecraft/core/Direction;Lorg/spongepowered/asm/mixin/injection/callback/CallbackInfoReturnable;)V does use it's CallbackInfoReturnable
[02:13:10] [Render thread/DEBUG] (FabricLoader/Mixin) fabric-events-interaction-v0.client.mixins.json:ClientPlayerInteractionManagerMixin from mod fabric-events-interaction-v0->@Inject::method_2902(Lnet/minecraft/core/BlockPos;Lnet/minecraft/core/Direction;Lorg/spongepowered/asm/mixin/injection/callback/CallbackInfoReturnable;)V does use it's CallbackInfoReturnable
[02:13:10] [Render thread/DEBUG] (FabricLoader/Mixin) fabric-events-interaction-v0.client.mixins.json:ClientPlayerInteractionManagerMixin from mod fabric-events-interaction-v0->@Inject::interactBlock(Lnet/minecraft/client/player/LocalPlayer;Lnet/minecraft/world/InteractionHand;Lnet/minecraft/world/phys/BlockHitResult;Lorg/spongepowered/asm/mixin/injection/callback/CallbackInfoReturnable;)V does use it's CallbackInfoReturnable
[02:13:10] [Render thread/DEBUG] (FabricLoader/Mixin) fabric-events-interaction-v0.client.mixins.json:ClientPlayerInteractionManagerMixin from mod fabric-events-interaction-v0->@Inject::interactItem(Lnet/minecraft/world/entity/player/Player;Lnet/minecraft/world/InteractionHand;Lorg/spongepowered/asm/mixin/injection/callback/CallbackInfoReturnable;)V does use it's CallbackInfoReturnable
[02:13:10] [Render thread/DEBUG] (FabricLoader/Mixin) fabric-events-interaction-v0.client.mixins.json:ClientPlayerInteractionManagerMixin from mod fabric-events-interaction-v0->@Inject::attackEntity(Lnet/minecraft/world/entity/player/Player;Lnet/minecraft/world/entity/Entity;Lorg/spongepowered/asm/mixin/injection/callback/CallbackInfo;)V does use it's CallbackInfo
[02:13:10] [Render thread/DEBUG] (FabricLoader/Mixin) architectury.mixins.json:client.MixinMultiPlayerGameMode from mod architectury->@Inject::entityInteract(Lnet/minecraft/world/entity/player/Player;Lnet/minecraft/world/entity/Entity;Lnet/minecraft/world/InteractionHand;Lorg/spongepowered/asm/mixin/injection/callback/CallbackInfoReturnable;)V does use it's CallbackInfoReturnable
[02:13:10] [Netty Client IO #2/DEBUG] (ClientPlayNetworkAddon for Player942) Handling inbound packet from channel with name "fabric:registry/sync/direct"
[02:13:10] [Netty Client IO #2/DEBUG] (ClientPlayNetworkAddon for Player942) Handling inbound packet from channel with name "fabric:registry/sync/direct"
[02:13:10] [Render thread/DEBUG] (FabricLoader/Mixin) Mixing GameRulesAccessor from fabric-game-rule-api-v1.mixins.json into net.minecraft.world.level.GameRules
[02:13:10] [Render thread/DEBUG] (FabricLoader/Mixin) fabric-game-rule-api-v1.mixins.json:GameRulesAccessor from mod fabric-game-rule-api-v1: Class version 61 required is higher than the class version supported by the current version of Mixin (JAVA_16 supports class version 60)
[02:13:10] [Render thread/DEBUG] (FabricLoader/Mixin) Renaming @Invoker method callRegister(Ljava/lang/String;Lnet/minecraft/world/level/GameRules$Category;Lnet/minecraft/world/level/GameRules$Type;)Lnet/minecraft/world/level/GameRules$Key; to callRegister$fabric-game-rule-api-v1_$md$4ccb60$0 in fabric-game-rule-api-v1.mixins.json:GameRulesAccessor from mod fabric-game-rule-api-v1
[02:13:10] [Render thread/DEBUG] (FabricLoader/Mixin) Renaming @Accessor method getRuleTypes()Ljava/util/Map; to getRuleTypes$fabric-game-rule-api-v1_$md$4ccb60$1 in fabric-game-rule-api-v1.mixins.json:GameRulesAccessor from mod fabric-game-rule-api-v1
[02:13:10] [Render thread/DEBUG] (FabricLoader/Mixin) Mixing GameRulesKeyMixin from fabric-game-rule-api-v1.mixins.json into net.minecraft.world.level.GameRules$Key
[02:13:10] [Render thread/DEBUG] (FabricLoader/Mixin) fabric-game-rule-api-v1.mixins.json:GameRulesKeyMixin from mod fabric-game-rule-api-v1: Class version 61 required is higher than the class version supported by the current version of Mixin (JAVA_16 supports class version 60)
[02:13:10] [Render thread/DEBUG] (FabricLoader/Mixin) Mixing GameRulesBooleanRuleAccessor from fabric-game-rule-api-v1.mixins.json into net.minecraft.world.level.GameRules$BooleanValue
[02:13:10] [Render thread/DEBUG] (FabricLoader/Mixin) fabric-game-rule-api-v1.mixins.json:GameRulesBooleanRuleAccessor from mod fabric-game-rule-api-v1: Class version 61 required is higher than the class version supported by the current version of Mixin (JAVA_16 supports class version 60)
[02:13:10] [Render thread/DEBUG] (FabricLoader/Mixin) Renaming @Invoker method invokeCreate(ZLjava/util/function/BiConsumer;)Lnet/minecraft/world/level/GameRules$Type; to invokeCreate$fabric-game-rule-api-v1_$md$4ccb60$0 in fabric-game-rule-api-v1.mixins.json:GameRulesBooleanRuleAccessor from mod fabric-game-rule-api-v1
[02:13:10] [Render thread/DEBUG] (FabricLoader/Mixin) Mixing GameRulesIntRuleAccessor from fabric-game-rule-api-v1.mixins.json into net.minecraft.world.level.GameRules$IntegerValue
[02:13:10] [Render thread/DEBUG] (FabricLoader/Mixin) fabric-game-rule-api-v1.mixins.json:GameRulesIntRuleAccessor from mod fabric-game-rule-api-v1: Class version 61 required is higher than the class version supported by the current version of Mixin (JAVA_16 supports class version 60)
[02:13:10] [Render thread/DEBUG] (FabricLoader/Mixin) Mixing ClientChunkManagerMixin from fabric-lifecycle-events-v1.client.mixins.json into net.minecraft.client.multiplayer.ClientChunkCache
[02:13:10] [Render thread/DEBUG] (FabricLoader/Mixin) fabric-lifecycle-events-v1.client.mixins.json:ClientChunkManagerMixin from mod fabric-lifecycle-events-v1: Class version 61 required is higher than the class version supported by the current version of Mixin (JAVA_16 supports class version 60)
[02:13:10] [Render thread/DEBUG] (FabricLoader/Mixin) fabric-lifecycle-events-v1.client.mixins.json:ClientChunkManagerMixin from mod fabric-lifecycle-events-v1->@Inject::onChunkLoad(IILnet/minecraft/network/FriendlyByteBuf;Lnet/minecraft/nbt/CompoundTag;Ljava/util/function/Consumer;Lorg/spongepowered/asm/mixin/injection/callback/CallbackInfoReturnable;)V does use it's CallbackInfoReturnable
[02:13:10] [Render thread/DEBUG] (FabricLoader/Mixin) fabric-lifecycle-events-v1.client.mixins.json:ClientChunkManagerMixin from mod fabric-lifecycle-events-v1->@Inject::onChunkUnload(IILnet/minecraft/network/FriendlyByteBuf;Lnet/minecraft/nbt/CompoundTag;Ljava/util/function/Consumer;Lorg/spongepowered/asm/mixin/injection/callback/CallbackInfoReturnable;ILnet/minecraft/world/level/chunk/LevelChunk;Lnet/minecraft/world/level/ChunkPos;)V doesn't use it's CallbackInfoReturnable
[02:13:10] [Render thread/DEBUG] (FabricLoader/Mixin) fabric-lifecycle-events-v1.client.mixins.json:ClientChunkManagerMixin from mod fabric-lifecycle-events-v1->@Inject::onChunkUnload(IILnet/minecraft/network/FriendlyByteBuf;Lnet/minecraft/nbt/CompoundTag;Ljava/util/function/Consumer;Lorg/spongepowered/asm/mixin/injection/callback/CallbackInfoReturnable;ILnet/minecraft/world/level/chunk/LevelChunk;Lnet/minecraft/world/level/ChunkPos;)V has 0 override(s) in child classes
[02:13:10] [Render thread/DEBUG] (FabricLoader/Mixin) fabric-lifecycle-events-v1.client.mixins.json:ClientChunkManagerMixin from mod fabric-lifecycle-events-v1->@Inject::onChunkUnload(IILnet/minecraft/network/FriendlyByteBuf;Lnet/minecraft/nbt/CompoundTag;Ljava/util/function/Consumer;Lorg/spongepowered/asm/mixin/injection/callback/CallbackInfoReturnable;ILnet/minecraft/world/level/chunk/LevelChunk;Lnet/minecraft/world/level/ChunkPos;)V won't be passed a CallbackInfoReturnable as a result
[02:13:10] [Render thread/DEBUG] (FabricLoader/Mixin) fabric-lifecycle-events-v1.client.mixins.json:ClientChunkManagerMixin from mod fabric-lifecycle-events-v1->@Inject::onChunkUnload(IILorg/spongepowered/asm/mixin/injection/callback/CallbackInfo;ILnet/minecraft/world/level/chunk/LevelChunk;)V doesn't use it's CallbackInfo
[02:13:10] [Render thread/DEBUG] (FabricLoader/Mixin) fabric-lifecycle-events-v1.client.mixins.json:ClientChunkManagerMixin from mod fabric-lifecycle-events-v1->@Inject::onChunkUnload(IILorg/spongepowered/asm/mixin/injection/callback/CallbackInfo;ILnet/minecraft/world/level/chunk/LevelChunk;)V has 0 override(s) in child classes
[02:13:10] [Render thread/DEBUG] (FabricLoader/Mixin) fabric-lifecycle-events-v1.client.mixins.json:ClientChunkManagerMixin from mod fabric-lifecycle-events-v1->@Inject::onChunkUnload(IILorg/spongepowered/asm/mixin/injection/callback/CallbackInfo;ILnet/minecraft/world/level/chunk/LevelChunk;)V won't be passed a CallbackInfo as a result
[02:13:10] [Render thread/DEBUG] (FabricLoader/Mixin) fabric-lifecycle-events-v1.client.mixins.json:ClientChunkManagerMixin from mod fabric-lifecycle-events-v1->@Inject::onUpdateLoadDistance(ILorg/spongepowered/asm/mixin/injection/callback/CallbackInfo;IILnet/minecraft/client/multiplayer/ClientChunkCache$Storage;ILnet/minecraft/world/level/chunk/LevelChunk;Lnet/minecraft/world/level/ChunkPos;)V doesn't use it's CallbackInfo
[02:13:10] [Render thread/DEBUG] (FabricLoader/Mixin) fabric-lifecycle-events-v1.client.mixins.json:ClientChunkManagerMixin from mod fabric-lifecycle-events-v1->@Inject::onUpdateLoadDistance(ILorg/spongepowered/asm/mixin/injection/callback/CallbackInfo;IILnet/minecraft/client/multiplayer/ClientChunkCache$Storage;ILnet/minecraft/world/level/chunk/LevelChunk;Lnet/minecraft/world/level/ChunkPos;)V has 0 override(s) in child classes
[02:13:10] [Render thread/DEBUG] (FabricLoader/Mixin) fabric-lifecycle-events-v1.client.mixins.json:ClientChunkManagerMixin from mod fabric-lifecycle-events-v1->@Inject::onUpdateLoadDistance(ILorg/spongepowered/asm/mixin/injection/callback/CallbackInfo;IILnet/minecraft/client/multiplayer/ClientChunkCache$Storage;ILnet/minecraft/world/level/chunk/LevelChunk;Lnet/minecraft/world/level/ChunkPos;)V won't be passed a CallbackInfo as a result
[02:13:10] [Render thread/DEBUG] (FabricLoader/Mixin) Mixing ClientWorldClientEntityHandlerMixin from fabric-lifecycle-events-v1.client.mixins.json into net.minecraft.client.multiplayer.ClientLevel$EntityCallbacks
[02:13:10] [Render thread/DEBUG] (FabricLoader/Mixin) fabric-lifecycle-events-v1.client.mixins.json:ClientWorldClientEntityHandlerMixin from mod fabric-lifecycle-events-v1: Class version 61 required is higher than the class version supported by the current version of Mixin (JAVA_16 supports class version 60)
[02:13:10] [Render thread/DEBUG] (FabricLoader/Mixin) fabric-lifecycle-events-v1.client.mixins.json:ClientWorldClientEntityHandlerMixin from mod fabric-lifecycle-events-v1->@Inject::invokeLoadEntity(Lnet/minecraft/world/entity/Entity;Lorg/spongepowered/asm/mixin/injection/callback/CallbackInfo;)V doesn't use it's CallbackInfo
[02:13:10] [Render thread/DEBUG] (FabricLoader/Mixin) fabric-lifecycle-events-v1.client.mixins.json:ClientWorldClientEntityHandlerMixin from mod fabric-lifecycle-events-v1->@Inject::invokeUnloadEntity(Lnet/minecraft/world/entity/Entity;Lorg/spongepowered/asm/mixin/injection/callback/CallbackInfo;)V doesn't use it's CallbackInfo
[02:13:10] [Render thread/DEBUG] (FabricLoader/Mixin) Mixing DimensionEffectsAccessor from fabric-rendering-v1.mixins.json into net.minecraft.client.renderer.DimensionSpecialEffects
[02:13:10] [Render thread/DEBUG] (FabricLoader/Mixin) fabric-rendering-v1.mixins.json:DimensionEffectsAccessor from mod fabric-rendering-v1: Class version 61 required is higher than the class version supported by the current version of Mixin (JAVA_16 supports class version 60)
[02:13:10] [Render thread/DEBUG] (FabricLoader/Mixin) Renaming @Accessor method getIdentifierMap()Lit/unimi/dsi/fastutil/objects/Object2ObjectMap; to getIdentifierMap$fabric-rendering-v1_$md$4ccb60$0 in fabric-rendering-v1.mixins.json:DimensionEffectsAccessor from mod fabric-rendering-v1
[02:13:10] [Render thread/DEBUG] (FabricLoader/Mixin) Mixing RenderLayersMixin from fabric-blockrenderlayer-v1.mixins.json into net.minecraft.client.renderer.ItemBlockRenderTypes
[02:13:10] [Render thread/DEBUG] (FabricLoader/Mixin) fabric-blockrenderlayer-v1.mixins.json:RenderLayersMixin from mod fabric-blockrenderlayer-v1: Class version 61 required is higher than the class version supported by the current version of Mixin (JAVA_16 supports class version 60)
[02:13:10] [Render thread/DEBUG] (FabricLoader/Mixin) fabric-blockrenderlayer-v1.mixins.json:RenderLayersMixin from mod fabric-blockrenderlayer-v1->@Inject::onInitialize(Lorg/spongepowered/asm/mixin/injection/callback/CallbackInfo;)V doesn't use it's CallbackInfo
[02:13:10] [Render thread/DEBUG] (FabricLoader/Mixin) Mixing ChunkBuilderBuiltChunkRebuildTaskMixin from fabric-renderer-indigo.mixins.json into net.minecraft.client.renderer.chunk.ChunkRenderDispatcher$RenderChunk$RebuildTask
[02:13:10] [Render thread/DEBUG] (FabricLoader/Mixin) fabric-renderer-indigo.mixins.json:ChunkBuilderBuiltChunkRebuildTaskMixin from mod fabric-renderer-indigo: Class version 61 required is higher than the class version supported by the current version of Mixin (JAVA_16 supports class version 60)
[02:13:10] [Render thread/DEBUG] (FabricLoader/Mixin) fabric-renderer-indigo.mixins.json:ChunkBuilderBuiltChunkRebuildTaskMixin from mod fabric-renderer-indigo->@Inject::hookChunkBuild(FFFLnet/minecraft/client/renderer/ChunkBufferBuilderPack;Lorg/spongepowered/asm/mixin/injection/callback/CallbackInfoReturnable;Lnet/minecraft/client/renderer/chunk/ChunkRenderDispatcher$RenderChunk$RebuildTask$CompileResults;ILnet/minecraft/core/BlockPos;Lnet/minecraft/core/BlockPos;Lnet/minecraft/client/renderer/chunk/VisGraph;Lnet/minecraft/client/renderer/chunk/RenderChunkRegion;Lcom/mojang/blaze3d/vertex/PoseStack;Ljava/util/Set;Lnet/minecraft/util/RandomSource;Lnet/minecraft/client/renderer/block/BlockRenderDispatcher;)V doesn't use it's CallbackInfoReturnable
[02:13:10] [Render thread/DEBUG] (FabricLoader/Mixin) fabric-renderer-indigo.mixins.json:ChunkBuilderBuiltChunkRebuildTaskMixin from mod fabric-renderer-indigo->@Inject::hookChunkBuild(FFFLnet/minecraft/client/renderer/ChunkBufferBuilderPack;Lorg/spongepowered/asm/mixin/injection/callback/CallbackInfoReturnable;Lnet/minecraft/client/renderer/chunk/ChunkRenderDispatcher$RenderChunk$RebuildTask$CompileResults;ILnet/minecraft/core/BlockPos;Lnet/minecraft/core/BlockPos;Lnet/minecraft/client/renderer/chunk/VisGraph;Lnet/minecraft/client/renderer/chunk/RenderChunkRegion;Lcom/mojang/blaze3d/vertex/PoseStack;Ljava/util/Set;Lnet/minecraft/util/RandomSource;Lnet/minecraft/client/renderer/block/BlockRenderDispatcher;)V has 0 override(s) in child classes
[02:13:10] [Render thread/DEBUG] (FabricLoader/Mixin) fabric-renderer-indigo.mixins.json:ChunkBuilderBuiltChunkRebuildTaskMixin from mod fabric-renderer-indigo->@Inject::hookChunkBuild(FFFLnet/minecraft/client/renderer/ChunkBufferBuilderPack;Lorg/spongepowered/asm/mixin/injection/callback/CallbackInfoReturnable;Lnet/minecraft/client/renderer/chunk/ChunkRenderDispatcher$RenderChunk$RebuildTask$CompileResults;ILnet/minecraft/core/BlockPos;Lnet/minecraft/core/BlockPos;Lnet/minecraft/client/renderer/chunk/VisGraph;Lnet/minecraft/client/renderer/chunk/RenderChunkRegion;Lcom/mojang/blaze3d/vertex/PoseStack;Ljava/util/Set;Lnet/minecraft/util/RandomSource;Lnet/minecraft/client/renderer/block/BlockRenderDispatcher;)V won't be passed a CallbackInfoReturnable as a result
[02:13:10] [Render thread/DEBUG] (FabricLoader/Mixin) fabric-renderer-indigo.mixins.json:ChunkBuilderBuiltChunkRebuildTaskMixin from mod fabric-renderer-indigo->@Inject::hookRebuildChunkReturn(Lorg/spongepowered/asm/mixin/injection/callback/CallbackInfoReturnable;)V doesn't use it's CallbackInfoReturnable
[02:13:10] [Render thread/DEBUG] (FabricLoader/Mixin) fabric-renderer-indigo.mixins.json:ChunkBuilderBuiltChunkRebuildTaskMixin from mod fabric-renderer-indigo->@Inject::hookRebuildChunkReturn(Lorg/spongepowered/asm/mixin/injection/callback/CallbackInfoReturnable;)V has 0 override(s) in child classes
[02:13:10] [Render thread/DEBUG] (FabricLoader/Mixin) fabric-renderer-indigo.mixins.json:ChunkBuilderBuiltChunkRebuildTaskMixin from mod fabric-renderer-indigo->@Inject::hookRebuildChunkReturn(Lorg/spongepowered/asm/mixin/injection/callback/CallbackInfoReturnable;)V won't be passed a CallbackInfoReturnable as a result
[02:13:10] [Render thread/DEBUG] (FabricLoader/Mixin) Mixing HangingSignEditScreenMixin from fabric-object-builder-v1.client.mixins.json into net.minecraft.client.gui.screens.inventory.HangingSignEditScreen
[02:13:10] [Render thread/DEBUG] (FabricLoader/Mixin) fabric-object-builder-v1.client.mixins.json:HangingSignEditScreenMixin from mod fabric-object-builder-api-v1: Class version 61 required is higher than the class version supported by the current version of Mixin (JAVA_16 supports class version 60)
[02:13:10] [Netty Client IO #2/DEBUG] (ClientPlayNetworkAddon for Player942) Handling inbound packet from channel with name "minecraft:register"
[02:13:10] [Netty Client IO #2/DEBUG] (ClientPlayNetworkAddon for Player942) Handling inbound packet from channel with name "minecraft:brand"
[02:13:10] [Netty Client IO #2/DEBUG] (FabricLoader/Mixin) Mixing ingredient.ShapelessRecipeMixin from fabric-recipe-api-v1.mixins.json into net.minecraft.world.item.crafting.ShapelessRecipe
[02:13:10] [Netty Client IO #2/DEBUG] (FabricLoader/Mixin) fabric-recipe-api-v1.mixins.json:ingredient.ShapelessRecipeMixin from mod fabric-recipe-api-v1->@Inject::cacheRequiresTesting(Lnet/minecraft/resources/ResourceLocation;Ljava/lang/String;Lnet/minecraft/world/item/crafting/CraftingBookCategory;Lnet/minecraft/world/item/ItemStack;Lnet/minecraft/core/NonNullList;Lorg/spongepowered/asm/mixin/injection/callback/CallbackInfo;)V doesn't use it's CallbackInfo
[02:13:10] [Netty Client IO #2/DEBUG] (FabricLoader/Mixin) fabric-recipe-api-v1.mixins.json:ingredient.ShapelessRecipeMixin from mod fabric-recipe-api-v1->@Inject::cacheRequiresTesting(Lnet/minecraft/resources/ResourceLocation;Ljava/lang/String;Lnet/minecraft/world/item/crafting/CraftingBookCategory;Lnet/minecraft/world/item/ItemStack;Lnet/minecraft/core/NonNullList;Lorg/spongepowered/asm/mixin/injection/callback/CallbackInfo;)V has 0 override(s) in child classes
[02:13:10] [Netty Client IO #2/DEBUG] (FabricLoader/Mixin) fabric-recipe-api-v1.mixins.json:ingredient.ShapelessRecipeMixin from mod fabric-recipe-api-v1->@Inject::cacheRequiresTesting(Lnet/minecraft/resources/ResourceLocation;Ljava/lang/String;Lnet/minecraft/world/item/crafting/CraftingBookCategory;Lnet/minecraft/world/item/ItemStack;Lnet/minecraft/core/NonNullList;Lorg/spongepowered/asm/mixin/injection/callback/CallbackInfo;)V won't be passed a CallbackInfo as a result
[02:13:10] [Netty Client IO #2/DEBUG] (FabricLoader/Mixin) fabric-recipe-api-v1.mixins.json:ingredient.ShapelessRecipeMixin from mod fabric-recipe-api-v1->@Inject::customIngredientMatch(Lnet/minecraft/world/inventory/CraftingContainer;Lnet/minecraft/world/level/Level;Lorg/spongepowered/asm/mixin/injection/callback/CallbackInfoReturnable;)V does use it's CallbackInfoReturnable
[02:13:11] [Render thread/DEBUG] (FabricLoader/Mixin) Mixing ChunkRendererRegionBuilderMixin from fabric-block-view-api-v2.client.mixins.json into net.minecraft.client.renderer.chunk.RenderRegionCache
[02:13:11] [Render thread/DEBUG] (FabricLoader/Mixin) fabric-block-view-api-v2.client.mixins.json:ChunkRendererRegionBuilderMixin from mod fabric-block-view-api-v2->@Inject::createDataMap(Lnet/minecraft/world/level/Level;Lnet/minecraft/core/BlockPos;Lnet/minecraft/core/BlockPos;ILorg/spongepowered/asm/mixin/injection/callback/CallbackInfoReturnable;IIII[[Lnet/minecraft/client/renderer/chunk/RenderRegionCache$ChunkInfo;)V does use it's CallbackInfoReturnable
[02:13:11] [Render thread/DEBUG] (FabricLoader/Mixin) fabric-block-view-api-v2.client.mixins.json:ChunkRendererRegionBuilderMixin from mod fabric-block-view-api-v2->@Inject::createDataMap(Lnet/minecraft/world/level/Level;Lnet/minecraft/core/BlockPos;Lnet/minecraft/core/BlockPos;ILorg/spongepowered/asm/mixin/injection/callback/CallbackInfoReturnable;IIII[[Lnet/minecraft/client/renderer/chunk/RenderRegionCache$ChunkInfo;)V does use it's CallbackInfoReturnable
[02:13:11] [Render thread/DEBUG] (ClientPlayNetworkAddon for Player942) Handling inbound packet from channel with name "minecraft:brand"
[02:13:11] [Render thread/INFO] (mezz.jei.core.util.LoggedTimer) Starting JEI...
[02:13:11] [Render thread/INFO] (mezz.jei.library.load.PluginCaller) Registering item subtypes...
[02:13:11] [Render thread/DEBUG] (mezz.jei.library.load.PluginCallerTimerRunnable) Registering item subtypes: jei:minecraft...
[02:13:11] [Render thread/DEBUG] (mezz.jei.library.load.PluginCallerTimerRunnable) Registering item subtypes: jei:debug...
[02:13:11] [Render thread/DEBUG] (mezz.jei.library.load.PluginCallerTimerRunnable) Registering item subtypes: jei:fabric_gui...
[02:13:11] [Render thread/DEBUG] (mezz.jei.library.load.PluginCallerTimerRunnable) Registering item subtypes: jei:gui...
[02:13:11] [Render thread/DEBUG] (mezz.jei.library.load.PluginCallerTimerRunnable) Registering item subtypes: swm:crafting...
[02:13:11] [Render thread/DEBUG] (mezz.jei.library.load.PluginCallerTimerRunnable) Registering item subtypes: jei:internal...
[02:13:11] [Render thread/INFO] (mezz.jei.library.load.PluginCaller) Registering item subtypes took 3.782 ms
[02:13:11] [Render thread/INFO] (mezz.jei.library.load.PluginCaller) Registering fluid subtypes...
[02:13:11] [Render thread/DEBUG] (mezz.jei.library.load.PluginCallerTimerRunnable) Registering fluid subtypes: jei:minecraft...
[02:13:11] [Render thread/DEBUG] (mezz.jei.library.load.PluginCallerTimerRunnable) Registering fluid subtypes: jei:debug...
[02:13:11] [Render thread/DEBUG] (mezz.jei.library.load.PluginCallerTimerRunnable) Registering fluid subtypes: jei:fabric_gui...
[02:13:11] [Render thread/DEBUG] (mezz.jei.library.load.PluginCallerTimerRunnable) Registering fluid subtypes: jei:gui...
[02:13:11] [Render thread/DEBUG] (mezz.jei.library.load.PluginCallerTimerRunnable) Registering fluid subtypes: swm:crafting...
[02:13:11] [Render thread/DEBUG] (mezz.jei.library.load.PluginCallerTimerRunnable) Registering fluid subtypes: jei:internal...
[02:13:11] [Render thread/INFO] (mezz.jei.library.load.PluginCaller) Registering fluid subtypes took 1.301 ms
[02:13:11] [Render thread/INFO] (mezz.jei.library.load.PluginCaller) Registering ingredients...
[02:13:11] [Render thread/DEBUG] (mezz.jei.library.load.PluginCallerTimerRunnable) Registering ingredients: jei:minecraft...
[02:13:11] [Render thread/DEBUG] (mezz.jei.common.config.file.ConfigSerializer) Loading config file: C:\Users\Aidan\IdeaProjects\StarWarsMod\1.20.1\fabric\run\config\jei\jei-client.ini
[02:13:11] [Render thread/DEBUG] (mezz.jei.library.plugins.vanilla.ingredients.ItemStackListFactory) Added  348/ 348 new items from 'Building Blocks' creative tab's displayItems
[02:13:11] [Render thread/DEBUG] (mezz.jei.library.plugins.vanilla.ingredients.ItemStackListFactory) Added  198/ 198 new items from 'Colored Blocks' creative tab's displayItems
[02:13:11] [Render thread/DEBUG] (mezz.jei.library.plugins.vanilla.ingredients.ItemStackListFactory) Added  202/ 226 new items from 'Natural Blocks' creative tab's displayItems
[02:13:11] [Render thread/DEBUG] (mezz.jei.library.plugins.vanilla.ingredients.ItemStackListFactory) Added   91/ 170 new items from 'Functional Blocks' creative tab's displayItems
[02:13:11] [Render thread/DEBUG] (mezz.jei.library.plugins.vanilla.ingredients.ItemStackListFactory) Added    0/ 170 new items from 'Functional Blocks' creative tab's searchTabDisplayItems
[02:13:11] [Render thread/DEBUG] (mezz.jei.library.plugins.vanilla.ingredients.ItemStackListFactory) Added   28/  62 new items from 'Redstone Blocks' creative tab's displayItems
[02:13:11] [Render thread/DEBUG] (mezz.jei.library.plugins.vanilla.ingredients.ItemStackListFactory) Skipping creative tab: 'Saved Hotbars' because it is type: HOTBAR
[02:13:11] [Render thread/DEBUG] (mezz.jei.library.plugins.vanilla.ingredients.ItemStackListFactory) Skipping creative tab: 'Search Items' because it is type: SEARCH
[02:13:11] [Render thread/DEBUG] (mezz.jei.library.plugins.vanilla.ingredients.ItemStackListFactory) Added   89/ 101 new items from 'Tools & Utilities' creative tab's displayItems
[02:13:11] [Render thread/DEBUG] (mezz.jei.library.plugins.vanilla.ingredients.ItemStackListFactory) Added   86/  97 new items from 'Combat' creative tab's displayItems
[02:13:11] [Render thread/DEBUG] (mezz.jei.library.plugins.vanilla.ingredients.ItemStackListFactory) Added  173/ 176 new items from 'Food & Drinks' creative tab's displayItems
[02:13:11] [Render thread/DEBUG] (mezz.jei.library.plugins.vanilla.ingredients.ItemStackListFactory) Added  157/ 171 new items from 'Ingredients' creative tab's displayItems
[02:13:11] [Render thread/DEBUG] (mezz.jei.library.plugins.vanilla.ingredients.ItemStackListFactory) Added   74/ 245 new items from 'Ingredients' creative tab's searchTabDisplayItems
[02:13:11] [Render thread/DEBUG] (mezz.jei.library.plugins.vanilla.ingredients.ItemStackListFactory) Added   76/  76 new items from 'Spawn Eggs' creative tab's displayItems
[02:13:11] [Render thread/WARN] (mezz.jei.library.plugins.vanilla.ingredients.ItemStackListFactory) Item Group has no display items and no search tab display items. Items from this group will be missing from the JEI ingredient list. Operator Utilities
[02:13:11] [Render thread/DEBUG] (mezz.jei.library.plugins.vanilla.ingredients.ItemStackListFactory) Skipping creative tab: 'Survival Inventory' because it is type: INVENTORY
[02:13:11] [Render thread/DEBUG] (mezz.jei.library.plugins.vanilla.ingredients.ItemStackListFactory) Added    7/   7 new items from 'Syconn's Star Wars' creative tab's displayItems
[02:13:11] [Render thread/INFO] (mezz.jei.library.load.PluginCallerTimerRunnable) Registering ingredients: jei:minecraft took 80.47 milliseconds
[02:13:11] [Render thread/DEBUG] (mezz.jei.library.load.PluginCallerTimerRunnable) Registering ingredients: jei:debug...
[02:13:11] [Render thread/DEBUG] (mezz.jei.common.config.file.ConfigSerializer) Loading config file: C:\Users\Aidan\IdeaProjects\StarWarsMod\1.20.1\fabric\run\config\jei\jei-debug.ini
[02:13:11] [Render thread/DEBUG] (mezz.jei.library.load.PluginCallerTimerRunnable) Registering ingredients: jei:fabric_gui...
[02:13:11] [Render thread/DEBUG] (mezz.jei.library.load.PluginCallerTimerRunnable) Registering ingredients: jei:gui...
[02:13:11] [Render thread/DEBUG] (mezz.jei.library.load.PluginCallerTimerRunnable) Registering ingredients: swm:crafting...
[02:13:11] [Render thread/DEBUG] (mezz.jei.library.load.PluginCallerTimerRunnable) Registering ingredients: jei:internal...
[02:13:11] [Render thread/INFO] (mezz.jei.library.load.PluginCaller) Registering ingredients took 83.00 ms
[02:13:11] [Render thread/INFO] (mezz.jei.library.load.PluginCaller) Registering extra ingredients...
[02:13:11] [Render thread/DEBUG] (mezz.jei.library.load.PluginCallerTimerRunnable) Registering extra ingredients: jei:minecraft...
[02:13:11] [Render thread/DEBUG] (mezz.jei.library.load.PluginCallerTimerRunnable) Registering extra ingredients: jei:debug...
[02:13:11] [Render thread/DEBUG] (mezz.jei.library.load.PluginCallerTimerRunnable) Registering extra ingredients: jei:fabric_gui...
[02:13:11] [Render thread/DEBUG] (mezz.jei.library.load.PluginCallerTimerRunnable) Registering extra ingredients: jei:gui...
[02:13:11] [Render thread/DEBUG] (mezz.jei.library.load.PluginCallerTimerRunnable) Registering extra ingredients: swm:crafting...
[02:13:11] [Render thread/DEBUG] (mezz.jei.library.load.PluginCallerTimerRunnable) Registering extra ingredients: jei:internal...
[02:13:11] [Render thread/INFO] (mezz.jei.library.load.PluginCaller) Registering extra ingredients took 803.5 μs
[02:13:11] [Render thread/INFO] (mezz.jei.library.load.PluginCaller) Registering search ingredient aliases...
[02:13:11] [Render thread/DEBUG] (mezz.jei.library.load.PluginCallerTimerRunnable) Registering search ingredient aliases: jei:minecraft...
[02:13:11] [Render thread/DEBUG] (mezz.jei.library.load.PluginCallerTimerRunnable) Registering search ingredient aliases: jei:debug...
[02:13:11] [Render thread/DEBUG] (mezz.jei.library.load.PluginCallerTimerRunnable) Registering search ingredient aliases: jei:fabric_gui...
[02:13:11] [Render thread/DEBUG] (mezz.jei.library.load.PluginCallerTimerRunnable) Registering search ingredient aliases: jei:gui...
[02:13:11] [Render thread/DEBUG] (mezz.jei.library.load.PluginCallerTimerRunnable) Registering search ingredient aliases: swm:crafting...
[02:13:11] [Render thread/DEBUG] (mezz.jei.library.load.PluginCallerTimerRunnable) Registering search ingredient aliases: jei:internal...
[02:13:11] [Render thread/INFO] (mezz.jei.library.load.PluginCaller) Registering search ingredient aliases took 802.5 μs
[02:13:11] [Render thread/INFO] (mezz.jei.library.load.PluginCaller) Registering categories...
[02:13:11] [Render thread/DEBUG] (mezz.jei.library.load.PluginCallerTimerRunnable) Registering categories: jei:minecraft...
[02:13:11] [Render thread/INFO] (mezz.jei.library.load.PluginCallerTimerRunnable) Registering categories: jei:minecraft took 11.25 milliseconds
[02:13:11] [Render thread/DEBUG] (mezz.jei.library.load.PluginCallerTimerRunnable) Registering categories: jei:debug...
[02:13:11] [Render thread/DEBUG] (mezz.jei.library.load.PluginCallerTimerRunnable) Registering categories: jei:fabric_gui...
[02:13:11] [Render thread/DEBUG] (mezz.jei.library.load.PluginCallerTimerRunnable) Registering categories: jei:gui...
[02:13:11] [Render thread/DEBUG] (mezz.jei.library.load.PluginCallerTimerRunnable) Registering categories: swm:crafting...
[02:13:11] [Render thread/DEBUG] (mezz.jei.library.load.PluginCallerTimerRunnable) Registering categories: jei:internal...
[02:13:11] [Netty Client IO #2/DEBUG] (ClientPlayNetworkAddon for Player942) Handling inbound packet from channel with name "swm:network/9085840957a43f61ba541c3a647bb1d0"
[02:13:11] [Render thread/INFO] (mezz.jei.library.load.PluginCaller) Registering categories took 22.84 ms
[02:13:11] [Render thread/INFO] (mezz.jei.library.load.PluginCaller) Registering vanilla category extensions...
[02:13:11] [Render thread/DEBUG] (mezz.jei.library.load.PluginCallerTimerRunnable) Registering vanilla category extensions: jei:minecraft...
[02:13:11] [Render thread/DEBUG] (mezz.jei.library.load.PluginCallerTimerRunnable) Registering vanilla category extensions: jei:debug...
[02:13:11] [Render thread/DEBUG] (mezz.jei.library.load.PluginCallerTimerRunnable) Registering vanilla category extensions: jei:fabric_gui...
[02:13:11] [Render thread/DEBUG] (mezz.jei.library.load.PluginCallerTimerRunnable) Registering vanilla category extensions: jei:gui...
[02:13:11] [Render thread/DEBUG] (mezz.jei.library.load.PluginCallerTimerRunnable) Registering vanilla category extensions: swm:crafting...
[02:13:11] [Render thread/DEBUG] (mezz.jei.library.load.PluginCallerTimerRunnable) Registering vanilla category extensions: jei:internal...
[02:13:11] [Render thread/INFO] (mezz.jei.library.load.PluginCaller) Registering vanilla category extensions took 3.005 ms
[02:13:11] [Render thread/INFO] (mezz.jei.library.load.PluginCaller) Registering recipe catalysts...
[02:13:11] [Render thread/DEBUG] (mezz.jei.library.load.PluginCallerTimerRunnable) Registering recipe catalysts: jei:minecraft...
[02:13:11] [Render thread/DEBUG] (mezz.jei.library.load.PluginCallerTimerRunnable) Registering recipe catalysts: jei:debug...
[02:13:11] [Render thread/DEBUG] (mezz.jei.library.load.PluginCallerTimerRunnable) Registering recipe catalysts: jei:fabric_gui...
[02:13:11] [Render thread/DEBUG] (mezz.jei.library.load.PluginCallerTimerRunnable) Registering recipe catalysts: jei:gui...
[02:13:11] [Render thread/DEBUG] (mezz.jei.library.load.PluginCallerTimerRunnable) Registering recipe catalysts: swm:crafting...
[02:13:11] [Render thread/DEBUG] (mezz.jei.library.load.PluginCallerTimerRunnable) Registering recipe catalysts: jei:internal...
[02:13:11] [Render thread/INFO] (mezz.jei.library.load.PluginCaller) Registering recipe catalysts took 2.608 ms
[02:13:11] [Render thread/INFO] (mezz.jei.core.util.LoggedTimer) Building recipe registry...
[02:13:11] [Render thread/INFO] (mezz.jei.core.util.LoggedTimer) Building recipe registry took 17.62 ms
[02:13:11] [Render thread/INFO] (mezz.jei.library.load.PluginCaller) Registering advanced plugins...
[02:13:11] [Render thread/DEBUG] (mezz.jei.library.load.PluginCallerTimerRunnable) Registering advanced plugins: jei:minecraft...
[02:13:11] [Render thread/DEBUG] (mezz.jei.library.load.PluginCallerTimerRunnable) Registering advanced plugins: jei:debug...
[02:13:11] [Render thread/INFO] (mezz.jei.library.load.registration.AdvancedRegistration) Added recipe category decorator: class mezz.jei.library.plugins.debug.DebugCategoryDecorator for recipe type: jei:debug
[02:13:11] [Render thread/INFO] (mezz.jei.library.load.registration.AdvancedRegistration) Added recipe category decorator: class mezz.jei.library.plugins.debug.DebugCategoryDecorator for recipe type: jei:debug_focus
[02:13:11] [Render thread/INFO] (mezz.jei.library.load.registration.AdvancedRegistration) Added recipe category decorator: class mezz.jei.library.plugins.debug.DebugCategoryDecorator for recipe type: jei:obnoxiously_large_recipe
[02:13:11] [Render thread/INFO] (mezz.jei.library.load.registration.AdvancedRegistration) Added recipe category decorator: class mezz.jei.library.plugins.debug.DebugCategoryDecorator for recipe type: jei:information
[02:13:11] [Render thread/INFO] (mezz.jei.library.load.registration.AdvancedRegistration) Added typed recipe manager plugin: class mezz.jei.library.plugins.debug.DebugSimpleRecipeManagerPlugin
[02:13:11] [Render thread/DEBUG] (mezz.jei.library.load.PluginCallerTimerRunnable) Registering advanced plugins: jei:fabric_gui...
[02:13:11] [Render thread/DEBUG] (mezz.jei.library.load.PluginCallerTimerRunnable) Registering advanced plugins: jei:gui...
[02:13:11] [Render thread/DEBUG] (mezz.jei.library.load.PluginCallerTimerRunnable) Registering advanced plugins: swm:crafting...
[02:13:11] [Render thread/DEBUG] (mezz.jei.library.load.PluginCallerTimerRunnable) Registering advanced plugins: jei:internal...
[02:13:11] [Render thread/INFO] (mezz.jei.library.load.PluginCaller) Registering advanced plugins took 3.053 ms
[02:13:11] [Render thread/INFO] (mezz.jei.library.load.PluginCaller) Registering recipes...
[02:13:11] [Render thread/DEBUG] (mezz.jei.library.load.PluginCallerTimerRunnable) Registering recipes: jei:minecraft...
[02:13:11] [Render thread/DEBUG] (mezz.jei.library.recipes.RecipeManagerInternal) Adding recipes: RecipeType[uid=minecraft:crafting, recipeClass=interface net.minecraft.world.item.crafting.CraftingRecipe]
[02:13:11] [Render thread/DEBUG] (mezz.jei.library.recipes.RecipeManagerInternal) Adding recipes: RecipeType[uid=minecraft:crafting, recipeClass=interface net.minecraft.world.item.crafting.CraftingRecipe]
[02:13:11] [Render thread/DEBUG] (mezz.jei.library.recipes.RecipeManagerInternal) Adding recipes: RecipeType[uid=minecraft:stonecutting, recipeClass=class net.minecraft.world.item.crafting.StonecutterRecipe]
[02:13:11] [Render thread/DEBUG] (mezz.jei.library.recipes.RecipeManagerInternal) Adding recipes: RecipeType[uid=minecraft:furnace, recipeClass=class net.minecraft.world.item.crafting.SmeltingRecipe]
[02:13:11] [Render thread/DEBUG] (mezz.jei.library.recipes.RecipeManagerInternal) Adding recipes: RecipeType[uid=minecraft:smoking, recipeClass=class net.minecraft.world.item.crafting.SmokingRecipe]
[02:13:11] [Render thread/DEBUG] (mezz.jei.library.recipes.RecipeManagerInternal) Adding recipes: RecipeType[uid=minecraft:blasting, recipeClass=class net.minecraft.world.item.crafting.BlastingRecipe]
[02:13:11] [Render thread/DEBUG] (mezz.jei.library.recipes.RecipeManagerInternal) Adding recipes: RecipeType[uid=minecraft:campfire, recipeClass=class net.minecraft.world.item.crafting.CampfireCookingRecipe]
[02:13:11] [Render thread/DEBUG] (mezz.jei.library.recipes.RecipeManagerInternal) Adding recipes: RecipeType[uid=minecraft:fuel, recipeClass=interface mezz.jei.api.recipe.vanilla.IJeiFuelingRecipe]
[02:13:11] [Render thread/DEBUG] (mezz.jei.library.recipes.RecipeManagerInternal) Adding recipes: RecipeType[uid=minecraft:anvil, recipeClass=interface mezz.jei.api.recipe.vanilla.IJeiAnvilRecipe]
[02:13:11] [Render thread/DEBUG] (mezz.jei.library.recipes.RecipeManagerInternal) Adding recipes: RecipeType[uid=minecraft:smithing, recipeClass=interface net.minecraft.world.item.crafting.SmithingRecipe]
[02:13:11] [Render thread/DEBUG] (mezz.jei.library.recipes.RecipeManagerInternal) Adding recipes: RecipeType[uid=minecraft:compostable, recipeClass=interface mezz.jei.api.recipe.vanilla.IJeiCompostingRecipe]
[02:13:11] [Render thread/DEBUG] (mezz.jei.library.recipes.RecipeManagerInternal) Adding recipes: RecipeType[uid=minecraft:brewing, recipeClass=interface mezz.jei.api.recipe.vanilla.IJeiBrewingRecipe]
[02:13:11] [Render thread/INFO] (mezz.jei.library.load.PluginCallerTimerRunnable) Registering recipes: jei:minecraft took 180.6 milliseconds
[02:13:11] [Render thread/DEBUG] (mezz.jei.library.load.PluginCallerTimerRunnable) Registering recipes: jei:debug...
[02:13:11] [Render thread/DEBUG] (mezz.jei.library.recipes.RecipeManagerInternal) Adding recipes: RecipeType[uid=jei:information, recipeClass=interface mezz.jei.api.recipe.vanilla.IJeiIngredientInfoRecipe]
[02:13:11] [Render thread/DEBUG] (mezz.jei.library.recipes.RecipeManagerInternal) Adding recipes: RecipeType[uid=jei:information, recipeClass=interface mezz.jei.api.recipe.vanilla.IJeiIngredientInfoRecipe]
[02:13:11] [Render thread/DEBUG] (mezz.jei.library.recipes.RecipeManagerInternal) Adding recipes: RecipeType[uid=jei:information, recipeClass=interface mezz.jei.api.recipe.vanilla.IJeiIngredientInfoRecipe]
[02:13:11] [Render thread/DEBUG] (mezz.jei.library.recipes.RecipeManagerInternal) Adding recipes: RecipeType[uid=jei:information, recipeClass=interface mezz.jei.api.recipe.vanilla.IJeiIngredientInfoRecipe]
[02:13:11] [Render thread/DEBUG] (mezz.jei.library.recipes.RecipeManagerInternal) Adding recipes: RecipeType[uid=jei:information, recipeClass=interface mezz.jei.api.recipe.vanilla.IJeiIngredientInfoRecipe]
[02:13:11] [Render thread/DEBUG] (mezz.jei.library.recipes.RecipeManagerInternal) Adding recipes: RecipeType[uid=jei:debug, recipeClass=class mezz.jei.library.plugins.debug.DebugRecipe]
[02:13:11] [Render thread/DEBUG] (mezz.jei.library.recipes.RecipeManagerInternal) Adding recipes: RecipeType[uid=jei:debug_focus, recipeClass=class mezz.jei.library.plugins.debug.DebugRecipe]
[02:13:11] [Render thread/DEBUG] (mezz.jei.library.recipes.RecipeManagerInternal) Adding recipes: RecipeType[uid=minecraft:smithing, recipeClass=interface net.minecraft.world.item.crafting.SmithingRecipe]
[02:13:11] [Render thread/DEBUG] (mezz.jei.library.recipes.RecipeManagerInternal) Adding recipes: RecipeType[uid=jei:obnoxiously_large_recipe, recipeClass=class mezz.jei.library.plugins.debug.ObnoxiouslyLargeRecipe]
[02:13:11] [Render thread/DEBUG] (mezz.jei.library.load.PluginCallerTimerRunnable) Registering recipes: jei:fabric_gui...
[02:13:11] [Render thread/DEBUG] (mezz.jei.library.load.PluginCallerTimerRunnable) Registering recipes: jei:gui...
[02:13:11] [Render thread/DEBUG] (mezz.jei.library.load.PluginCallerTimerRunnable) Registering recipes: swm:crafting...
[02:13:11] [Render thread/DEBUG] (mezz.jei.library.recipes.RecipeManagerInternal) Adding recipes: RecipeType[uid=swm:lightsaber, recipeClass=class mod.syconn.swm.server.recipes.LightsaberRecipe]
[02:13:11] [Render thread/DEBUG] (mezz.jei.library.load.PluginCallerTimerRunnable) Registering recipes: jei:internal...
[02:13:11] [Render thread/DEBUG] (mezz.jei.library.recipes.RecipeManagerInternal) Adding recipes: RecipeType[uid=minecraft:tag_recipes/fluid, recipeClass=interface mezz.jei.library.plugins.jei.tags.ITagInfoRecipe]
[02:13:11] [Render thread/DEBUG] (mezz.jei.library.recipes.RecipeManagerInternal) Adding recipes: RecipeType[uid=minecraft:tag_recipes/item, recipeClass=interface mezz.jei.library.plugins.jei.tags.ITagInfoRecipe]
[02:13:11] [Render thread/DEBUG] (mezz.jei.library.recipes.RecipeManagerInternal) Adding recipes: RecipeType[uid=minecraft:tag_recipes/block, recipeClass=interface mezz.jei.library.plugins.jei.tags.ITagInfoRecipe]
[02:13:11] [Render thread/INFO] (mezz.jei.library.load.PluginCaller) Registering recipes took 198.4 ms
[02:13:11] [Render thread/INFO] (mezz.jei.library.load.PluginCaller) Registering recipes transfer handlers...
[02:13:11] [Render thread/DEBUG] (mezz.jei.library.load.PluginCallerTimerRunnable) Registering recipes transfer handlers: jei:minecraft...
[02:13:11] [Render thread/DEBUG] (mezz.jei.library.load.PluginCallerTimerRunnable) Registering recipes transfer handlers: jei:debug...
[02:13:11] [Render thread/DEBUG] (mezz.jei.library.load.PluginCallerTimerRunnable) Registering recipes transfer handlers: jei:fabric_gui...
[02:13:11] [Render thread/DEBUG] (mezz.jei.library.load.PluginCallerTimerRunnable) Registering recipes transfer handlers: jei:gui...
[02:13:11] [Render thread/DEBUG] (mezz.jei.library.load.PluginCallerTimerRunnable) Registering recipes transfer handlers: swm:crafting...
[02:13:11] [Render thread/DEBUG] (mezz.jei.library.load.PluginCallerTimerRunnable) Registering recipes transfer handlers: jei:internal...
[02:13:11] [Render thread/INFO] (mezz.jei.library.load.PluginCaller) Registering recipes transfer handlers took 2.472 ms
[02:13:11] [Render thread/INFO] (mezz.jei.core.util.LoggedTimer) Building runtime...
[02:13:11] [Render thread/DEBUG] (FabricLoader/Mixin) Mixing CreativeInventoryScreenMixin from fabric-item-group-api-v1.client.mixins.json into net.minecraft.client.gui.screens.inventory.CreativeModeInventoryScreen
[02:13:11] [Render thread/DEBUG] (FabricLoader/Mixin) Renaming synthetic method lambda$fabric_hasGroupForPage$1(ILnet/minecraft/world/item/CreativeModeTab;)Z to md4ccb60$fabric-item-group-api-v1$lambda$fabric_hasGroupForPage$1$0 in fabric-item-group-api-v1.client.mixins.json:CreativeInventoryScreenMixin from mod fabric-item-group-api-v1
[02:13:11] [Render thread/DEBUG] (FabricLoader/Mixin) Renaming synthetic method lambda$fabric_updateSelection$0(Lnet/minecraft/world/item/CreativeModeTab;Lnet/minecraft/world/item/CreativeModeTab;)I to md4ccb60$fabric-item-group-api-v1$lambda$fabric_updateSelection$0$1 in fabric-item-group-api-v1.client.mixins.json:CreativeInventoryScreenMixin from mod fabric-item-group-api-v1
[02:13:11] [Render thread/DEBUG] (FabricLoader/Mixin) fabric-item-group-api-v1.client.mixins.json:CreativeInventoryScreenMixin from mod fabric-item-group-api-v1->@Inject::init(Lorg/spongepowered/asm/mixin/injection/callback/CallbackInfo;)V doesn't use it's CallbackInfo
[02:13:11] [Render thread/DEBUG] (FabricLoader/Mixin) fabric-item-group-api-v1.client.mixins.json:CreativeInventoryScreenMixin from mod fabric-item-group-api-v1->@Inject::init(Lorg/spongepowered/asm/mixin/injection/callback/CallbackInfo;)V has 0 override(s) in child classes
[02:13:11] [Render thread/DEBUG] (FabricLoader/Mixin) fabric-item-group-api-v1.client.mixins.json:CreativeInventoryScreenMixin from mod fabric-item-group-api-v1->@Inject::init(Lorg/spongepowered/asm/mixin/injection/callback/CallbackInfo;)V won't be passed a CallbackInfo as a result
[02:13:11] [Render thread/DEBUG] (FabricLoader/Mixin) fabric-item-group-api-v1.client.mixins.json:CreativeInventoryScreenMixin from mod fabric-item-group-api-v1->@Inject::setSelectedTab(Lnet/minecraft/world/item/CreativeModeTab;Lorg/spongepowered/asm/mixin/injection/callback/CallbackInfo;)V does use it's CallbackInfo
[02:13:11] [Render thread/DEBUG] (FabricLoader/Mixin) fabric-item-group-api-v1.client.mixins.json:CreativeInventoryScreenMixin from mod fabric-item-group-api-v1->@Inject::renderTabTooltipIfHovered(Lnet/minecraft/client/gui/GuiGraphics;Lnet/minecraft/world/item/CreativeModeTab;IILorg/spongepowered/asm/mixin/injection/callback/CallbackInfoReturnable;)V does use it's CallbackInfoReturnable
[02:13:11] [Render thread/DEBUG] (FabricLoader/Mixin) fabric-item-group-api-v1.client.mixins.json:CreativeInventoryScreenMixin from mod fabric-item-group-api-v1->@Inject::isClickInTab(Lnet/minecraft/world/item/CreativeModeTab;DDLorg/spongepowered/asm/mixin/injection/callback/CallbackInfoReturnable;)V does use it's CallbackInfoReturnable
[02:13:11] [Render thread/DEBUG] (FabricLoader/Mixin) fabric-item-group-api-v1.client.mixins.json:CreativeInventoryScreenMixin from mod fabric-item-group-api-v1->@Inject::renderTabIcon(Lnet/minecraft/client/gui/GuiGraphics;Lnet/minecraft/world/item/CreativeModeTab;Lorg/spongepowered/asm/mixin/injection/callback/CallbackInfo;)V does use it's CallbackInfo
[02:13:11] [Render thread/INFO] (mezz.jei.library.load.PluginCaller) Registering gui handlers...
[02:13:11] [Render thread/DEBUG] (mezz.jei.library.load.PluginCallerTimerRunnable) Registering gui handlers: jei:minecraft...
[02:13:11] [Render thread/DEBUG] (mezz.jei.library.load.PluginCallerTimerRunnable) Registering gui handlers: jei:debug...
[02:13:11] [Render thread/DEBUG] (mezz.jei.library.load.PluginCallerTimerRunnable) Registering gui handlers: jei:fabric_gui...
[02:13:11] [Render thread/DEBUG] (mezz.jei.library.load.PluginCallerTimerRunnable) Registering gui handlers: jei:gui...
[02:13:11] [Render thread/DEBUG] (mezz.jei.library.load.PluginCallerTimerRunnable) Registering gui handlers: swm:crafting...
[02:13:11] [Render thread/DEBUG] (mezz.jei.library.load.PluginCallerTimerRunnable) Registering gui handlers: jei:internal...
[02:13:11] [Render thread/INFO] (mezz.jei.library.load.PluginCaller) Registering gui handlers took 9.453 ms
[02:13:11] [Render thread/INFO] (mezz.jei.library.load.PluginCaller) Registering Runtime...
[02:13:11] [Render thread/DEBUG] (mezz.jei.library.load.PluginCallerTimerRunnable) Registering Runtime: jei:minecraft...
[02:13:11] [Render thread/DEBUG] (mezz.jei.library.load.PluginCallerTimerRunnable) Registering Runtime: jei:debug...
[02:13:11] [Render thread/DEBUG] (mezz.jei.library.load.PluginCallerTimerRunnable) Registering Runtime: jei:fabric_gui...
[02:13:11] [Render thread/INFO] (mezz.jei.gui.startup.JeiGuiStarter) Starting JEI GUI
[02:13:11] [Render thread/INFO] (mezz.jei.core.util.LoggedTimer) Building ingredient list...
[02:13:11] [Render thread/DEBUG] (mezz.jei.gui.ingredients.IngredientListElementFactory) Registering ingredients: ItemStack
[02:13:11] [Render thread/DEBUG] (mezz.jei.gui.ingredients.IngredientListElementFactory) Registering ingredients: IJeiFluidIngredient
[02:13:11] [Render thread/DEBUG] (mezz.jei.gui.ingredients.IngredientListElementFactory) Registering ingredients: DebugIngredient
[02:13:11] [Render thread/INFO] (mezz.jei.core.util.LoggedTimer) Building ingredient list took 32.99 ms
[02:13:11] [Render thread/INFO] (mezz.jei.core.util.LoggedTimer) Building ingredient filter...
[02:13:11] [Render thread/INFO] (mezz.jei.gui.ingredients.IngredientFilter) Adding 1541 ingredients
[02:13:11] [Render thread/INFO] (mezz.jei.gui.ingredients.IngredientFilter) Added 1541 ingredients
[02:13:11] [Render thread/INFO] (mezz.jei.core.util.LoggedTimer) Building ingredient filter took 144.5 ms
[02:13:11] [Render thread/INFO] (mezz.jei.library.load.PluginCallerTimerRunnable) Registering Runtime: jei:fabric_gui took 239.5 milliseconds
[02:13:11] [Render thread/DEBUG] (mezz.jei.library.load.PluginCallerTimerRunnable) Registering Runtime: jei:gui...
[02:13:11] [Render thread/DEBUG] (mezz.jei.library.load.PluginCallerTimerRunnable) Registering Runtime: swm:crafting...
[02:13:11] [Render thread/DEBUG] (mezz.jei.library.load.PluginCallerTimerRunnable) Registering Runtime: jei:internal...
[02:13:11] [Render thread/INFO] (mezz.jei.library.load.PluginCaller) Registering Runtime took 240.2 ms
[02:13:11] [Render thread/INFO] (mezz.jei.core.util.LoggedTimer) Building runtime took 269.4 ms
[02:13:11] [Render thread/INFO] (mezz.jei.library.load.PluginCaller) Sending Runtime...
[02:13:11] [Render thread/DEBUG] (mezz.jei.library.load.PluginCallerTimerRunnable) Sending Runtime: jei:minecraft...
[02:13:11] [Render thread/DEBUG] (mezz.jei.library.load.PluginCallerTimerRunnable) Sending Runtime: jei:debug...
[02:13:11] [Render thread/INFO] (mezz.jei.library.ingredients.IngredientManager) Ingredients are being added at runtime: 10 mezz.jei.library.plugins.debug.ingredients.DebugIngredient
[02:13:11] [Render thread/DEBUG] (mezz.jei.gui.ingredients.IngredientFilter) Added ingredient: JEI Debug Item #10
[02:13:11] [Render thread/DEBUG] (mezz.jei.gui.ingredients.IngredientFilter) Added ingredient: JEI Debug Item #11
[02:13:11] [Render thread/DEBUG] (mezz.jei.gui.ingredients.IngredientFilter) Added ingredient: JEI Debug Item #12
[02:13:11] [Render thread/DEBUG] (mezz.jei.gui.ingredients.IngredientFilter) Added ingredient: JEI Debug Item #13
[02:13:11] [Render thread/DEBUG] (mezz.jei.gui.ingredients.IngredientFilter) Added ingredient: JEI Debug Item #14
[02:13:11] [Render thread/DEBUG] (mezz.jei.gui.ingredients.IngredientFilter) Added ingredient: JEI Debug Item #15
[02:13:11] [Render thread/DEBUG] (mezz.jei.gui.ingredients.IngredientFilter) Added ingredient: JEI Debug Item #16
[02:13:11] [Render thread/DEBUG] (mezz.jei.gui.ingredients.IngredientFilter) Added ingredient: JEI Debug Item #17
[02:13:11] [Render thread/DEBUG] (mezz.jei.gui.ingredients.IngredientFilter) Added ingredient: JEI Debug Item #18
[02:13:11] [Render thread/DEBUG] (mezz.jei.gui.ingredients.IngredientFilter) Added ingredient: JEI Debug Item #19
[02:13:11] [Render thread/DEBUG] (mezz.jei.library.load.PluginCallerTimerRunnable) Sending Runtime: jei:fabric_gui...
[02:13:11] [Render thread/DEBUG] (mezz.jei.library.load.PluginCallerTimerRunnable) Sending Runtime: jei:gui...
[02:13:11] [Render thread/DEBUG] (mezz.jei.library.load.PluginCallerTimerRunnable) Sending Runtime: swm:crafting...
[02:13:11] [Render thread/DEBUG] (mezz.jei.library.load.PluginCallerTimerRunnable) Sending Runtime: jei:internal...
[02:13:11] [Render thread/INFO] (mezz.jei.library.load.PluginCaller) Sending Runtime took 3.201 ms
[02:13:11] [Render thread/INFO] (mezz.jei.core.util.LoggedTimer) Starting JEI took 651.5 ms
[02:13:12] [Render thread/DEBUG] (FabricLoader/Mixin) Mixing LandPathNodeMakerMixin from fabric-content-registries-v0.mixins.json into net.minecraft.world.level.pathfinder.WalkNodeEvaluator
[02:13:12] [Render thread/DEBUG] (FabricLoader/Mixin) fabric-content-registries-v0.mixins.json:LandPathNodeMakerMixin from mod fabric-content-registries-v0: Class version 61 required is higher than the class version supported by the current version of Mixin (JAVA_16 supports class version 60)
[02:13:12] [Render thread/DEBUG] (FabricLoader/Mixin) fabric-content-registries-v0.mixins.json:LandPathNodeMakerMixin from mod fabric-content-registries-v0->@Inject::getCommonNodeType(Lnet/minecraft/world/level/BlockGetter;Lnet/minecraft/core/BlockPos;Lorg/spongepowered/asm/mixin/injection/callback/CallbackInfoReturnable;Lnet/minecraft/world/level/block/state/BlockState;)V does use it's CallbackInfoReturnable
[02:13:12] [Render thread/DEBUG] (FabricLoader/Mixin) fabric-content-registries-v0.mixins.json:LandPathNodeMakerMixin from mod fabric-content-registries-v0->@Inject::getNodeTypeFromNeighbors(Lnet/minecraft/world/level/BlockGetter;Lnet/minecraft/core/BlockPos$MutableBlockPos;Lnet/minecraft/world/level/pathfinder/BlockPathTypes;Lorg/spongepowered/asm/mixin/injection/callback/CallbackInfoReturnable;IIIIIILnet/minecraft/world/level/block/state/BlockState;)V does use it's CallbackInfoReturnable
[02:13:12] [Render thread/INFO] (net.minecraft.advancements.AdvancementList) Loaded 2 advancements
[02:13:12] [Worker-Main-14/DEBUG] (com.mojang.authlib.HttpAuthenticationService) Opening connection to https://sessionserver.mojang.com/session/minecraft/profile/0e2a864340df3a07bffeaa9fb0809920?unsigned=true
[02:13:12] [Worker-Main-14/DEBUG] (com.mojang.authlib.HttpAuthenticationService) Reading data from https://sessionserver.mojang.com/session/minecraft/profile/0e2a864340df3a07bffeaa9fb0809920?unsigned=true
[02:13:12] [Worker-Main-14/DEBUG] (com.mojang.authlib.HttpAuthenticationService) Successful read, server response was 204
[02:13:12] [Worker-Main-14/DEBUG] (com.mojang.authlib.HttpAuthenticationService) Response: 
[02:13:12] [Worker-Main-14/DEBUG] (com.mojang.authlib.yggdrasil.YggdrasilMinecraftSessionService) Couldn't fetch profile properties for com.mojang.authlib.GameProfile@37c022dc[id=0e2a8643-40df-3a07-bffe-aa9fb0809920,name=Player942,properties={},legacy=false] as the profile does not exist
[02:13:12] [Render thread/DEBUG] (FabricLoader/Mixin) Mixing ChunkRendererRegionMixin from fabric-renderer-indigo.mixins.json into net.minecraft.client.renderer.chunk.RenderChunkRegion
[02:13:12] [Render thread/DEBUG] (FabricLoader/Mixin) fabric-renderer-indigo.mixins.json:ChunkRendererRegionMixin from mod fabric-renderer-indigo: Class version 61 required is higher than the class version supported by the current version of Mixin (JAVA_16 supports class version 60)
[02:13:12] [Render thread/DEBUG] (FabricLoader/Mixin) Mixing ChunkRendererRegionMixin from fabric-block-view-api-v2.client.mixins.json into net.minecraft.client.renderer.chunk.RenderChunkRegion
[02:13:12] [Render thread/DEBUG] (FabricLoader/Mixin) Mixing ChunkRendererRegionMixin from fabric-rendering-data-attachment-v1.client.mixins.json into net.minecraft.client.renderer.chunk.RenderChunkRegion
[02:13:12] [Render thread/DEBUG] (com.mojang.blaze3d.systems.RenderSystem) Growing IndexBuffer: Old limit 9360, new limit 22416.
[02:13:13] [Render thread/DEBUG] (FabricLoader/Mixin) Mixing MixinChunkMap from architectury.mixins.json into net.minecraft.server.level.ChunkMap
[02:13:13] [Render thread/DEBUG] (FabricLoader/Mixin) Mixing accessor.ThreadedAnvilChunkStorageAccessor from fabric-networking-api-v1.mixins.json into net.minecraft.server.level.ChunkMap
[02:13:13] [Render thread/DEBUG] (FabricLoader/Mixin) fabric-networking-api-v1.mixins.json:accessor.ThreadedAnvilChunkStorageAccessor from mod fabric-networking-api-v1: Class version 61 required is higher than the class version supported by the current version of Mixin (JAVA_16 supports class version 60)
[02:13:13] [Render thread/DEBUG] (FabricLoader/Mixin) Mixing ThreadedAnvilChunkStorageMixin from fabric-lifecycle-events-v1.mixins.json into net.minecraft.server.level.ChunkMap
[02:13:13] [Render thread/DEBUG] (FabricLoader/Mixin) fabric-lifecycle-events-v1.mixins.json:ThreadedAnvilChunkStorageMixin from mod fabric-lifecycle-events-v1: Class version 61 required is higher than the class version supported by the current version of Mixin (JAVA_16 supports class version 60)
[02:13:13] [Render thread/DEBUG] (FabricLoader/Mixin) architectury.mixins.json:MixinChunkMap from mod architectury->@Inject::save(Lnet/minecraft/world/level/chunk/ChunkAccess;Lorg/spongepowered/asm/mixin/injection/callback/CallbackInfoReturnable;Lnet/minecraft/world/level/ChunkPos;Lnet/minecraft/world/level/chunk/ChunkStatus;Lnet/minecraft/nbt/CompoundTag;)V doesn't use it's CallbackInfoReturnable
[02:13:13] [Render thread/DEBUG] (FabricLoader/Mixin) architectury.mixins.json:MixinChunkMap from mod architectury->@Inject::save(Lnet/minecraft/world/level/chunk/ChunkAccess;Lorg/spongepowered/asm/mixin/injection/callback/CallbackInfoReturnable;Lnet/minecraft/world/level/ChunkPos;Lnet/minecraft/world/level/chunk/ChunkStatus;Lnet/minecraft/nbt/CompoundTag;)V has 0 override(s) in child classes
[02:13:13] [Render thread/DEBUG] (FabricLoader/Mixin) architectury.mixins.json:MixinChunkMap from mod architectury->@Inject::save(Lnet/minecraft/world/level/chunk/ChunkAccess;Lorg/spongepowered/asm/mixin/injection/callback/CallbackInfoReturnable;Lnet/minecraft/world/level/ChunkPos;Lnet/minecraft/world/level/chunk/ChunkStatus;Lnet/minecraft/nbt/CompoundTag;)V won't be passed a CallbackInfoReturnable as a result
[02:13:13] [Render thread/DEBUG] (FabricLoader/Mixin) fabric-lifecycle-events-v1.mixins.json:ThreadedAnvilChunkStorageMixin from mod fabric-lifecycle-events-v1->@Inject::onChunkUnload(Lnet/minecraft/server/level/ChunkHolder;Ljava/util/concurrent/CompletableFuture;JLnet/minecraft/world/level/chunk/ChunkAccess;Lorg/spongepowered/asm/mixin/injection/callback/CallbackInfo;)V doesn't use it's CallbackInfo
[02:13:13] [Render thread/DEBUG] (FabricLoader/Mixin) fabric-lifecycle-events-v1.mixins.json:ThreadedAnvilChunkStorageMixin from mod fabric-lifecycle-events-v1->@Inject::onChunkUnload(Lnet/minecraft/server/level/ChunkHolder;Ljava/util/concurrent/CompletableFuture;JLnet/minecraft/world/level/chunk/ChunkAccess;Lorg/spongepowered/asm/mixin/injection/callback/CallbackInfo;)V has 0 override(s) in child classes
[02:13:13] [Render thread/DEBUG] (FabricLoader/Mixin) fabric-lifecycle-events-v1.mixins.json:ThreadedAnvilChunkStorageMixin from mod fabric-lifecycle-events-v1->@Inject::onChunkUnload(Lnet/minecraft/server/level/ChunkHolder;Ljava/util/concurrent/CompletableFuture;JLnet/minecraft/world/level/chunk/ChunkAccess;Lorg/spongepowered/asm/mixin/injection/callback/CallbackInfo;)V won't be passed a CallbackInfo as a result
[02:13:13] [Render thread/DEBUG] (FabricLoader/Mixin) fabric-lifecycle-events-v1.mixins.json:ThreadedAnvilChunkStorageMixin from mod fabric-lifecycle-events-v1->@Inject::onChunkLoad(Lnet/minecraft/server/level/ChunkHolder;Lnet/minecraft/world/level/chunk/ChunkAccess;Lorg/spongepowered/asm/mixin/injection/callback/CallbackInfoReturnable;)V does use it's CallbackInfoReturnable
[02:13:15] [Worker-Main-23/DEBUG] (com.mojang.authlib.HttpAuthenticationService) Opening connection to https://sessionserver.mojang.com/session/minecraft/profile/533358783f5639c8893b77b74c9ca2e1?unsigned=false
[02:13:15] [Worker-Main-23/DEBUG] (com.mojang.authlib.HttpAuthenticationService) Reading data from https://sessionserver.mojang.com/session/minecraft/profile/533358783f5639c8893b77b74c9ca2e1?unsigned=false
[02:13:15] [Worker-Main-23/DEBUG] (com.mojang.authlib.HttpAuthenticationService) Successful read, server response was 204
[02:13:15] [Worker-Main-23/DEBUG] (com.mojang.authlib.HttpAuthenticationService) Response: 
[02:13:15] [Worker-Main-23/DEBUG] (com.mojang.authlib.yggdrasil.YggdrasilMinecraftSessionService) Couldn't fetch profile properties for com.mojang.authlib.GameProfile@57c0a373[id=53335878-3f56-39c8-893b-77b74c9ca2e1,name=Player60,properties={},legacy=false] as the profile does not exist
[02:13:15] [Render thread/DEBUG] (com.mojang.blaze3d.vertex.BufferBuilder) Needed to grow BufferBuilder buffer: Old size 1536 bytes, new size 2098688 bytes.
[02:13:15] [Render thread/DEBUG] (FabricLoader/Mixin) Mixing TooltipComponentMixin from fabric-rendering-v1.mixins.json into net.minecraft.client.gui.screens.inventory.tooltip.ClientTooltipComponent
[02:13:15] [Render thread/DEBUG] (FabricLoader/Mixin) fabric-rendering-v1.mixins.json:TooltipComponentMixin from mod fabric-rendering-v1: Class version 61 required is higher than the class version supported by the current version of Mixin (JAVA_16 supports class version 60)
[02:13:15] [Render thread/DEBUG] (FabricLoader/Mixin) fabric-rendering-v1.mixins.json:TooltipComponentMixin from mod fabric-rendering-v1->@Inject::convertCustomTooltipData(Lnet/minecraft/world/inventory/tooltip/TooltipComponent;Lorg/spongepowered/asm/mixin/injection/callback/CallbackInfoReturnable;)V does use it's CallbackInfoReturnable
[02:13:15] [Render thread/DEBUG] (FabricLoader/Mixin) Mixing client.MixinTooltipRenderUtil from architectury.mixins.json into net.minecraft.client.gui.screens.inventory.tooltip.TooltipRenderUtil
[02:13:18] [Render thread/INFO] (mezz.jei.fabric.startup.ClientLifecycleHandler) Stopping JEI
[02:13:18] [Render thread/INFO] (mezz.jei.library.startup.JeiStarter) Stopping JEI
[02:13:18] [Render thread/INFO] (mezz.jei.library.load.PluginCaller) Sending Runtime Unavailable...
[02:13:18] [Render thread/DEBUG] (mezz.jei.library.load.PluginCallerTimerRunnable) Sending Runtime Unavailable: jei:minecraft...
[02:13:18] [Render thread/DEBUG] (mezz.jei.library.load.PluginCallerTimerRunnable) Sending Runtime Unavailable: jei:debug...
[02:13:18] [Render thread/DEBUG] (mezz.jei.library.load.PluginCallerTimerRunnable) Sending Runtime Unavailable: jei:fabric_gui...
[02:13:18] [Render thread/INFO] (mezz.jei.fabric.plugins.fabric.FabricGuiPlugin) Stopping JEI GUI
[02:13:18] [Render thread/DEBUG] (mezz.jei.library.load.PluginCallerTimerRunnable) Sending Runtime Unavailable: jei:gui...
[02:13:18] [Render thread/DEBUG] (mezz.jei.library.load.PluginCallerTimerRunnable) Sending Runtime Unavailable: swm:crafting...
[02:13:18] [Render thread/DEBUG] (mezz.jei.library.load.PluginCallerTimerRunnable) Sending Runtime Unavailable: jei:internal...
[02:13:18] [Render thread/INFO] (mezz.jei.library.load.PluginCaller) Sending Runtime Unavailable took 586.7 μs
[02:14:01] [Thread-0/INFO] (net.minecraft.server.LoggedPrintStream) [STDOUT]: [Architectury Transformer] Detected File Modification at swm-common-2.1.0-dev.jar
[02:14:01] [Thread-0/INFO] (net.minecraft.server.LoggedPrintStream) [STDOUT]: [Architectury Transformer] Redefined 1 class(es) from C:\Users\Aidan\IdeaProjects\StarWarsMod\1.20.1\common\build\devlibs\swm-common-2.1.0-dev.jar in 45.84 ms
[02:14:06] [Thread-0/INFO] (net.minecraft.server.LoggedPrintStream) [STDOUT]: [Architectury Transformer] Detected File Modification at swm-common-2.1.0-dev.jar
[02:14:07] [Render thread/INFO] (mezz.jei.fabric.startup.ClientLifecycleHandler) Stopping JEI
[02:14:07] [Render thread/INFO] (mezz.jei.library.startup.JeiStarter) Stopping JEI
[02:14:07] [Render thread/INFO] (mezz.jei.library.load.PluginCaller) Sending Runtime Unavailable...
[02:14:07] [Render thread/DEBUG] (mezz.jei.library.load.PluginCallerTimerRunnable) Sending Runtime Unavailable: jei:minecraft...
[02:14:07] [Render thread/DEBUG] (mezz.jei.library.load.PluginCallerTimerRunnable) Sending Runtime Unavailable: jei:debug...
[02:14:07] [Render thread/DEBUG] (mezz.jei.library.load.PluginCallerTimerRunnable) Sending Runtime Unavailable: jei:fabric_gui...
[02:14:07] [Render thread/INFO] (mezz.jei.fabric.plugins.fabric.FabricGuiPlugin) Stopping JEI GUI
[02:14:07] [Render thread/DEBUG] (mezz.jei.library.load.PluginCallerTimerRunnable) Sending Runtime Unavailable: jei:gui...
[02:14:07] [Render thread/DEBUG] (mezz.jei.library.load.PluginCallerTimerRunnable) Sending Runtime Unavailable: swm:crafting...
[02:14:07] [Render thread/DEBUG] (mezz.jei.library.load.PluginCallerTimerRunnable) Sending Runtime Unavailable: jei:internal...
[02:14:07] [Render thread/INFO] (mezz.jei.library.load.PluginCaller) Sending Runtime Unavailable took 414.7 μs
[02:14:07] [Render thread/INFO] (net.minecraft.client.gui.screens.ConnectScreen) Connecting to 192.168.1.223, 51160
[02:14:07] [Downloader 0/DEBUG] (com.mojang.authlib.HttpAuthenticationService) Opening connection to https://sessionserver.mojang.com/session/minecraft/join
[02:14:07] [Downloader 0/DEBUG] (com.mojang.authlib.HttpAuthenticationService) Writing POST data to https://sessionserver.mojang.com/session/minecraft/join: {"accessToken":"FabricMC","selectedProfile":"0e2a864340df3a07bffeaa9fb0809920","serverId":"-4c291e772f1b4556d7139933088a3d8e467f68f8"}
[02:14:07] [Downloader 0/DEBUG] (com.mojang.authlib.HttpAuthenticationService) Reading data from https://sessionserver.mojang.com/session/minecraft/join
[02:14:07] [Downloader 0/DEBUG] (com.mojang.authlib.HttpAuthenticationService) Reading error page from https://sessionserver.mojang.com/session/minecraft/join
[02:14:07] [Downloader 0/DEBUG] (com.mojang.authlib.HttpAuthenticationService) Successful read, server response was 403
[02:14:07] [Downloader 0/DEBUG] (com.mojang.authlib.HttpAuthenticationService) Response: {
  "error" : "ForbiddenOperationException",
  "path" : "/session/minecraft/join"
}
[02:14:07] [Downloader 0/WARN] (net.minecraft.client.multiplayer.ClientHandshakePacketListenerImpl) Failed to log in: Invalid session (Try restarting your game and the launcher)
[02:14:07] [Netty Client IO #3/DEBUG] (ClientLoginNetworkAddon for Client) Handling inbound login response with id 0 and channel with name fabric:custom_ingredient_sync
[02:14:07] [Netty Client IO #3/DEBUG] (ClientLoginNetworkAddon for Client) Handling inbound login response with id 1 and channel with name fabric-networking-api-v1:early_registration
[02:14:07] [Netty Client IO #3/DEBUG] (fabric-networking-api-v1) Received accepted channels from the server
[02:14:07] [Netty Client IO #3/DEBUG] (fabric-networking-api-v1) Sent accepted channels to the server
[02:14:08] [Netty Client IO #3/DEBUG] (ClientPlayNetworkAddon for Player942) Handling inbound packet from channel with name "fabric:registry/sync/direct"
[02:14:08] [Netty Client IO #3/DEBUG] (ClientPlayNetworkAddon for Player942) Handling inbound packet from channel with name "fabric:registry/sync/direct"
[02:14:08] [Netty Client IO #3/DEBUG] (ClientPlayNetworkAddon for Player942) Handling inbound packet from channel with name "minecraft:register"
[02:14:08] [Netty Client IO #3/DEBUG] (ClientPlayNetworkAddon for Player942) Handling inbound packet from channel with name "minecraft:brand"
[02:14:08] [Render thread/DEBUG] (ClientPlayNetworkAddon for Player942) Handling inbound packet from channel with name "minecraft:brand"
[02:14:08] [Render thread/INFO] (mezz.jei.core.util.LoggedTimer) Starting JEI...
[02:14:08] [Render thread/INFO] (mezz.jei.library.load.PluginCaller) Registering item subtypes...
[02:14:08] [Render thread/DEBUG] (mezz.jei.library.load.PluginCallerTimerRunnable) Registering item subtypes: jei:minecraft...
[02:14:08] [Render thread/DEBUG] (mezz.jei.library.load.PluginCallerTimerRunnable) Registering item subtypes: jei:debug...
[02:14:08] [Render thread/DEBUG] (mezz.jei.library.load.PluginCallerTimerRunnable) Registering item subtypes: jei:fabric_gui...
[02:14:08] [Render thread/DEBUG] (mezz.jei.library.load.PluginCallerTimerRunnable) Registering item subtypes: jei:gui...
[02:14:08] [Render thread/DEBUG] (mezz.jei.library.load.PluginCallerTimerRunnable) Registering item subtypes: swm:crafting...
[02:14:08] [Render thread/DEBUG] (mezz.jei.library.load.PluginCallerTimerRunnable) Registering item subtypes: jei:internal...
[02:14:08] [Render thread/INFO] (mezz.jei.library.load.PluginCaller) Registering item subtypes took 920.3 μs
[02:14:08] [Render thread/INFO] (mezz.jei.library.load.PluginCaller) Registering fluid subtypes...
[02:14:08] [Render thread/DEBUG] (mezz.jei.library.load.PluginCallerTimerRunnable) Registering fluid subtypes: jei:minecraft...
[02:14:08] [Render thread/DEBUG] (mezz.jei.library.load.PluginCallerTimerRunnable) Registering fluid subtypes: jei:debug...
[02:14:08] [Render thread/DEBUG] (mezz.jei.library.load.PluginCallerTimerRunnable) Registering fluid subtypes: jei:fabric_gui...
[02:14:08] [Render thread/DEBUG] (mezz.jei.library.load.PluginCallerTimerRunnable) Registering fluid subtypes: jei:gui...
[02:14:08] [Render thread/DEBUG] (mezz.jei.library.load.PluginCallerTimerRunnable) Registering fluid subtypes: swm:crafting...
[02:14:08] [Render thread/DEBUG] (mezz.jei.library.load.PluginCallerTimerRunnable) Registering fluid subtypes: jei:internal...
[02:14:08] [Render thread/INFO] (mezz.jei.library.load.PluginCaller) Registering fluid subtypes took 298.1 μs
[02:14:08] [Render thread/INFO] (mezz.jei.library.load.PluginCaller) Registering ingredients...
[02:14:08] [Render thread/DEBUG] (mezz.jei.library.load.PluginCallerTimerRunnable) Registering ingredients: jei:minecraft...
[02:14:08] [Render thread/DEBUG] (mezz.jei.library.plugins.vanilla.ingredients.ItemStackListFactory) Added  348/ 348 new items from 'Building Blocks' creative tab's displayItems
[02:14:08] [Render thread/DEBUG] (mezz.jei.library.plugins.vanilla.ingredients.ItemStackListFactory) Added  198/ 198 new items from 'Colored Blocks' creative tab's displayItems
[02:14:08] [Render thread/DEBUG] (mezz.jei.library.plugins.vanilla.ingredients.ItemStackListFactory) Added  202/ 226 new items from 'Natural Blocks' creative tab's displayItems
[02:14:08] [Render thread/DEBUG] (mezz.jei.library.plugins.vanilla.ingredients.ItemStackListFactory) Added   91/ 170 new items from 'Functional Blocks' creative tab's displayItems
[02:14:08] [Render thread/DEBUG] (mezz.jei.library.plugins.vanilla.ingredients.ItemStackListFactory) Added    0/ 170 new items from 'Functional Blocks' creative tab's searchTabDisplayItems
[02:14:08] [Render thread/DEBUG] (mezz.jei.library.plugins.vanilla.ingredients.ItemStackListFactory) Added   28/  62 new items from 'Redstone Blocks' creative tab's displayItems
[02:14:08] [Render thread/DEBUG] (mezz.jei.library.plugins.vanilla.ingredients.ItemStackListFactory) Skipping creative tab: 'Saved Hotbars' because it is type: HOTBAR
[02:14:08] [Render thread/DEBUG] (mezz.jei.library.plugins.vanilla.ingredients.ItemStackListFactory) Skipping creative tab: 'Search Items' because it is type: SEARCH
[02:14:08] [Render thread/DEBUG] (mezz.jei.library.plugins.vanilla.ingredients.ItemStackListFactory) Added   89/ 101 new items from 'Tools & Utilities' creative tab's displayItems
[02:14:08] [Render thread/DEBUG] (mezz.jei.library.plugins.vanilla.ingredients.ItemStackListFactory) Added   86/  97 new items from 'Combat' creative tab's displayItems
[02:14:08] [Render thread/DEBUG] (mezz.jei.library.plugins.vanilla.ingredients.ItemStackListFactory) Added  173/ 176 new items from 'Food & Drinks' creative tab's displayItems
[02:14:08] [Render thread/DEBUG] (mezz.jei.library.plugins.vanilla.ingredients.ItemStackListFactory) Added  157/ 171 new items from 'Ingredients' creative tab's displayItems
[02:14:08] [Render thread/DEBUG] (mezz.jei.library.plugins.vanilla.ingredients.ItemStackListFactory) Added   74/ 245 new items from 'Ingredients' creative tab's searchTabDisplayItems
[02:14:08] [Render thread/DEBUG] (mezz.jei.library.plugins.vanilla.ingredients.ItemStackListFactory) Added   76/  76 new items from 'Spawn Eggs' creative tab's displayItems
[02:14:08] [Render thread/WARN] (mezz.jei.library.plugins.vanilla.ingredients.ItemStackListFactory) Item Group has no display items and no search tab display items. Items from this group will be missing from the JEI ingredient list. Operator Utilities
[02:14:08] [Render thread/DEBUG] (mezz.jei.library.plugins.vanilla.ingredients.ItemStackListFactory) Skipping creative tab: 'Survival Inventory' because it is type: INVENTORY
[02:14:08] [Render thread/DEBUG] (mezz.jei.library.plugins.vanilla.ingredients.ItemStackListFactory) Added   18/  18 new items from 'Syconn's Star Wars' creative tab's displayItems
[02:14:08] [Render thread/DEBUG] (mezz.jei.library.plugins.vanilla.ingredients.ItemStackListFactory) Added    0/   7 new items from 'Syconn's Star Wars' creative tab's searchTabDisplayItems
[02:14:08] [Render thread/DEBUG] (mezz.jei.library.load.PluginCallerTimerRunnable) Registering ingredients: jei:debug...
[02:14:08] [Render thread/DEBUG] (mezz.jei.library.load.PluginCallerTimerRunnable) Registering ingredients: jei:fabric_gui...
[02:14:08] [Render thread/DEBUG] (mezz.jei.library.load.PluginCallerTimerRunnable) Registering ingredients: jei:gui...
[02:14:08] [Render thread/DEBUG] (mezz.jei.library.load.PluginCallerTimerRunnable) Registering ingredients: swm:crafting...
[02:14:08] [Render thread/DEBUG] (mezz.jei.library.load.PluginCallerTimerRunnable) Registering ingredients: jei:internal...
[02:14:08] [Render thread/INFO] (mezz.jei.library.load.PluginCaller) Registering ingredients took 9.548 ms
[02:14:08] [Render thread/INFO] (mezz.jei.library.load.PluginCaller) Registering extra ingredients...
[02:14:08] [Render thread/DEBUG] (mezz.jei.library.load.PluginCallerTimerRunnable) Registering extra ingredients: jei:minecraft...
[02:14:08] [Render thread/DEBUG] (mezz.jei.library.load.PluginCallerTimerRunnable) Registering extra ingredients: jei:debug...
[02:14:08] [Render thread/DEBUG] (mezz.jei.library.load.PluginCallerTimerRunnable) Registering extra ingredients: jei:fabric_gui...
[02:14:08] [Render thread/DEBUG] (mezz.jei.library.load.PluginCallerTimerRunnable) Registering extra ingredients: jei:gui...
[02:14:08] [Render thread/DEBUG] (mezz.jei.library.load.PluginCallerTimerRunnable) Registering extra ingredients: swm:crafting...
[02:14:08] [Render thread/DEBUG] (mezz.jei.library.load.PluginCallerTimerRunnable) Registering extra ingredients: jei:internal...
[02:14:08] [Render thread/INFO] (mezz.jei.library.load.PluginCaller) Registering extra ingredients took 390.1 μs
[02:14:08] [Render thread/INFO] (mezz.jei.library.load.PluginCaller) Registering search ingredient aliases...
[02:14:08] [Render thread/DEBUG] (mezz.jei.library.load.PluginCallerTimerRunnable) Registering search ingredient aliases: jei:minecraft...
[02:14:08] [Render thread/DEBUG] (mezz.jei.library.load.PluginCallerTimerRunnable) Registering search ingredient aliases: jei:debug...
[02:14:08] [Render thread/DEBUG] (mezz.jei.library.load.PluginCallerTimerRunnable) Registering search ingredient aliases: jei:fabric_gui...
[02:14:08] [Render thread/DEBUG] (mezz.jei.library.load.PluginCallerTimerRunnable) Registering search ingredient aliases: jei:gui...
[02:14:08] [Render thread/DEBUG] (mezz.jei.library.load.PluginCallerTimerRunnable) Registering search ingredient aliases: swm:crafting...
[02:14:08] [Render thread/DEBUG] (mezz.jei.library.load.PluginCallerTimerRunnable) Registering search ingredient aliases: jei:internal...
[02:14:08] [Render thread/INFO] (mezz.jei.library.load.PluginCaller) Registering search ingredient aliases took 334.7 μs
[02:14:08] [Render thread/INFO] (mezz.jei.library.load.PluginCaller) Registering categories...
[02:14:08] [Render thread/DEBUG] (mezz.jei.library.load.PluginCallerTimerRunnable) Registering categories: jei:minecraft...
[02:14:08] [Render thread/DEBUG] (mezz.jei.library.load.PluginCallerTimerRunnable) Registering categories: jei:debug...
[02:14:08] [Render thread/DEBUG] (mezz.jei.library.load.PluginCallerTimerRunnable) Registering categories: jei:fabric_gui...
[02:14:08] [Render thread/DEBUG] (mezz.jei.library.load.PluginCallerTimerRunnable) Registering categories: jei:gui...
[02:14:08] [Render thread/DEBUG] (mezz.jei.library.load.PluginCallerTimerRunnable) Registering categories: swm:crafting...
[02:14:08] [Render thread/DEBUG] (mezz.jei.library.load.PluginCallerTimerRunnable) Registering categories: jei:internal...
[02:14:08] [Render thread/INFO] (mezz.jei.library.load.PluginCaller) Registering categories took 1.006 ms
[02:14:08] [Render thread/INFO] (mezz.jei.library.load.PluginCaller) Registering vanilla category extensions...
[02:14:08] [Render thread/DEBUG] (mezz.jei.library.load.PluginCallerTimerRunnable) Registering vanilla category extensions: jei:minecraft...
[02:14:08] [Render thread/DEBUG] (mezz.jei.library.load.PluginCallerTimerRunnable) Registering vanilla category extensions: jei:debug...
[02:14:08] [Render thread/DEBUG] (mezz.jei.library.load.PluginCallerTimerRunnable) Registering vanilla category extensions: jei:fabric_gui...
[02:14:08] [Render thread/DEBUG] (mezz.jei.library.load.PluginCallerTimerRunnable) Registering vanilla category extensions: jei:gui...
[02:14:08] [Render thread/DEBUG] (mezz.jei.library.load.PluginCallerTimerRunnable) Registering vanilla category extensions: swm:crafting...
[02:14:08] [Render thread/DEBUG] (mezz.jei.library.load.PluginCallerTimerRunnable) Registering vanilla category extensions: jei:internal...
[02:14:08] [Render thread/INFO] (mezz.jei.library.load.PluginCaller) Registering vanilla category extensions took 315.9 μs
[02:14:08] [Render thread/INFO] (mezz.jei.library.load.PluginCaller) Registering recipe catalysts...
[02:14:08] [Render thread/DEBUG] (mezz.jei.library.load.PluginCallerTimerRunnable) Registering recipe catalysts: jei:minecraft...
[02:14:08] [Render thread/DEBUG] (mezz.jei.library.load.PluginCallerTimerRunnable) Registering recipe catalysts: jei:debug...
[02:14:08] [Render thread/DEBUG] (mezz.jei.library.load.PluginCallerTimerRunnable) Registering recipe catalysts: jei:fabric_gui...
[02:14:08] [Render thread/DEBUG] (mezz.jei.library.load.PluginCallerTimerRunnable) Registering recipe catalysts: jei:gui...
[02:14:08] [Render thread/DEBUG] (mezz.jei.library.load.PluginCallerTimerRunnable) Registering recipe catalysts: swm:crafting...
[02:14:08] [Render thread/DEBUG] (mezz.jei.library.load.PluginCallerTimerRunnable) Registering recipe catalysts: jei:internal...
[02:14:08] [Render thread/INFO] (mezz.jei.library.load.PluginCaller) Registering recipe catalysts took 682.2 μs
[02:14:08] [Render thread/INFO] (mezz.jei.core.util.LoggedTimer) Building recipe registry...
[02:14:08] [Render thread/INFO] (mezz.jei.core.util.LoggedTimer) Building recipe registry took 897.6 μs
[02:14:08] [Render thread/INFO] (mezz.jei.library.load.PluginCaller) Registering advanced plugins...
[02:14:08] [Render thread/DEBUG] (mezz.jei.library.load.PluginCallerTimerRunnable) Registering advanced plugins: jei:minecraft...
[02:14:08] [Render thread/DEBUG] (mezz.jei.library.load.PluginCallerTimerRunnable) Registering advanced plugins: jei:debug...
[02:14:08] [Render thread/INFO] (mezz.jei.library.load.registration.AdvancedRegistration) Added recipe category decorator: class mezz.jei.library.plugins.debug.DebugCategoryDecorator for recipe type: jei:debug
[02:14:08] [Render thread/INFO] (mezz.jei.library.load.registration.AdvancedRegistration) Added recipe category decorator: class mezz.jei.library.plugins.debug.DebugCategoryDecorator for recipe type: jei:debug_focus
[02:14:08] [Render thread/INFO] (mezz.jei.library.load.registration.AdvancedRegistration) Added recipe category decorator: class mezz.jei.library.plugins.debug.DebugCategoryDecorator for recipe type: jei:obnoxiously_large_recipe
[02:14:08] [Render thread/INFO] (mezz.jei.library.load.registration.AdvancedRegistration) Added recipe category decorator: class mezz.jei.library.plugins.debug.DebugCategoryDecorator for recipe type: jei:information
[02:14:08] [Render thread/INFO] (mezz.jei.library.load.registration.AdvancedRegistration) Added typed recipe manager plugin: class mezz.jei.library.plugins.debug.DebugSimpleRecipeManagerPlugin
[02:14:08] [Render thread/DEBUG] (mezz.jei.library.load.PluginCallerTimerRunnable) Registering advanced plugins: jei:fabric_gui...
[02:14:08] [Render thread/DEBUG] (mezz.jei.library.load.PluginCallerTimerRunnable) Registering advanced plugins: jei:gui...
[02:14:08] [Render thread/DEBUG] (mezz.jei.library.load.PluginCallerTimerRunnable) Registering advanced plugins: swm:crafting...
[02:14:08] [Render thread/DEBUG] (mezz.jei.library.load.PluginCallerTimerRunnable) Registering advanced plugins: jei:internal...
[02:14:08] [Render thread/INFO] (mezz.jei.library.load.PluginCaller) Registering advanced plugins took 548.0 μs
[02:14:08] [Render thread/INFO] (mezz.jei.library.load.PluginCaller) Registering recipes...
[02:14:08] [Render thread/DEBUG] (mezz.jei.library.load.PluginCallerTimerRunnable) Registering recipes: jei:minecraft...
[02:14:08] [Render thread/DEBUG] (mezz.jei.library.recipes.RecipeManagerInternal) Adding recipes: RecipeType[uid=minecraft:crafting, recipeClass=interface net.minecraft.world.item.crafting.CraftingRecipe]
[02:14:08] [Render thread/DEBUG] (mezz.jei.library.recipes.RecipeManagerInternal) Adding recipes: RecipeType[uid=minecraft:crafting, recipeClass=interface net.minecraft.world.item.crafting.CraftingRecipe]
[02:14:08] [Render thread/DEBUG] (mezz.jei.library.recipes.RecipeManagerInternal) Adding recipes: RecipeType[uid=minecraft:stonecutting, recipeClass=class net.minecraft.world.item.crafting.StonecutterRecipe]
[02:14:08] [Render thread/DEBUG] (mezz.jei.library.recipes.RecipeManagerInternal) Adding recipes: RecipeType[uid=minecraft:furnace, recipeClass=class net.minecraft.world.item.crafting.SmeltingRecipe]
[02:14:08] [Render thread/DEBUG] (mezz.jei.library.recipes.RecipeManagerInternal) Adding recipes: RecipeType[uid=minecraft:smoking, recipeClass=class net.minecraft.world.item.crafting.SmokingRecipe]
[02:14:08] [Render thread/DEBUG] (mezz.jei.library.recipes.RecipeManagerInternal) Adding recipes: RecipeType[uid=minecraft:blasting, recipeClass=class net.minecraft.world.item.crafting.BlastingRecipe]
[02:14:08] [Render thread/DEBUG] (mezz.jei.library.recipes.RecipeManagerInternal) Adding recipes: RecipeType[uid=minecraft:campfire, recipeClass=class net.minecraft.world.item.crafting.CampfireCookingRecipe]
[02:14:08] [Render thread/DEBUG] (mezz.jei.library.recipes.RecipeManagerInternal) Adding recipes: RecipeType[uid=minecraft:fuel, recipeClass=interface mezz.jei.api.recipe.vanilla.IJeiFuelingRecipe]
[02:14:08] [Render thread/DEBUG] (mezz.jei.library.recipes.RecipeManagerInternal) Adding recipes: RecipeType[uid=minecraft:anvil, recipeClass=interface mezz.jei.api.recipe.vanilla.IJeiAnvilRecipe]
[02:14:08] [Render thread/DEBUG] (mezz.jei.library.recipes.RecipeManagerInternal) Adding recipes: RecipeType[uid=minecraft:smithing, recipeClass=interface net.minecraft.world.item.crafting.SmithingRecipe]
[02:14:08] [Render thread/DEBUG] (mezz.jei.library.recipes.RecipeManagerInternal) Adding recipes: RecipeType[uid=minecraft:compostable, recipeClass=interface mezz.jei.api.recipe.vanilla.IJeiCompostingRecipe]
[02:14:08] [Render thread/DEBUG] (mezz.jei.library.recipes.RecipeManagerInternal) Adding recipes: RecipeType[uid=minecraft:brewing, recipeClass=interface mezz.jei.api.recipe.vanilla.IJeiBrewingRecipe]
[02:14:08] [Render thread/INFO] (mezz.jei.library.load.PluginCallerTimerRunnable) Registering recipes: jei:minecraft took 56.73 milliseconds
[02:14:08] [Render thread/DEBUG] (mezz.jei.library.load.PluginCallerTimerRunnable) Registering recipes: jei:debug...
[02:14:08] [Render thread/DEBUG] (mezz.jei.library.recipes.RecipeManagerInternal) Adding recipes: RecipeType[uid=jei:information, recipeClass=interface mezz.jei.api.recipe.vanilla.IJeiIngredientInfoRecipe]
[02:14:08] [Render thread/DEBUG] (mezz.jei.library.recipes.RecipeManagerInternal) Adding recipes: RecipeType[uid=jei:information, recipeClass=interface mezz.jei.api.recipe.vanilla.IJeiIngredientInfoRecipe]
[02:14:08] [Render thread/DEBUG] (mezz.jei.library.recipes.RecipeManagerInternal) Adding recipes: RecipeType[uid=jei:information, recipeClass=interface mezz.jei.api.recipe.vanilla.IJeiIngredientInfoRecipe]
[02:14:08] [Render thread/DEBUG] (mezz.jei.library.recipes.RecipeManagerInternal) Adding recipes: RecipeType[uid=jei:information, recipeClass=interface mezz.jei.api.recipe.vanilla.IJeiIngredientInfoRecipe]
[02:14:08] [Render thread/DEBUG] (mezz.jei.library.recipes.RecipeManagerInternal) Adding recipes: RecipeType[uid=jei:information, recipeClass=interface mezz.jei.api.recipe.vanilla.IJeiIngredientInfoRecipe]
[02:14:08] [Render thread/DEBUG] (mezz.jei.library.recipes.RecipeManagerInternal) Adding recipes: RecipeType[uid=jei:debug, recipeClass=class mezz.jei.library.plugins.debug.DebugRecipe]
[02:14:08] [Render thread/DEBUG] (mezz.jei.library.recipes.RecipeManagerInternal) Adding recipes: RecipeType[uid=jei:debug_focus, recipeClass=class mezz.jei.library.plugins.debug.DebugRecipe]
[02:14:08] [Render thread/DEBUG] (mezz.jei.library.recipes.RecipeManagerInternal) Adding recipes: RecipeType[uid=minecraft:smithing, recipeClass=interface net.minecraft.world.item.crafting.SmithingRecipe]
[02:14:08] [Render thread/DEBUG] (mezz.jei.library.recipes.RecipeManagerInternal) Adding recipes: RecipeType[uid=jei:obnoxiously_large_recipe, recipeClass=class mezz.jei.library.plugins.debug.ObnoxiouslyLargeRecipe]
[02:14:08] [Render thread/DEBUG] (mezz.jei.library.load.PluginCallerTimerRunnable) Registering recipes: jei:fabric_gui...
[02:14:08] [Render thread/DEBUG] (mezz.jei.library.load.PluginCallerTimerRunnable) Registering recipes: jei:gui...
[02:14:08] [Render thread/DEBUG] (mezz.jei.library.load.PluginCallerTimerRunnable) Registering recipes: swm:crafting...
[02:14:08] [Render thread/DEBUG] (mezz.jei.library.recipes.RecipeManagerInternal) Adding recipes: RecipeType[uid=swm:lightsaber, recipeClass=class mod.syconn.swm.server.recipes.LightsaberRecipe]
[02:14:08] [Render thread/DEBUG] (mezz.jei.library.load.PluginCallerTimerRunnable) Registering recipes: jei:internal...
[02:14:08] [Render thread/DEBUG] (mezz.jei.library.plugins.jei.tags.TagInfoRecipeMaker) No valid ingredients found for minecraft:fluid tag: #c:water (c:water)
[02:14:08] [Render thread/DEBUG] (mezz.jei.library.plugins.jei.tags.TagInfoRecipeMaker) No valid ingredients found for minecraft:fluid tag: #c:lava (c:lava)
[02:14:08] [Render thread/DEBUG] (mezz.jei.library.plugins.jei.tags.TagInfoRecipeMaker) No valid ingredients found for minecraft:fluid tag: #minecraft:water (minecraft:water)
[02:14:08] [Render thread/DEBUG] (mezz.jei.library.plugins.jei.tags.TagInfoRecipeMaker) No valid ingredients found for minecraft:fluid tag: #minecraft:lava (minecraft:lava)
[02:14:08] [Render thread/DEBUG] (mezz.jei.library.recipes.RecipeManagerInternal) Adding recipes: RecipeType[uid=minecraft:tag_recipes/fluid, recipeClass=interface mezz.jei.library.plugins.jei.tags.ITagInfoRecipe]
[02:14:08] [Render thread/DEBUG] (mezz.jei.library.plugins.jei.tags.TagInfoRecipeMaker) No valid ingredients found for minecraft:item tag: #minecraft:pickaxes (minecraft:pickaxes)
[02:14:08] [Render thread/DEBUG] (mezz.jei.library.plugins.jei.tags.TagInfoRecipeMaker) No valid ingredients found for minecraft:item tag: #c:quartz (c:quartz)
[02:14:08] [Render thread/DEBUG] (mezz.jei.library.plugins.jei.tags.TagInfoRecipeMaker) No valid ingredients found for minecraft:item tag: #minecraft:small_flowers (minecraft:small_flowers)
[02:14:08] [Render thread/DEBUG] (mezz.jei.library.plugins.jei.tags.TagInfoRecipeMaker) No valid ingredients found for minecraft:item tag: #minecraft:doors (minecraft:doors)
[02:14:08] [Render thread/DEBUG] (mezz.jei.library.plugins.jei.tags.TagInfoRecipeMaker) No valid ingredients found for minecraft:item tag: #minecraft:freeze_immune_wearables (minecraft:freeze_immune_wearables)
[02:14:08] [Render thread/DEBUG] (mezz.jei.library.plugins.jei.tags.TagInfoRecipeMaker) No valid ingredients found for minecraft:item tag: #c:glass_blocks (c:glass_blocks)
[02:14:08] [Render thread/DEBUG] (mezz.jei.library.plugins.jei.tags.TagInfoRecipeMaker) No valid ingredients found for minecraft:item tag: #c:raw_gold_blocks (c:raw_gold_blocks)
[02:14:08] [Render thread/DEBUG] (mezz.jei.library.plugins.jei.tags.TagInfoRecipeMaker) No valid ingredients found for minecraft:item tag: #c:shovels (c:shovels)
[02:14:08] [Render thread/DEBUG] (mezz.jei.library.plugins.jei.tags.TagInfoRecipeMaker) No valid ingredients found for minecraft:item tag: #minecraft:saplings (minecraft:saplings)
[02:14:08] [Render thread/DEBUG] (mezz.jei.library.plugins.jei.tags.TagInfoRecipeMaker) No valid ingredients found for minecraft:item tag: #minecraft:wooden_buttons (minecraft:wooden_buttons)
[02:14:08] [Render thread/DEBUG] (mezz.jei.library.plugins.jei.tags.TagInfoRecipeMaker) No valid ingredients found for minecraft:item tag: #minecraft:boats (minecraft:boats)
[02:14:08] [Render thread/DEBUG] (mezz.jei.library.plugins.jei.tags.TagInfoRecipeMaker) No valid ingredients found for minecraft:item tag: #c:yellow_dyes (c:yellow_dyes)
[02:14:08] [Render thread/DEBUG] (mezz.jei.library.plugins.jei.tags.TagInfoRecipeMaker) No valid ingredients found for minecraft:item tag: #minecraft:decorated_pot_sherds (minecraft:decorated_pot_sherds)
[02:14:08] [Render thread/DEBUG] (mezz.jei.library.plugins.jei.tags.TagInfoRecipeMaker) No valid ingredients found for minecraft:item tag: #minecraft:sand (minecraft:sand)
[02:14:08] [Render thread/DEBUG] (mezz.jei.library.plugins.jei.tags.TagInfoRecipeMaker) No valid ingredients found for minecraft:item tag: #c:gray_dyes (c:gray_dyes)
[02:14:08] [Render thread/DEBUG] (mezz.jei.library.plugins.jei.tags.TagInfoRecipeMaker) No valid ingredients found for minecraft:item tag: #minecraft:chest_boats (minecraft:chest_boats)
[02:14:08] [Render thread/DEBUG] (mezz.jei.library.plugins.jei.tags.TagInfoRecipeMaker) No valid ingredients found for minecraft:item tag: #c:quartz_ores (c:quartz_ores)
[02:14:08] [Render thread/DEBUG] (mezz.jei.library.plugins.jei.tags.TagInfoRecipeMaker) No valid ingredients found for minecraft:item tag: #minecraft:spruce_logs (minecraft:spruce_logs)
[02:14:08] [Render thread/DEBUG] (mezz.jei.library.plugins.jei.tags.TagInfoRecipeMaker) No valid ingredients found for minecraft:item tag: #c:red_dyes (c:red_dyes)
[02:14:08] [Render thread/DEBUG] (mezz.jei.library.plugins.jei.tags.TagInfoRecipeMaker) No valid ingredients found for minecraft:item tag: #minecraft:warped_stems (minecraft:warped_stems)
[02:14:08] [Render thread/DEBUG] (mezz.jei.library.plugins.jei.tags.TagInfoRecipeMaker) No valid ingredients found for minecraft:item tag: #c:red_sandstone_slabs (c:red_sandstone_slabs)
[02:14:08] [Render thread/DEBUG] (mezz.jei.library.plugins.jei.tags.TagInfoRecipeMaker) No valid ingredients found for minecraft:item tag: #minecraft:coals (minecraft:coals)
[02:14:08] [Render thread/DEBUG] (mezz.jei.library.plugins.jei.tags.TagInfoRecipeMaker) No valid ingredients found for minecraft:item tag: #minecraft:logs (minecraft:logs)
[02:14:08] [Render thread/DEBUG] (mezz.jei.library.plugins.jei.tags.TagInfoRecipeMaker) No valid ingredients found for minecraft:item tag: #minecraft:wool_carpets (minecraft:wool_carpets)
[02:14:08] [Render thread/DEBUG] (mezz.jei.library.plugins.jei.tags.TagInfoRecipeMaker) No valid ingredients found for minecraft:item tag: #c:raw_iron_blocks (c:raw_iron_blocks)
[02:14:08] [Render thread/DEBUG] (mezz.jei.library.plugins.jei.tags.TagInfoRecipeMaker) No valid ingredients found for minecraft:item tag: #c:purple_dyes (c:purple_dyes)
[02:14:08] [Render thread/DEBUG] (mezz.jei.library.plugins.jei.tags.TagInfoRecipeMaker) No valid ingredients found for minecraft:item tag: #c:coal (c:coal)
[02:14:08] [Render thread/DEBUG] (mezz.jei.library.plugins.jei.tags.TagInfoRecipeMaker) No valid ingredients found for minecraft:item tag: #minecraft:arrows (minecraft:arrows)
[02:14:08] [Render thread/DEBUG] (mezz.jei.library.plugins.jei.tags.TagInfoRecipeMaker) No valid ingredients found for minecraft:item tag: #c:shears (c:shears)
[02:14:08] [Render thread/DEBUG] (mezz.jei.library.plugins.jei.tags.TagInfoRecipeMaker) No valid ingredients found for minecraft:item tag: #minecraft:emerald_ores (minecraft:emerald_ores)
[02:14:08] [Render thread/DEBUG] (mezz.jei.library.plugins.jei.tags.TagInfoRecipeMaker) No valid ingredients found for minecraft:item tag: #c:cyan_dyes (c:cyan_dyes)
[02:14:08] [Render thread/DEBUG] (mezz.jei.library.plugins.jei.tags.TagInfoRecipeMaker) No valid ingredients found for minecraft:item tag: #minecraft:wart_blocks (minecraft:wart_blocks)
[02:14:08] [Render thread/DEBUG] (mezz.jei.library.plugins.jei.tags.TagInfoRecipeMaker) No valid ingredients found for minecraft:item tag: #minecraft:tools (minecraft:tools)
[02:14:08] [Render thread/DEBUG] (mezz.jei.library.plugins.jei.tags.TagInfoRecipeMaker) No valid ingredients found for minecraft:item tag: #minecraft:villager_plantable_seeds (minecraft:villager_plantable_seeds)
[02:14:08] [Render thread/DEBUG] (mezz.jei.library.plugins.jei.tags.TagInfoRecipeMaker) No valid ingredients found for minecraft:item tag: #minecraft:terracotta (minecraft:terracotta)
[02:14:08] [Render thread/DEBUG] (mezz.jei.library.plugins.jei.tags.TagInfoRecipeMaker) No valid ingredients found for minecraft:item tag: #minecraft:banners (minecraft:banners)
[02:14:08] [Render thread/DEBUG] (mezz.jei.library.plugins.jei.tags.TagInfoRecipeMaker) No valid ingredients found for minecraft:item tag: #minecraft:redstone_ores (minecraft:redstone_ores)
[02:14:08] [Render thread/DEBUG] (mezz.jei.library.plugins.jei.tags.TagInfoRecipeMaker) No valid ingredients found for minecraft:item tag: #c:potions (c:potions)
[02:14:08] [Render thread/DEBUG] (mezz.jei.library.plugins.jei.tags.TagInfoRecipeMaker) No valid ingredients found for minecraft:item tag: #c:axes (c:axes)
[02:14:08] [Render thread/DEBUG] (mezz.jei.library.plugins.jei.tags.TagInfoRecipeMaker) No valid ingredients found for minecraft:item tag: #c:dyes (c:dyes)
[02:14:08] [Render thread/DEBUG] (mezz.jei.library.plugins.jei.tags.TagInfoRecipeMaker) No valid ingredients found for minecraft:item tag: #c:ingots (c:ingots)
[02:14:08] [Render thread/DEBUG] (mezz.jei.library.plugins.jei.tags.TagInfoRecipeMaker) No valid ingredients found for minecraft:item tag: #minecraft:ignored_by_piglin_babies (minecraft:ignored_by_piglin_babies)
[02:14:08] [Render thread/DEBUG] (mezz.jei.library.plugins.jei.tags.TagInfoRecipeMaker) No valid ingredients found for minecraft:item tag: #c:milk_buckets (c:milk_buckets)
[02:14:08] [Render thread/DEBUG] (mezz.jei.library.plugins.jei.tags.TagInfoRecipeMaker) No valid ingredients found for minecraft:item tag: #c:light_blue_dyes (c:light_blue_dyes)
[02:14:08] [Render thread/DEBUG] (mezz.jei.library.plugins.jei.tags.TagInfoRecipeMaker) No valid ingredients found for minecraft:item tag: #minecraft:stone_bricks (minecraft:stone_bricks)
[02:14:08] [Render thread/DEBUG] (mezz.jei.library.plugins.jei.tags.TagInfoRecipeMaker) No valid ingredients found for minecraft:item tag: #minecraft:sniffer_food (minecraft:sniffer_food)
[02:14:08] [Render thread/DEBUG] (mezz.jei.library.plugins.jei.tags.TagInfoRecipeMaker) No valid ingredients found for minecraft:item tag: #minecraft:trim_materials (minecraft:trim_materials)
[02:14:08] [Render thread/DEBUG] (mezz.jei.library.plugins.jei.tags.TagInfoRecipeMaker) No valid ingredients found for minecraft:item tag: #minecraft:completes_find_tree_tutorial (minecraft:completes_find_tree_tutorial)
[02:14:08] [Render thread/DEBUG] (mezz.jei.library.plugins.jei.tags.TagInfoRecipeMaker) No valid ingredients found for minecraft:item tag: #c:hoes (c:hoes)
[02:14:08] [Render thread/DEBUG] (mezz.jei.library.plugins.jei.tags.TagInfoRecipeMaker) No valid ingredients found for minecraft:item tag: #c:budding_blocks (c:budding_blocks)
[02:14:08] [Render thread/DEBUG] (mezz.jei.library.plugins.jei.tags.TagInfoRecipeMaker) No valid ingredients found for minecraft:item tag: #c:uncolored_sandstone_blocks (c:uncolored_sandstone_blocks)
[02:14:08] [Render thread/DEBUG] (mezz.jei.library.plugins.jei.tags.TagInfoRecipeMaker) No valid ingredients found for minecraft:item tag: #minecraft:decorated_pot_ingredients (minecraft:decorated_pot_ingredients)
[02:14:08] [Render thread/DEBUG] (mezz.jei.library.plugins.jei.tags.TagInfoRecipeMaker) No valid ingredients found for minecraft:item tag: #minecraft:piglin_loved (minecraft:piglin_loved)
[02:14:08] [Render thread/DEBUG] (mezz.jei.library.plugins.jei.tags.TagInfoRecipeMaker) No valid ingredients found for minecraft:item tag: #minecraft:logs_that_burn (minecraft:logs_that_burn)
[02:14:08] [Render thread/DEBUG] (mezz.jei.library.plugins.jei.tags.TagInfoRecipeMaker) No valid ingredients found for minecraft:item tag: #minecraft:copper_ores (minecraft:copper_ores)
[02:14:08] [Render thread/DEBUG] (mezz.jei.library.plugins.jei.tags.TagInfoRecipeMaker) No valid ingredients found for minecraft:item tag: #c:magenta_dyes (c:magenta_dyes)
[02:14:08] [Render thread/DEBUG] (mezz.jei.library.plugins.jei.tags.TagInfoRecipeMaker) No valid ingredients found for minecraft:item tag: #c:glass_panes (c:glass_panes)
[02:14:08] [Render thread/DEBUG] (mezz.jei.library.plugins.jei.tags.TagInfoRecipeMaker) No valid ingredients found for minecraft:item tag: #minecraft:music_discs (minecraft:music_discs)
[02:14:08] [Render thread/DEBUG] (mezz.jei.library.plugins.jei.tags.TagInfoRecipeMaker) No valid ingredients found for minecraft:item tag: #minecraft:mangrove_logs (minecraft:mangrove_logs)
[02:14:08] [Render thread/DEBUG] (mezz.jei.library.plugins.jei.tags.TagInfoRecipeMaker) No valid ingredients found for minecraft:item tag: #minecraft:dirt (minecraft:dirt)
[02:14:08] [Render thread/DEBUG] (mezz.jei.library.plugins.jei.tags.TagInfoRecipeMaker) No valid ingredients found for minecraft:item tag: #c:lime_dyes (c:lime_dyes)
[02:14:08] [Render thread/DEBUG] (mezz.jei.library.plugins.jei.tags.TagInfoRecipeMaker) No valid ingredients found for minecraft:item tag: #minecraft:birch_logs (minecraft:birch_logs)
[02:14:08] [Render thread/DEBUG] (mezz.jei.library.plugins.jei.tags.TagInfoRecipeMaker) No valid ingredients found for minecraft:item tag: #c:sandstone_slabs (c:sandstone_slabs)
[02:14:08] [Render thread/DEBUG] (mezz.jei.library.plugins.jei.tags.TagInfoRecipeMaker) No valid ingredients found for minecraft:item tag: #c:water_buckets (c:water_buckets)
[02:14:08] [Render thread/DEBUG] (mezz.jei.library.plugins.jei.tags.TagInfoRecipeMaker) No valid ingredients found for minecraft:item tag: #c:bookshelves (c:bookshelves)
[02:14:08] [Render thread/DEBUG] (mezz.jei.library.plugins.jei.tags.TagInfoRecipeMaker) No valid ingredients found for minecraft:item tag: #minecraft:wooden_doors (minecraft:wooden_doors)
[02:14:08] [Render thread/DEBUG] (mezz.jei.library.plugins.jei.tags.TagInfoRecipeMaker) No valid ingredients found for minecraft:item tag: #minecraft:cherry_logs (minecraft:cherry_logs)
[02:14:08] [Render thread/DEBUG] (mezz.jei.library.plugins.jei.tags.TagInfoRecipeMaker) No valid ingredients found for minecraft:item tag: #minecraft:piglin_repellents (minecraft:piglin_repellents)
[02:14:08] [Render thread/DEBUG] (mezz.jei.library.plugins.jei.tags.TagInfoRecipeMaker) No valid ingredients found for minecraft:item tag: #minecraft:bamboo_blocks (minecraft:bamboo_blocks)
[02:14:08] [Render thread/DEBUG] (mezz.jei.library.plugins.jei.tags.TagInfoRecipeMaker) No valid ingredients found for minecraft:item tag: #c:spears (c:spears)
[02:14:08] [Render thread/DEBUG] (mezz.jei.library.plugins.jei.tags.TagInfoRecipeMaker) No valid ingredients found for minecraft:item tag: #minecraft:shovels (minecraft:shovels)
[02:14:08] [Render thread/DEBUG] (mezz.jei.library.plugins.jei.tags.TagInfoRecipeMaker) No valid ingredients found for minecraft:item tag: #minecraft:iron_ores (minecraft:iron_ores)
[02:14:08] [Render thread/DEBUG] (mezz.jei.library.plugins.jei.tags.TagInfoRecipeMaker) No valid ingredients found for minecraft:item tag: #c:gems (c:gems)
[02:14:08] [Render thread/DEBUG] (mezz.jei.library.plugins.jei.tags.TagInfoRecipeMaker) No valid ingredients found for minecraft:item tag: #c:black_dyes (c:black_dyes)
[02:14:08] [Render thread/DEBUG] (mezz.jei.library.plugins.jei.tags.TagInfoRecipeMaker) No valid ingredients found for minecraft:item tag: #c:sandstone_stairs (c:sandstone_stairs)
[02:14:08] [Render thread/DEBUG] (mezz.jei.library.plugins.jei.tags.TagInfoRecipeMaker) No valid ingredients found for minecraft:item tag: #c:copper_ingots (c:copper_ingots)
[02:14:08] [Render thread/DEBUG] (mezz.jei.library.plugins.jei.tags.TagInfoRecipeMaker) No valid ingredients found for minecraft:item tag: #minecraft:fox_food (minecraft:fox_food)
[02:14:08] [Render thread/DEBUG] (mezz.jei.library.plugins.jei.tags.TagInfoRecipeMaker) No valid ingredients found for minecraft:item tag: #minecraft:stairs (minecraft:stairs)
[02:14:08] [Render thread/DEBUG] (mezz.jei.library.plugins.jei.tags.TagInfoRecipeMaker) No valid ingredients found for minecraft:item tag: #minecraft:coal_ores (minecraft:coal_ores)
[02:14:08] [Render thread/DEBUG] (mezz.jei.library.plugins.jei.tags.TagInfoRecipeMaker) No valid ingredients found for minecraft:item tag: #minecraft:beacon_payment_items (minecraft:beacon_payment_items)
[02:14:08] [Render thread/DEBUG] (mezz.jei.library.plugins.jei.tags.TagInfoRecipeMaker) No valid ingredients found for minecraft:item tag: #c:red_sandstone_blocks (c:red_sandstone_blocks)
[02:14:08] [Render thread/DEBUG] (mezz.jei.library.plugins.jei.tags.TagInfoRecipeMaker) No valid ingredients found for minecraft:item tag: #c:white_dyes (c:white_dyes)
[02:14:08] [Render thread/DEBUG] (mezz.jei.library.plugins.jei.tags.TagInfoRecipeMaker) No valid ingredients found for minecraft:item tag: #minecraft:swords (minecraft:swords)
[02:14:08] [Render thread/DEBUG] (mezz.jei.library.plugins.jei.tags.TagInfoRecipeMaker) No valid ingredients found for minecraft:item tag: #c:bows (c:bows)
[02:14:08] [Render thread/DEBUG] (mezz.jei.library.plugins.jei.tags.TagInfoRecipeMaker) No valid ingredients found for minecraft:item tag: #minecraft:wooden_pressure_plates (minecraft:wooden_pressure_plates)
[02:14:08] [Render thread/DEBUG] (mezz.jei.library.plugins.jei.tags.TagInfoRecipeMaker) No valid ingredients found for minecraft:item tag: #c:swords (c:swords)
[02:14:08] [Render thread/DEBUG] (mezz.jei.library.plugins.jei.tags.TagInfoRecipeMaker) No valid ingredients found for minecraft:item tag: #minecraft:anvil (minecraft:anvil)
[02:14:08] [Render thread/DEBUG] (mezz.jei.library.plugins.jei.tags.TagInfoRecipeMaker) No valid ingredients found for minecraft:item tag: #minecraft:oak_logs (minecraft:oak_logs)
[02:14:08] [Render thread/DEBUG] (mezz.jei.library.plugins.jei.tags.TagInfoRecipeMaker) No valid ingredients found for minecraft:item tag: #minecraft:dark_oak_logs (minecraft:dark_oak_logs)
[02:14:08] [Render thread/DEBUG] (mezz.jei.library.plugins.jei.tags.TagInfoRecipeMaker) No valid ingredients found for minecraft:item tag: #minecraft:lapis_ores (minecraft:lapis_ores)
[02:14:08] [Render thread/DEBUG] (mezz.jei.library.plugins.jei.tags.TagInfoRecipeMaker) No valid ingredients found for minecraft:item tag: #c:shulker_boxes (c:shulker_boxes)
[02:14:08] [Render thread/DEBUG] (mezz.jei.library.plugins.jei.tags.TagInfoRecipeMaker) No valid ingredients found for minecraft:item tag: #minecraft:fence_gates (minecraft:fence_gates)
[02:14:08] [Render thread/DEBUG] (mezz.jei.library.plugins.jei.tags.TagInfoRecipeMaker) No valid ingredients found for minecraft:item tag: #minecraft:fishes (minecraft:fishes)
[02:14:08] [Render thread/DEBUG] (mezz.jei.library.plugins.jei.tags.TagInfoRecipeMaker) No valid ingredients found for minecraft:item tag: #c:raw_iron_ores (c:raw_iron_ores)
[02:14:08] [Render thread/DEBUG] (mezz.jei.library.plugins.jei.tags.TagInfoRecipeMaker) No valid ingredients found for minecraft:item tag: #minecraft:flowers (minecraft:flowers)
[02:14:08] [Render thread/DEBUG] (mezz.jei.library.plugins.jei.tags.TagInfoRecipeMaker) No valid ingredients found for minecraft:item tag: #c:uncolored_sandstone_slabs (c:uncolored_sandstone_slabs)
[02:14:08] [Render thread/DEBUG] (mezz.jei.library.plugins.jei.tags.TagInfoRecipeMaker) No valid ingredients found for minecraft:item tag: #minecraft:wooden_fences (minecraft:wooden_fences)
[02:14:08] [Render thread/DEBUG] (mezz.jei.library.plugins.jei.tags.TagInfoRecipeMaker) No valid ingredients found for minecraft:item tag: #minecraft:creeper_drop_music_discs (minecraft:creeper_drop_music_discs)
[02:14:08] [Render thread/DEBUG] (mezz.jei.library.plugins.jei.tags.TagInfoRecipeMaker) No valid ingredients found for minecraft:item tag: #c:raw_copper_ores (c:raw_copper_ores)
[02:14:08] [Render thread/DEBUG] (mezz.jei.library.plugins.jei.tags.TagInfoRecipeMaker) No valid ingredients found for minecraft:item tag: #c:raw_copper_blocks (c:raw_copper_blocks)
[02:14:08] [Render thread/DEBUG] (mezz.jei.library.plugins.jei.tags.TagInfoRecipeMaker) No valid ingredients found for minecraft:item tag: #c:netherite_ingots (c:netherite_ingots)
[02:14:08] [Render thread/DEBUG] (mezz.jei.library.plugins.jei.tags.TagInfoRecipeMaker) No valid ingredients found for minecraft:item tag: #c:nuggets (c:nuggets)
[02:14:08] [Render thread/DEBUG] (mezz.jei.library.plugins.jei.tags.TagInfoRecipeMaker) No valid ingredients found for minecraft:item tag: #minecraft:piglin_food (minecraft:piglin_food)
[02:14:08] [Render thread/DEBUG] (mezz.jei.library.plugins.jei.tags.TagInfoRecipeMaker) No valid ingredients found for minecraft:item tag: #minecraft:trimmable_armor (minecraft:trimmable_armor)
[02:14:08] [Render thread/DEBUG] (mezz.jei.library.plugins.jei.tags.TagInfoRecipeMaker) No valid ingredients found for minecraft:item tag: #c:empty_buckets (c:empty_buckets)
[02:14:08] [Render thread/DEBUG] (mezz.jei.library.plugins.jei.tags.TagInfoRecipeMaker) No valid ingredients found for minecraft:item tag: #minecraft:crimson_stems (minecraft:crimson_stems)
[02:14:08] [Render thread/DEBUG] (mezz.jei.library.plugins.jei.tags.TagInfoRecipeMaker) No valid ingredients found for minecraft:item tag: #minecraft:hanging_signs (minecraft:hanging_signs)
[02:14:08] [Render thread/DEBUG] (mezz.jei.library.plugins.jei.tags.TagInfoRecipeMaker) No valid ingredients found for minecraft:item tag: #c:raw_gold_ores (c:raw_gold_ores)
[02:14:08] [Render thread/DEBUG] (mezz.jei.library.plugins.jei.tags.TagInfoRecipeMaker) No valid ingredients found for minecraft:item tag: #c:iron_ingots (c:iron_ingots)
[02:14:08] [Render thread/DEBUG] (mezz.jei.library.plugins.jei.tags.TagInfoRecipeMaker) No valid ingredients found for minecraft:item tag: #minecraft:non_flammable_wood (minecraft:non_flammable_wood)
[02:14:08] [Render thread/DEBUG] (mezz.jei.library.plugins.jei.tags.TagInfoRecipeMaker) No valid ingredients found for minecraft:item tag: #minecraft:axolotl_tempt_items (minecraft:axolotl_tempt_items)
[02:14:08] [Render thread/DEBUG] (mezz.jei.library.plugins.jei.tags.TagInfoRecipeMaker) No valid ingredients found for minecraft:item tag: #minecraft:rails (minecraft:rails)
[02:14:08] [Render thread/DEBUG] (mezz.jei.library.plugins.jei.tags.TagInfoRecipeMaker) No valid ingredients found for minecraft:item tag: #minecraft:stone_tool_materials (minecraft:stone_tool_materials)
[02:14:08] [Render thread/DEBUG] (mezz.jei.library.plugins.jei.tags.TagInfoRecipeMaker) No valid ingredients found for minecraft:item tag: #c:villager_job_sites (c:villager_job_sites)
[02:14:08] [Render thread/DEBUG] (mezz.jei.library.plugins.jei.tags.TagInfoRecipeMaker) No valid ingredients found for minecraft:item tag: #minecraft:axes (minecraft:axes)
[02:14:08] [Render thread/DEBUG] (mezz.jei.library.plugins.jei.tags.TagInfoRecipeMaker) No valid ingredients found for minecraft:item tag: #c:pickaxes (c:pickaxes)
[02:14:08] [Render thread/DEBUG] (mezz.jei.library.plugins.jei.tags.TagInfoRecipeMaker) No valid ingredients found for minecraft:item tag: #minecraft:acacia_logs (minecraft:acacia_logs)
[02:14:08] [Render thread/DEBUG] (mezz.jei.library.plugins.jei.tags.TagInfoRecipeMaker) No valid ingredients found for minecraft:item tag: #minecraft:leaves (minecraft:leaves)
[02:14:08] [Render thread/DEBUG] (mezz.jei.library.plugins.jei.tags.TagInfoRecipeMaker) No valid ingredients found for minecraft:item tag: #c:wooden_barrels (c:wooden_barrels)
[02:14:08] [Render thread/DEBUG] (mezz.jei.library.plugins.jei.tags.TagInfoRecipeMaker) No valid ingredients found for minecraft:item tag: #c:lava_buckets (c:lava_buckets)
[02:14:08] [Render thread/DEBUG] (mezz.jei.library.plugins.jei.tags.TagInfoRecipeMaker) No valid ingredients found for minecraft:item tag: #c:ores (c:ores)
[02:14:08] [Render thread/DEBUG] (mezz.jei.library.plugins.jei.tags.TagInfoRecipeMaker) No valid ingredients found for minecraft:item tag: #minecraft:compasses (minecraft:compasses)
[02:14:08] [Render thread/DEBUG] (mezz.jei.library.plugins.jei.tags.TagInfoRecipeMaker) No valid ingredients found for minecraft:item tag: #minecraft:dampens_vibrations (minecraft:dampens_vibrations)
[02:14:08] [Render thread/DEBUG] (mezz.jei.library.plugins.jei.tags.TagInfoRecipeMaker) No valid ingredients found for minecraft:item tag: #minecraft:soul_fire_base_blocks (minecraft:soul_fire_base_blocks)
[02:14:08] [Render thread/DEBUG] (mezz.jei.library.plugins.jei.tags.TagInfoRecipeMaker) No valid ingredients found for minecraft:item tag: #c:entity_water_buckets (c:entity_water_buckets)
[02:14:08] [Render thread/DEBUG] (mezz.jei.library.plugins.jei.tags.TagInfoRecipeMaker) No valid ingredients found for minecraft:item tag: #c:clusters (c:clusters)
[02:14:08] [Render thread/DEBUG] (mezz.jei.library.plugins.jei.tags.TagInfoRecipeMaker) No valid ingredients found for minecraft:item tag: #minecraft:slabs (minecraft:slabs)
[02:14:08] [Render thread/DEBUG] (mezz.jei.library.plugins.jei.tags.TagInfoRecipeMaker) No valid ingredients found for minecraft:item tag: #c:sandstone_blocks (c:sandstone_blocks)
[02:14:08] [Render thread/DEBUG] (mezz.jei.library.plugins.jei.tags.TagInfoRecipeMaker) No valid ingredients found for minecraft:item tag: #minecraft:beds (minecraft:beds)
[02:14:08] [Render thread/DEBUG] (mezz.jei.library.plugins.jei.tags.TagInfoRecipeMaker) No valid ingredients found for minecraft:item tag: #minecraft:wooden_slabs (minecraft:wooden_slabs)
[02:14:08] [Render thread/DEBUG] (mezz.jei.library.plugins.jei.tags.TagInfoRecipeMaker) No valid ingredients found for minecraft:item tag: #c:lapis (c:lapis)
[02:14:08] [Render thread/DEBUG] (mezz.jei.library.plugins.jei.tags.TagInfoRecipeMaker) No valid ingredients found for minecraft:item tag: #c:orange_dyes (c:orange_dyes)
[02:14:08] [Render thread/DEBUG] (mezz.jei.library.plugins.jei.tags.TagInfoRecipeMaker) No valid ingredients found for minecraft:item tag: #c:light_gray_dyes (c:light_gray_dyes)
[02:14:08] [Render thread/DEBUG] (mezz.jei.library.plugins.jei.tags.TagInfoRecipeMaker) No valid ingredients found for minecraft:item tag: #minecraft:wool (minecraft:wool)
[02:14:08] [Render thread/DEBUG] (mezz.jei.library.plugins.jei.tags.TagInfoRecipeMaker) No valid ingredients found for minecraft:item tag: #c:green_dyes (c:green_dyes)
[02:14:08] [Render thread/DEBUG] (mezz.jei.library.plugins.jei.tags.TagInfoRecipeMaker) No valid ingredients found for minecraft:item tag: #minecraft:tall_flowers (minecraft:tall_flowers)
[02:14:08] [Render thread/DEBUG] (mezz.jei.library.plugins.jei.tags.TagInfoRecipeMaker) No valid ingredients found for minecraft:item tag: #minecraft:fences (minecraft:fences)
[02:14:08] [Render thread/DEBUG] (mezz.jei.library.plugins.jei.tags.TagInfoRecipeMaker) No valid ingredients found for minecraft:item tag: #minecraft:stone_buttons (minecraft:stone_buttons)
[02:14:08] [Render thread/DEBUG] (mezz.jei.library.plugins.jei.tags.TagInfoRecipeMaker) No valid ingredients found for minecraft:item tag: #minecraft:lectern_books (minecraft:lectern_books)
[02:14:08] [Render thread/DEBUG] (mezz.jei.library.plugins.jei.tags.TagInfoRecipeMaker) No valid ingredients found for minecraft:item tag: #minecraft:creeper_igniters (minecraft:creeper_igniters)
[02:14:08] [Render thread/DEBUG] (mezz.jei.library.plugins.jei.tags.TagInfoRecipeMaker) No valid ingredients found for minecraft:item tag: #c:shields (c:shields)
[02:14:08] [Render thread/DEBUG] (mezz.jei.library.plugins.jei.tags.TagInfoRecipeMaker) No valid ingredients found for minecraft:item tag: #c:pink_dyes (c:pink_dyes)
[02:14:08] [Render thread/DEBUG] (mezz.jei.library.plugins.jei.tags.TagInfoRecipeMaker) No valid ingredients found for minecraft:item tag: #minecraft:stone_crafting_materials (minecraft:stone_crafting_materials)
[02:14:08] [Render thread/DEBUG] (mezz.jei.library.plugins.jei.tags.TagInfoRecipeMaker) No valid ingredients found for minecraft:item tag: #minecraft:hoes (minecraft:hoes)
[02:14:08] [Render thread/DEBUG] (mezz.jei.library.plugins.jei.tags.TagInfoRecipeMaker) No valid ingredients found for minecraft:item tag: #minecraft:planks (minecraft:planks)
[02:14:08] [Render thread/DEBUG] (mezz.jei.library.plugins.jei.tags.TagInfoRecipeMaker) No valid ingredients found for minecraft:item tag: #minecraft:bookshelf_books (minecraft:bookshelf_books)
[02:14:08] [Render thread/DEBUG] (mezz.jei.library.plugins.jei.tags.TagInfoRecipeMaker) No valid ingredients found for minecraft:item tag: #c:redstone_dusts (c:redstone_dusts)
[02:14:08] [Render thread/DEBUG] (mezz.jei.library.plugins.jei.tags.TagInfoRecipeMaker) No valid ingredients found for minecraft:item tag: #c:brown_dyes (c:brown_dyes)
[02:14:08] [Render thread/DEBUG] (mezz.jei.library.plugins.jei.tags.TagInfoRecipeMaker) No valid ingredients found for minecraft:item tag: #minecraft:cluster_max_harvestables (minecraft:cluster_max_harvestables)
[02:14:08] [Render thread/DEBUG] (mezz.jei.library.plugins.jei.tags.TagInfoRecipeMaker) No valid ingredients found for minecraft:item tag: #c:diamonds (c:diamonds)
[02:14:08] [Render thread/DEBUG] (mezz.jei.library.plugins.jei.tags.TagInfoRecipeMaker) No valid ingredients found for minecraft:item tag: #c:uncolored_sandstone_stairs (c:uncolored_sandstone_stairs)
[02:14:08] [Render thread/DEBUG] (mezz.jei.library.plugins.jei.tags.TagInfoRecipeMaker) No valid ingredients found for minecraft:item tag: #minecraft:breaks_decorated_pots (minecraft:breaks_decorated_pots)
[02:14:08] [Render thread/DEBUG] (mezz.jei.library.plugins.jei.tags.TagInfoRecipeMaker) No valid ingredients found for minecraft:item tag: #minecraft:signs (minecraft:signs)
[02:14:08] [Render thread/DEBUG] (mezz.jei.library.plugins.jei.tags.TagInfoRecipeMaker) No valid ingredients found for minecraft:item tag: #minecraft:candles (minecraft:candles)
[02:14:08] [Render thread/DEBUG] (mezz.jei.library.plugins.jei.tags.TagInfoRecipeMaker) No valid ingredients found for minecraft:item tag: #minecraft:wooden_stairs (minecraft:wooden_stairs)
[02:14:08] [Render thread/DEBUG] (mezz.jei.library.plugins.jei.tags.TagInfoRecipeMaker) No valid ingredients found for minecraft:item tag: #minecraft:gold_ores (minecraft:gold_ores)
[02:14:08] [Render thread/DEBUG] (mezz.jei.library.plugins.jei.tags.TagInfoRecipeMaker) No valid ingredients found for minecraft:item tag: #c:blue_dyes (c:blue_dyes)
[02:14:08] [Render thread/DEBUG] (mezz.jei.library.plugins.jei.tags.TagInfoRecipeMaker) No valid ingredients found for minecraft:item tag: #c:chests (c:chests)
[02:14:08] [Render thread/DEBUG] (mezz.jei.library.plugins.jei.tags.TagInfoRecipeMaker) No valid ingredients found for minecraft:item tag: #minecraft:jungle_logs (minecraft:jungle_logs)
[02:14:08] [Render thread/DEBUG] (mezz.jei.library.plugins.jei.tags.TagInfoRecipeMaker) No valid ingredients found for minecraft:item tag: #c:dusts (c:dusts)
[02:14:08] [Render thread/DEBUG] (mezz.jei.library.plugins.jei.tags.TagInfoRecipeMaker) No valid ingredients found for minecraft:item tag: #minecraft:walls (minecraft:walls)
[02:14:08] [Render thread/DEBUG] (mezz.jei.library.plugins.jei.tags.TagInfoRecipeMaker) No valid ingredients found for minecraft:item tag: #c:buds (c:buds)
[02:14:08] [Render thread/DEBUG] (mezz.jei.library.plugins.jei.tags.TagInfoRecipeMaker) No valid ingredients found for minecraft:item tag: #minecraft:trapdoors (minecraft:trapdoors)
[02:14:08] [Render thread/DEBUG] (mezz.jei.library.plugins.jei.tags.TagInfoRecipeMaker) No valid ingredients found for minecraft:item tag: #minecraft:diamond_ores (minecraft:diamond_ores)
[02:14:08] [Render thread/DEBUG] (mezz.jei.library.plugins.jei.tags.TagInfoRecipeMaker) No valid ingredients found for minecraft:item tag: #c:raw_ores (c:raw_ores)
[02:14:08] [Render thread/DEBUG] (mezz.jei.library.plugins.jei.tags.TagInfoRecipeMaker) No valid ingredients found for minecraft:item tag: #minecraft:wooden_trapdoors (minecraft:wooden_trapdoors)
[02:14:08] [Render thread/DEBUG] (mezz.jei.library.plugins.jei.tags.TagInfoRecipeMaker) No valid ingredients found for minecraft:item tag: #c:gold_ingots (c:gold_ingots)
[02:14:08] [Render thread/DEBUG] (mezz.jei.library.plugins.jei.tags.TagInfoRecipeMaker) No valid ingredients found for minecraft:item tag: #c:emeralds (c:emeralds)
[02:14:08] [Render thread/DEBUG] (mezz.jei.library.plugins.jei.tags.TagInfoRecipeMaker) No valid ingredients found for minecraft:item tag: #minecraft:trim_templates (minecraft:trim_templates)
[02:14:08] [Render thread/DEBUG] (mezz.jei.library.plugins.jei.tags.TagInfoRecipeMaker) No valid ingredients found for minecraft:item tag: #minecraft:buttons (minecraft:buttons)
[02:14:08] [Render thread/DEBUG] (mezz.jei.library.plugins.jei.tags.TagInfoRecipeMaker) No valid ingredients found for minecraft:item tag: #minecraft:noteblock_top_instruments (minecraft:noteblock_top_instruments)
[02:14:08] [Render thread/DEBUG] (mezz.jei.library.plugins.jei.tags.TagInfoRecipeMaker) No valid ingredients found for minecraft:item tag: #c:foods (c:foods)
[02:14:08] [Render thread/DEBUG] (mezz.jei.library.plugins.jei.tags.TagInfoRecipeMaker) No valid ingredients found for minecraft:item tag: #minecraft:smelts_to_glass (minecraft:smelts_to_glass)
[02:14:08] [Render thread/DEBUG] (mezz.jei.library.plugins.jei.tags.TagInfoRecipeMaker) No valid ingredients found for minecraft:item tag: #c:red_sandstone_stairs (c:red_sandstone_stairs)
[02:14:08] [Render thread/DEBUG] (mezz.jei.library.recipes.RecipeManagerInternal) Adding recipes: RecipeType[uid=minecraft:tag_recipes/item, recipeClass=interface mezz.jei.library.plugins.jei.tags.ITagInfoRecipe]
[02:14:08] [Render thread/DEBUG] (mezz.jei.library.plugins.jei.tags.TagInfoRecipeMaker) No valid ingredients found for minecraft:block tag: #minecraft:wool_carpets (minecraft:wool_carpets)
[02:14:08] [Render thread/DEBUG] (mezz.jei.library.plugins.jei.tags.TagInfoRecipeMaker) No valid ingredients found for minecraft:block tag: #c:budding_blocks (c:budding_blocks)
[02:14:08] [Render thread/DEBUG] (mezz.jei.library.plugins.jei.tags.TagInfoRecipeMaker) No valid ingredients found for minecraft:block tag: #minecraft:redstone_ores (minecraft:redstone_ores)
[02:14:08] [Render thread/DEBUG] (mezz.jei.library.plugins.jei.tags.TagInfoRecipeMaker) No valid ingredients found for minecraft:block tag: #minecraft:soul_fire_base_blocks (minecraft:soul_fire_base_blocks)
[02:14:08] [Render thread/DEBUG] (mezz.jei.library.plugins.jei.tags.TagInfoRecipeMaker) No valid ingredients found for minecraft:block tag: #minecraft:enderman_holdable (minecraft:enderman_holdable)
[02:14:08] [Render thread/DEBUG] (mezz.jei.library.plugins.jei.tags.TagInfoRecipeMaker) No valid ingredients found for minecraft:block tag: #minecraft:flowers (minecraft:flowers)
[02:14:08] [Render thread/DEBUG] (mezz.jei.library.plugins.jei.tags.TagInfoRecipeMaker) No valid ingredients found for minecraft:block tag: #minecraft:small_flowers (minecraft:small_flowers)
[02:14:08] [Render thread/DEBUG] (mezz.jei.library.plugins.jei.tags.TagInfoRecipeMaker) No valid ingredients found for minecraft:block tag: #minecraft:beacon_base_blocks (minecraft:beacon_base_blocks)
[02:14:08] [Render thread/DEBUG] (mezz.jei.library.plugins.jei.tags.TagInfoRecipeMaker) No valid ingredients found for minecraft:block tag: #minecraft:bee_growables (minecraft:bee_growables)
[02:14:08] [Render thread/DEBUG] (mezz.jei.library.plugins.jei.tags.TagInfoRecipeMaker) No valid ingredients found for minecraft:block tag: #minecraft:needs_diamond_tool (minecraft:needs_diamond_tool)
[02:14:08] [Render thread/DEBUG] (mezz.jei.library.plugins.jei.tags.TagInfoRecipeMaker) No valid ingredients found for minecraft:block tag: #minecraft:beds (minecraft:beds)
[02:14:08] [Render thread/DEBUG] (mezz.jei.library.plugins.jei.tags.TagInfoRecipeMaker) No valid ingredients found for minecraft:block tag: #minecraft:shulker_boxes (minecraft:shulker_boxes)
[02:14:08] [Render thread/DEBUG] (mezz.jei.library.plugins.jei.tags.TagInfoRecipeMaker) No valid ingredients found for minecraft:block tag: #minecraft:vibration_resonators (minecraft:vibration_resonators)
[02:14:08] [Render thread/DEBUG] (mezz.jei.library.plugins.jei.tags.TagInfoRecipeMaker) No valid ingredients found for minecraft:block tag: #minecraft:warped_stems (minecraft:warped_stems)
[02:14:08] [Render thread/DEBUG] (mezz.jei.library.plugins.jei.tags.TagInfoRecipeMaker) No valid ingredients found for minecraft:block tag: #minecraft:maintains_farmland (minecraft:maintains_farmland)
[02:14:08] [Render thread/DEBUG] (mezz.jei.library.plugins.jei.tags.TagInfoRecipeMaker) No valid ingredients found for minecraft:block tag: #minecraft:inside_step_sound_blocks (minecraft:inside_step_sound_blocks)
[02:14:08] [Render thread/DEBUG] (mezz.jei.library.plugins.jei.tags.TagInfoRecipeMaker) No valid ingredients found for minecraft:block tag: #minecraft:goats_spawnable_on (minecraft:goats_spawnable_on)
[02:14:08] [Render thread/DEBUG] (mezz.jei.library.plugins.jei.tags.TagInfoRecipeMaker) No valid ingredients found for minecraft:block tag: #minecraft:infiniburn_nether (minecraft:infiniburn_nether)
[02:14:08] [Render thread/DEBUG] (mezz.jei.library.plugins.jei.tags.TagInfoRecipeMaker) No valid ingredients found for minecraft:block tag: #minecraft:big_dripleaf_placeable (minecraft:big_dripleaf_placeable)
[02:14:08] [Render thread/DEBUG] (mezz.jei.library.plugins.jei.tags.TagInfoRecipeMaker) No valid ingredients found for minecraft:block tag: #minecraft:stone_buttons (minecraft:stone_buttons)
[02:14:08] [Render thread/DEBUG] (mezz.jei.library.plugins.jei.tags.TagInfoRecipeMaker) No valid ingredients found for minecraft:block tag: #minecraft:enchantment_power_transmitter (minecraft:enchantment_power_transmitter)
[02:14:08] [Render thread/DEBUG] (mezz.jei.library.plugins.jei.tags.TagInfoRecipeMaker) No valid ingredients found for minecraft:block tag: #minecraft:jungle_logs (minecraft:jungle_logs)
[02:14:08] [Render thread/DEBUG] (mezz.jei.library.plugins.jei.tags.TagInfoRecipeMaker) No valid ingredients found for minecraft:block tag: #minecraft:trail_ruins_replaceable (minecraft:trail_ruins_replaceable)
[02:14:08] [Render thread/DEBUG] (mezz.jei.library.plugins.jei.tags.TagInfoRecipeMaker) No valid ingredients found for minecraft:block tag: #minecraft:needs_iron_tool (minecraft:needs_iron_tool)
[02:14:08] [Render thread/DEBUG] (mezz.jei.library.plugins.jei.tags.TagInfoRecipeMaker) No valid ingredients found for minecraft:block tag: #minecraft:coal_ores (minecraft:coal_ores)
[02:14:08] [Render thread/DEBUG] (mezz.jei.library.plugins.jei.tags.TagInfoRecipeMaker) No valid ingredients found for minecraft:block tag: #minecraft:gold_ores (minecraft:gold_ores)
[02:14:08] [Render thread/DEBUG] (mezz.jei.library.plugins.jei.tags.TagInfoRecipeMaker) No valid ingredients found for minecraft:block tag: #c:ores (c:ores)
[02:14:08] [Render thread/DEBUG] (mezz.jei.library.plugins.jei.tags.TagInfoRecipeMaker) No valid ingredients found for minecraft:block tag: #minecraft:crops (minecraft:crops)
[02:14:08] [Render thread/DEBUG] (mezz.jei.library.plugins.jei.tags.TagInfoRecipeMaker) No valid ingredients found for minecraft:block tag: #minecraft:doors (minecraft:doors)
[02:14:08] [Render thread/DEBUG] (mezz.jei.library.plugins.jei.tags.TagInfoRecipeMaker) No valid ingredients found for minecraft:block tag: #minecraft:slabs (minecraft:slabs)
[02:14:08] [Render thread/DEBUG] (mezz.jei.library.plugins.jei.tags.TagInfoRecipeMaker) No valid ingredients found for minecraft:block tag: #minecraft:logs_that_burn (minecraft:logs_that_burn)
[02:14:08] [Render thread/DEBUG] (mezz.jei.library.plugins.jei.tags.TagInfoRecipeMaker) No valid ingredients found for minecraft:block tag: #minecraft:crimson_stems (minecraft:crimson_stems)
[02:14:08] [Render thread/DEBUG] (mezz.jei.library.plugins.jei.tags.TagInfoRecipeMaker) No valid ingredients found for minecraft:block tag: #minecraft:sculk_replaceable_world_gen (minecraft:sculk_replaceable_world_gen)
[02:14:08] [Render thread/DEBUG] (mezz.jei.library.plugins.jei.tags.TagInfoRecipeMaker) No valid ingredients found for minecraft:block tag: #minecraft:axolotls_spawnable_on (minecraft:axolotls_spawnable_on)
[02:14:08] [Render thread/DEBUG] (mezz.jei.library.plugins.jei.tags.TagInfoRecipeMaker) No valid ingredients found for minecraft:block tag: #minecraft:features_cannot_replace (minecraft:features_cannot_replace)
[02:14:08] [Render thread/DEBUG] (mezz.jei.library.plugins.jei.tags.TagInfoRecipeMaker) No valid ingredients found for minecraft:block tag: #minecraft:mineable/hoe (minecraft:mineable/hoe)
[02:14:08] [Render thread/DEBUG] (mezz.jei.library.plugins.jei.tags.TagInfoRecipeMaker) No valid ingredients found for minecraft:block tag: #minecraft:logs (minecraft:logs)
[02:14:08] [Render thread/DEBUG] (mezz.jei.library.plugins.jei.tags.TagInfoRecipeMaker) No valid ingredients found for minecraft:block tag: #minecraft:wall_post_override (minecraft:wall_post_override)
[02:14:08] [Render thread/DEBUG] (mezz.jei.library.plugins.jei.tags.TagInfoRecipeMaker) No valid ingredients found for minecraft:block tag: #minecraft:soul_speed_blocks (minecraft:soul_speed_blocks)
[02:14:08] [Render thread/DEBUG] (mezz.jei.library.plugins.jei.tags.TagInfoRecipeMaker) No valid ingredients found for minecraft:block tag: #minecraft:dragon_transparent (minecraft:dragon_transparent)
[02:14:08] [Render thread/DEBUG] (mezz.jei.library.plugins.jei.tags.TagInfoRecipeMaker) No valid ingredients found for minecraft:block tag: #minecraft:overworld_carver_replaceables (minecraft:overworld_carver_replaceables)
[02:14:08] [Render thread/DEBUG] (mezz.jei.library.plugins.jei.tags.TagInfoRecipeMaker) No valid ingredients found for minecraft:block tag: #minecraft:strider_warm_blocks (minecraft:strider_warm_blocks)
[02:14:08] [Render thread/DEBUG] (mezz.jei.library.plugins.jei.tags.TagInfoRecipeMaker) No valid ingredients found for minecraft:block tag: #minecraft:wool (minecraft:wool)
[02:14:08] [Render thread/DEBUG] (mezz.jei.library.plugins.jei.tags.TagInfoRecipeMaker) No valid ingredients found for minecraft:block tag: #minecraft:cave_vines (minecraft:cave_vines)
[02:14:08] [Render thread/DEBUG] (mezz.jei.library.plugins.jei.tags.TagInfoRecipeMaker) No valid ingredients found for minecraft:block tag: #minecraft:cauldrons (minecraft:cauldrons)
[02:14:08] [Render thread/DEBUG] (mezz.jei.library.plugins.jei.tags.TagInfoRecipeMaker) No valid ingredients found for minecraft:block tag: #minecraft:wooden_doors (minecraft:wooden_doors)
[02:14:08] [Render thread/DEBUG] (mezz.jei.library.plugins.jei.tags.TagInfoRecipeMaker) No valid ingredients found for minecraft:block tag: #minecraft:corals (minecraft:corals)
[02:14:08] [Render thread/DEBUG] (mezz.jei.library.plugins.jei.tags.TagInfoRecipeMaker) No valid ingredients found for minecraft:block tag: #minecraft:wooden_stairs (minecraft:wooden_stairs)
[02:14:08] [Render thread/DEBUG] (mezz.jei.library.plugins.jei.tags.TagInfoRecipeMaker) No valid ingredients found for minecraft:block tag: #minecraft:polar_bears_spawnable_on_alternate (minecraft:polar_bears_spawnable_on_alternate)
[02:14:08] [Render thread/DEBUG] (mezz.jei.library.plugins.jei.tags.TagInfoRecipeMaker) No valid ingredients found for minecraft:block tag: #minecraft:guarded_by_piglins (minecraft:guarded_by_piglins)
[02:14:08] [Render thread/DEBUG] (mezz.jei.library.plugins.jei.tags.TagInfoRecipeMaker) No valid ingredients found for minecraft:block tag: #minecraft:coral_plants (minecraft:coral_plants)
[02:14:08] [Render thread/DEBUG] (mezz.jei.library.plugins.jei.tags.TagInfoRecipeMaker) No valid ingredients found for minecraft:block tag: #minecraft:beehives (minecraft:beehives)
[02:14:08] [Render thread/DEBUG] (mezz.jei.library.plugins.jei.tags.TagInfoRecipeMaker) No valid ingredients found for minecraft:block tag: #minecraft:all_hanging_signs (minecraft:all_hanging_signs)
[02:14:08] [Render thread/DEBUG] (mezz.jei.library.plugins.jei.tags.TagInfoRecipeMaker) No valid ingredients found for minecraft:block tag: #minecraft:copper_ores (minecraft:copper_ores)
[02:14:08] [Render thread/DEBUG] (mezz.jei.library.plugins.jei.tags.TagInfoRecipeMaker) No valid ingredients found for minecraft:block tag: #minecraft:wooden_pressure_plates (minecraft:wooden_pressure_plates)
[02:14:08] [Render thread/DEBUG] (mezz.jei.library.plugins.jei.tags.TagInfoRecipeMaker) No valid ingredients found for minecraft:block tag: #minecraft:walls (minecraft:walls)
[02:14:08] [Render thread/DEBUG] (mezz.jei.library.plugins.jei.tags.TagInfoRecipeMaker) No valid ingredients found for minecraft:block tag: #minecraft:climbable (minecraft:climbable)
[02:14:08] [Render thread/DEBUG] (mezz.jei.library.plugins.jei.tags.TagInfoRecipeMaker) No valid ingredients found for minecraft:block tag: #minecraft:snow_layer_cannot_survive_on (minecraft:snow_layer_cannot_survive_on)
[02:14:08] [Render thread/DEBUG] (mezz.jei.library.plugins.jei.tags.TagInfoRecipeMaker) No valid ingredients found for minecraft:block tag: #c:uncolored_sandstone_blocks (c:uncolored_sandstone_blocks)
[02:14:08] [Render thread/DEBUG] (mezz.jei.library.plugins.jei.tags.TagInfoRecipeMaker) No valid ingredients found for minecraft:block tag: #minecraft:leaves (minecraft:leaves)
[02:14:08] [Render thread/DEBUG] (mezz.jei.library.plugins.jei.tags.TagInfoRecipeMaker) No valid ingredients found for minecraft:block tag: #minecraft:coral_blocks (minecraft:coral_blocks)
[02:14:08] [Render thread/DEBUG] (mezz.jei.library.plugins.jei.tags.TagInfoRecipeMaker) No valid ingredients found for minecraft:block tag: #minecraft:iron_ores (minecraft:iron_ores)
[02:14:08] [Render thread/DEBUG] (mezz.jei.library.plugins.jei.tags.TagInfoRecipeMaker) No valid ingredients found for minecraft:block tag: #minecraft:fence_gates (minecraft:fence_gates)
[02:14:08] [Render thread/DEBUG] (mezz.jei.library.plugins.jei.tags.TagInfoRecipeMaker) No valid ingredients found for minecraft:block tag: #minecraft:snaps_goat_horn (minecraft:snaps_goat_horn)
[02:14:08] [Render thread/DEBUG] (mezz.jei.library.plugins.jei.tags.TagInfoRecipeMaker) No valid ingredients found for minecraft:block tag: #c:clusters (c:clusters)
[02:14:08] [Render thread/DEBUG] (mezz.jei.library.plugins.jei.tags.TagInfoRecipeMaker) No valid ingredients found for minecraft:block tag: #minecraft:lapis_ores (minecraft:lapis_ores)
[02:14:08] [Render thread/DEBUG] (mezz.jei.library.plugins.jei.tags.TagInfoRecipeMaker) No valid ingredients found for minecraft:block tag: #minecraft:nether_carver_replaceables (minecraft:nether_carver_replaceables)
[02:14:08] [Render thread/DEBUG] (mezz.jei.library.plugins.jei.tags.TagInfoRecipeMaker) No valid ingredients found for minecraft:block tag: #minecraft:geode_invalid_blocks (minecraft:geode_invalid_blocks)
[02:14:08] [Render thread/DEBUG] (mezz.jei.library.plugins.jei.tags.TagInfoRecipeMaker) No valid ingredients found for minecraft:block tag: #minecraft:trapdoors (minecraft:trapdoors)
[02:14:08] [Render thread/DEBUG] (mezz.jei.library.plugins.jei.tags.TagInfoRecipeMaker) No valid ingredients found for minecraft:block tag: #minecraft:fire (minecraft:fire)
[02:14:08] [Render thread/DEBUG] (mezz.jei.library.plugins.jei.tags.TagInfoRecipeMaker) No valid ingredients found for minecraft:block tag: #minecraft:sculk_replaceable (minecraft:sculk_replaceable)
[02:14:08] [Render thread/DEBUG] (mezz.jei.library.plugins.jei.tags.TagInfoRecipeMaker) No valid ingredients found for minecraft:block tag: #minecraft:emerald_ores (minecraft:emerald_ores)
[02:14:08] [Render thread/DEBUG] (mezz.jei.library.plugins.jei.tags.TagInfoRecipeMaker) No valid ingredients found for minecraft:block tag: #minecraft:flower_pots (minecraft:flower_pots)
[02:14:08] [Render thread/DEBUG] (mezz.jei.library.plugins.jei.tags.TagInfoRecipeMaker) No valid ingredients found for minecraft:block tag: #c:villager_job_sites (c:villager_job_sites)
[02:14:08] [Render thread/DEBUG] (mezz.jei.library.plugins.jei.tags.TagInfoRecipeMaker) No valid ingredients found for minecraft:block tag: #minecraft:bamboo_plantable_on (minecraft:bamboo_plantable_on)
[02:14:08] [Render thread/DEBUG] (mezz.jei.library.plugins.jei.tags.TagInfoRecipeMaker) No valid ingredients found for minecraft:block tag: #minecraft:wall_hanging_signs (minecraft:wall_hanging_signs)
[02:14:08] [Render thread/DEBUG] (mezz.jei.library.plugins.jei.tags.TagInfoRecipeMaker) No valid ingredients found for minecraft:block tag: #minecraft:valid_spawn (minecraft:valid_spawn)
[02:14:08] [Render thread/DEBUG] (mezz.jei.library.plugins.jei.tags.TagInfoRecipeMaker) No valid ingredients found for minecraft:block tag: #c:red_sandstone_slabs (c:red_sandstone_slabs)
[02:14:08] [Render thread/DEBUG] (mezz.jei.library.plugins.jei.tags.TagInfoRecipeMaker) No valid ingredients found for minecraft:block tag: #minecraft:animals_spawnable_on (minecraft:animals_spawnable_on)
[02:14:08] [Render thread/DEBUG] (mezz.jei.library.plugins.jei.tags.TagInfoRecipeMaker) No valid ingredients found for minecraft:block tag: #minecraft:completes_find_tree_tutorial (minecraft:completes_find_tree_tutorial)
[02:14:08] [Render thread/DEBUG] (mezz.jei.library.plugins.jei.tags.TagInfoRecipeMaker) No valid ingredients found for minecraft:block tag: #minecraft:hoglin_repellents (minecraft:hoglin_repellents)
[02:14:08] [Render thread/DEBUG] (mezz.jei.library.plugins.jei.tags.TagInfoRecipeMaker) No valid ingredients found for minecraft:block tag: #minecraft:unstable_bottom_center (minecraft:unstable_bottom_center)
[02:14:08] [Render thread/DEBUG] (mezz.jei.library.plugins.jei.tags.TagInfoRecipeMaker) No valid ingredients found for minecraft:block tag: #minecraft:wolves_spawnable_on (minecraft:wolves_spawnable_on)
[02:14:08] [Render thread/DEBUG] (mezz.jei.library.plugins.jei.tags.TagInfoRecipeMaker) No valid ingredients found for minecraft:block tag: #minecraft:lava_pool_stone_cannot_replace (minecraft:lava_pool_stone_cannot_replace)
[02:14:08] [Render thread/DEBUG] (mezz.jei.library.plugins.jei.tags.TagInfoRecipeMaker) No valid ingredients found for minecraft:block tag: #minecraft:invalid_spawn_inside (minecraft:invalid_spawn_inside)
[02:14:08] [Render thread/DEBUG] (mezz.jei.library.plugins.jei.tags.TagInfoRecipeMaker) No valid ingredients found for minecraft:block tag: #minecraft:dragon_immune (minecraft:dragon_immune)
[02:14:08] [Render thread/DEBUG] (mezz.jei.library.plugins.jei.tags.TagInfoRecipeMaker) No valid ingredients found for minecraft:block tag: #minecraft:moss_replaceable (minecraft:moss_replaceable)
[02:14:08] [Render thread/DEBUG] (mezz.jei.library.plugins.jei.tags.TagInfoRecipeMaker) No valid ingredients found for minecraft:block tag: #c:red_sandstone_blocks (c:red_sandstone_blocks)
[02:14:08] [Render thread/DEBUG] (mezz.jei.library.plugins.jei.tags.TagInfoRecipeMaker) No valid ingredients found for minecraft:block tag: #minecraft:planks (minecraft:planks)
[02:14:08] [Render thread/DEBUG] (mezz.jei.library.plugins.jei.tags.TagInfoRecipeMaker) No valid ingredients found for minecraft:block tag: #minecraft:small_dripleaf_placeable (minecraft:small_dripleaf_placeable)
[02:14:08] [Render thread/DEBUG] (mezz.jei.library.plugins.jei.tags.TagInfoRecipeMaker) No valid ingredients found for minecraft:block tag: #minecraft:wart_blocks (minecraft:wart_blocks)
[02:14:08] [Render thread/DEBUG] (mezz.jei.library.plugins.jei.tags.TagInfoRecipeMaker) No valid ingredients found for minecraft:block tag: #minecraft:overworld_natural_logs (minecraft:overworld_natural_logs)
[02:14:08] [Render thread/DEBUG] (mezz.jei.library.plugins.jei.tags.TagInfoRecipeMaker) No valid ingredients found for minecraft:block tag: #minecraft:mangrove_logs_can_grow_through (minecraft:mangrove_logs_can_grow_through)
[02:14:08] [Render thread/DEBUG] (mezz.jei.library.plugins.jei.tags.TagInfoRecipeMaker) No valid ingredients found for minecraft:block tag: #minecraft:infiniburn_end (minecraft:infiniburn_end)
[02:14:08] [Render thread/DEBUG] (mezz.jei.library.plugins.jei.tags.TagInfoRecipeMaker) No valid ingredients found for minecraft:block tag: #c:uncolored_sandstone_slabs (c:uncolored_sandstone_slabs)
[02:14:08] [Render thread/DEBUG] (mezz.jei.library.plugins.jei.tags.TagInfoRecipeMaker) No valid ingredients found for minecraft:block tag: #minecraft:azalea_grows_on (minecraft:azalea_grows_on)
[02:14:08] [Render thread/DEBUG] (mezz.jei.library.plugins.jei.tags.TagInfoRecipeMaker) No valid ingredients found for minecraft:block tag: #minecraft:mineable/pickaxe (minecraft:mineable/pickaxe)
[02:14:08] [Render thread/DEBUG] (mezz.jei.library.plugins.jei.tags.TagInfoRecipeMaker) No valid ingredients found for minecraft:block tag: #minecraft:wooden_trapdoors (minecraft:wooden_trapdoors)
[02:14:08] [Render thread/DEBUG] (mezz.jei.library.plugins.jei.tags.TagInfoRecipeMaker) No valid ingredients found for minecraft:block tag: #minecraft:spruce_logs (minecraft:spruce_logs)
[02:14:08] [Render thread/DEBUG] (mezz.jei.library.plugins.jei.tags.TagInfoRecipeMaker) No valid ingredients found for minecraft:block tag: #minecraft:wall_signs (minecraft:wall_signs)
[02:14:08] [Render thread/DEBUG] (mezz.jei.library.plugins.jei.tags.TagInfoRecipeMaker) No valid ingredients found for minecraft:block tag: #minecraft:mangrove_logs (minecraft:mangrove_logs)
[02:14:08] [Render thread/DEBUG] (mezz.jei.library.plugins.jei.tags.TagInfoRecipeMaker) No valid ingredients found for minecraft:block tag: #minecraft:nylium (minecraft:nylium)
[02:14:08] [Render thread/DEBUG] (mezz.jei.library.plugins.jei.tags.TagInfoRecipeMaker) No valid ingredients found for minecraft:block tag: #minecraft:stairs (minecraft:stairs)
[02:14:08] [Render thread/DEBUG] (mezz.jei.library.plugins.jei.tags.TagInfoRecipeMaker) No valid ingredients found for minecraft:block tag: #minecraft:deepslate_ore_replaceables (minecraft:deepslate_ore_replaceables)
[02:14:08] [Render thread/DEBUG] (mezz.jei.library.plugins.jei.tags.TagInfoRecipeMaker) No valid ingredients found for minecraft:block tag: #minecraft:acacia_logs (minecraft:acacia_logs)
[02:14:08] [Render thread/DEBUG] (mezz.jei.library.plugins.jei.tags.TagInfoRecipeMaker) No valid ingredients found for minecraft:block tag: #minecraft:cherry_logs (minecraft:cherry_logs)
[02:14:08] [Render thread/DEBUG] (mezz.jei.library.plugins.jei.tags.TagInfoRecipeMaker) No valid ingredients found for minecraft:block tag: #c:glass_panes (c:glass_panes)
[02:14:08] [Render thread/DEBUG] (mezz.jei.library.plugins.jei.tags.TagInfoRecipeMaker) No valid ingredients found for minecraft:block tag: #minecraft:crystal_sound_blocks (minecraft:crystal_sound_blocks)
[02:14:08] [Render thread/DEBUG] (mezz.jei.library.plugins.jei.tags.TagInfoRecipeMaker) No valid ingredients found for minecraft:block tag: #minecraft:pressure_plates (minecraft:pressure_plates)
[02:14:08] [Render thread/DEBUG] (mezz.jei.library.plugins.jei.tags.TagInfoRecipeMaker) No valid ingredients found for minecraft:block tag: #minecraft:signs (minecraft:signs)
[02:14:08] [Render thread/DEBUG] (mezz.jei.library.plugins.jei.tags.TagInfoRecipeMaker) No valid ingredients found for minecraft:block tag: #minecraft:foxes_spawnable_on (minecraft:foxes_spawnable_on)
[02:14:08] [Render thread/DEBUG] (mezz.jei.library.plugins.jei.tags.TagInfoRecipeMaker) No valid ingredients found for minecraft:block tag: #minecraft:replaceable (minecraft:replaceable)
[02:14:08] [Render thread/DEBUG] (mezz.jei.library.plugins.jei.tags.TagInfoRecipeMaker) No valid ingredients found for minecraft:block tag: #minecraft:occludes_vibration_signals (minecraft:occludes_vibration_signals)
[02:14:08] [Render thread/DEBUG] (mezz.jei.library.plugins.jei.tags.TagInfoRecipeMaker) No valid ingredients found for minecraft:block tag: #minecraft:sniffer_egg_hatch_boost (minecraft:sniffer_egg_hatch_boost)
[02:14:08] [Render thread/DEBUG] (mezz.jei.library.plugins.jei.tags.TagInfoRecipeMaker) No valid ingredients found for minecraft:block tag: #minecraft:wooden_fences (minecraft:wooden_fences)
[02:14:08] [Render thread/DEBUG] (mezz.jei.library.plugins.jei.tags.TagInfoRecipeMaker) No valid ingredients found for minecraft:block tag: #minecraft:mushroom_grow_block (minecraft:mushroom_grow_block)
[02:14:08] [Render thread/DEBUG] (mezz.jei.library.plugins.jei.tags.TagInfoRecipeMaker) No valid ingredients found for minecraft:block tag: #minecraft:stone_pressure_plates (minecraft:stone_pressure_plates)
[02:14:08] [Render thread/DEBUG] (mezz.jei.library.plugins.jei.tags.TagInfoRecipeMaker) No valid ingredients found for minecraft:block tag: #minecraft:combination_step_sound_blocks (minecraft:combination_step_sound_blocks)
[02:14:08] [Render thread/DEBUG] (mezz.jei.library.plugins.jei.tags.TagInfoRecipeMaker) No valid ingredients found for minecraft:block tag: #minecraft:parrots_spawnable_on (minecraft:parrots_spawnable_on)
[02:14:08] [Render thread/DEBUG] (mezz.jei.library.plugins.jei.tags.TagInfoRecipeMaker) No valid ingredients found for minecraft:block tag: #minecraft:dead_bush_may_place_on (minecraft:dead_bush_may_place_on)
[02:14:08] [Render thread/DEBUG] (mezz.jei.library.plugins.jei.tags.TagInfoRecipeMaker) No valid ingredients found for minecraft:block tag: #minecraft:wall_corals (minecraft:wall_corals)
[02:14:08] [Render thread/DEBUG] (mezz.jei.library.plugins.jei.tags.TagInfoRecipeMaker) No valid ingredients found for minecraft:block tag: #minecraft:portals (minecraft:portals)
[02:14:08] [Render thread/DEBUG] (mezz.jei.library.plugins.jei.tags.TagInfoRecipeMaker) No valid ingredients found for minecraft:block tag: #c:glass_blocks (c:glass_blocks)
[02:14:08] [Render thread/DEBUG] (mezz.jei.library.plugins.jei.tags.TagInfoRecipeMaker) No valid ingredients found for minecraft:block tag: #minecraft:birch_logs (minecraft:birch_logs)
[02:14:08] [Render thread/DEBUG] (mezz.jei.library.plugins.jei.tags.TagInfoRecipeMaker) No valid ingredients found for minecraft:block tag: #minecraft:smelts_to_glass (minecraft:smelts_to_glass)
[02:14:08] [Render thread/DEBUG] (mezz.jei.library.plugins.jei.tags.TagInfoRecipeMaker) No valid ingredients found for minecraft:block tag: #minecraft:wither_summon_base_blocks (minecraft:wither_summon_base_blocks)
[02:14:08] [Render thread/DEBUG] (mezz.jei.library.plugins.jei.tags.TagInfoRecipeMaker) No valid ingredients found for minecraft:block tag: #minecraft:piglin_repellents (minecraft:piglin_repellents)
[02:14:08] [Render thread/DEBUG] (mezz.jei.library.plugins.jei.tags.TagInfoRecipeMaker) No valid ingredients found for minecraft:block tag: #minecraft:wooden_slabs (minecraft:wooden_slabs)
[02:14:08] [Render thread/DEBUG] (mezz.jei.library.plugins.jei.tags.TagInfoRecipeMaker) No valid ingredients found for minecraft:block tag: #c:wooden_barrels (c:wooden_barrels)
[02:14:08] [Render thread/DEBUG] (mezz.jei.library.plugins.jei.tags.TagInfoRecipeMaker) No valid ingredients found for minecraft:block tag: #minecraft:convertable_to_mud (minecraft:convertable_to_mud)
[02:14:08] [Render thread/DEBUG] (mezz.jei.library.plugins.jei.tags.TagInfoRecipeMaker) No valid ingredients found for minecraft:block tag: #c:uncolored_sandstone_stairs (c:uncolored_sandstone_stairs)
[02:14:08] [Render thread/DEBUG] (mezz.jei.library.plugins.jei.tags.TagInfoRecipeMaker) No valid ingredients found for minecraft:block tag: #minecraft:banners (minecraft:banners)
[02:14:08] [Render thread/DEBUG] (mezz.jei.library.plugins.jei.tags.TagInfoRecipeMaker) No valid ingredients found for minecraft:block tag: #c:sandstone_stairs (c:sandstone_stairs)
[02:14:08] [Render thread/DEBUG] (mezz.jei.library.plugins.jei.tags.TagInfoRecipeMaker) No valid ingredients found for minecraft:block tag: #minecraft:lush_ground_replaceable (minecraft:lush_ground_replaceable)
[02:14:08] [Render thread/DEBUG] (mezz.jei.library.plugins.jei.tags.TagInfoRecipeMaker) No valid ingredients found for minecraft:block tag: #c:chests (c:chests)
[02:14:08] [Render thread/DEBUG] (mezz.jei.library.plugins.jei.tags.TagInfoRecipeMaker) No valid ingredients found for minecraft:block tag: #minecraft:enchantment_power_provider (minecraft:enchantment_power_provider)
[02:14:08] [Render thread/DEBUG] (mezz.jei.library.plugins.jei.tags.TagInfoRecipeMaker) No valid ingredients found for minecraft:block tag: #minecraft:mooshrooms_spawnable_on (minecraft:mooshrooms_spawnable_on)
[02:14:08] [Render thread/DEBUG] (mezz.jei.library.plugins.jei.tags.TagInfoRecipeMaker) No valid ingredients found for minecraft:block tag: #minecraft:all_signs (minecraft:all_signs)
[02:14:08] [Render thread/DEBUG] (mezz.jei.library.plugins.jei.tags.TagInfoRecipeMaker) No valid ingredients found for minecraft:block tag: #minecraft:wooden_buttons (minecraft:wooden_buttons)
[02:14:08] [Render thread/DEBUG] (mezz.jei.library.plugins.jei.tags.TagInfoRecipeMaker) No valid ingredients found for minecraft:block tag: #minecraft:stone_bricks (minecraft:stone_bricks)
[02:14:08] [Render thread/DEBUG] (mezz.jei.library.plugins.jei.tags.TagInfoRecipeMaker) No valid ingredients found for minecraft:block tag: #minecraft:sand (minecraft:sand)
[02:14:08] [Render thread/DEBUG] (mezz.jei.library.plugins.jei.tags.TagInfoRecipeMaker) No valid ingredients found for minecraft:block tag: #minecraft:terracotta (minecraft:terracotta)
[02:14:08] [Render thread/DEBUG] (mezz.jei.library.plugins.jei.tags.TagInfoRecipeMaker) No valid ingredients found for minecraft:block tag: #minecraft:campfires (minecraft:campfires)
[02:14:08] [Render thread/DEBUG] (mezz.jei.library.plugins.jei.tags.TagInfoRecipeMaker) No valid ingredients found for minecraft:block tag: #minecraft:dirt (minecraft:dirt)
[02:14:08] [Render thread/DEBUG] (mezz.jei.library.plugins.jei.tags.TagInfoRecipeMaker) No valid ingredients found for minecraft:block tag: #minecraft:ancient_city_replaceable (minecraft:ancient_city_replaceable)
[02:14:08] [Render thread/DEBUG] (mezz.jei.library.plugins.jei.tags.TagInfoRecipeMaker) No valid ingredients found for minecraft:block tag: #minecraft:base_stone_overworld (minecraft:base_stone_overworld)
[02:14:08] [Render thread/DEBUG] (mezz.jei.library.plugins.jei.tags.TagInfoRecipeMaker) No valid ingredients found for minecraft:block tag: #minecraft:mineable/shovel (minecraft:mineable/shovel)
[02:14:08] [Render thread/DEBUG] (mezz.jei.library.plugins.jei.tags.TagInfoRecipeMaker) No valid ingredients found for minecraft:block tag: #minecraft:replaceable_by_trees (minecraft:replaceable_by_trees)
[02:14:08] [Render thread/DEBUG] (mezz.jei.library.plugins.jei.tags.TagInfoRecipeMaker) No valid ingredients found for minecraft:block tag: #minecraft:tall_flowers (minecraft:tall_flowers)
[02:14:08] [Render thread/DEBUG] (mezz.jei.library.plugins.jei.tags.TagInfoRecipeMaker) No valid ingredients found for minecraft:block tag: #minecraft:dampens_vibrations (minecraft:dampens_vibrations)
[02:14:08] [Render thread/DEBUG] (mezz.jei.library.plugins.jei.tags.TagInfoRecipeMaker) No valid ingredients found for minecraft:block tag: #minecraft:frog_prefer_jump_to (minecraft:frog_prefer_jump_to)
[02:14:08] [Render thread/DEBUG] (mezz.jei.library.plugins.jei.tags.TagInfoRecipeMaker) No valid ingredients found for minecraft:block tag: #minecraft:infiniburn_overworld (minecraft:infiniburn_overworld)
[02:14:08] [Render thread/DEBUG] (mezz.jei.library.plugins.jei.tags.TagInfoRecipeMaker) No valid ingredients found for minecraft:block tag: #c:shulker_boxes (c:shulker_boxes)
[02:14:08] [Render thread/DEBUG] (mezz.jei.library.plugins.jei.tags.TagInfoRecipeMaker) No valid ingredients found for minecraft:block tag: #minecraft:sword_efficient (minecraft:sword_efficient)
[02:14:08] [Render thread/DEBUG] (mezz.jei.library.plugins.jei.tags.TagInfoRecipeMaker) No valid ingredients found for minecraft:block tag: #minecraft:frogs_spawnable_on (minecraft:frogs_spawnable_on)
[02:14:08] [Render thread/DEBUG] (mezz.jei.library.plugins.jei.tags.TagInfoRecipeMaker) No valid ingredients found for minecraft:block tag: #minecraft:rails (minecraft:rails)
[02:14:08] [Render thread/DEBUG] (mezz.jei.library.plugins.jei.tags.TagInfoRecipeMaker) No valid ingredients found for minecraft:block tag: #c:bookshelves (c:bookshelves)
[02:14:08] [Render thread/DEBUG] (mezz.jei.library.plugins.jei.tags.TagInfoRecipeMaker) No valid ingredients found for minecraft:block tag: #minecraft:dripstone_replaceable_blocks (minecraft:dripstone_replaceable_blocks)
[02:14:08] [Render thread/DEBUG] (mezz.jei.library.plugins.jei.tags.TagInfoRecipeMaker) No valid ingredients found for minecraft:block tag: #minecraft:sniffer_diggable_block (minecraft:sniffer_diggable_block)
[02:14:08] [Render thread/DEBUG] (mezz.jei.library.plugins.jei.tags.TagInfoRecipeMaker) No valid ingredients found for minecraft:block tag: #minecraft:bamboo_blocks (minecraft:bamboo_blocks)
[02:14:08] [Render thread/DEBUG] (mezz.jei.library.plugins.jei.tags.TagInfoRecipeMaker) No valid ingredients found for minecraft:block tag: #minecraft:oak_logs (minecraft:oak_logs)
[02:14:08] [Render thread/DEBUG] (mezz.jei.library.plugins.jei.tags.TagInfoRecipeMaker) No valid ingredients found for minecraft:block tag: #minecraft:wither_immune (minecraft:wither_immune)
[02:14:08] [Render thread/DEBUG] (mezz.jei.library.plugins.jei.tags.TagInfoRecipeMaker) No valid ingredients found for minecraft:block tag: #minecraft:underwater_bonemeals (minecraft:underwater_bonemeals)
[02:14:08] [Render thread/DEBUG] (mezz.jei.library.plugins.jei.tags.TagInfoRecipeMaker) No valid ingredients found for minecraft:block tag: #minecraft:mineable/axe (minecraft:mineable/axe)
[02:14:08] [Render thread/DEBUG] (mezz.jei.library.plugins.jei.tags.TagInfoRecipeMaker) No valid ingredients found for minecraft:block tag: #c:buds (c:buds)
[02:14:08] [Render thread/DEBUG] (mezz.jei.library.plugins.jei.tags.TagInfoRecipeMaker) No valid ingredients found for minecraft:block tag: #minecraft:anvil (minecraft:anvil)
[02:14:08] [Render thread/DEBUG] (mezz.jei.library.plugins.jei.tags.TagInfoRecipeMaker) No valid ingredients found for minecraft:block tag: #minecraft:fall_damage_resetting (minecraft:fall_damage_resetting)
[02:14:08] [Render thread/DEBUG] (mezz.jei.library.plugins.jei.tags.TagInfoRecipeMaker) No valid ingredients found for minecraft:block tag: #minecraft:standing_signs (minecraft:standing_signs)
[02:14:08] [Render thread/DEBUG] (mezz.jei.library.plugins.jei.tags.TagInfoRecipeMaker) No valid ingredients found for minecraft:block tag: #c:sandstone_slabs (c:sandstone_slabs)
[02:14:08] [Render thread/DEBUG] (mezz.jei.library.plugins.jei.tags.TagInfoRecipeMaker) No valid ingredients found for minecraft:block tag: #minecraft:candles (minecraft:candles)
[02:14:08] [Render thread/DEBUG] (mezz.jei.library.plugins.jei.tags.TagInfoRecipeMaker) No valid ingredients found for minecraft:block tag: #minecraft:candle_cakes (minecraft:candle_cakes)
[02:14:08] [Render thread/DEBUG] (mezz.jei.library.plugins.jei.tags.TagInfoRecipeMaker) No valid ingredients found for minecraft:block tag: #minecraft:diamond_ores (minecraft:diamond_ores)
[02:14:08] [Render thread/DEBUG] (mezz.jei.library.plugins.jei.tags.TagInfoRecipeMaker) No valid ingredients found for minecraft:block tag: #c:sandstone_blocks (c:sandstone_blocks)
[02:14:08] [Render thread/DEBUG] (mezz.jei.library.plugins.jei.tags.TagInfoRecipeMaker) No valid ingredients found for minecraft:block tag: #minecraft:snow_layer_can_survive_on (minecraft:snow_layer_can_survive_on)
[02:14:08] [Render thread/DEBUG] (mezz.jei.library.plugins.jei.tags.TagInfoRecipeMaker) No valid ingredients found for minecraft:block tag: #minecraft:mangrove_roots_can_grow_through (minecraft:mangrove_roots_can_grow_through)
[02:14:08] [Render thread/DEBUG] (mezz.jei.library.plugins.jei.tags.TagInfoRecipeMaker) No valid ingredients found for minecraft:block tag: #minecraft:dark_oak_logs (minecraft:dark_oak_logs)
[02:14:08] [Render thread/DEBUG] (mezz.jei.library.plugins.jei.tags.TagInfoRecipeMaker) No valid ingredients found for minecraft:block tag: #minecraft:ice (minecraft:ice)
[02:14:08] [Render thread/DEBUG] (mezz.jei.library.plugins.jei.tags.TagInfoRecipeMaker) No valid ingredients found for minecraft:block tag: #c:red_sandstone_stairs (c:red_sandstone_stairs)
[02:14:08] [Render thread/DEBUG] (mezz.jei.library.plugins.jei.tags.TagInfoRecipeMaker) No valid ingredients found for minecraft:block tag: #minecraft:base_stone_nether (minecraft:base_stone_nether)
[02:14:08] [Render thread/DEBUG] (mezz.jei.library.plugins.jei.tags.TagInfoRecipeMaker) No valid ingredients found for minecraft:block tag: #minecraft:needs_stone_tool (minecraft:needs_stone_tool)
[02:14:08] [Render thread/DEBUG] (mezz.jei.library.plugins.jei.tags.TagInfoRecipeMaker) No valid ingredients found for minecraft:block tag: #minecraft:ceiling_hanging_signs (minecraft:ceiling_hanging_signs)
[02:14:08] [Render thread/DEBUG] (mezz.jei.library.plugins.jei.tags.TagInfoRecipeMaker) No valid ingredients found for minecraft:block tag: #minecraft:fences (minecraft:fences)
[02:14:08] [Render thread/DEBUG] (mezz.jei.library.plugins.jei.tags.TagInfoRecipeMaker) No valid ingredients found for minecraft:block tag: #c:quartz_ores (c:quartz_ores)
[02:14:08] [Render thread/DEBUG] (mezz.jei.library.plugins.jei.tags.TagInfoRecipeMaker) No valid ingredients found for minecraft:block tag: #minecraft:azalea_root_replaceable (minecraft:azalea_root_replaceable)
[02:14:08] [Render thread/DEBUG] (mezz.jei.library.plugins.jei.tags.TagInfoRecipeMaker) No valid ingredients found for minecraft:block tag: #minecraft:prevent_mob_spawning_inside (minecraft:prevent_mob_spawning_inside)
[02:14:08] [Render thread/DEBUG] (mezz.jei.library.plugins.jei.tags.TagInfoRecipeMaker) No valid ingredients found for minecraft:block tag: #minecraft:rabbits_spawnable_on (minecraft:rabbits_spawnable_on)
[02:14:08] [Render thread/DEBUG] (mezz.jei.library.plugins.jei.tags.TagInfoRecipeMaker) No valid ingredients found for minecraft:block tag: #minecraft:snow (minecraft:snow)
[02:14:08] [Render thread/DEBUG] (mezz.jei.library.plugins.jei.tags.TagInfoRecipeMaker) No valid ingredients found for minecraft:block tag: #minecraft:stone_ore_replaceables (minecraft:stone_ore_replaceables)
[02:14:08] [Render thread/DEBUG] (mezz.jei.library.plugins.jei.tags.TagInfoRecipeMaker) No valid ingredients found for minecraft:block tag: #minecraft:buttons (minecraft:buttons)
[02:14:08] [Render thread/DEBUG] (mezz.jei.library.plugins.jei.tags.TagInfoRecipeMaker) No valid ingredients found for minecraft:block tag: #minecraft:saplings (minecraft:saplings)
[02:14:08] [Render thread/DEBUG] (mezz.jei.library.plugins.jei.tags.TagInfoRecipeMaker) No valid ingredients found for minecraft:block tag: #minecraft:impermeable (minecraft:impermeable)
[02:14:08] [Render thread/DEBUG] (mezz.jei.library.recipes.RecipeManagerInternal) Adding recipes: RecipeType[uid=minecraft:tag_recipes/block, recipeClass=interface mezz.jei.library.plugins.jei.tags.ITagInfoRecipe]
[02:14:08] [Render thread/INFO] (mezz.jei.library.load.PluginCaller) Registering recipes took 66.58 ms
[02:14:08] [Render thread/INFO] (mezz.jei.library.load.PluginCaller) Registering recipes transfer handlers...
[02:14:08] [Render thread/DEBUG] (mezz.jei.library.load.PluginCallerTimerRunnable) Registering recipes transfer handlers: jei:minecraft...
[02:14:08] [Render thread/DEBUG] (mezz.jei.library.load.PluginCallerTimerRunnable) Registering recipes transfer handlers: jei:debug...
[02:14:08] [Render thread/DEBUG] (mezz.jei.library.load.PluginCallerTimerRunnable) Registering recipes transfer handlers: jei:fabric_gui...
[02:14:08] [Render thread/DEBUG] (mezz.jei.library.load.PluginCallerTimerRunnable) Registering recipes transfer handlers: jei:gui...
[02:14:08] [Render thread/DEBUG] (mezz.jei.library.load.PluginCallerTimerRunnable) Registering recipes transfer handlers: swm:crafting...
[02:14:08] [Render thread/DEBUG] (mezz.jei.library.load.PluginCallerTimerRunnable) Registering recipes transfer handlers: jei:internal...
[02:14:08] [Render thread/INFO] (mezz.jei.library.load.PluginCaller) Registering recipes transfer handlers took 399.5 μs
[02:14:08] [Render thread/INFO] (mezz.jei.core.util.LoggedTimer) Building runtime...
[02:14:08] [Render thread/INFO] (mezz.jei.library.load.PluginCaller) Registering gui handlers...
[02:14:08] [Render thread/DEBUG] (mezz.jei.library.load.PluginCallerTimerRunnable) Registering gui handlers: jei:minecraft...
[02:14:08] [Render thread/DEBUG] (mezz.jei.library.load.PluginCallerTimerRunnable) Registering gui handlers: jei:debug...
[02:14:08] [Render thread/DEBUG] (mezz.jei.library.load.PluginCallerTimerRunnable) Registering gui handlers: jei:fabric_gui...
[02:14:08] [Render thread/DEBUG] (mezz.jei.library.load.PluginCallerTimerRunnable) Registering gui handlers: jei:gui...
[02:14:08] [Render thread/DEBUG] (mezz.jei.library.load.PluginCallerTimerRunnable) Registering gui handlers: swm:crafting...
[02:14:08] [Render thread/DEBUG] (mezz.jei.library.load.PluginCallerTimerRunnable) Registering gui handlers: jei:internal...
[02:14:08] [Render thread/INFO] (mezz.jei.library.load.PluginCaller) Registering gui handlers took 468.3 μs
[02:14:08] [Render thread/INFO] (mezz.jei.library.load.PluginCaller) Registering Runtime...
[02:14:08] [Render thread/DEBUG] (mezz.jei.library.load.PluginCallerTimerRunnable) Registering Runtime: jei:minecraft...
[02:14:08] [Render thread/DEBUG] (mezz.jei.library.load.PluginCallerTimerRunnable) Registering Runtime: jei:debug...
[02:14:08] [Render thread/DEBUG] (mezz.jei.library.load.PluginCallerTimerRunnable) Registering Runtime: jei:fabric_gui...
[02:14:08] [Render thread/INFO] (mezz.jei.gui.startup.JeiGuiStarter) Starting JEI GUI
[02:14:08] [Render thread/INFO] (mezz.jei.core.util.LoggedTimer) Building ingredient list...
[02:14:08] [Render thread/DEBUG] (mezz.jei.gui.ingredients.IngredientListElementFactory) Registering ingredients: ItemStack
[02:14:08] [Render thread/DEBUG] (mezz.jei.gui.ingredients.IngredientListElementFactory) Registering ingredients: IJeiFluidIngredient
[02:14:08] [Render thread/DEBUG] (mezz.jei.gui.ingredients.IngredientListElementFactory) Registering ingredients: DebugIngredient
[02:14:08] [Render thread/INFO] (mezz.jei.core.util.LoggedTimer) Building ingredient list took 10.43 ms
[02:14:08] [Render thread/INFO] (mezz.jei.core.util.LoggedTimer) Building ingredient filter...
[02:14:08] [Render thread/INFO] (mezz.jei.gui.ingredients.IngredientFilter) Adding 1552 ingredients
[02:14:08] [Render thread/INFO] (mezz.jei.gui.ingredients.IngredientFilter) Added 1552 ingredients
[02:14:08] [Render thread/INFO] (mezz.jei.core.util.LoggedTimer) Building ingredient filter took 48.95 ms
[02:14:08] [Render thread/INFO] (mezz.jei.library.load.PluginCallerTimerRunnable) Registering Runtime: jei:fabric_gui took 66.65 milliseconds
[02:14:08] [Render thread/DEBUG] (mezz.jei.library.load.PluginCallerTimerRunnable) Registering Runtime: jei:gui...
[02:14:08] [Render thread/DEBUG] (mezz.jei.library.load.PluginCallerTimerRunnable) Registering Runtime: swm:crafting...
[02:14:08] [Render thread/DEBUG] (mezz.jei.library.load.PluginCallerTimerRunnable) Registering Runtime: jei:internal...
[02:14:08] [Render thread/INFO] (mezz.jei.library.load.PluginCaller) Registering Runtime took 67.38 ms
[02:14:08] [Render thread/INFO] (mezz.jei.core.util.LoggedTimer) Building runtime took 68.27 ms
[02:14:08] [Render thread/INFO] (mezz.jei.library.load.PluginCaller) Sending Runtime...
[02:14:08] [Render thread/DEBUG] (mezz.jei.library.load.PluginCallerTimerRunnable) Sending Runtime: jei:minecraft...
[02:14:08] [Render thread/DEBUG] (mezz.jei.library.load.PluginCallerTimerRunnable) Sending Runtime: jei:debug...
[02:14:08] [Render thread/INFO] (mezz.jei.library.ingredients.IngredientManager) Ingredients are being added at runtime: 10 mezz.jei.library.plugins.debug.ingredients.DebugIngredient
[02:14:08] [Render thread/DEBUG] (mezz.jei.gui.ingredients.IngredientFilter) Added ingredient: JEI Debug Item #10
[02:14:08] [Render thread/DEBUG] (mezz.jei.gui.ingredients.IngredientFilter) Added ingredient: JEI Debug Item #11
[02:14:08] [Render thread/DEBUG] (mezz.jei.gui.ingredients.IngredientFilter) Added ingredient: JEI Debug Item #12
[02:14:08] [Render thread/DEBUG] (mezz.jei.gui.ingredients.IngredientFilter) Added ingredient: JEI Debug Item #13
[02:14:08] [Render thread/DEBUG] (mezz.jei.gui.ingredients.IngredientFilter) Added ingredient: JEI Debug Item #14
[02:14:08] [Render thread/DEBUG] (mezz.jei.gui.ingredients.IngredientFilter) Added ingredient: JEI Debug Item #15
[02:14:08] [Render thread/DEBUG] (mezz.jei.gui.ingredients.IngredientFilter) Added ingredient: JEI Debug Item #16
[02:14:08] [Render thread/DEBUG] (mezz.jei.gui.ingredients.IngredientFilter) Added ingredient: JEI Debug Item #17
[02:14:08] [Render thread/DEBUG] (mezz.jei.gui.ingredients.IngredientFilter) Added ingredient: JEI Debug Item #18
[02:14:08] [Render thread/DEBUG] (mezz.jei.gui.ingredients.IngredientFilter) Added ingredient: JEI Debug Item #19
[02:14:08] [Render thread/DEBUG] (mezz.jei.library.load.PluginCallerTimerRunnable) Sending Runtime: jei:fabric_gui...
[02:14:08] [Render thread/DEBUG] (mezz.jei.library.load.PluginCallerTimerRunnable) Sending Runtime: jei:gui...
[02:14:08] [Render thread/DEBUG] (mezz.jei.library.load.PluginCallerTimerRunnable) Sending Runtime: swm:crafting...
[02:14:08] [Render thread/DEBUG] (mezz.jei.library.load.PluginCallerTimerRunnable) Sending Runtime: jei:internal...
[02:14:08] [Render thread/INFO] (mezz.jei.library.load.PluginCaller) Sending Runtime took 1.654 ms
[02:14:08] [Render thread/INFO] (mezz.jei.core.util.LoggedTimer) Starting JEI took 156.2 ms
[02:14:08] [Render thread/INFO] (mezz.jei.fabric.startup.ClientLifecycleHandler) Stopping JEI
[02:14:08] [Render thread/INFO] (mezz.jei.library.startup.JeiStarter) Stopping JEI
[02:14:08] [Render thread/INFO] (mezz.jei.library.load.PluginCaller) Sending Runtime Unavailable...
[02:14:08] [Render thread/DEBUG] (mezz.jei.library.load.PluginCallerTimerRunnable) Sending Runtime Unavailable: jei:minecraft...
[02:14:08] [Render thread/DEBUG] (mezz.jei.library.load.PluginCallerTimerRunnable) Sending Runtime Unavailable: jei:debug...
[02:14:08] [Render thread/DEBUG] (mezz.jei.library.load.PluginCallerTimerRunnable) Sending Runtime Unavailable: jei:fabric_gui...
[02:14:08] [Render thread/INFO] (mezz.jei.fabric.plugins.fabric.FabricGuiPlugin) Stopping JEI GUI
[02:14:08] [Render thread/DEBUG] (mezz.jei.library.load.PluginCallerTimerRunnable) Sending Runtime Unavailable: jei:gui...
[02:14:08] [Render thread/DEBUG] (mezz.jei.library.load.PluginCallerTimerRunnable) Sending Runtime Unavailable: swm:crafting...
[02:14:08] [Render thread/DEBUG] (mezz.jei.library.load.PluginCallerTimerRunnable) Sending Runtime Unavailable: jei:internal...
[02:14:08] [Render thread/INFO] (mezz.jei.library.load.PluginCaller) Sending Runtime Unavailable took 308.6 μs
[02:14:08] [Render thread/INFO] (mezz.jei.core.util.LoggedTimer) Starting JEI...
[02:14:08] [Render thread/INFO] (mezz.jei.library.load.PluginCaller) Registering item subtypes...
[02:14:08] [Render thread/DEBUG] (mezz.jei.library.load.PluginCallerTimerRunnable) Registering item subtypes: jei:minecraft...
[02:14:08] [Render thread/DEBUG] (mezz.jei.library.load.PluginCallerTimerRunnable) Registering item subtypes: jei:debug...
[02:14:08] [Render thread/DEBUG] (mezz.jei.library.load.PluginCallerTimerRunnable) Registering item subtypes: jei:fabric_gui...
[02:14:08] [Render thread/DEBUG] (mezz.jei.library.load.PluginCallerTimerRunnable) Registering item subtypes: jei:gui...
[02:14:08] [Render thread/DEBUG] (mezz.jei.library.load.PluginCallerTimerRunnable) Registering item subtypes: swm:crafting...
[02:14:08] [Render thread/DEBUG] (mezz.jei.library.load.PluginCallerTimerRunnable) Registering item subtypes: jei:internal...
[02:14:08] [Render thread/INFO] (mezz.jei.library.load.PluginCaller) Registering item subtypes took 353.6 μs
[02:14:08] [Render thread/INFO] (mezz.jei.library.load.PluginCaller) Registering fluid subtypes...
[02:14:08] [Render thread/DEBUG] (mezz.jei.library.load.PluginCallerTimerRunnable) Registering fluid subtypes: jei:minecraft...
[02:14:08] [Render thread/DEBUG] (mezz.jei.library.load.PluginCallerTimerRunnable) Registering fluid subtypes: jei:debug...
[02:14:08] [Render thread/DEBUG] (mezz.jei.library.load.PluginCallerTimerRunnable) Registering fluid subtypes: jei:fabric_gui...
[02:14:08] [Render thread/DEBUG] (mezz.jei.library.load.PluginCallerTimerRunnable) Registering fluid subtypes: jei:gui...
[02:14:08] [Render thread/DEBUG] (mezz.jei.library.load.PluginCallerTimerRunnable) Registering fluid subtypes: swm:crafting...
[02:14:08] [Render thread/DEBUG] (mezz.jei.library.load.PluginCallerTimerRunnable) Registering fluid subtypes: jei:internal...
[02:14:08] [Render thread/INFO] (mezz.jei.library.load.PluginCaller) Registering fluid subtypes took 215.7 μs
[02:14:08] [Render thread/INFO] (mezz.jei.library.load.PluginCaller) Registering ingredients...
[02:14:08] [Render thread/DEBUG] (mezz.jei.library.load.PluginCallerTimerRunnable) Registering ingredients: jei:minecraft...
[02:14:08] [Render thread/DEBUG] (mezz.jei.library.plugins.vanilla.ingredients.ItemStackListFactory) Added  348/ 348 new items from 'Building Blocks' creative tab's displayItems
[02:14:08] [Render thread/DEBUG] (mezz.jei.library.plugins.vanilla.ingredients.ItemStackListFactory) Added  198/ 198 new items from 'Colored Blocks' creative tab's displayItems
[02:14:08] [Render thread/DEBUG] (mezz.jei.library.plugins.vanilla.ingredients.ItemStackListFactory) Added  202/ 226 new items from 'Natural Blocks' creative tab's displayItems
[02:14:08] [Render thread/DEBUG] (mezz.jei.library.plugins.vanilla.ingredients.ItemStackListFactory) Added   91/ 170 new items from 'Functional Blocks' creative tab's displayItems
[02:14:08] [Render thread/DEBUG] (mezz.jei.library.plugins.vanilla.ingredients.ItemStackListFactory) Added    0/ 170 new items from 'Functional Blocks' creative tab's searchTabDisplayItems
[02:14:08] [Render thread/DEBUG] (mezz.jei.library.plugins.vanilla.ingredients.ItemStackListFactory) Added   28/  62 new items from 'Redstone Blocks' creative tab's displayItems
[02:14:08] [Render thread/DEBUG] (mezz.jei.library.plugins.vanilla.ingredients.ItemStackListFactory) Skipping creative tab: 'Saved Hotbars' because it is type: HOTBAR
[02:14:08] [Render thread/DEBUG] (mezz.jei.library.plugins.vanilla.ingredients.ItemStackListFactory) Skipping creative tab: 'Search Items' because it is type: SEARCH
[02:14:08] [Render thread/DEBUG] (mezz.jei.library.plugins.vanilla.ingredients.ItemStackListFactory) Added   89/ 101 new items from 'Tools & Utilities' creative tab's displayItems
[02:14:08] [Render thread/DEBUG] (mezz.jei.library.plugins.vanilla.ingredients.ItemStackListFactory) Added   86/  97 new items from 'Combat' creative tab's displayItems
[02:14:08] [Render thread/DEBUG] (mezz.jei.library.plugins.vanilla.ingredients.ItemStackListFactory) Added  173/ 176 new items from 'Food & Drinks' creative tab's displayItems
[02:14:08] [Render thread/DEBUG] (mezz.jei.library.plugins.vanilla.ingredients.ItemStackListFactory) Added  157/ 171 new items from 'Ingredients' creative tab's displayItems
[02:14:08] [Render thread/DEBUG] (mezz.jei.library.plugins.vanilla.ingredients.ItemStackListFactory) Added   74/ 245 new items from 'Ingredients' creative tab's searchTabDisplayItems
[02:14:08] [Render thread/DEBUG] (mezz.jei.library.plugins.vanilla.ingredients.ItemStackListFactory) Added   76/  76 new items from 'Spawn Eggs' creative tab's displayItems
[02:14:08] [Render thread/WARN] (mezz.jei.library.plugins.vanilla.ingredients.ItemStackListFactory) Item Group has no display items and no search tab display items. Items from this group will be missing from the JEI ingredient list. Operator Utilities
[02:14:08] [Render thread/DEBUG] (mezz.jei.library.plugins.vanilla.ingredients.ItemStackListFactory) Skipping creative tab: 'Survival Inventory' because it is type: INVENTORY
[02:14:08] [Render thread/DEBUG] (mezz.jei.library.plugins.vanilla.ingredients.ItemStackListFactory) Added   18/  18 new items from 'Syconn's Star Wars' creative tab's displayItems
[02:14:08] [Render thread/DEBUG] (mezz.jei.library.plugins.vanilla.ingredients.ItemStackListFactory) Added    0/   7 new items from 'Syconn's Star Wars' creative tab's searchTabDisplayItems
[02:14:08] [Render thread/DEBUG] (mezz.jei.library.load.PluginCallerTimerRunnable) Registering ingredients: jei:debug...
[02:14:08] [Render thread/DEBUG] (mezz.jei.library.load.PluginCallerTimerRunnable) Registering ingredients: jei:fabric_gui...
[02:14:08] [Render thread/DEBUG] (mezz.jei.library.load.PluginCallerTimerRunnable) Registering ingredients: jei:gui...
[02:14:08] [Render thread/DEBUG] (mezz.jei.library.load.PluginCallerTimerRunnable) Registering ingredients: swm:crafting...
[02:14:08] [Render thread/DEBUG] (mezz.jei.library.load.PluginCallerTimerRunnable) Registering ingredients: jei:internal...
[02:14:08] [Render thread/INFO] (mezz.jei.library.load.PluginCaller) Registering ingredients took 5.890 ms
[02:14:08] [Render thread/INFO] (mezz.jei.library.load.PluginCaller) Registering extra ingredients...
[02:14:08] [Render thread/DEBUG] (mezz.jei.library.load.PluginCallerTimerRunnable) Registering extra ingredients: jei:minecraft...
[02:14:08] [Render thread/DEBUG] (mezz.jei.library.load.PluginCallerTimerRunnable) Registering extra ingredients: jei:debug...
[02:14:08] [Render thread/DEBUG] (mezz.jei.library.load.PluginCallerTimerRunnable) Registering extra ingredients: jei:fabric_gui...
[02:14:08] [Render thread/DEBUG] (mezz.jei.library.load.PluginCallerTimerRunnable) Registering extra ingredients: jei:gui...
[02:14:08] [Render thread/DEBUG] (mezz.jei.library.load.PluginCallerTimerRunnable) Registering extra ingredients: swm:crafting...
[02:14:08] [Render thread/DEBUG] (mezz.jei.library.load.PluginCallerTimerRunnable) Registering extra ingredients: jei:internal...
[02:14:08] [Render thread/INFO] (mezz.jei.library.load.PluginCaller) Registering extra ingredients took 328.4 μs
[02:14:08] [Render thread/INFO] (mezz.jei.library.load.PluginCaller) Registering search ingredient aliases...
[02:14:08] [Render thread/DEBUG] (mezz.jei.library.load.PluginCallerTimerRunnable) Registering search ingredient aliases: jei:minecraft...
[02:14:08] [Render thread/DEBUG] (mezz.jei.library.load.PluginCallerTimerRunnable) Registering search ingredient aliases: jei:debug...
[02:14:08] [Render thread/DEBUG] (mezz.jei.library.load.PluginCallerTimerRunnable) Registering search ingredient aliases: jei:fabric_gui...
[02:14:08] [Render thread/DEBUG] (mezz.jei.library.load.PluginCallerTimerRunnable) Registering search ingredient aliases: jei:gui...
[02:14:08] [Render thread/DEBUG] (mezz.jei.library.load.PluginCallerTimerRunnable) Registering search ingredient aliases: swm:crafting...
[02:14:08] [Render thread/DEBUG] (mezz.jei.library.load.PluginCallerTimerRunnable) Registering search ingredient aliases: jei:internal...
[02:14:08] [Render thread/INFO] (mezz.jei.library.load.PluginCaller) Registering search ingredient aliases took 342.7 μs
[02:14:08] [Render thread/INFO] (mezz.jei.library.load.PluginCaller) Registering categories...
[02:14:08] [Render thread/DEBUG] (mezz.jei.library.load.PluginCallerTimerRunnable) Registering categories: jei:minecraft...
[02:14:08] [Render thread/DEBUG] (mezz.jei.library.load.PluginCallerTimerRunnable) Registering categories: jei:debug...
[02:14:08] [Render thread/DEBUG] (mezz.jei.library.load.PluginCallerTimerRunnable) Registering categories: jei:fabric_gui...
[02:14:08] [Render thread/DEBUG] (mezz.jei.library.load.PluginCallerTimerRunnable) Registering categories: jei:gui...
[02:14:08] [Render thread/DEBUG] (mezz.jei.library.load.PluginCallerTimerRunnable) Registering categories: swm:crafting...
[02:14:08] [Render thread/DEBUG] (mezz.jei.library.load.PluginCallerTimerRunnable) Registering categories: jei:internal...
[02:14:08] [Render thread/INFO] (mezz.jei.library.load.PluginCaller) Registering categories took 742.0 μs
[02:14:08] [Render thread/INFO] (mezz.jei.library.load.PluginCaller) Registering vanilla category extensions...
[02:14:08] [Render thread/DEBUG] (mezz.jei.library.load.PluginCallerTimerRunnable) Registering vanilla category extensions: jei:minecraft...
[02:14:08] [Render thread/DEBUG] (mezz.jei.library.load.PluginCallerTimerRunnable) Registering vanilla category extensions: jei:debug...
[02:14:08] [Render thread/DEBUG] (mezz.jei.library.load.PluginCallerTimerRunnable) Registering vanilla category extensions: jei:fabric_gui...
[02:14:08] [Render thread/DEBUG] (mezz.jei.library.load.PluginCallerTimerRunnable) Registering vanilla category extensions: jei:gui...
[02:14:08] [Render thread/DEBUG] (mezz.jei.library.load.PluginCallerTimerRunnable) Registering vanilla category extensions: swm:crafting...
[02:14:08] [Render thread/DEBUG] (mezz.jei.library.load.PluginCallerTimerRunnable) Registering vanilla category extensions: jei:internal...
[02:14:08] [Render thread/INFO] (mezz.jei.library.load.PluginCaller) Registering vanilla category extensions took 194.9 μs
[02:14:08] [Render thread/INFO] (mezz.jei.library.load.PluginCaller) Registering recipe catalysts...
[02:14:08] [Render thread/DEBUG] (mezz.jei.library.load.PluginCallerTimerRunnable) Registering recipe catalysts: jei:minecraft...
[02:14:08] [Render thread/DEBUG] (mezz.jei.library.load.PluginCallerTimerRunnable) Registering recipe catalysts: jei:debug...
[02:14:08] [Render thread/DEBUG] (mezz.jei.library.load.PluginCallerTimerRunnable) Registering recipe catalysts: jei:fabric_gui...
[02:14:08] [Render thread/DEBUG] (mezz.jei.library.load.PluginCallerTimerRunnable) Registering recipe catalysts: jei:gui...
[02:14:08] [Render thread/DEBUG] (mezz.jei.library.load.PluginCallerTimerRunnable) Registering recipe catalysts: swm:crafting...
[02:14:08] [Render thread/DEBUG] (mezz.jei.library.load.PluginCallerTimerRunnable) Registering recipe catalysts: jei:internal...
[02:14:08] [Render thread/INFO] (mezz.jei.library.load.PluginCaller) Registering recipe catalysts took 509.0 μs
[02:14:08] [Render thread/INFO] (mezz.jei.core.util.LoggedTimer) Building recipe registry...
[02:14:08] [Render thread/INFO] (mezz.jei.core.util.LoggedTimer) Building recipe registry took 599.7 μs
[02:14:08] [Render thread/INFO] (mezz.jei.library.load.PluginCaller) Registering advanced plugins...
[02:14:08] [Render thread/DEBUG] (mezz.jei.library.load.PluginCallerTimerRunnable) Registering advanced plugins: jei:minecraft...
[02:14:08] [Render thread/DEBUG] (mezz.jei.library.load.PluginCallerTimerRunnable) Registering advanced plugins: jei:debug...
[02:14:08] [Render thread/INFO] (mezz.jei.library.load.registration.AdvancedRegistration) Added recipe category decorator: class mezz.jei.library.plugins.debug.DebugCategoryDecorator for recipe type: jei:debug
[02:14:08] [Render thread/INFO] (mezz.jei.library.load.registration.AdvancedRegistration) Added recipe category decorator: class mezz.jei.library.plugins.debug.DebugCategoryDecorator for recipe type: jei:debug_focus
[02:14:08] [Render thread/INFO] (mezz.jei.library.load.registration.AdvancedRegistration) Added recipe category decorator: class mezz.jei.library.plugins.debug.DebugCategoryDecorator for recipe type: jei:obnoxiously_large_recipe
[02:14:08] [Render thread/INFO] (mezz.jei.library.load.registration.AdvancedRegistration) Added recipe category decorator: class mezz.jei.library.plugins.debug.DebugCategoryDecorator for recipe type: jei:information
[02:14:08] [Render thread/INFO] (mezz.jei.library.load.registration.AdvancedRegistration) Added typed recipe manager plugin: class mezz.jei.library.plugins.debug.DebugSimpleRecipeManagerPlugin
[02:14:08] [Render thread/DEBUG] (mezz.jei.library.load.PluginCallerTimerRunnable) Registering advanced plugins: jei:fabric_gui...
[02:14:08] [Render thread/DEBUG] (mezz.jei.library.load.PluginCallerTimerRunnable) Registering advanced plugins: jei:gui...
[02:14:08] [Render thread/DEBUG] (mezz.jei.library.load.PluginCallerTimerRunnable) Registering advanced plugins: swm:crafting...
[02:14:08] [Render thread/DEBUG] (mezz.jei.library.load.PluginCallerTimerRunnable) Registering advanced plugins: jei:internal...
[02:14:08] [Render thread/INFO] (mezz.jei.library.load.PluginCaller) Registering advanced plugins took 681.7 μs
[02:14:08] [Render thread/INFO] (mezz.jei.library.load.PluginCaller) Registering recipes...
[02:14:08] [Render thread/DEBUG] (mezz.jei.library.load.PluginCallerTimerRunnable) Registering recipes: jei:minecraft...
[02:14:08] [Render thread/DEBUG] (mezz.jei.library.recipes.RecipeManagerInternal) Adding recipes: RecipeType[uid=minecraft:crafting, recipeClass=interface net.minecraft.world.item.crafting.CraftingRecipe]
[02:14:08] [Render thread/DEBUG] (mezz.jei.library.recipes.RecipeManagerInternal) Adding recipes: RecipeType[uid=minecraft:crafting, recipeClass=interface net.minecraft.world.item.crafting.CraftingRecipe]
[02:14:08] [Render thread/DEBUG] (mezz.jei.library.recipes.RecipeManagerInternal) Adding recipes: RecipeType[uid=minecraft:stonecutting, recipeClass=class net.minecraft.world.item.crafting.StonecutterRecipe]
[02:14:08] [Render thread/DEBUG] (mezz.jei.library.recipes.RecipeManagerInternal) Adding recipes: RecipeType[uid=minecraft:furnace, recipeClass=class net.minecraft.world.item.crafting.SmeltingRecipe]
[02:14:08] [Render thread/DEBUG] (mezz.jei.library.recipes.RecipeManagerInternal) Adding recipes: RecipeType[uid=minecraft:smoking, recipeClass=class net.minecraft.world.item.crafting.SmokingRecipe]
[02:14:08] [Render thread/DEBUG] (mezz.jei.library.recipes.RecipeManagerInternal) Adding recipes: RecipeType[uid=minecraft:blasting, recipeClass=class net.minecraft.world.item.crafting.BlastingRecipe]
[02:14:08] [Render thread/DEBUG] (mezz.jei.library.recipes.RecipeManagerInternal) Adding recipes: RecipeType[uid=minecraft:campfire, recipeClass=class net.minecraft.world.item.crafting.CampfireCookingRecipe]
[02:14:08] [Render thread/DEBUG] (mezz.jei.library.recipes.RecipeManagerInternal) Adding recipes: RecipeType[uid=minecraft:fuel, recipeClass=interface mezz.jei.api.recipe.vanilla.IJeiFuelingRecipe]
[02:14:08] [Render thread/DEBUG] (mezz.jei.library.recipes.RecipeManagerInternal) Adding recipes: RecipeType[uid=minecraft:anvil, recipeClass=interface mezz.jei.api.recipe.vanilla.IJeiAnvilRecipe]
[02:14:08] [Render thread/DEBUG] (mezz.jei.library.recipes.RecipeManagerInternal) Adding recipes: RecipeType[uid=minecraft:smithing, recipeClass=interface net.minecraft.world.item.crafting.SmithingRecipe]
[02:14:08] [Render thread/DEBUG] (mezz.jei.library.recipes.RecipeManagerInternal) Adding recipes: RecipeType[uid=minecraft:compostable, recipeClass=interface mezz.jei.api.recipe.vanilla.IJeiCompostingRecipe]
[02:14:08] [Render thread/DEBUG] (mezz.jei.library.recipes.RecipeManagerInternal) Adding recipes: RecipeType[uid=minecraft:brewing, recipeClass=interface mezz.jei.api.recipe.vanilla.IJeiBrewingRecipe]
[02:14:08] [Render thread/INFO] (mezz.jei.library.load.PluginCallerTimerRunnable) Registering recipes: jei:minecraft took 66.02 milliseconds
[02:14:08] [Render thread/DEBUG] (mezz.jei.library.load.PluginCallerTimerRunnable) Registering recipes: jei:debug...
[02:14:08] [Render thread/DEBUG] (mezz.jei.library.recipes.RecipeManagerInternal) Adding recipes: RecipeType[uid=jei:information, recipeClass=interface mezz.jei.api.recipe.vanilla.IJeiIngredientInfoRecipe]
[02:14:08] [Render thread/DEBUG] (mezz.jei.library.recipes.RecipeManagerInternal) Adding recipes: RecipeType[uid=jei:information, recipeClass=interface mezz.jei.api.recipe.vanilla.IJeiIngredientInfoRecipe]
[02:14:08] [Render thread/DEBUG] (mezz.jei.library.recipes.RecipeManagerInternal) Adding recipes: RecipeType[uid=jei:information, recipeClass=interface mezz.jei.api.recipe.vanilla.IJeiIngredientInfoRecipe]
[02:14:08] [Render thread/DEBUG] (mezz.jei.library.recipes.RecipeManagerInternal) Adding recipes: RecipeType[uid=jei:information, recipeClass=interface mezz.jei.api.recipe.vanilla.IJeiIngredientInfoRecipe]
[02:14:08] [Render thread/DEBUG] (mezz.jei.library.recipes.RecipeManagerInternal) Adding recipes: RecipeType[uid=jei:information, recipeClass=interface mezz.jei.api.recipe.vanilla.IJeiIngredientInfoRecipe]
[02:14:08] [Render thread/DEBUG] (mezz.jei.library.recipes.RecipeManagerInternal) Adding recipes: RecipeType[uid=jei:debug, recipeClass=class mezz.jei.library.plugins.debug.DebugRecipe]
[02:14:08] [Render thread/DEBUG] (mezz.jei.library.recipes.RecipeManagerInternal) Adding recipes: RecipeType[uid=jei:debug_focus, recipeClass=class mezz.jei.library.plugins.debug.DebugRecipe]
[02:14:08] [Render thread/DEBUG] (mezz.jei.library.recipes.RecipeManagerInternal) Adding recipes: RecipeType[uid=minecraft:smithing, recipeClass=interface net.minecraft.world.item.crafting.SmithingRecipe]
[02:14:08] [Render thread/DEBUG] (mezz.jei.library.recipes.RecipeManagerInternal) Adding recipes: RecipeType[uid=jei:obnoxiously_large_recipe, recipeClass=class mezz.jei.library.plugins.debug.ObnoxiouslyLargeRecipe]
[02:14:08] [Render thread/DEBUG] (mezz.jei.library.load.PluginCallerTimerRunnable) Registering recipes: jei:fabric_gui...
[02:14:08] [Render thread/DEBUG] (mezz.jei.library.load.PluginCallerTimerRunnable) Registering recipes: jei:gui...
[02:14:08] [Render thread/DEBUG] (mezz.jei.library.load.PluginCallerTimerRunnable) Registering recipes: swm:crafting...
[02:14:08] [Render thread/DEBUG] (mezz.jei.library.recipes.RecipeManagerInternal) Adding recipes: RecipeType[uid=swm:lightsaber, recipeClass=class mod.syconn.swm.server.recipes.LightsaberRecipe]
[02:14:08] [Render thread/DEBUG] (mezz.jei.library.load.PluginCallerTimerRunnable) Registering recipes: jei:internal...
[02:14:08] [Render thread/DEBUG] (mezz.jei.library.plugins.jei.tags.TagInfoRecipeMaker) No valid ingredients found for minecraft:fluid tag: #c:water (c:water)
[02:14:08] [Render thread/DEBUG] (mezz.jei.library.plugins.jei.tags.TagInfoRecipeMaker) No valid ingredients found for minecraft:fluid tag: #c:lava (c:lava)
[02:14:08] [Render thread/DEBUG] (mezz.jei.library.plugins.jei.tags.TagInfoRecipeMaker) No valid ingredients found for minecraft:fluid tag: #minecraft:water (minecraft:water)
[02:14:08] [Render thread/DEBUG] (mezz.jei.library.plugins.jei.tags.TagInfoRecipeMaker) No valid ingredients found for minecraft:fluid tag: #minecraft:lava (minecraft:lava)
[02:14:08] [Render thread/DEBUG] (mezz.jei.library.recipes.RecipeManagerInternal) Adding recipes: RecipeType[uid=minecraft:tag_recipes/fluid, recipeClass=interface mezz.jei.library.plugins.jei.tags.ITagInfoRecipe]
[02:14:08] [Render thread/DEBUG] (mezz.jei.library.plugins.jei.tags.TagInfoRecipeMaker) No valid ingredients found for minecraft:item tag: #minecraft:pickaxes (minecraft:pickaxes)
[02:14:08] [Render thread/DEBUG] (mezz.jei.library.plugins.jei.tags.TagInfoRecipeMaker) No valid ingredients found for minecraft:item tag: #c:quartz (c:quartz)
[02:14:08] [Render thread/DEBUG] (mezz.jei.library.plugins.jei.tags.TagInfoRecipeMaker) No valid ingredients found for minecraft:item tag: #minecraft:small_flowers (minecraft:small_flowers)
[02:14:08] [Render thread/DEBUG] (mezz.jei.library.plugins.jei.tags.TagInfoRecipeMaker) No valid ingredients found for minecraft:item tag: #minecraft:doors (minecraft:doors)
[02:14:08] [Render thread/DEBUG] (mezz.jei.library.plugins.jei.tags.TagInfoRecipeMaker) No valid ingredients found for minecraft:item tag: #minecraft:freeze_immune_wearables (minecraft:freeze_immune_wearables)
[02:14:08] [Render thread/DEBUG] (mezz.jei.library.plugins.jei.tags.TagInfoRecipeMaker) No valid ingredients found for minecraft:item tag: #c:glass_blocks (c:glass_blocks)
[02:14:08] [Render thread/DEBUG] (mezz.jei.library.plugins.jei.tags.TagInfoRecipeMaker) No valid ingredients found for minecraft:item tag: #c:raw_gold_blocks (c:raw_gold_blocks)
[02:14:08] [Render thread/DEBUG] (mezz.jei.library.plugins.jei.tags.TagInfoRecipeMaker) No valid ingredients found for minecraft:item tag: #c:shovels (c:shovels)
[02:14:08] [Render thread/DEBUG] (mezz.jei.library.plugins.jei.tags.TagInfoRecipeMaker) No valid ingredients found for minecraft:item tag: #minecraft:saplings (minecraft:saplings)
[02:14:08] [Render thread/DEBUG] (mezz.jei.library.plugins.jei.tags.TagInfoRecipeMaker) No valid ingredients found for minecraft:item tag: #minecraft:wooden_buttons (minecraft:wooden_buttons)
[02:14:08] [Render thread/DEBUG] (mezz.jei.library.plugins.jei.tags.TagInfoRecipeMaker) No valid ingredients found for minecraft:item tag: #minecraft:boats (minecraft:boats)
[02:14:08] [Render thread/DEBUG] (mezz.jei.library.plugins.jei.tags.TagInfoRecipeMaker) No valid ingredients found for minecraft:item tag: #c:yellow_dyes (c:yellow_dyes)
[02:14:08] [Render thread/DEBUG] (mezz.jei.library.plugins.jei.tags.TagInfoRecipeMaker) No valid ingredients found for minecraft:item tag: #minecraft:decorated_pot_sherds (minecraft:decorated_pot_sherds)
[02:14:08] [Render thread/DEBUG] (mezz.jei.library.plugins.jei.tags.TagInfoRecipeMaker) No valid ingredients found for minecraft:item tag: #minecraft:sand (minecraft:sand)
[02:14:08] [Render thread/DEBUG] (mezz.jei.library.plugins.jei.tags.TagInfoRecipeMaker) No valid ingredients found for minecraft:item tag: #c:gray_dyes (c:gray_dyes)
[02:14:08] [Render thread/DEBUG] (mezz.jei.library.plugins.jei.tags.TagInfoRecipeMaker) No valid ingredients found for minecraft:item tag: #minecraft:chest_boats (minecraft:chest_boats)
[02:14:08] [Render thread/DEBUG] (mezz.jei.library.plugins.jei.tags.TagInfoRecipeMaker) No valid ingredients found for minecraft:item tag: #c:quartz_ores (c:quartz_ores)
[02:14:08] [Render thread/DEBUG] (mezz.jei.library.plugins.jei.tags.TagInfoRecipeMaker) No valid ingredients found for minecraft:item tag: #minecraft:spruce_logs (minecraft:spruce_logs)
[02:14:08] [Render thread/DEBUG] (mezz.jei.library.plugins.jei.tags.TagInfoRecipeMaker) No valid ingredients found for minecraft:item tag: #c:red_dyes (c:red_dyes)
[02:14:08] [Render thread/DEBUG] (mezz.jei.library.plugins.jei.tags.TagInfoRecipeMaker) No valid ingredients found for minecraft:item tag: #minecraft:warped_stems (minecraft:warped_stems)
[02:14:08] [Render thread/DEBUG] (mezz.jei.library.plugins.jei.tags.TagInfoRecipeMaker) No valid ingredients found for minecraft:item tag: #c:red_sandstone_slabs (c:red_sandstone_slabs)
[02:14:08] [Render thread/DEBUG] (mezz.jei.library.plugins.jei.tags.TagInfoRecipeMaker) No valid ingredients found for minecraft:item tag: #minecraft:coals (minecraft:coals)
[02:14:08] [Render thread/DEBUG] (mezz.jei.library.plugins.jei.tags.TagInfoRecipeMaker) No valid ingredients found for minecraft:item tag: #minecraft:logs (minecraft:logs)
[02:14:08] [Render thread/DEBUG] (mezz.jei.library.plugins.jei.tags.TagInfoRecipeMaker) No valid ingredients found for minecraft:item tag: #minecraft:wool_carpets (minecraft:wool_carpets)
[02:14:08] [Render thread/DEBUG] (mezz.jei.library.plugins.jei.tags.TagInfoRecipeMaker) No valid ingredients found for minecraft:item tag: #c:raw_iron_blocks (c:raw_iron_blocks)
[02:14:08] [Render thread/DEBUG] (mezz.jei.library.plugins.jei.tags.TagInfoRecipeMaker) No valid ingredients found for minecraft:item tag: #c:purple_dyes (c:purple_dyes)
[02:14:08] [Render thread/DEBUG] (mezz.jei.library.plugins.jei.tags.TagInfoRecipeMaker) No valid ingredients found for minecraft:item tag: #c:coal (c:coal)
[02:14:08] [Render thread/DEBUG] (mezz.jei.library.plugins.jei.tags.TagInfoRecipeMaker) No valid ingredients found for minecraft:item tag: #minecraft:arrows (minecraft:arrows)
[02:14:08] [Render thread/DEBUG] (mezz.jei.library.plugins.jei.tags.TagInfoRecipeMaker) No valid ingredients found for minecraft:item tag: #c:shears (c:shears)
[02:14:08] [Render thread/DEBUG] (mezz.jei.library.plugins.jei.tags.TagInfoRecipeMaker) No valid ingredients found for minecraft:item tag: #minecraft:emerald_ores (minecraft:emerald_ores)
[02:14:08] [Render thread/DEBUG] (mezz.jei.library.plugins.jei.tags.TagInfoRecipeMaker) No valid ingredients found for minecraft:item tag: #c:cyan_dyes (c:cyan_dyes)
[02:14:08] [Render thread/DEBUG] (mezz.jei.library.plugins.jei.tags.TagInfoRecipeMaker) No valid ingredients found for minecraft:item tag: #minecraft:wart_blocks (minecraft:wart_blocks)
[02:14:08] [Render thread/DEBUG] (mezz.jei.library.plugins.jei.tags.TagInfoRecipeMaker) No valid ingredients found for minecraft:item tag: #minecraft:tools (minecraft:tools)
[02:14:08] [Render thread/DEBUG] (mezz.jei.library.plugins.jei.tags.TagInfoRecipeMaker) No valid ingredients found for minecraft:item tag: #minecraft:villager_plantable_seeds (minecraft:villager_plantable_seeds)
[02:14:08] [Render thread/DEBUG] (mezz.jei.library.plugins.jei.tags.TagInfoRecipeMaker) No valid ingredients found for minecraft:item tag: #minecraft:terracotta (minecraft:terracotta)
[02:14:08] [Render thread/DEBUG] (mezz.jei.library.plugins.jei.tags.TagInfoRecipeMaker) No valid ingredients found for minecraft:item tag: #minecraft:banners (minecraft:banners)
[02:14:08] [Render thread/DEBUG] (mezz.jei.library.plugins.jei.tags.TagInfoRecipeMaker) No valid ingredients found for minecraft:item tag: #minecraft:redstone_ores (minecraft:redstone_ores)
[02:14:08] [Render thread/DEBUG] (mezz.jei.library.plugins.jei.tags.TagInfoRecipeMaker) No valid ingredients found for minecraft:item tag: #c:potions (c:potions)
[02:14:08] [Render thread/DEBUG] (mezz.jei.library.plugins.jei.tags.TagInfoRecipeMaker) No valid ingredients found for minecraft:item tag: #c:axes (c:axes)
[02:14:08] [Render thread/DEBUG] (mezz.jei.library.plugins.jei.tags.TagInfoRecipeMaker) No valid ingredients found for minecraft:item tag: #c:dyes (c:dyes)
[02:14:08] [Render thread/DEBUG] (mezz.jei.library.plugins.jei.tags.TagInfoRecipeMaker) No valid ingredients found for minecraft:item tag: #c:ingots (c:ingots)
[02:14:08] [Render thread/DEBUG] (mezz.jei.library.plugins.jei.tags.TagInfoRecipeMaker) No valid ingredients found for minecraft:item tag: #minecraft:ignored_by_piglin_babies (minecraft:ignored_by_piglin_babies)
[02:14:08] [Render thread/DEBUG] (mezz.jei.library.plugins.jei.tags.TagInfoRecipeMaker) No valid ingredients found for minecraft:item tag: #c:milk_buckets (c:milk_buckets)
[02:14:08] [Render thread/DEBUG] (mezz.jei.library.plugins.jei.tags.TagInfoRecipeMaker) No valid ingredients found for minecraft:item tag: #c:light_blue_dyes (c:light_blue_dyes)
[02:14:08] [Render thread/DEBUG] (mezz.jei.library.plugins.jei.tags.TagInfoRecipeMaker) No valid ingredients found for minecraft:item tag: #minecraft:stone_bricks (minecraft:stone_bricks)
[02:14:08] [Render thread/DEBUG] (mezz.jei.library.plugins.jei.tags.TagInfoRecipeMaker) No valid ingredients found for minecraft:item tag: #minecraft:sniffer_food (minecraft:sniffer_food)
[02:14:08] [Render thread/DEBUG] (mezz.jei.library.plugins.jei.tags.TagInfoRecipeMaker) No valid ingredients found for minecraft:item tag: #minecraft:trim_materials (minecraft:trim_materials)
[02:14:08] [Render thread/DEBUG] (mezz.jei.library.plugins.jei.tags.TagInfoRecipeMaker) No valid ingredients found for minecraft:item tag: #minecraft:completes_find_tree_tutorial (minecraft:completes_find_tree_tutorial)
[02:14:08] [Render thread/DEBUG] (mezz.jei.library.plugins.jei.tags.TagInfoRecipeMaker) No valid ingredients found for minecraft:item tag: #c:hoes (c:hoes)
[02:14:08] [Render thread/DEBUG] (mezz.jei.library.plugins.jei.tags.TagInfoRecipeMaker) No valid ingredients found for minecraft:item tag: #c:budding_blocks (c:budding_blocks)
[02:14:08] [Render thread/DEBUG] (mezz.jei.library.plugins.jei.tags.TagInfoRecipeMaker) No valid ingredients found for minecraft:item tag: #c:uncolored_sandstone_blocks (c:uncolored_sandstone_blocks)
[02:14:08] [Render thread/DEBUG] (mezz.jei.library.plugins.jei.tags.TagInfoRecipeMaker) No valid ingredients found for minecraft:item tag: #minecraft:decorated_pot_ingredients (minecraft:decorated_pot_ingredients)
[02:14:08] [Render thread/DEBUG] (mezz.jei.library.plugins.jei.tags.TagInfoRecipeMaker) No valid ingredients found for minecraft:item tag: #minecraft:piglin_loved (minecraft:piglin_loved)
[02:14:08] [Render thread/DEBUG] (mezz.jei.library.plugins.jei.tags.TagInfoRecipeMaker) No valid ingredients found for minecraft:item tag: #minecraft:logs_that_burn (minecraft:logs_that_burn)
[02:14:08] [Render thread/DEBUG] (mezz.jei.library.plugins.jei.tags.TagInfoRecipeMaker) No valid ingredients found for minecraft:item tag: #minecraft:copper_ores (minecraft:copper_ores)
[02:14:08] [Render thread/DEBUG] (mezz.jei.library.plugins.jei.tags.TagInfoRecipeMaker) No valid ingredients found for minecraft:item tag: #c:magenta_dyes (c:magenta_dyes)
[02:14:08] [Render thread/DEBUG] (mezz.jei.library.plugins.jei.tags.TagInfoRecipeMaker) No valid ingredients found for minecraft:item tag: #c:glass_panes (c:glass_panes)
[02:14:08] [Render thread/DEBUG] (mezz.jei.library.plugins.jei.tags.TagInfoRecipeMaker) No valid ingredients found for minecraft:item tag: #minecraft:music_discs (minecraft:music_discs)
[02:14:08] [Render thread/DEBUG] (mezz.jei.library.plugins.jei.tags.TagInfoRecipeMaker) No valid ingredients found for minecraft:item tag: #minecraft:mangrove_logs (minecraft:mangrove_logs)
[02:14:08] [Render thread/DEBUG] (mezz.jei.library.plugins.jei.tags.TagInfoRecipeMaker) No valid ingredients found for minecraft:item tag: #minecraft:dirt (minecraft:dirt)
[02:14:08] [Render thread/DEBUG] (mezz.jei.library.plugins.jei.tags.TagInfoRecipeMaker) No valid ingredients found for minecraft:item tag: #c:lime_dyes (c:lime_dyes)
[02:14:08] [Render thread/DEBUG] (mezz.jei.library.plugins.jei.tags.TagInfoRecipeMaker) No valid ingredients found for minecraft:item tag: #minecraft:birch_logs (minecraft:birch_logs)
[02:14:08] [Render thread/DEBUG] (mezz.jei.library.plugins.jei.tags.TagInfoRecipeMaker) No valid ingredients found for minecraft:item tag: #c:sandstone_slabs (c:sandstone_slabs)
[02:14:08] [Render thread/DEBUG] (mezz.jei.library.plugins.jei.tags.TagInfoRecipeMaker) No valid ingredients found for minecraft:item tag: #c:water_buckets (c:water_buckets)
[02:14:08] [Render thread/DEBUG] (mezz.jei.library.plugins.jei.tags.TagInfoRecipeMaker) No valid ingredients found for minecraft:item tag: #c:bookshelves (c:bookshelves)
[02:14:08] [Render thread/DEBUG] (mezz.jei.library.plugins.jei.tags.TagInfoRecipeMaker) No valid ingredients found for minecraft:item tag: #minecraft:wooden_doors (minecraft:wooden_doors)
[02:14:08] [Render thread/DEBUG] (mezz.jei.library.plugins.jei.tags.TagInfoRecipeMaker) No valid ingredients found for minecraft:item tag: #minecraft:cherry_logs (minecraft:cherry_logs)
[02:14:08] [Render thread/DEBUG] (mezz.jei.library.plugins.jei.tags.TagInfoRecipeMaker) No valid ingredients found for minecraft:item tag: #minecraft:piglin_repellents (minecraft:piglin_repellents)
[02:14:08] [Render thread/DEBUG] (mezz.jei.library.plugins.jei.tags.TagInfoRecipeMaker) No valid ingredients found for minecraft:item tag: #minecraft:bamboo_blocks (minecraft:bamboo_blocks)
[02:14:08] [Render thread/DEBUG] (mezz.jei.library.plugins.jei.tags.TagInfoRecipeMaker) No valid ingredients found for minecraft:item tag: #c:spears (c:spears)
[02:14:08] [Render thread/DEBUG] (mezz.jei.library.plugins.jei.tags.TagInfoRecipeMaker) No valid ingredients found for minecraft:item tag: #minecraft:shovels (minecraft:shovels)
[02:14:08] [Render thread/DEBUG] (mezz.jei.library.plugins.jei.tags.TagInfoRecipeMaker) No valid ingredients found for minecraft:item tag: #minecraft:iron_ores (minecraft:iron_ores)
[02:14:08] [Render thread/DEBUG] (mezz.jei.library.plugins.jei.tags.TagInfoRecipeMaker) No valid ingredients found for minecraft:item tag: #c:gems (c:gems)
[02:14:08] [Render thread/DEBUG] (mezz.jei.library.plugins.jei.tags.TagInfoRecipeMaker) No valid ingredients found for minecraft:item tag: #c:black_dyes (c:black_dyes)
[02:14:08] [Render thread/DEBUG] (mezz.jei.library.plugins.jei.tags.TagInfoRecipeMaker) No valid ingredients found for minecraft:item tag: #c:sandstone_stairs (c:sandstone_stairs)
[02:14:08] [Render thread/DEBUG] (mezz.jei.library.plugins.jei.tags.TagInfoRecipeMaker) No valid ingredients found for minecraft:item tag: #c:copper_ingots (c:copper_ingots)
[02:14:08] [Render thread/DEBUG] (mezz.jei.library.plugins.jei.tags.TagInfoRecipeMaker) No valid ingredients found for minecraft:item tag: #minecraft:fox_food (minecraft:fox_food)
[02:14:08] [Render thread/DEBUG] (mezz.jei.library.plugins.jei.tags.TagInfoRecipeMaker) No valid ingredients found for minecraft:item tag: #minecraft:stairs (minecraft:stairs)
[02:14:08] [Render thread/DEBUG] (mezz.jei.library.plugins.jei.tags.TagInfoRecipeMaker) No valid ingredients found for minecraft:item tag: #minecraft:coal_ores (minecraft:coal_ores)
[02:14:08] [Render thread/DEBUG] (mezz.jei.library.plugins.jei.tags.TagInfoRecipeMaker) No valid ingredients found for minecraft:item tag: #minecraft:beacon_payment_items (minecraft:beacon_payment_items)
[02:14:08] [Render thread/DEBUG] (mezz.jei.library.plugins.jei.tags.TagInfoRecipeMaker) No valid ingredients found for minecraft:item tag: #c:red_sandstone_blocks (c:red_sandstone_blocks)
[02:14:08] [Render thread/DEBUG] (mezz.jei.library.plugins.jei.tags.TagInfoRecipeMaker) No valid ingredients found for minecraft:item tag: #c:white_dyes (c:white_dyes)
[02:14:08] [Render thread/DEBUG] (mezz.jei.library.plugins.jei.tags.TagInfoRecipeMaker) No valid ingredients found for minecraft:item tag: #minecraft:swords (minecraft:swords)
[02:14:08] [Render thread/DEBUG] (mezz.jei.library.plugins.jei.tags.TagInfoRecipeMaker) No valid ingredients found for minecraft:item tag: #c:bows (c:bows)
[02:14:08] [Render thread/DEBUG] (mezz.jei.library.plugins.jei.tags.TagInfoRecipeMaker) No valid ingredients found for minecraft:item tag: #minecraft:wooden_pressure_plates (minecraft:wooden_pressure_plates)
[02:14:08] [Render thread/DEBUG] (mezz.jei.library.plugins.jei.tags.TagInfoRecipeMaker) No valid ingredients found for minecraft:item tag: #c:swords (c:swords)
[02:14:08] [Render thread/DEBUG] (mezz.jei.library.plugins.jei.tags.TagInfoRecipeMaker) No valid ingredients found for minecraft:item tag: #minecraft:anvil (minecraft:anvil)
[02:14:08] [Render thread/DEBUG] (mezz.jei.library.plugins.jei.tags.TagInfoRecipeMaker) No valid ingredients found for minecraft:item tag: #minecraft:oak_logs (minecraft:oak_logs)
[02:14:08] [Render thread/DEBUG] (mezz.jei.library.plugins.jei.tags.TagInfoRecipeMaker) No valid ingredients found for minecraft:item tag: #minecraft:dark_oak_logs (minecraft:dark_oak_logs)
[02:14:08] [Render thread/DEBUG] (mezz.jei.library.plugins.jei.tags.TagInfoRecipeMaker) No valid ingredients found for minecraft:item tag: #minecraft:lapis_ores (minecraft:lapis_ores)
[02:14:08] [Render thread/DEBUG] (mezz.jei.library.plugins.jei.tags.TagInfoRecipeMaker) No valid ingredients found for minecraft:item tag: #c:shulker_boxes (c:shulker_boxes)
[02:14:08] [Render thread/DEBUG] (mezz.jei.library.plugins.jei.tags.TagInfoRecipeMaker) No valid ingredients found for minecraft:item tag: #minecraft:fence_gates (minecraft:fence_gates)
[02:14:08] [Render thread/DEBUG] (mezz.jei.library.plugins.jei.tags.TagInfoRecipeMaker) No valid ingredients found for minecraft:item tag: #minecraft:fishes (minecraft:fishes)
[02:14:08] [Render thread/DEBUG] (mezz.jei.library.plugins.jei.tags.TagInfoRecipeMaker) No valid ingredients found for minecraft:item tag: #c:raw_iron_ores (c:raw_iron_ores)
[02:14:08] [Render thread/DEBUG] (mezz.jei.library.plugins.jei.tags.TagInfoRecipeMaker) No valid ingredients found for minecraft:item tag: #minecraft:flowers (minecraft:flowers)
[02:14:08] [Render thread/DEBUG] (mezz.jei.library.plugins.jei.tags.TagInfoRecipeMaker) No valid ingredients found for minecraft:item tag: #c:uncolored_sandstone_slabs (c:uncolored_sandstone_slabs)
[02:14:08] [Render thread/DEBUG] (mezz.jei.library.plugins.jei.tags.TagInfoRecipeMaker) No valid ingredients found for minecraft:item tag: #minecraft:wooden_fences (minecraft:wooden_fences)
[02:14:08] [Render thread/DEBUG] (mezz.jei.library.plugins.jei.tags.TagInfoRecipeMaker) No valid ingredients found for minecraft:item tag: #minecraft:creeper_drop_music_discs (minecraft:creeper_drop_music_discs)
[02:14:08] [Render thread/DEBUG] (mezz.jei.library.plugins.jei.tags.TagInfoRecipeMaker) No valid ingredients found for minecraft:item tag: #c:raw_copper_ores (c:raw_copper_ores)
[02:14:08] [Render thread/DEBUG] (mezz.jei.library.plugins.jei.tags.TagInfoRecipeMaker) No valid ingredients found for minecraft:item tag: #c:raw_copper_blocks (c:raw_copper_blocks)
[02:14:08] [Render thread/DEBUG] (mezz.jei.library.plugins.jei.tags.TagInfoRecipeMaker) No valid ingredients found for minecraft:item tag: #c:netherite_ingots (c:netherite_ingots)
[02:14:08] [Render thread/DEBUG] (mezz.jei.library.plugins.jei.tags.TagInfoRecipeMaker) No valid ingredients found for minecraft:item tag: #c:nuggets (c:nuggets)
[02:14:08] [Render thread/DEBUG] (mezz.jei.library.plugins.jei.tags.TagInfoRecipeMaker) No valid ingredients found for minecraft:item tag: #minecraft:piglin_food (minecraft:piglin_food)
[02:14:08] [Render thread/DEBUG] (mezz.jei.library.plugins.jei.tags.TagInfoRecipeMaker) No valid ingredients found for minecraft:item tag: #minecraft:trimmable_armor (minecraft:trimmable_armor)
[02:14:08] [Render thread/DEBUG] (mezz.jei.library.plugins.jei.tags.TagInfoRecipeMaker) No valid ingredients found for minecraft:item tag: #c:empty_buckets (c:empty_buckets)
[02:14:08] [Render thread/DEBUG] (mezz.jei.library.plugins.jei.tags.TagInfoRecipeMaker) No valid ingredients found for minecraft:item tag: #minecraft:crimson_stems (minecraft:crimson_stems)
[02:14:08] [Render thread/DEBUG] (mezz.jei.library.plugins.jei.tags.TagInfoRecipeMaker) No valid ingredients found for minecraft:item tag: #minecraft:hanging_signs (minecraft:hanging_signs)
[02:14:08] [Render thread/DEBUG] (mezz.jei.library.plugins.jei.tags.TagInfoRecipeMaker) No valid ingredients found for minecraft:item tag: #c:raw_gold_ores (c:raw_gold_ores)
[02:14:08] [Render thread/DEBUG] (mezz.jei.library.plugins.jei.tags.TagInfoRecipeMaker) No valid ingredients found for minecraft:item tag: #c:iron_ingots (c:iron_ingots)
[02:14:08] [Render thread/DEBUG] (mezz.jei.library.plugins.jei.tags.TagInfoRecipeMaker) No valid ingredients found for minecraft:item tag: #minecraft:non_flammable_wood (minecraft:non_flammable_wood)
[02:14:08] [Render thread/DEBUG] (mezz.jei.library.plugins.jei.tags.TagInfoRecipeMaker) No valid ingredients found for minecraft:item tag: #minecraft:axolotl_tempt_items (minecraft:axolotl_tempt_items)
[02:14:08] [Render thread/DEBUG] (mezz.jei.library.plugins.jei.tags.TagInfoRecipeMaker) No valid ingredients found for minecraft:item tag: #minecraft:rails (minecraft:rails)
[02:14:08] [Render thread/DEBUG] (mezz.jei.library.plugins.jei.tags.TagInfoRecipeMaker) No valid ingredients found for minecraft:item tag: #minecraft:stone_tool_materials (minecraft:stone_tool_materials)
[02:14:08] [Render thread/DEBUG] (mezz.jei.library.plugins.jei.tags.TagInfoRecipeMaker) No valid ingredients found for minecraft:item tag: #c:villager_job_sites (c:villager_job_sites)
[02:14:08] [Render thread/DEBUG] (mezz.jei.library.plugins.jei.tags.TagInfoRecipeMaker) No valid ingredients found for minecraft:item tag: #minecraft:axes (minecraft:axes)
[02:14:08] [Render thread/DEBUG] (mezz.jei.library.plugins.jei.tags.TagInfoRecipeMaker) No valid ingredients found for minecraft:item tag: #c:pickaxes (c:pickaxes)
[02:14:08] [Render thread/DEBUG] (mezz.jei.library.plugins.jei.tags.TagInfoRecipeMaker) No valid ingredients found for minecraft:item tag: #minecraft:acacia_logs (minecraft:acacia_logs)
[02:14:08] [Render thread/DEBUG] (mezz.jei.library.plugins.jei.tags.TagInfoRecipeMaker) No valid ingredients found for minecraft:item tag: #minecraft:leaves (minecraft:leaves)
[02:14:08] [Render thread/DEBUG] (mezz.jei.library.plugins.jei.tags.TagInfoRecipeMaker) No valid ingredients found for minecraft:item tag: #c:wooden_barrels (c:wooden_barrels)
[02:14:08] [Render thread/DEBUG] (mezz.jei.library.plugins.jei.tags.TagInfoRecipeMaker) No valid ingredients found for minecraft:item tag: #c:lava_buckets (c:lava_buckets)
[02:14:08] [Render thread/DEBUG] (mezz.jei.library.plugins.jei.tags.TagInfoRecipeMaker) No valid ingredients found for minecraft:item tag: #c:ores (c:ores)
[02:14:08] [Render thread/DEBUG] (mezz.jei.library.plugins.jei.tags.TagInfoRecipeMaker) No valid ingredients found for minecraft:item tag: #minecraft:compasses (minecraft:compasses)
[02:14:08] [Render thread/DEBUG] (mezz.jei.library.plugins.jei.tags.TagInfoRecipeMaker) No valid ingredients found for minecraft:item tag: #minecraft:dampens_vibrations (minecraft:dampens_vibrations)
[02:14:08] [Render thread/DEBUG] (mezz.jei.library.plugins.jei.tags.TagInfoRecipeMaker) No valid ingredients found for minecraft:item tag: #minecraft:soul_fire_base_blocks (minecraft:soul_fire_base_blocks)
[02:14:08] [Render thread/DEBUG] (mezz.jei.library.plugins.jei.tags.TagInfoRecipeMaker) No valid ingredients found for minecraft:item tag: #c:entity_water_buckets (c:entity_water_buckets)
[02:14:08] [Render thread/DEBUG] (mezz.jei.library.plugins.jei.tags.TagInfoRecipeMaker) No valid ingredients found for minecraft:item tag: #c:clusters (c:clusters)
[02:14:08] [Render thread/DEBUG] (mezz.jei.library.plugins.jei.tags.TagInfoRecipeMaker) No valid ingredients found for minecraft:item tag: #minecraft:slabs (minecraft:slabs)
[02:14:08] [Render thread/DEBUG] (mezz.jei.library.plugins.jei.tags.TagInfoRecipeMaker) No valid ingredients found for minecraft:item tag: #c:sandstone_blocks (c:sandstone_blocks)
[02:14:08] [Render thread/DEBUG] (mezz.jei.library.plugins.jei.tags.TagInfoRecipeMaker) No valid ingredients found for minecraft:item tag: #minecraft:beds (minecraft:beds)
[02:14:08] [Render thread/DEBUG] (mezz.jei.library.plugins.jei.tags.TagInfoRecipeMaker) No valid ingredients found for minecraft:item tag: #minecraft:wooden_slabs (minecraft:wooden_slabs)
[02:14:08] [Render thread/DEBUG] (mezz.jei.library.plugins.jei.tags.TagInfoRecipeMaker) No valid ingredients found for minecraft:item tag: #c:lapis (c:lapis)
[02:14:08] [Render thread/DEBUG] (mezz.jei.library.plugins.jei.tags.TagInfoRecipeMaker) No valid ingredients found for minecraft:item tag: #c:orange_dyes (c:orange_dyes)
[02:14:08] [Render thread/DEBUG] (mezz.jei.library.plugins.jei.tags.TagInfoRecipeMaker) No valid ingredients found for minecraft:item tag: #c:light_gray_dyes (c:light_gray_dyes)
[02:14:08] [Render thread/DEBUG] (mezz.jei.library.plugins.jei.tags.TagInfoRecipeMaker) No valid ingredients found for minecraft:item tag: #minecraft:wool (minecraft:wool)
[02:14:08] [Render thread/DEBUG] (mezz.jei.library.plugins.jei.tags.TagInfoRecipeMaker) No valid ingredients found for minecraft:item tag: #c:green_dyes (c:green_dyes)
[02:14:08] [Render thread/DEBUG] (mezz.jei.library.plugins.jei.tags.TagInfoRecipeMaker) No valid ingredients found for minecraft:item tag: #minecraft:tall_flowers (minecraft:tall_flowers)
[02:14:08] [Render thread/DEBUG] (mezz.jei.library.plugins.jei.tags.TagInfoRecipeMaker) No valid ingredients found for minecraft:item tag: #minecraft:fences (minecraft:fences)
[02:14:08] [Render thread/DEBUG] (mezz.jei.library.plugins.jei.tags.TagInfoRecipeMaker) No valid ingredients found for minecraft:item tag: #minecraft:stone_buttons (minecraft:stone_buttons)
[02:14:08] [Render thread/DEBUG] (mezz.jei.library.plugins.jei.tags.TagInfoRecipeMaker) No valid ingredients found for minecraft:item tag: #minecraft:lectern_books (minecraft:lectern_books)
[02:14:08] [Render thread/DEBUG] (mezz.jei.library.plugins.jei.tags.TagInfoRecipeMaker) No valid ingredients found for minecraft:item tag: #minecraft:creeper_igniters (minecraft:creeper_igniters)
[02:14:08] [Render thread/DEBUG] (mezz.jei.library.plugins.jei.tags.TagInfoRecipeMaker) No valid ingredients found for minecraft:item tag: #c:shields (c:shields)
[02:14:08] [Render thread/DEBUG] (mezz.jei.library.plugins.jei.tags.TagInfoRecipeMaker) No valid ingredients found for minecraft:item tag: #c:pink_dyes (c:pink_dyes)
[02:14:08] [Render thread/DEBUG] (mezz.jei.library.plugins.jei.tags.TagInfoRecipeMaker) No valid ingredients found for minecraft:item tag: #minecraft:stone_crafting_materials (minecraft:stone_crafting_materials)
[02:14:08] [Render thread/DEBUG] (mezz.jei.library.plugins.jei.tags.TagInfoRecipeMaker) No valid ingredients found for minecraft:item tag: #minecraft:hoes (minecraft:hoes)
[02:14:08] [Render thread/DEBUG] (mezz.jei.library.plugins.jei.tags.TagInfoRecipeMaker) No valid ingredients found for minecraft:item tag: #minecraft:planks (minecraft:planks)
[02:14:08] [Render thread/DEBUG] (mezz.jei.library.plugins.jei.tags.TagInfoRecipeMaker) No valid ingredients found for minecraft:item tag: #minecraft:bookshelf_books (minecraft:bookshelf_books)
[02:14:08] [Render thread/DEBUG] (mezz.jei.library.plugins.jei.tags.TagInfoRecipeMaker) No valid ingredients found for minecraft:item tag: #c:redstone_dusts (c:redstone_dusts)
[02:14:08] [Render thread/DEBUG] (mezz.jei.library.plugins.jei.tags.TagInfoRecipeMaker) No valid ingredients found for minecraft:item tag: #c:brown_dyes (c:brown_dyes)
[02:14:08] [Render thread/DEBUG] (mezz.jei.library.plugins.jei.tags.TagInfoRecipeMaker) No valid ingredients found for minecraft:item tag: #minecraft:cluster_max_harvestables (minecraft:cluster_max_harvestables)
[02:14:08] [Render thread/DEBUG] (mezz.jei.library.plugins.jei.tags.TagInfoRecipeMaker) No valid ingredients found for minecraft:item tag: #c:diamonds (c:diamonds)
[02:14:08] [Render thread/DEBUG] (mezz.jei.library.plugins.jei.tags.TagInfoRecipeMaker) No valid ingredients found for minecraft:item tag: #c:uncolored_sandstone_stairs (c:uncolored_sandstone_stairs)
[02:14:08] [Render thread/DEBUG] (mezz.jei.library.plugins.jei.tags.TagInfoRecipeMaker) No valid ingredients found for minecraft:item tag: #minecraft:breaks_decorated_pots (minecraft:breaks_decorated_pots)
[02:14:08] [Render thread/DEBUG] (mezz.jei.library.plugins.jei.tags.TagInfoRecipeMaker) No valid ingredients found for minecraft:item tag: #minecraft:signs (minecraft:signs)
[02:14:08] [Render thread/DEBUG] (mezz.jei.library.plugins.jei.tags.TagInfoRecipeMaker) No valid ingredients found for minecraft:item tag: #minecraft:candles (minecraft:candles)
[02:14:08] [Render thread/DEBUG] (mezz.jei.library.plugins.jei.tags.TagInfoRecipeMaker) No valid ingredients found for minecraft:item tag: #minecraft:wooden_stairs (minecraft:wooden_stairs)
[02:14:08] [Render thread/DEBUG] (mezz.jei.library.plugins.jei.tags.TagInfoRecipeMaker) No valid ingredients found for minecraft:item tag: #minecraft:gold_ores (minecraft:gold_ores)
[02:14:08] [Render thread/DEBUG] (mezz.jei.library.plugins.jei.tags.TagInfoRecipeMaker) No valid ingredients found for minecraft:item tag: #c:blue_dyes (c:blue_dyes)
[02:14:08] [Render thread/DEBUG] (mezz.jei.library.plugins.jei.tags.TagInfoRecipeMaker) No valid ingredients found for minecraft:item tag: #c:chests (c:chests)
[02:14:08] [Render thread/DEBUG] (mezz.jei.library.plugins.jei.tags.TagInfoRecipeMaker) No valid ingredients found for minecraft:item tag: #minecraft:jungle_logs (minecraft:jungle_logs)
[02:14:08] [Render thread/DEBUG] (mezz.jei.library.plugins.jei.tags.TagInfoRecipeMaker) No valid ingredients found for minecraft:item tag: #c:dusts (c:dusts)
[02:14:08] [Render thread/DEBUG] (mezz.jei.library.plugins.jei.tags.TagInfoRecipeMaker) No valid ingredients found for minecraft:item tag: #minecraft:walls (minecraft:walls)
[02:14:08] [Render thread/DEBUG] (mezz.jei.library.plugins.jei.tags.TagInfoRecipeMaker) No valid ingredients found for minecraft:item tag: #c:buds (c:buds)
[02:14:08] [Render thread/DEBUG] (mezz.jei.library.plugins.jei.tags.TagInfoRecipeMaker) No valid ingredients found for minecraft:item tag: #minecraft:trapdoors (minecraft:trapdoors)
[02:14:08] [Render thread/DEBUG] (mezz.jei.library.plugins.jei.tags.TagInfoRecipeMaker) No valid ingredients found for minecraft:item tag: #minecraft:diamond_ores (minecraft:diamond_ores)
[02:14:08] [Render thread/DEBUG] (mezz.jei.library.plugins.jei.tags.TagInfoRecipeMaker) No valid ingredients found for minecraft:item tag: #c:raw_ores (c:raw_ores)
[02:14:08] [Render thread/DEBUG] (mezz.jei.library.plugins.jei.tags.TagInfoRecipeMaker) No valid ingredients found for minecraft:item tag: #minecraft:wooden_trapdoors (minecraft:wooden_trapdoors)
[02:14:08] [Render thread/DEBUG] (mezz.jei.library.plugins.jei.tags.TagInfoRecipeMaker) No valid ingredients found for minecraft:item tag: #c:gold_ingots (c:gold_ingots)
[02:14:08] [Render thread/DEBUG] (mezz.jei.library.plugins.jei.tags.TagInfoRecipeMaker) No valid ingredients found for minecraft:item tag: #c:emeralds (c:emeralds)
[02:14:08] [Render thread/DEBUG] (mezz.jei.library.plugins.jei.tags.TagInfoRecipeMaker) No valid ingredients found for minecraft:item tag: #minecraft:trim_templates (minecraft:trim_templates)
[02:14:08] [Render thread/DEBUG] (mezz.jei.library.plugins.jei.tags.TagInfoRecipeMaker) No valid ingredients found for minecraft:item tag: #minecraft:buttons (minecraft:buttons)
[02:14:08] [Render thread/DEBUG] (mezz.jei.library.plugins.jei.tags.TagInfoRecipeMaker) No valid ingredients found for minecraft:item tag: #minecraft:noteblock_top_instruments (minecraft:noteblock_top_instruments)
[02:14:08] [Render thread/DEBUG] (mezz.jei.library.plugins.jei.tags.TagInfoRecipeMaker) No valid ingredients found for minecraft:item tag: #c:foods (c:foods)
[02:14:08] [Render thread/DEBUG] (mezz.jei.library.plugins.jei.tags.TagInfoRecipeMaker) No valid ingredients found for minecraft:item tag: #minecraft:smelts_to_glass (minecraft:smelts_to_glass)
[02:14:08] [Render thread/DEBUG] (mezz.jei.library.plugins.jei.tags.TagInfoRecipeMaker) No valid ingredients found for minecraft:item tag: #c:red_sandstone_stairs (c:red_sandstone_stairs)
[02:14:08] [Render thread/DEBUG] (mezz.jei.library.recipes.RecipeManagerInternal) Adding recipes: RecipeType[uid=minecraft:tag_recipes/item, recipeClass=interface mezz.jei.library.plugins.jei.tags.ITagInfoRecipe]
[02:14:08] [Render thread/DEBUG] (mezz.jei.library.plugins.jei.tags.TagInfoRecipeMaker) No valid ingredients found for minecraft:block tag: #minecraft:wool_carpets (minecraft:wool_carpets)
[02:14:08] [Render thread/DEBUG] (mezz.jei.library.plugins.jei.tags.TagInfoRecipeMaker) No valid ingredients found for minecraft:block tag: #c:budding_blocks (c:budding_blocks)
[02:14:08] [Render thread/DEBUG] (mezz.jei.library.plugins.jei.tags.TagInfoRecipeMaker) No valid ingredients found for minecraft:block tag: #minecraft:redstone_ores (minecraft:redstone_ores)
[02:14:08] [Render thread/DEBUG] (mezz.jei.library.plugins.jei.tags.TagInfoRecipeMaker) No valid ingredients found for minecraft:block tag: #minecraft:soul_fire_base_blocks (minecraft:soul_fire_base_blocks)
[02:14:08] [Render thread/DEBUG] (mezz.jei.library.plugins.jei.tags.TagInfoRecipeMaker) No valid ingredients found for minecraft:block tag: #minecraft:enderman_holdable (minecraft:enderman_holdable)
[02:14:08] [Render thread/DEBUG] (mezz.jei.library.plugins.jei.tags.TagInfoRecipeMaker) No valid ingredients found for minecraft:block tag: #minecraft:flowers (minecraft:flowers)
[02:14:08] [Render thread/DEBUG] (mezz.jei.library.plugins.jei.tags.TagInfoRecipeMaker) No valid ingredients found for minecraft:block tag: #minecraft:small_flowers (minecraft:small_flowers)
[02:14:08] [Render thread/DEBUG] (mezz.jei.library.plugins.jei.tags.TagInfoRecipeMaker) No valid ingredients found for minecraft:block tag: #minecraft:beacon_base_blocks (minecraft:beacon_base_blocks)
[02:14:08] [Render thread/DEBUG] (mezz.jei.library.plugins.jei.tags.TagInfoRecipeMaker) No valid ingredients found for minecraft:block tag: #minecraft:bee_growables (minecraft:bee_growables)
[02:14:08] [Render thread/DEBUG] (mezz.jei.library.plugins.jei.tags.TagInfoRecipeMaker) No valid ingredients found for minecraft:block tag: #minecraft:needs_diamond_tool (minecraft:needs_diamond_tool)
[02:14:08] [Render thread/DEBUG] (mezz.jei.library.plugins.jei.tags.TagInfoRecipeMaker) No valid ingredients found for minecraft:block tag: #minecraft:beds (minecraft:beds)
[02:14:08] [Render thread/DEBUG] (mezz.jei.library.plugins.jei.tags.TagInfoRecipeMaker) No valid ingredients found for minecraft:block tag: #minecraft:shulker_boxes (minecraft:shulker_boxes)
[02:14:08] [Render thread/DEBUG] (mezz.jei.library.plugins.jei.tags.TagInfoRecipeMaker) No valid ingredients found for minecraft:block tag: #minecraft:vibration_resonators (minecraft:vibration_resonators)
[02:14:08] [Render thread/DEBUG] (mezz.jei.library.plugins.jei.tags.TagInfoRecipeMaker) No valid ingredients found for minecraft:block tag: #minecraft:warped_stems (minecraft:warped_stems)
[02:14:08] [Render thread/DEBUG] (mezz.jei.library.plugins.jei.tags.TagInfoRecipeMaker) No valid ingredients found for minecraft:block tag: #minecraft:maintains_farmland (minecraft:maintains_farmland)
[02:14:08] [Render thread/DEBUG] (mezz.jei.library.plugins.jei.tags.TagInfoRecipeMaker) No valid ingredients found for minecraft:block tag: #minecraft:inside_step_sound_blocks (minecraft:inside_step_sound_blocks)
[02:14:08] [Render thread/DEBUG] (mezz.jei.library.plugins.jei.tags.TagInfoRecipeMaker) No valid ingredients found for minecraft:block tag: #minecraft:goats_spawnable_on (minecraft:goats_spawnable_on)
[02:14:08] [Render thread/DEBUG] (mezz.jei.library.plugins.jei.tags.TagInfoRecipeMaker) No valid ingredients found for minecraft:block tag: #minecraft:infiniburn_nether (minecraft:infiniburn_nether)
[02:14:08] [Render thread/DEBUG] (mezz.jei.library.plugins.jei.tags.TagInfoRecipeMaker) No valid ingredients found for minecraft:block tag: #minecraft:big_dripleaf_placeable (minecraft:big_dripleaf_placeable)
[02:14:08] [Render thread/DEBUG] (mezz.jei.library.plugins.jei.tags.TagInfoRecipeMaker) No valid ingredients found for minecraft:block tag: #minecraft:stone_buttons (minecraft:stone_buttons)
[02:14:08] [Render thread/DEBUG] (mezz.jei.library.plugins.jei.tags.TagInfoRecipeMaker) No valid ingredients found for minecraft:block tag: #minecraft:enchantment_power_transmitter (minecraft:enchantment_power_transmitter)
[02:14:08] [Render thread/DEBUG] (mezz.jei.library.plugins.jei.tags.TagInfoRecipeMaker) No valid ingredients found for minecraft:block tag: #minecraft:jungle_logs (minecraft:jungle_logs)
[02:14:08] [Render thread/DEBUG] (mezz.jei.library.plugins.jei.tags.TagInfoRecipeMaker) No valid ingredients found for minecraft:block tag: #minecraft:trail_ruins_replaceable (minecraft:trail_ruins_replaceable)
[02:14:08] [Render thread/DEBUG] (mezz.jei.library.plugins.jei.tags.TagInfoRecipeMaker) No valid ingredients found for minecraft:block tag: #minecraft:needs_iron_tool (minecraft:needs_iron_tool)
[02:14:08] [Render thread/DEBUG] (mezz.jei.library.plugins.jei.tags.TagInfoRecipeMaker) No valid ingredients found for minecraft:block tag: #minecraft:coal_ores (minecraft:coal_ores)
[02:14:08] [Render thread/DEBUG] (mezz.jei.library.plugins.jei.tags.TagInfoRecipeMaker) No valid ingredients found for minecraft:block tag: #minecraft:gold_ores (minecraft:gold_ores)
[02:14:08] [Render thread/DEBUG] (mezz.jei.library.plugins.jei.tags.TagInfoRecipeMaker) No valid ingredients found for minecraft:block tag: #c:ores (c:ores)
[02:14:08] [Render thread/DEBUG] (mezz.jei.library.plugins.jei.tags.TagInfoRecipeMaker) No valid ingredients found for minecraft:block tag: #minecraft:crops (minecraft:crops)
[02:14:08] [Render thread/DEBUG] (mezz.jei.library.plugins.jei.tags.TagInfoRecipeMaker) No valid ingredients found for minecraft:block tag: #minecraft:doors (minecraft:doors)
[02:14:08] [Render thread/DEBUG] (mezz.jei.library.plugins.jei.tags.TagInfoRecipeMaker) No valid ingredients found for minecraft:block tag: #minecraft:slabs (minecraft:slabs)
[02:14:08] [Render thread/DEBUG] (mezz.jei.library.plugins.jei.tags.TagInfoRecipeMaker) No valid ingredients found for minecraft:block tag: #minecraft:logs_that_burn (minecraft:logs_that_burn)
[02:14:08] [Render thread/DEBUG] (mezz.jei.library.plugins.jei.tags.TagInfoRecipeMaker) No valid ingredients found for minecraft:block tag: #minecraft:crimson_stems (minecraft:crimson_stems)
[02:14:08] [Render thread/DEBUG] (mezz.jei.library.plugins.jei.tags.TagInfoRecipeMaker) No valid ingredients found for minecraft:block tag: #minecraft:sculk_replaceable_world_gen (minecraft:sculk_replaceable_world_gen)
[02:14:08] [Render thread/DEBUG] (mezz.jei.library.plugins.jei.tags.TagInfoRecipeMaker) No valid ingredients found for minecraft:block tag: #minecraft:axolotls_spawnable_on (minecraft:axolotls_spawnable_on)
[02:14:08] [Render thread/DEBUG] (mezz.jei.library.plugins.jei.tags.TagInfoRecipeMaker) No valid ingredients found for minecraft:block tag: #minecraft:features_cannot_replace (minecraft:features_cannot_replace)
[02:14:08] [Render thread/DEBUG] (mezz.jei.library.plugins.jei.tags.TagInfoRecipeMaker) No valid ingredients found for minecraft:block tag: #minecraft:mineable/hoe (minecraft:mineable/hoe)
[02:14:08] [Render thread/DEBUG] (mezz.jei.library.plugins.jei.tags.TagInfoRecipeMaker) No valid ingredients found for minecraft:block tag: #minecraft:logs (minecraft:logs)
[02:14:08] [Render thread/DEBUG] (mezz.jei.library.plugins.jei.tags.TagInfoRecipeMaker) No valid ingredients found for minecraft:block tag: #minecraft:wall_post_override (minecraft:wall_post_override)
[02:14:08] [Render thread/DEBUG] (mezz.jei.library.plugins.jei.tags.TagInfoRecipeMaker) No valid ingredients found for minecraft:block tag: #minecraft:soul_speed_blocks (minecraft:soul_speed_blocks)
[02:14:08] [Render thread/DEBUG] (mezz.jei.library.plugins.jei.tags.TagInfoRecipeMaker) No valid ingredients found for minecraft:block tag: #minecraft:dragon_transparent (minecraft:dragon_transparent)
[02:14:08] [Render thread/DEBUG] (mezz.jei.library.plugins.jei.tags.TagInfoRecipeMaker) No valid ingredients found for minecraft:block tag: #minecraft:overworld_carver_replaceables (minecraft:overworld_carver_replaceables)
[02:14:08] [Render thread/DEBUG] (mezz.jei.library.plugins.jei.tags.TagInfoRecipeMaker) No valid ingredients found for minecraft:block tag: #minecraft:strider_warm_blocks (minecraft:strider_warm_blocks)
[02:14:08] [Render thread/DEBUG] (mezz.jei.library.plugins.jei.tags.TagInfoRecipeMaker) No valid ingredients found for minecraft:block tag: #minecraft:wool (minecraft:wool)
[02:14:08] [Render thread/DEBUG] (mezz.jei.library.plugins.jei.tags.TagInfoRecipeMaker) No valid ingredients found for minecraft:block tag: #minecraft:cave_vines (minecraft:cave_vines)
[02:14:08] [Render thread/DEBUG] (mezz.jei.library.plugins.jei.tags.TagInfoRecipeMaker) No valid ingredients found for minecraft:block tag: #minecraft:cauldrons (minecraft:cauldrons)
[02:14:08] [Render thread/DEBUG] (mezz.jei.library.plugins.jei.tags.TagInfoRecipeMaker) No valid ingredients found for minecraft:block tag: #minecraft:wooden_doors (minecraft:wooden_doors)
[02:14:08] [Render thread/DEBUG] (mezz.jei.library.plugins.jei.tags.TagInfoRecipeMaker) No valid ingredients found for minecraft:block tag: #minecraft:corals (minecraft:corals)
[02:14:08] [Render thread/DEBUG] (mezz.jei.library.plugins.jei.tags.TagInfoRecipeMaker) No valid ingredients found for minecraft:block tag: #minecraft:wooden_stairs (minecraft:wooden_stairs)
[02:14:08] [Render thread/DEBUG] (mezz.jei.library.plugins.jei.tags.TagInfoRecipeMaker) No valid ingredients found for minecraft:block tag: #minecraft:polar_bears_spawnable_on_alternate (minecraft:polar_bears_spawnable_on_alternate)
[02:14:08] [Render thread/DEBUG] (mezz.jei.library.plugins.jei.tags.TagInfoRecipeMaker) No valid ingredients found for minecraft:block tag: #minecraft:guarded_by_piglins (minecraft:guarded_by_piglins)
[02:14:08] [Render thread/DEBUG] (mezz.jei.library.plugins.jei.tags.TagInfoRecipeMaker) No valid ingredients found for minecraft:block tag: #minecraft:coral_plants (minecraft:coral_plants)
[02:14:08] [Render thread/DEBUG] (mezz.jei.library.plugins.jei.tags.TagInfoRecipeMaker) No valid ingredients found for minecraft:block tag: #minecraft:beehives (minecraft:beehives)
[02:14:08] [Render thread/DEBUG] (mezz.jei.library.plugins.jei.tags.TagInfoRecipeMaker) No valid ingredients found for minecraft:block tag: #minecraft:all_hanging_signs (minecraft:all_hanging_signs)
[02:14:08] [Render thread/DEBUG] (mezz.jei.library.plugins.jei.tags.TagInfoRecipeMaker) No valid ingredients found for minecraft:block tag: #minecraft:copper_ores (minecraft:copper_ores)
[02:14:08] [Render thread/DEBUG] (mezz.jei.library.plugins.jei.tags.TagInfoRecipeMaker) No valid ingredients found for minecraft:block tag: #minecraft:wooden_pressure_plates (minecraft:wooden_pressure_plates)
[02:14:08] [Render thread/DEBUG] (mezz.jei.library.plugins.jei.tags.TagInfoRecipeMaker) No valid ingredients found for minecraft:block tag: #minecraft:walls (minecraft:walls)
[02:14:08] [Render thread/DEBUG] (mezz.jei.library.plugins.jei.tags.TagInfoRecipeMaker) No valid ingredients found for minecraft:block tag: #minecraft:climbable (minecraft:climbable)
[02:14:08] [Render thread/DEBUG] (mezz.jei.library.plugins.jei.tags.TagInfoRecipeMaker) No valid ingredients found for minecraft:block tag: #minecraft:snow_layer_cannot_survive_on (minecraft:snow_layer_cannot_survive_on)
[02:14:08] [Render thread/DEBUG] (mezz.jei.library.plugins.jei.tags.TagInfoRecipeMaker) No valid ingredients found for minecraft:block tag: #c:uncolored_sandstone_blocks (c:uncolored_sandstone_blocks)
[02:14:08] [Render thread/DEBUG] (mezz.jei.library.plugins.jei.tags.TagInfoRecipeMaker) No valid ingredients found for minecraft:block tag: #minecraft:leaves (minecraft:leaves)
[02:14:08] [Render thread/DEBUG] (mezz.jei.library.plugins.jei.tags.TagInfoRecipeMaker) No valid ingredients found for minecraft:block tag: #minecraft:coral_blocks (minecraft:coral_blocks)
[02:14:08] [Render thread/DEBUG] (mezz.jei.library.plugins.jei.tags.TagInfoRecipeMaker) No valid ingredients found for minecraft:block tag: #minecraft:iron_ores (minecraft:iron_ores)
[02:14:08] [Render thread/DEBUG] (mezz.jei.library.plugins.jei.tags.TagInfoRecipeMaker) No valid ingredients found for minecraft:block tag: #minecraft:fence_gates (minecraft:fence_gates)
[02:14:08] [Render thread/DEBUG] (mezz.jei.library.plugins.jei.tags.TagInfoRecipeMaker) No valid ingredients found for minecraft:block tag: #minecraft:snaps_goat_horn (minecraft:snaps_goat_horn)
[02:14:08] [Render thread/DEBUG] (mezz.jei.library.plugins.jei.tags.TagInfoRecipeMaker) No valid ingredients found for minecraft:block tag: #c:clusters (c:clusters)
[02:14:08] [Render thread/DEBUG] (mezz.jei.library.plugins.jei.tags.TagInfoRecipeMaker) No valid ingredients found for minecraft:block tag: #minecraft:lapis_ores (minecraft:lapis_ores)
[02:14:08] [Render thread/DEBUG] (mezz.jei.library.plugins.jei.tags.TagInfoRecipeMaker) No valid ingredients found for minecraft:block tag: #minecraft:nether_carver_replaceables (minecraft:nether_carver_replaceables)
[02:14:08] [Render thread/DEBUG] (mezz.jei.library.plugins.jei.tags.TagInfoRecipeMaker) No valid ingredients found for minecraft:block tag: #minecraft:geode_invalid_blocks (minecraft:geode_invalid_blocks)
[02:14:08] [Render thread/DEBUG] (mezz.jei.library.plugins.jei.tags.TagInfoRecipeMaker) No valid ingredients found for minecraft:block tag: #minecraft:trapdoors (minecraft:trapdoors)
[02:14:08] [Render thread/DEBUG] (mezz.jei.library.plugins.jei.tags.TagInfoRecipeMaker) No valid ingredients found for minecraft:block tag: #minecraft:fire (minecraft:fire)
[02:14:08] [Render thread/DEBUG] (mezz.jei.library.plugins.jei.tags.TagInfoRecipeMaker) No valid ingredients found for minecraft:block tag: #minecraft:sculk_replaceable (minecraft:sculk_replaceable)
[02:14:08] [Render thread/DEBUG] (mezz.jei.library.plugins.jei.tags.TagInfoRecipeMaker) No valid ingredients found for minecraft:block tag: #minecraft:emerald_ores (minecraft:emerald_ores)
[02:14:08] [Render thread/DEBUG] (mezz.jei.library.plugins.jei.tags.TagInfoRecipeMaker) No valid ingredients found for minecraft:block tag: #minecraft:flower_pots (minecraft:flower_pots)
[02:14:08] [Render thread/DEBUG] (mezz.jei.library.plugins.jei.tags.TagInfoRecipeMaker) No valid ingredients found for minecraft:block tag: #c:villager_job_sites (c:villager_job_sites)
[02:14:08] [Render thread/DEBUG] (mezz.jei.library.plugins.jei.tags.TagInfoRecipeMaker) No valid ingredients found for minecraft:block tag: #minecraft:bamboo_plantable_on (minecraft:bamboo_plantable_on)
[02:14:08] [Render thread/DEBUG] (mezz.jei.library.plugins.jei.tags.TagInfoRecipeMaker) No valid ingredients found for minecraft:block tag: #minecraft:wall_hanging_signs (minecraft:wall_hanging_signs)
[02:14:08] [Render thread/DEBUG] (mezz.jei.library.plugins.jei.tags.TagInfoRecipeMaker) No valid ingredients found for minecraft:block tag: #minecraft:valid_spawn (minecraft:valid_spawn)
[02:14:08] [Render thread/DEBUG] (mezz.jei.library.plugins.jei.tags.TagInfoRecipeMaker) No valid ingredients found for minecraft:block tag: #c:red_sandstone_slabs (c:red_sandstone_slabs)
[02:14:08] [Render thread/DEBUG] (mezz.jei.library.plugins.jei.tags.TagInfoRecipeMaker) No valid ingredients found for minecraft:block tag: #minecraft:animals_spawnable_on (minecraft:animals_spawnable_on)
[02:14:08] [Render thread/DEBUG] (mezz.jei.library.plugins.jei.tags.TagInfoRecipeMaker) No valid ingredients found for minecraft:block tag: #minecraft:completes_find_tree_tutorial (minecraft:completes_find_tree_tutorial)
[02:14:08] [Render thread/DEBUG] (mezz.jei.library.plugins.jei.tags.TagInfoRecipeMaker) No valid ingredients found for minecraft:block tag: #minecraft:hoglin_repellents (minecraft:hoglin_repellents)
[02:14:08] [Render thread/DEBUG] (mezz.jei.library.plugins.jei.tags.TagInfoRecipeMaker) No valid ingredients found for minecraft:block tag: #minecraft:unstable_bottom_center (minecraft:unstable_bottom_center)
[02:14:08] [Render thread/DEBUG] (mezz.jei.library.plugins.jei.tags.TagInfoRecipeMaker) No valid ingredients found for minecraft:block tag: #minecraft:wolves_spawnable_on (minecraft:wolves_spawnable_on)
[02:14:08] [Render thread/DEBUG] (mezz.jei.library.plugins.jei.tags.TagInfoRecipeMaker) No valid ingredients found for minecraft:block tag: #minecraft:lava_pool_stone_cannot_replace (minecraft:lava_pool_stone_cannot_replace)
[02:14:08] [Render thread/DEBUG] (mezz.jei.library.plugins.jei.tags.TagInfoRecipeMaker) No valid ingredients found for minecraft:block tag: #minecraft:invalid_spawn_inside (minecraft:invalid_spawn_inside)
[02:14:08] [Render thread/DEBUG] (mezz.jei.library.plugins.jei.tags.TagInfoRecipeMaker) No valid ingredients found for minecraft:block tag: #minecraft:dragon_immune (minecraft:dragon_immune)
[02:14:08] [Render thread/DEBUG] (mezz.jei.library.plugins.jei.tags.TagInfoRecipeMaker) No valid ingredients found for minecraft:block tag: #minecraft:moss_replaceable (minecraft:moss_replaceable)
[02:14:08] [Render thread/DEBUG] (mezz.jei.library.plugins.jei.tags.TagInfoRecipeMaker) No valid ingredients found for minecraft:block tag: #c:red_sandstone_blocks (c:red_sandstone_blocks)
[02:14:08] [Render thread/DEBUG] (mezz.jei.library.plugins.jei.tags.TagInfoRecipeMaker) No valid ingredients found for minecraft:block tag: #minecraft:planks (minecraft:planks)
[02:14:08] [Render thread/DEBUG] (mezz.jei.library.plugins.jei.tags.TagInfoRecipeMaker) No valid ingredients found for minecraft:block tag: #minecraft:small_dripleaf_placeable (minecraft:small_dripleaf_placeable)
[02:14:08] [Render thread/DEBUG] (mezz.jei.library.plugins.jei.tags.TagInfoRecipeMaker) No valid ingredients found for minecraft:block tag: #minecraft:wart_blocks (minecraft:wart_blocks)
[02:14:08] [Render thread/DEBUG] (mezz.jei.library.plugins.jei.tags.TagInfoRecipeMaker) No valid ingredients found for minecraft:block tag: #minecraft:overworld_natural_logs (minecraft:overworld_natural_logs)
[02:14:08] [Render thread/DEBUG] (mezz.jei.library.plugins.jei.tags.TagInfoRecipeMaker) No valid ingredients found for minecraft:block tag: #minecraft:mangrove_logs_can_grow_through (minecraft:mangrove_logs_can_grow_through)
[02:14:08] [Render thread/DEBUG] (mezz.jei.library.plugins.jei.tags.TagInfoRecipeMaker) No valid ingredients found for minecraft:block tag: #minecraft:infiniburn_end (minecraft:infiniburn_end)
[02:14:08] [Render thread/DEBUG] (mezz.jei.library.plugins.jei.tags.TagInfoRecipeMaker) No valid ingredients found for minecraft:block tag: #c:uncolored_sandstone_slabs (c:uncolored_sandstone_slabs)
[02:14:08] [Render thread/DEBUG] (mezz.jei.library.plugins.jei.tags.TagInfoRecipeMaker) No valid ingredients found for minecraft:block tag: #minecraft:azalea_grows_on (minecraft:azalea_grows_on)
[02:14:08] [Render thread/DEBUG] (mezz.jei.library.plugins.jei.tags.TagInfoRecipeMaker) No valid ingredients found for minecraft:block tag: #minecraft:mineable/pickaxe (minecraft:mineable/pickaxe)
[02:14:08] [Render thread/DEBUG] (mezz.jei.library.plugins.jei.tags.TagInfoRecipeMaker) No valid ingredients found for minecraft:block tag: #minecraft:wooden_trapdoors (minecraft:wooden_trapdoors)
[02:14:08] [Render thread/DEBUG] (mezz.jei.library.plugins.jei.tags.TagInfoRecipeMaker) No valid ingredients found for minecraft:block tag: #minecraft:spruce_logs (minecraft:spruce_logs)
[02:14:08] [Render thread/DEBUG] (mezz.jei.library.plugins.jei.tags.TagInfoRecipeMaker) No valid ingredients found for minecraft:block tag: #minecraft:wall_signs (minecraft:wall_signs)
[02:14:08] [Render thread/DEBUG] (mezz.jei.library.plugins.jei.tags.TagInfoRecipeMaker) No valid ingredients found for minecraft:block tag: #minecraft:mangrove_logs (minecraft:mangrove_logs)
[02:14:08] [Render thread/DEBUG] (mezz.jei.library.plugins.jei.tags.TagInfoRecipeMaker) No valid ingredients found for minecraft:block tag: #minecraft:nylium (minecraft:nylium)
[02:14:08] [Render thread/DEBUG] (mezz.jei.library.plugins.jei.tags.TagInfoRecipeMaker) No valid ingredients found for minecraft:block tag: #minecraft:stairs (minecraft:stairs)
[02:14:08] [Render thread/DEBUG] (mezz.jei.library.plugins.jei.tags.TagInfoRecipeMaker) No valid ingredients found for minecraft:block tag: #minecraft:deepslate_ore_replaceables (minecraft:deepslate_ore_replaceables)
[02:14:08] [Render thread/DEBUG] (mezz.jei.library.plugins.jei.tags.TagInfoRecipeMaker) No valid ingredients found for minecraft:block tag: #minecraft:acacia_logs (minecraft:acacia_logs)
[02:14:08] [Render thread/DEBUG] (mezz.jei.library.plugins.jei.tags.TagInfoRecipeMaker) No valid ingredients found for minecraft:block tag: #minecraft:cherry_logs (minecraft:cherry_logs)
[02:14:08] [Render thread/DEBUG] (mezz.jei.library.plugins.jei.tags.TagInfoRecipeMaker) No valid ingredients found for minecraft:block tag: #c:glass_panes (c:glass_panes)
[02:14:08] [Render thread/DEBUG] (mezz.jei.library.plugins.jei.tags.TagInfoRecipeMaker) No valid ingredients found for minecraft:block tag: #minecraft:crystal_sound_blocks (minecraft:crystal_sound_blocks)
[02:14:08] [Render thread/DEBUG] (mezz.jei.library.plugins.jei.tags.TagInfoRecipeMaker) No valid ingredients found for minecraft:block tag: #minecraft:pressure_plates (minecraft:pressure_plates)
[02:14:08] [Render thread/DEBUG] (mezz.jei.library.plugins.jei.tags.TagInfoRecipeMaker) No valid ingredients found for minecraft:block tag: #minecraft:signs (minecraft:signs)
[02:14:08] [Render thread/DEBUG] (mezz.jei.library.plugins.jei.tags.TagInfoRecipeMaker) No valid ingredients found for minecraft:block tag: #minecraft:foxes_spawnable_on (minecraft:foxes_spawnable_on)
[02:14:08] [Render thread/DEBUG] (mezz.jei.library.plugins.jei.tags.TagInfoRecipeMaker) No valid ingredients found for minecraft:block tag: #minecraft:replaceable (minecraft:replaceable)
[02:14:08] [Render thread/DEBUG] (mezz.jei.library.plugins.jei.tags.TagInfoRecipeMaker) No valid ingredients found for minecraft:block tag: #minecraft:occludes_vibration_signals (minecraft:occludes_vibration_signals)
[02:14:08] [Render thread/DEBUG] (mezz.jei.library.plugins.jei.tags.TagInfoRecipeMaker) No valid ingredients found for minecraft:block tag: #minecraft:sniffer_egg_hatch_boost (minecraft:sniffer_egg_hatch_boost)
[02:14:08] [Render thread/DEBUG] (mezz.jei.library.plugins.jei.tags.TagInfoRecipeMaker) No valid ingredients found for minecraft:block tag: #minecraft:wooden_fences (minecraft:wooden_fences)
[02:14:08] [Render thread/DEBUG] (mezz.jei.library.plugins.jei.tags.TagInfoRecipeMaker) No valid ingredients found for minecraft:block tag: #minecraft:mushroom_grow_block (minecraft:mushroom_grow_block)
[02:14:08] [Render thread/DEBUG] (mezz.jei.library.plugins.jei.tags.TagInfoRecipeMaker) No valid ingredients found for minecraft:block tag: #minecraft:stone_pressure_plates (minecraft:stone_pressure_plates)
[02:14:08] [Render thread/DEBUG] (mezz.jei.library.plugins.jei.tags.TagInfoRecipeMaker) No valid ingredients found for minecraft:block tag: #minecraft:combination_step_sound_blocks (minecraft:combination_step_sound_blocks)
[02:14:08] [Render thread/DEBUG] (mezz.jei.library.plugins.jei.tags.TagInfoRecipeMaker) No valid ingredients found for minecraft:block tag: #minecraft:parrots_spawnable_on (minecraft:parrots_spawnable_on)
[02:14:08] [Render thread/DEBUG] (mezz.jei.library.plugins.jei.tags.TagInfoRecipeMaker) No valid ingredients found for minecraft:block tag: #minecraft:dead_bush_may_place_on (minecraft:dead_bush_may_place_on)
[02:14:08] [Render thread/DEBUG] (mezz.jei.library.plugins.jei.tags.TagInfoRecipeMaker) No valid ingredients found for minecraft:block tag: #minecraft:wall_corals (minecraft:wall_corals)
[02:14:08] [Render thread/DEBUG] (mezz.jei.library.plugins.jei.tags.TagInfoRecipeMaker) No valid ingredients found for minecraft:block tag: #minecraft:portals (minecraft:portals)
[02:14:08] [Render thread/DEBUG] (mezz.jei.library.plugins.jei.tags.TagInfoRecipeMaker) No valid ingredients found for minecraft:block tag: #c:glass_blocks (c:glass_blocks)
[02:14:08] [Render thread/DEBUG] (mezz.jei.library.plugins.jei.tags.TagInfoRecipeMaker) No valid ingredients found for minecraft:block tag: #minecraft:birch_logs (minecraft:birch_logs)
[02:14:08] [Render thread/DEBUG] (mezz.jei.library.plugins.jei.tags.TagInfoRecipeMaker) No valid ingredients found for minecraft:block tag: #minecraft:smelts_to_glass (minecraft:smelts_to_glass)
[02:14:08] [Render thread/DEBUG] (mezz.jei.library.plugins.jei.tags.TagInfoRecipeMaker) No valid ingredients found for minecraft:block tag: #minecraft:wither_summon_base_blocks (minecraft:wither_summon_base_blocks)
[02:14:08] [Render thread/DEBUG] (mezz.jei.library.plugins.jei.tags.TagInfoRecipeMaker) No valid ingredients found for minecraft:block tag: #minecraft:piglin_repellents (minecraft:piglin_repellents)
[02:14:08] [Render thread/DEBUG] (mezz.jei.library.plugins.jei.tags.TagInfoRecipeMaker) No valid ingredients found for minecraft:block tag: #minecraft:wooden_slabs (minecraft:wooden_slabs)
[02:14:08] [Render thread/DEBUG] (mezz.jei.library.plugins.jei.tags.TagInfoRecipeMaker) No valid ingredients found for minecraft:block tag: #c:wooden_barrels (c:wooden_barrels)
[02:14:08] [Render thread/DEBUG] (mezz.jei.library.plugins.jei.tags.TagInfoRecipeMaker) No valid ingredients found for minecraft:block tag: #minecraft:convertable_to_mud (minecraft:convertable_to_mud)
[02:14:08] [Render thread/DEBUG] (mezz.jei.library.plugins.jei.tags.TagInfoRecipeMaker) No valid ingredients found for minecraft:block tag: #c:uncolored_sandstone_stairs (c:uncolored_sandstone_stairs)
[02:14:08] [Render thread/DEBUG] (mezz.jei.library.plugins.jei.tags.TagInfoRecipeMaker) No valid ingredients found for minecraft:block tag: #minecraft:banners (minecraft:banners)
[02:14:08] [Render thread/DEBUG] (mezz.jei.library.plugins.jei.tags.TagInfoRecipeMaker) No valid ingredients found for minecraft:block tag: #c:sandstone_stairs (c:sandstone_stairs)
[02:14:08] [Render thread/DEBUG] (mezz.jei.library.plugins.jei.tags.TagInfoRecipeMaker) No valid ingredients found for minecraft:block tag: #minecraft:lush_ground_replaceable (minecraft:lush_ground_replaceable)
[02:14:08] [Render thread/DEBUG] (mezz.jei.library.plugins.jei.tags.TagInfoRecipeMaker) No valid ingredients found for minecraft:block tag: #c:chests (c:chests)
[02:14:08] [Render thread/DEBUG] (mezz.jei.library.plugins.jei.tags.TagInfoRecipeMaker) No valid ingredients found for minecraft:block tag: #minecraft:enchantment_power_provider (minecraft:enchantment_power_provider)
[02:14:08] [Render thread/DEBUG] (mezz.jei.library.plugins.jei.tags.TagInfoRecipeMaker) No valid ingredients found for minecraft:block tag: #minecraft:mooshrooms_spawnable_on (minecraft:mooshrooms_spawnable_on)
[02:14:08] [Render thread/DEBUG] (mezz.jei.library.plugins.jei.tags.TagInfoRecipeMaker) No valid ingredients found for minecraft:block tag: #minecraft:all_signs (minecraft:all_signs)
[02:14:08] [Render thread/DEBUG] (mezz.jei.library.plugins.jei.tags.TagInfoRecipeMaker) No valid ingredients found for minecraft:block tag: #minecraft:wooden_buttons (minecraft:wooden_buttons)
[02:14:08] [Render thread/DEBUG] (mezz.jei.library.plugins.jei.tags.TagInfoRecipeMaker) No valid ingredients found for minecraft:block tag: #minecraft:stone_bricks (minecraft:stone_bricks)
[02:14:08] [Render thread/DEBUG] (mezz.jei.library.plugins.jei.tags.TagInfoRecipeMaker) No valid ingredients found for minecraft:block tag: #minecraft:sand (minecraft:sand)
[02:14:08] [Render thread/DEBUG] (mezz.jei.library.plugins.jei.tags.TagInfoRecipeMaker) No valid ingredients found for minecraft:block tag: #minecraft:terracotta (minecraft:terracotta)
[02:14:08] [Render thread/DEBUG] (mezz.jei.library.plugins.jei.tags.TagInfoRecipeMaker) No valid ingredients found for minecraft:block tag: #minecraft:campfires (minecraft:campfires)
[02:14:08] [Render thread/DEBUG] (mezz.jei.library.plugins.jei.tags.TagInfoRecipeMaker) No valid ingredients found for minecraft:block tag: #minecraft:dirt (minecraft:dirt)
[02:14:08] [Render thread/DEBUG] (mezz.jei.library.plugins.jei.tags.TagInfoRecipeMaker) No valid ingredients found for minecraft:block tag: #minecraft:ancient_city_replaceable (minecraft:ancient_city_replaceable)
[02:14:08] [Render thread/DEBUG] (mezz.jei.library.plugins.jei.tags.TagInfoRecipeMaker) No valid ingredients found for minecraft:block tag: #minecraft:base_stone_overworld (minecraft:base_stone_overworld)
[02:14:08] [Render thread/DEBUG] (mezz.jei.library.plugins.jei.tags.TagInfoRecipeMaker) No valid ingredients found for minecraft:block tag: #minecraft:mineable/shovel (minecraft:mineable/shovel)
[02:14:08] [Render thread/DEBUG] (mezz.jei.library.plugins.jei.tags.TagInfoRecipeMaker) No valid ingredients found for minecraft:block tag: #minecraft:replaceable_by_trees (minecraft:replaceable_by_trees)
[02:14:08] [Render thread/DEBUG] (mezz.jei.library.plugins.jei.tags.TagInfoRecipeMaker) No valid ingredients found for minecraft:block tag: #minecraft:tall_flowers (minecraft:tall_flowers)
[02:14:08] [Render thread/DEBUG] (mezz.jei.library.plugins.jei.tags.TagInfoRecipeMaker) No valid ingredients found for minecraft:block tag: #minecraft:dampens_vibrations (minecraft:dampens_vibrations)
[02:14:08] [Render thread/DEBUG] (mezz.jei.library.plugins.jei.tags.TagInfoRecipeMaker) No valid ingredients found for minecraft:block tag: #minecraft:frog_prefer_jump_to (minecraft:frog_prefer_jump_to)
[02:14:08] [Render thread/DEBUG] (mezz.jei.library.plugins.jei.tags.TagInfoRecipeMaker) No valid ingredients found for minecraft:block tag: #minecraft:infiniburn_overworld (minecraft:infiniburn_overworld)
[02:14:08] [Render thread/DEBUG] (mezz.jei.library.plugins.jei.tags.TagInfoRecipeMaker) No valid ingredients found for minecraft:block tag: #c:shulker_boxes (c:shulker_boxes)
[02:14:08] [Render thread/DEBUG] (mezz.jei.library.plugins.jei.tags.TagInfoRecipeMaker) No valid ingredients found for minecraft:block tag: #minecraft:sword_efficient (minecraft:sword_efficient)
[02:14:08] [Render thread/DEBUG] (mezz.jei.library.plugins.jei.tags.TagInfoRecipeMaker) No valid ingredients found for minecraft:block tag: #minecraft:frogs_spawnable_on (minecraft:frogs_spawnable_on)
[02:14:08] [Render thread/DEBUG] (mezz.jei.library.plugins.jei.tags.TagInfoRecipeMaker) No valid ingredients found for minecraft:block tag: #minecraft:rails (minecraft:rails)
[02:14:08] [Render thread/DEBUG] (mezz.jei.library.plugins.jei.tags.TagInfoRecipeMaker) No valid ingredients found for minecraft:block tag: #c:bookshelves (c:bookshelves)
[02:14:08] [Render thread/DEBUG] (mezz.jei.library.plugins.jei.tags.TagInfoRecipeMaker) No valid ingredients found for minecraft:block tag: #minecraft:dripstone_replaceable_blocks (minecraft:dripstone_replaceable_blocks)
[02:14:08] [Render thread/DEBUG] (mezz.jei.library.plugins.jei.tags.TagInfoRecipeMaker) No valid ingredients found for minecraft:block tag: #minecraft:sniffer_diggable_block (minecraft:sniffer_diggable_block)
[02:14:08] [Render thread/DEBUG] (mezz.jei.library.plugins.jei.tags.TagInfoRecipeMaker) No valid ingredients found for minecraft:block tag: #minecraft:bamboo_blocks (minecraft:bamboo_blocks)
[02:14:08] [Render thread/DEBUG] (mezz.jei.library.plugins.jei.tags.TagInfoRecipeMaker) No valid ingredients found for minecraft:block tag: #minecraft:oak_logs (minecraft:oak_logs)
[02:14:08] [Render thread/DEBUG] (mezz.jei.library.plugins.jei.tags.TagInfoRecipeMaker) No valid ingredients found for minecraft:block tag: #minecraft:wither_immune (minecraft:wither_immune)
[02:14:08] [Render thread/DEBUG] (mezz.jei.library.plugins.jei.tags.TagInfoRecipeMaker) No valid ingredients found for minecraft:block tag: #minecraft:underwater_bonemeals (minecraft:underwater_bonemeals)
[02:14:08] [Render thread/DEBUG] (mezz.jei.library.plugins.jei.tags.TagInfoRecipeMaker) No valid ingredients found for minecraft:block tag: #minecraft:mineable/axe (minecraft:mineable/axe)
[02:14:08] [Render thread/DEBUG] (mezz.jei.library.plugins.jei.tags.TagInfoRecipeMaker) No valid ingredients found for minecraft:block tag: #c:buds (c:buds)
[02:14:08] [Render thread/DEBUG] (mezz.jei.library.plugins.jei.tags.TagInfoRecipeMaker) No valid ingredients found for minecraft:block tag: #minecraft:anvil (minecraft:anvil)
[02:14:08] [Render thread/DEBUG] (mezz.jei.library.plugins.jei.tags.TagInfoRecipeMaker) No valid ingredients found for minecraft:block tag: #minecraft:fall_damage_resetting (minecraft:fall_damage_resetting)
[02:14:08] [Render thread/DEBUG] (mezz.jei.library.plugins.jei.tags.TagInfoRecipeMaker) No valid ingredients found for minecraft:block tag: #minecraft:standing_signs (minecraft:standing_signs)
[02:14:08] [Render thread/DEBUG] (mezz.jei.library.plugins.jei.tags.TagInfoRecipeMaker) No valid ingredients found for minecraft:block tag: #c:sandstone_slabs (c:sandstone_slabs)
[02:14:08] [Render thread/DEBUG] (mezz.jei.library.plugins.jei.tags.TagInfoRecipeMaker) No valid ingredients found for minecraft:block tag: #minecraft:candles (minecraft:candles)
[02:14:08] [Render thread/DEBUG] (mezz.jei.library.plugins.jei.tags.TagInfoRecipeMaker) No valid ingredients found for minecraft:block tag: #minecraft:candle_cakes (minecraft:candle_cakes)
[02:14:08] [Render thread/DEBUG] (mezz.jei.library.plugins.jei.tags.TagInfoRecipeMaker) No valid ingredients found for minecraft:block tag: #minecraft:diamond_ores (minecraft:diamond_ores)
[02:14:08] [Render thread/DEBUG] (mezz.jei.library.plugins.jei.tags.TagInfoRecipeMaker) No valid ingredients found for minecraft:block tag: #c:sandstone_blocks (c:sandstone_blocks)
[02:14:08] [Render thread/DEBUG] (mezz.jei.library.plugins.jei.tags.TagInfoRecipeMaker) No valid ingredients found for minecraft:block tag: #minecraft:snow_layer_can_survive_on (minecraft:snow_layer_can_survive_on)
[02:14:08] [Render thread/DEBUG] (mezz.jei.library.plugins.jei.tags.TagInfoRecipeMaker) No valid ingredients found for minecraft:block tag: #minecraft:mangrove_roots_can_grow_through (minecraft:mangrove_roots_can_grow_through)
[02:14:08] [Render thread/DEBUG] (mezz.jei.library.plugins.jei.tags.TagInfoRecipeMaker) No valid ingredients found for minecraft:block tag: #minecraft:dark_oak_logs (minecraft:dark_oak_logs)
[02:14:08] [Render thread/DEBUG] (mezz.jei.library.plugins.jei.tags.TagInfoRecipeMaker) No valid ingredients found for minecraft:block tag: #minecraft:ice (minecraft:ice)
[02:14:08] [Render thread/DEBUG] (mezz.jei.library.plugins.jei.tags.TagInfoRecipeMaker) No valid ingredients found for minecraft:block tag: #c:red_sandstone_stairs (c:red_sandstone_stairs)
[02:14:08] [Render thread/DEBUG] (mezz.jei.library.plugins.jei.tags.TagInfoRecipeMaker) No valid ingredients found for minecraft:block tag: #minecraft:base_stone_nether (minecraft:base_stone_nether)
[02:14:08] [Render thread/DEBUG] (mezz.jei.library.plugins.jei.tags.TagInfoRecipeMaker) No valid ingredients found for minecraft:block tag: #minecraft:needs_stone_tool (minecraft:needs_stone_tool)
[02:14:08] [Render thread/DEBUG] (mezz.jei.library.plugins.jei.tags.TagInfoRecipeMaker) No valid ingredients found for minecraft:block tag: #minecraft:ceiling_hanging_signs (minecraft:ceiling_hanging_signs)
[02:14:08] [Render thread/DEBUG] (mezz.jei.library.plugins.jei.tags.TagInfoRecipeMaker) No valid ingredients found for minecraft:block tag: #minecraft:fences (minecraft:fences)
[02:14:08] [Render thread/DEBUG] (mezz.jei.library.plugins.jei.tags.TagInfoRecipeMaker) No valid ingredients found for minecraft:block tag: #c:quartz_ores (c:quartz_ores)
[02:14:08] [Render thread/DEBUG] (mezz.jei.library.plugins.jei.tags.TagInfoRecipeMaker) No valid ingredients found for minecraft:block tag: #minecraft:azalea_root_replaceable (minecraft:azalea_root_replaceable)
[02:14:08] [Render thread/DEBUG] (mezz.jei.library.plugins.jei.tags.TagInfoRecipeMaker) No valid ingredients found for minecraft:block tag: #minecraft:prevent_mob_spawning_inside (minecraft:prevent_mob_spawning_inside)
[02:14:08] [Render thread/DEBUG] (mezz.jei.library.plugins.jei.tags.TagInfoRecipeMaker) No valid ingredients found for minecraft:block tag: #minecraft:rabbits_spawnable_on (minecraft:rabbits_spawnable_on)
[02:14:08] [Render thread/DEBUG] (mezz.jei.library.plugins.jei.tags.TagInfoRecipeMaker) No valid ingredients found for minecraft:block tag: #minecraft:snow (minecraft:snow)
[02:14:08] [Render thread/DEBUG] (mezz.jei.library.plugins.jei.tags.TagInfoRecipeMaker) No valid ingredients found for minecraft:block tag: #minecraft:stone_ore_replaceables (minecraft:stone_ore_replaceables)
[02:14:08] [Render thread/DEBUG] (mezz.jei.library.plugins.jei.tags.TagInfoRecipeMaker) No valid ingredients found for minecraft:block tag: #minecraft:buttons (minecraft:buttons)
[02:14:08] [Render thread/DEBUG] (mezz.jei.library.plugins.jei.tags.TagInfoRecipeMaker) No valid ingredients found for minecraft:block tag: #minecraft:saplings (minecraft:saplings)
[02:14:08] [Render thread/DEBUG] (mezz.jei.library.plugins.jei.tags.TagInfoRecipeMaker) No valid ingredients found for minecraft:block tag: #minecraft:impermeable (minecraft:impermeable)
[02:14:08] [Render thread/DEBUG] (mezz.jei.library.recipes.RecipeManagerInternal) Adding recipes: RecipeType[uid=minecraft:tag_recipes/block, recipeClass=interface mezz.jei.library.plugins.jei.tags.ITagInfoRecipe]
[02:14:08] [Render thread/INFO] (mezz.jei.library.load.PluginCaller) Registering recipes took 72.46 ms
[02:14:08] [Render thread/INFO] (mezz.jei.library.load.PluginCaller) Registering recipes transfer handlers...
[02:14:08] [Render thread/DEBUG] (mezz.jei.library.load.PluginCallerTimerRunnable) Registering recipes transfer handlers: jei:minecraft...
[02:14:08] [Render thread/DEBUG] (mezz.jei.library.load.PluginCallerTimerRunnable) Registering recipes transfer handlers: jei:debug...
[02:14:08] [Render thread/DEBUG] (mezz.jei.library.load.PluginCallerTimerRunnable) Registering recipes transfer handlers: jei:fabric_gui...
[02:14:08] [Render thread/DEBUG] (mezz.jei.library.load.PluginCallerTimerRunnable) Registering recipes transfer handlers: jei:gui...
[02:14:08] [Render thread/DEBUG] (mezz.jei.library.load.PluginCallerTimerRunnable) Registering recipes transfer handlers: swm:crafting...
[02:14:08] [Render thread/DEBUG] (mezz.jei.library.load.PluginCallerTimerRunnable) Registering recipes transfer handlers: jei:internal...
[02:14:08] [Render thread/INFO] (mezz.jei.library.load.PluginCaller) Registering recipes transfer handlers took 424.1 μs
[02:14:08] [Render thread/INFO] (mezz.jei.core.util.LoggedTimer) Building runtime...
[02:14:08] [Render thread/INFO] (mezz.jei.library.load.PluginCaller) Registering gui handlers...
[02:14:08] [Render thread/DEBUG] (mezz.jei.library.load.PluginCallerTimerRunnable) Registering gui handlers: jei:minecraft...
[02:14:08] [Render thread/DEBUG] (mezz.jei.library.load.PluginCallerTimerRunnable) Registering gui handlers: jei:debug...
[02:14:08] [Render thread/DEBUG] (mezz.jei.library.load.PluginCallerTimerRunnable) Registering gui handlers: jei:fabric_gui...
[02:14:08] [Render thread/DEBUG] (mezz.jei.library.load.PluginCallerTimerRunnable) Registering gui handlers: jei:gui...
[02:14:08] [Render thread/DEBUG] (mezz.jei.library.load.PluginCallerTimerRunnable) Registering gui handlers: swm:crafting...
[02:14:08] [Render thread/DEBUG] (mezz.jei.library.load.PluginCallerTimerRunnable) Registering gui handlers: jei:internal...
[02:14:08] [Render thread/INFO] (mezz.jei.library.load.PluginCaller) Registering gui handlers took 270.5 μs
[02:14:08] [Render thread/INFO] (mezz.jei.library.load.PluginCaller) Registering Runtime...
[02:14:08] [Render thread/DEBUG] (mezz.jei.library.load.PluginCallerTimerRunnable) Registering Runtime: jei:minecraft...
[02:14:08] [Render thread/DEBUG] (mezz.jei.library.load.PluginCallerTimerRunnable) Registering Runtime: jei:debug...
[02:14:08] [Render thread/DEBUG] (mezz.jei.library.load.PluginCallerTimerRunnable) Registering Runtime: jei:fabric_gui...
[02:14:08] [Render thread/INFO] (mezz.jei.gui.startup.JeiGuiStarter) Starting JEI GUI
[02:14:08] [Render thread/INFO] (mezz.jei.core.util.LoggedTimer) Building ingredient list...
[02:14:08] [Render thread/DEBUG] (mezz.jei.gui.ingredients.IngredientListElementFactory) Registering ingredients: ItemStack
[02:14:08] [Render thread/DEBUG] (mezz.jei.gui.ingredients.IngredientListElementFactory) Registering ingredients: IJeiFluidIngredient
[02:14:08] [Render thread/DEBUG] (mezz.jei.gui.ingredients.IngredientListElementFactory) Registering ingredients: DebugIngredient
[02:14:08] [Render thread/INFO] (mezz.jei.core.util.LoggedTimer) Building ingredient list took 6.414 ms
[02:14:08] [Render thread/INFO] (mezz.jei.core.util.LoggedTimer) Building ingredient filter...
[02:14:08] [Render thread/INFO] (mezz.jei.gui.ingredients.IngredientFilter) Adding 1552 ingredients
[02:14:08] [Netty Client IO #3/DEBUG] (ClientPlayNetworkAddon for Player942) Handling inbound packet from channel with name "swm:network/9085840957a43f61ba541c3a647bb1d0"
[02:14:08] [Render thread/INFO] (mezz.jei.gui.ingredients.IngredientFilter) Added 1552 ingredients
[02:14:08] [Render thread/INFO] (mezz.jei.core.util.LoggedTimer) Building ingredient filter took 55.40 ms
[02:14:08] [Render thread/INFO] (mezz.jei.library.load.PluginCallerTimerRunnable) Registering Runtime: jei:fabric_gui took 68.37 milliseconds
[02:14:08] [Render thread/DEBUG] (mezz.jei.library.load.PluginCallerTimerRunnable) Registering Runtime: jei:gui...
[02:14:08] [Render thread/DEBUG] (mezz.jei.library.load.PluginCallerTimerRunnable) Registering Runtime: swm:crafting...
[02:14:08] [Render thread/DEBUG] (mezz.jei.library.load.PluginCallerTimerRunnable) Registering Runtime: jei:internal...
[02:14:08] [Render thread/INFO] (mezz.jei.library.load.PluginCaller) Registering Runtime took 68.76 ms
[02:14:08] [Render thread/INFO] (mezz.jei.core.util.LoggedTimer) Building runtime took 69.26 ms
[02:14:08] [Render thread/INFO] (mezz.jei.library.load.PluginCaller) Sending Runtime...
[02:14:08] [Render thread/DEBUG] (mezz.jei.library.load.PluginCallerTimerRunnable) Sending Runtime: jei:minecraft...
[02:14:08] [Render thread/DEBUG] (mezz.jei.library.load.PluginCallerTimerRunnable) Sending Runtime: jei:debug...
[02:14:08] [Render thread/INFO] (mezz.jei.library.ingredients.IngredientManager) Ingredients are being added at runtime: 10 mezz.jei.library.plugins.debug.ingredients.DebugIngredient
[02:14:08] [Render thread/DEBUG] (mezz.jei.gui.ingredients.IngredientFilter) Added ingredient: JEI Debug Item #10
[02:14:08] [Render thread/DEBUG] (mezz.jei.gui.ingredients.IngredientFilter) Added ingredient: JEI Debug Item #11
[02:14:08] [Render thread/DEBUG] (mezz.jei.gui.ingredients.IngredientFilter) Added ingredient: JEI Debug Item #12
[02:14:08] [Render thread/DEBUG] (mezz.jei.gui.ingredients.IngredientFilter) Added ingredient: JEI Debug Item #13
[02:14:08] [Render thread/DEBUG] (mezz.jei.gui.ingredients.IngredientFilter) Added ingredient: JEI Debug Item #14
[02:14:08] [Render thread/DEBUG] (mezz.jei.gui.ingredients.IngredientFilter) Added ingredient: JEI Debug Item #15
[02:14:08] [Render thread/DEBUG] (mezz.jei.gui.ingredients.IngredientFilter) Added ingredient: JEI Debug Item #16
[02:14:08] [Render thread/DEBUG] (mezz.jei.gui.ingredients.IngredientFilter) Added ingredient: JEI Debug Item #17
[02:14:08] [Render thread/DEBUG] (mezz.jei.gui.ingredients.IngredientFilter) Added ingredient: JEI Debug Item #18
[02:14:08] [Render thread/DEBUG] (mezz.jei.gui.ingredients.IngredientFilter) Added ingredient: JEI Debug Item #19
[02:14:08] [Render thread/DEBUG] (mezz.jei.library.load.PluginCallerTimerRunnable) Sending Runtime: jei:fabric_gui...
[02:14:08] [Render thread/DEBUG] (mezz.jei.library.load.PluginCallerTimerRunnable) Sending Runtime: jei:gui...
[02:14:08] [Render thread/DEBUG] (mezz.jei.library.load.PluginCallerTimerRunnable) Sending Runtime: swm:crafting...
[02:14:08] [Render thread/DEBUG] (mezz.jei.library.load.PluginCallerTimerRunnable) Sending Runtime: jei:internal...
[02:14:08] [Render thread/INFO] (mezz.jei.library.load.PluginCaller) Sending Runtime took 1.136 ms
[02:14:08] [Render thread/INFO] (mezz.jei.core.util.LoggedTimer) Starting JEI took 156.4 ms
[02:14:08] [Render thread/INFO] (net.minecraft.advancements.AdvancementList) Loaded 2 advancements
[02:14:09] [Worker-Main-15/DEBUG] (com.mojang.authlib.HttpAuthenticationService) Opening connection to https://sessionserver.mojang.com/session/minecraft/profile/533358783f5639c8893b77b74c9ca2e1?unsigned=false
[02:14:09] [Worker-Main-15/DEBUG] (com.mojang.authlib.HttpAuthenticationService) Reading data from https://sessionserver.mojang.com/session/minecraft/profile/533358783f5639c8893b77b74c9ca2e1?unsigned=false
[02:14:09] [Worker-Main-15/DEBUG] (com.mojang.authlib.HttpAuthenticationService) Successful read, server response was 204
[02:14:09] [Worker-Main-15/DEBUG] (com.mojang.authlib.HttpAuthenticationService) Response: 
[02:14:09] [Worker-Main-15/DEBUG] (com.mojang.authlib.yggdrasil.YggdrasilMinecraftSessionService) Couldn't fetch profile properties for com.mojang.authlib.GameProfile@6032dcd[id=53335878-3f56-39c8-893b-77b74c9ca2e1,name=Player60,properties={},legacy=false] as the profile does not exist
erest_type
[02:14:08] [Server thread/DEBUG] (FabricRegistrySync) Skipping un-modded registry: minecraft:mob_effect
[02:14:08] [Server thread/DEBUG] (FabricRegistrySync) Not syncing registry: minecraft:loot_pool_entry_type
[02:14:08] [Server thread/DEBUG] (FabricRegistrySync) Not syncing registry: minecraft:worldgen/block_state_provider_type
[02:14:08] [Server thread/DEBUG] (FabricRegistrySync) Not syncing registry: minecraft:worldgen/chunk_generator
[02:14:08] [Server thread/DEBUG] (FabricRegistrySync) Not syncing registry: minecraft:float_provider_type
[02:14:08] [Server thread/DEBUG] (FabricRegistrySync) Not syncing registry: minecraft:chunk_status
[02:14:08] [Server thread/DEBUG] (FabricRegistrySync) Skipping un-modded registry: minecraft:enchantment
[02:14:08] [Server thread/DEBUG] (FabricRegistrySync) Not syncing registry: minecraft:loot_function_type
[02:14:08] [Server thread/DEBUG] (FabricRegistrySync) Not syncing registry: minecraft:worldgen/structure_processor
[02:14:08] [Server thread/DEBUG] (FabricRegistrySync) Not syncing registry: minecraft:loot_score_provider_type
[02:14:08] [Server thread/DEBUG] (FabricRegistrySync) Not syncing registry: minecraft:worldgen/tree_decorator_type
[02:14:08] [Server thread/DEBUG] (FabricRegistrySync) Not syncing registry: minecraft:schedule
[02:14:08] [Server thread/DEBUG] (FabricRegistrySync) Not syncing registry: minecraft:worldgen/material_condition
[02:14:08] [Server thread/DEBUG] (FabricRegistrySync) Syncing registry: minecraft:entity_type
[02:14:08] [Server thread/DEBUG] (FabricRegistrySync) Skipping un-modded registry: minecraft:villager_profession
[02:14:08] [Server thread/DEBUG] (FabricRegistrySync) Not syncing registry: minecraft:potion
[02:14:08] [Server thread/DEBUG] (FabricRegistrySync) Not syncing registry: minecraft:recipe_type
[02:14:08] [Server thread/DEBUG] (FabricRegistrySync) Not syncing registry: minecraft:int_provider_type
[02:14:08] [Server thread/DEBUG] (FabricRegistrySync) Not syncing registry: minecraft:worldgen/feature
[02:14:08] [Server thread/DEBUG] (FabricRegistrySync) Skipping un-modded registry: minecraft:cat_variant
[02:14:08] [Server thread/DEBUG] (FabricRegistrySync) Not syncing registry: minecraft:pos_rule_test
[02:14:08] [Server thread/DEBUG] (FabricRegistrySync) Not syncing registry: minecraft:worldgen/structure_placement
[02:14:08] [Server thread/DEBUG] (FabricRegistrySync) Not syncing registry: minecraft:loot_nbt_provider_type
[02:14:08] [Server thread/DEBUG] (FabricRegistrySync) Syncing registry: minecraft:menu
[02:14:08] [Server thread/DEBUG] (FabricRegistrySync) Not syncing registry: minecraft:worldgen/trunk_placer_type
[02:14:08] [Server thread/DEBUG] (FabricRegistrySync) Not syncing registry: minecraft:creative_mode_tab
[02:14:08] [Server thread/DEBUG] (FabricRegistrySync) Not syncing registry: minecraft:worldgen/placement_modifier_type
[02:14:08] [Server thread/DEBUG] (FabricRegistrySync) Not syncing registry: minecraft:worldgen/carver
[02:14:08] [Server thread/DEBUG] (FabricRegistrySync) Not syncing registry: minecraft:loot_number_provider_type
[02:14:08] [Server thread/DEBUG] (FabricRegistrySync) Not syncing registry: minecraft:worldgen/structure_piece
[02:14:08] [Server thread/DEBUG] (FabricRegistrySync) Syncing registry: minecraft:sound_event
[02:14:08] [Server thread/DEBUG] (FabricRegistrySync) Skipping un-modded registry: minecraft:particle_type
[02:14:08] [Server thread/DEBUG] (FabricRegistrySync) Skipping un-modded registry: minecraft:game_event
[02:14:08] [Server thread/DEBUG] (FabricRegistrySync) Not syncing registry: minecraft:worldgen/biome_source
[02:14:08] [Server thread/DEBUG] (FabricRegistrySync) Not syncing registry: minecraft:worldgen/root_placer_type
[02:14:08] [Server thread/DEBUG] (FabricRegistrySync) Skipping un-modded registry: minecraft:villager_type
[02:14:08] [Server thread/DEBUG] (FabricRegistrySync) Skipping un-modded registry: minecraft:painting_variant
[02:14:08] [Server thread/DEBUG] (FabricRegistrySync) Not syncing registry: minecraft:block_predicate_type
[02:14:08] [Server thread/DEBUG] (FabricRegistrySync) Syncing registry: minecraft:block
[02:14:08] [Server thread/DEBUG] (FabricRegistrySync) Not syncing registry: minecraft:sensor_type
[02:14:08] [Server thread/DEBUG] (FabricRegistrySync) Not syncing registry: minecraft:rule_test
[02:14:08] [Server thread/DEBUG] (FabricRegistrySync) Not syncing registry: minecraft:memory_module_type
[02:14:08] [Server thread/INFO] (net.minecraft.server.MinecraftServer) Player942 joined the game
[02:14:08] [Render thread/INFO] (net.minecraft.client.gui.components.ChatComponent) [System] [CHAT] Player942 joined the game
[02:14:08] [Netty Server IO #4/DEBUG] (ServerPlayNetworkAddon for Player942) Handling inbound packet from channel with name "minecraft:brand"
[02:14:08] [Netty Server IO #4/DEBUG] (ServerPlayNetworkAddon for Player942) Handling inbound packet from channel with name "minecraft:register"
[02:14:10] [Netty Server IO #4/DEBUG] (ServerPlayNetworkAddon for Player942) Handling inbound packet from channel with name "swm:network/5e6d3f9aa74937cb8f315f06a539680a"
[02:14:10] [Netty Local Client IO #0/DEBUG] (ClientPlayNetworkAddon for Player60) Handling inbound packet from channel with name "swm:network/c6e5874747553c8ba1efb48f8c357d3c"
[02:14:10] [Render thread/INFO] (net.minecraft.client.gui.components.ChatComponent) [System] [CHAT] Incoming Transmission from Player942
[02:14:14] [Worker-Main-18/DEBUG] (com.mojang.authlib.HttpAuthenticationService) Opening connection to https://sessionserver.mojang.com/session/minecraft/profile/0e2a864340df3a07bffeaa9fb0809920?unsigned=false
[02:14:14] [Worker-Main-18/DEBUG] (com.mojang.authlib.HttpAuthenticationService) Reading data from https://sessionserver.mojang.com/session/minecraft/profile/0e2a864340df3a07bffeaa9fb0809920?unsigned=false
[02:14:14] [Worker-Main-18/DEBUG] (com.mojang.authlib.HttpAuthenticationService) Successful read, server response was 204
[02:14:14] [Worker-Main-18/DEBUG] (com.mojang.authlib.HttpAuthenticationService) Response: 
[02:14:14] [Worker-Main-18/DEBUG] (com.mojang.authlib.yggdrasil.YggdrasilMinecraftSessionService) Couldn't fetch profile properties for com.mojang.authlib.GameProfile@528d21fc[id=0e2a8643-40df-3a07-bffe-aa9fb0809920,name=Player942,properties={},legacy=false] as the profile does not exist
[02:14:14] [Netty Server IO #1/DEBUG] (ServerPlayNetworkAddon for Player60) Handling inbound packet from channel with name "swm:network/6936fc2a442437b6a02d34860178c087"
[02:14:14] [Netty Local Client IO #0/DEBUG] (ClientPlayNetworkAddon for Player60) Handling inbound packet from channel with name "swm:network/c122165bdc5036118d8d093a62cfe452"
[02:14:15] [Render thread/DEBUG] (FabricLoader/Mixin) Mixing TooltipComponentMixin from fabric-rendering-v1.mixins.json into net.minecraft.client.gui.screens.inventory.tooltip.ClientTooltipComponent
[02:14:15] [Render thread/DEBUG] (FabricLoader/Mixin) fabric-rendering-v1.mixins.json:TooltipComponentMixin from mod fabric-rendering-v1: Class version 61 required is higher than the class version supported by the current version of Mixin (JAVA_16 supports class version 60)
[02:14:15] [Render thread/DEBUG] (FabricLoader/Mixin) fabric-rendering-v1.mixins.json:TooltipComponentMixin from mod fabric-rendering-v1->@Inject::convertCustomTooltipData(Lnet/minecraft/world/inventory/tooltip/TooltipComponent;Lorg/spongepowered/asm/mixin/injection/callback/CallbackInfoReturnable;)V does use it's CallbackInfoReturnable
[02:14:15] [Render thread/DEBUG] (FabricLoader/Mixin) Mixing client.MixinTooltipRenderUtil from architectury.mixins.json into net.minecraft.client.gui.screens.inventory.tooltip.TooltipRenderUtil
[02:14:15] [Netty Server IO #1/DEBUG] (ServerPlayNetworkAddon for Player60) Handling inbound packet from channel with name "swm:network/5e6d3f9aa74937cb8f315f06a539680a"
[02:14:15] [Netty Server IO #1/DEBUG] (ServerPlayNetworkAddon for Player60) Handling inbound packet from channel with name "swm:network/6936fc2a442437b6a02d34860178c087"
[02:14:15] [Netty Local Client IO #0/DEBUG] (ClientPlayNetworkAddon for Player60) Handling inbound packet from channel with name "swm:network/c122165bdc5036118d8d093a62cfe452"
