[Architectury Transformer] Architectury Runtime 5.2.87
[Architectury Transformer DEBUG] Closed File Systems for C:\Users\Aidan\IdeaProjects\StarWarsMod\1.20.1\common\build\devlibs\swm-common-2.1.0-dev.jar
[Architectury Transformer DEBUG] Preparing tiny remapper prepared transformer: dev.architectury.transformer.handler.TinyRemapperPreparedTransformerHandler
[Architectury Transformer DEBUG] Provided 113 classpath jar(s):
[Architectury Transformer DEBUG]  - C:\Users\Aidan\.gradle\caches\modules-2\files-2.1\dev.architectury\architectury-injectables\1.0.10\62db2a366d662606d1b23ad02ccc3212ed37ec3\architectury-injectables-1.0.10.jar
[Architectury Transformer DEBUG]  - C:\Users\Aidan\.gradle\caches\modules-2\files-2.1\net.fabricmc\fabric-loader\0.16.14\5778d47f536bf2c63ed2abc1a56f5a1c129e34a\fabric-loader-0.16.14.jar
[Architectury Transformer DEBUG]  - C:\Users\Aidan\.gradle\caches\modules-2\files-2.1\org.jetbrains\annotations\25.0.0\c1e6b966db352094ac3bf7f88f3bdef332fe43f0\annotations-25.0.0.jar
[Architectury Transformer DEBUG]  - C:\Users\Aidan\.gradle\caches\modules-2\files-2.1\org.ow2.asm\asm\9.8\dc19ecb3f7889b7860697215cae99c0f9b6f6b4b\asm-9.8.jar
[Architectury Transformer DEBUG]  - C:\Users\Aidan\.gradle\caches\modules-2\files-2.1\org.ow2.asm\asm-analysis\9.8\b9747a320844b6cb1eacd90d8ecfd260a16c01d3\asm-analysis-9.8.jar
[Architectury Transformer DEBUG]  - C:\Users\Aidan\.gradle\caches\modules-2\files-2.1\org.ow2.asm\asm-commons\9.8\36e4d212970388e5bd2c5180292012502df461bb\asm-commons-9.8.jar
[Architectury Transformer DEBUG]  - C:\Users\Aidan\.gradle\caches\modules-2\files-2.1\org.ow2.asm\asm-tree\9.8\18419ca5b77a2f81097c741e7872e6ab8d2f40d\asm-tree-9.8.jar
[Architectury Transformer DEBUG]  - C:\Users\Aidan\.gradle\caches\modules-2\files-2.1\org.ow2.asm\asm-util\9.8\395f1c1f035258511f27bc9b2583d76e4b143f59\asm-util-9.8.jar
[Architectury Transformer DEBUG]  - C:\Users\Aidan\.gradle\caches\modules-2\files-2.1\net.fabricmc\sponge-mixin\0.15.5+mixin.0.8.7\22f9eb729e216a091673a574a5906dc1b9027fb3\sponge-mixin-0.15.5+mixin.0.8.7.jar
[Architectury Transformer DEBUG]  - C:\Users\Aidan\.gradle\caches\modules-2\files-2.1\io.github.llamalad7\mixinextras-fabric\0.4.1\8d1a9e96afb990367fa1f904d17580d164da72e3\mixinextras-fabric-0.4.1.jar
[Architectury Transformer DEBUG]  - C:\Users\Aidan\.gradle\caches\modules-2\files-2.1\com.github.oshi\oshi-core\6.2.2\54f5efc19bca95d709d9a37d19ffcbba3d21c1a6\oshi-core-6.2.2.jar
[Architectury Transformer DEBUG]  - C:\Users\Aidan\.gradle\caches\modules-2\files-2.1\com.google.code.gson\gson\2.10\dd9b193aef96e973d5a11ab13cd17430c2e4306b\gson-2.10.jar
[Architectury Transformer DEBUG]  - C:\Users\Aidan\.gradle\caches\modules-2\files-2.1\com.google.guava\failureaccess\1.0.1\1dcf1de382a0bf95a3d8b0849546c88bac1292c9\failureaccess-1.0.1.jar
[Architectury Transformer DEBUG]  - C:\Users\Aidan\.gradle\caches\modules-2\files-2.1\com.google.guava\guava\31.1-jre\60458f877d055d0c9114d9e1a2efb737b4bc282c\guava-31.1-jre.jar
[Architectury Transformer DEBUG]  - C:\Users\Aidan\.gradle\caches\modules-2\files-2.1\com.ibm.icu\icu4j\71.1\9e7d3304c23f9ba5cb71915f7cce23231a57a445\icu4j-71.1.jar
[Architectury Transformer DEBUG]  - C:\Users\Aidan\.gradle\caches\modules-2\files-2.1\com.mojang\authlib\4.0.43\2ff9d747a77570a07a60d32ac77eb6162ad2a2d9\authlib-4.0.43.jar
[Architectury Transformer DEBUG]  - C:\Users\Aidan\.gradle\caches\modules-2\files-2.1\com.mojang\blocklist\1.0.10\5c685c5ffa94c4cd39496c7184c1d122e515ecef\blocklist-1.0.10.jar
[Architectury Transformer DEBUG]  - C:\Users\Aidan\.gradle\caches\modules-2\files-2.1\com.mojang\brigadier\1.1.8\5244ce82c3337bba4a196a3ce858bfaecc74404a\brigadier-1.1.8.jar
[Architectury Transformer DEBUG]  - C:\Users\Aidan\.gradle\caches\modules-2\files-2.1\com.mojang\datafixerupper\6.0.8\3ba4a30557a9b057760af4011f909ba619fc5125\datafixerupper-6.0.8.jar
[Architectury Transformer DEBUG]  - C:\Users\Aidan\.gradle\caches\modules-2\files-2.1\com.mojang\logging\1.1.1\832b8e6674a9b325a5175a3a6267dfaf34c85139\logging-1.1.1.jar
[Architectury Transformer DEBUG]  - C:\Users\Aidan\.gradle\caches\modules-2\files-2.1\com.mojang\patchy\2.2.10\da05971b07cbb379d002cf7eaec6a2048211fefc\patchy-2.2.10.jar
[Architectury Transformer DEBUG]  - C:\Users\Aidan\.gradle\caches\modules-2\files-2.1\com.mojang\text2speech\1.17.9\3cad216e3a7f0c19b4b394388bc9ffc446f13b14\text2speech-1.17.9.jar
[Architectury Transformer DEBUG]  - C:\Users\Aidan\.gradle\caches\modules-2\files-2.1\commons-codec\commons-codec\1.15\49d94806b6e3dc933dacbd8acb0fdbab8ebd1e5d\commons-codec-1.15.jar
[Architectury Transformer DEBUG]  - C:\Users\Aidan\.gradle\caches\modules-2\files-2.1\commons-io\commons-io\2.11.0\a2503f302b11ebde7ebc3df41daebe0e4eea3689\commons-io-2.11.0.jar
[Architectury Transformer DEBUG]  - C:\Users\Aidan\.gradle\caches\modules-2\files-2.1\commons-logging\commons-logging\1.2\4bfc12adfe4842bf07b657f0369c4cb522955686\commons-logging-1.2.jar
[Architectury Transformer DEBUG]  - C:\Users\Aidan\.gradle\caches\modules-2\files-2.1\io.netty\netty-buffer\4.1.82.Final\a544270cf1ae8b8077082f5036436a9a9971ea71\netty-buffer-4.1.82.Final.jar
[Architectury Transformer DEBUG]  - C:\Users\Aidan\.gradle\caches\modules-2\files-2.1\io.netty\netty-codec\4.1.82.Final\b77200379acb345a9ffdece1c605e591ac3e4e0a\netty-codec-4.1.82.Final.jar
[Architectury Transformer DEBUG]  - C:\Users\Aidan\.gradle\caches\modules-2\files-2.1\io.netty\netty-common\4.1.82.Final\22d148e85c3f5ebdacc0ce1f5aabb1d420f73f3\netty-common-4.1.82.Final.jar
[Architectury Transformer DEBUG]  - C:\Users\Aidan\.gradle\caches\modules-2\files-2.1\io.netty\netty-handler\4.1.82.Final\644041d1fa96a5d3130a29e8978630d716d76e38\netty-handler-4.1.82.Final.jar
[Architectury Transformer DEBUG]  - C:\Users\Aidan\.gradle\caches\modules-2\files-2.1\io.netty\netty-resolver\4.1.82.Final\38f665ae8dcd29032eea31245ba7806bed2e0fa8\netty-resolver-4.1.82.Final.jar
[Architectury Transformer DEBUG]  - C:\Users\Aidan\.gradle\caches\modules-2\files-2.1\io.netty\netty-transport-classes-epoll\4.1.82.Final\e7c7dd18deac93105797f30057c912651ea76521\netty-transport-classes-epoll-4.1.82.Final.jar
[Architectury Transformer DEBUG]  - C:\Users\Aidan\.gradle\caches\modules-2\files-2.1\io.netty\netty-transport-native-unix-common\4.1.82.Final\3e895b35ca1b8a0eca56cacff4c2dde5d2c6abce\netty-transport-native-unix-common-4.1.82.Final.jar
[Architectury Transformer DEBUG]  - C:\Users\Aidan\.gradle\caches\modules-2\files-2.1\io.netty\netty-transport\4.1.82.Final\e431a218d91acb6476ccad5f5aafde50aa3945ca\netty-transport-4.1.82.Final.jar
[Architectury Transformer DEBUG]  - C:\Users\Aidan\.gradle\caches\modules-2\files-2.1\it.unimi.dsi\fastutil\8.5.9\bb7ea75ecdb216654237830b3a96d87ad91f8cc5\fastutil-8.5.9.jar
[Architectury Transformer DEBUG]  - C:\Users\Aidan\.gradle\caches\modules-2\files-2.1\net.java.dev.jna\jna-platform\5.12.1\97406a297c852f4a41e688a176ec675f72e8329\jna-platform-5.12.1.jar
[Architectury Transformer DEBUG]  - C:\Users\Aidan\.gradle\caches\modules-2\files-2.1\net.java.dev.jna\jna\5.12.1\b1e93a735caea94f503e95e6fe79bf9cdc1e985d\jna-5.12.1.jar
[Architectury Transformer DEBUG]  - C:\Users\Aidan\.gradle\caches\modules-2\files-2.1\net.sf.jopt-simple\jopt-simple\5.0.4\4fdac2fbe92dfad86aa6e9301736f6b4342a3f5c\jopt-simple-5.0.4.jar
[Architectury Transformer DEBUG]  - C:\Users\Aidan\.gradle\caches\modules-2\files-2.1\org.apache.commons\commons-compress\1.21\4ec95b60d4e86b5c95a0e919cb172a0af98011ef\commons-compress-1.21.jar
[Architectury Transformer DEBUG]  - C:\Users\Aidan\.gradle\caches\modules-2\files-2.1\org.apache.commons\commons-lang3\3.12.0\c6842c86792ff03b9f1d1fe2aab8dc23aa6c6f0e\commons-lang3-3.12.0.jar
[Architectury Transformer DEBUG]  - C:\Users\Aidan\.gradle\caches\modules-2\files-2.1\org.apache.httpcomponents\httpclient\4.5.13\e5f6cae5ca7ecaac1ec2827a9e2d65ae2869cada\httpclient-4.5.13.jar
[Architectury Transformer DEBUG]  - C:\Users\Aidan\.gradle\caches\modules-2\files-2.1\org.apache.httpcomponents\httpcore\4.4.15\7f2e0c573eaa7a74bac2e89b359e1f73d92a0a1d\httpcore-4.4.15.jar
[Architectury Transformer DEBUG]  - C:\Users\Aidan\.gradle\caches\modules-2\files-2.1\org.apache.logging.log4j\log4j-api\2.19.0\ea1b37f38c327596b216542bc636cfdc0b8036fa\log4j-api-2.19.0.jar
[Architectury Transformer DEBUG]  - C:\Users\Aidan\.gradle\caches\modules-2\files-2.1\org.apache.logging.log4j\log4j-core\2.19.0\3b6eeb4de4c49c0fe38a4ee27188ff5fee44d0bb\log4j-core-2.19.0.jar
[Architectury Transformer DEBUG]  - C:\Users\Aidan\.gradle\caches\modules-2\files-2.1\org.apache.logging.log4j\log4j-slf4j2-impl\2.19.0\5c04bfdd63ce9dceb2e284b81e96b6a70010ee10\log4j-slf4j2-impl-2.19.0.jar
[Architectury Transformer DEBUG]  - C:\Users\Aidan\.gradle\caches\modules-2\files-2.1\org.joml\joml\1.10.5\22566d58af70ad3d72308bab63b8339906deb649\joml-1.10.5.jar
[Architectury Transformer DEBUG]  - C:\Users\Aidan\.gradle\caches\modules-2\files-2.1\org.lwjgl\lwjgl-glfw\3.3.1\cbac1b8d30cb4795149c1ef540f912671a8616d0\lwjgl-glfw-3.3.1.jar
[Architectury Transformer DEBUG]  - C:\Users\Aidan\.gradle\caches\modules-2\files-2.1\org.lwjgl\lwjgl-jemalloc\3.3.1\a817bcf213db49f710603677457567c37d53e103\lwjgl-jemalloc-3.3.1.jar
[Architectury Transformer DEBUG]  - C:\Users\Aidan\.gradle\caches\modules-2\files-2.1\org.lwjgl\lwjgl-openal\3.3.1\2623a6b8ae1dfcd880738656a9f0243d2e6840bd\lwjgl-openal-3.3.1.jar
[Architectury Transformer DEBUG]  - C:\Users\Aidan\.gradle\caches\modules-2\files-2.1\org.lwjgl\lwjgl-opengl\3.3.1\831a5533a21a5f4f81bbc51bb13e9899319b5411\lwjgl-opengl-3.3.1.jar
[Architectury Transformer DEBUG]  - C:\Users\Aidan\.gradle\caches\modules-2\files-2.1\org.lwjgl\lwjgl-stb\3.3.1\b119297cf8ed01f247abe8685857f8e7fcf5980f\lwjgl-stb-3.3.1.jar
[Architectury Transformer DEBUG]  - C:\Users\Aidan\.gradle\caches\modules-2\files-2.1\org.lwjgl\lwjgl-tinyfd\3.3.1\ff1914111ef2e3e0110ef2dabc8d8cdaad82347\lwjgl-tinyfd-3.3.1.jar
[Architectury Transformer DEBUG]  - C:\Users\Aidan\.gradle\caches\modules-2\files-2.1\org.lwjgl\lwjgl\3.3.1\ae58664f88e18a9bb2c77b063833ca7aaec484cb\lwjgl-3.3.1.jar
[Architectury Transformer DEBUG]  - C:\Users\Aidan\.gradle\caches\modules-2\files-2.1\org.slf4j\slf4j-api\2.0.1\f48d81adce2abf5ad3cfe463df517952749e03bc\slf4j-api-2.0.1.jar
[Architectury Transformer DEBUG]  - C:\Users\Aidan\IdeaProjects\StarWarsMod\1.20.1\.gradle\loom-cache\minecraftMaven\net\minecraft\minecraft-merged-adc751d9ee\1.20.1-loom.mappings.1_20_1.layered+hash.1900676243-v2\minecraft-merged-adc751d9ee-1.20.1-loom.mappings.1_20_1.layered+hash.1900676243-v2.jar
[Architectury Transformer DEBUG]  - C:\Users\Aidan\.gradle\caches\modules-2\files-2.1\io.netty\netty-transport-native-epoll\4.1.82.Final\c7350a71920f3ae9142945e25fed4846cce53374\netty-transport-native-epoll-4.1.82.Final-linux-x86_64.jar
[Architectury Transformer DEBUG]  - C:\Users\Aidan\.gradle\caches\modules-2\files-2.1\io.netty\netty-transport-native-epoll\4.1.82.Final\476409d6255001ca53a55f65b01c13822f8dc93a\netty-transport-native-epoll-4.1.82.Final-linux-aarch_64.jar
[Architectury Transformer DEBUG]  - C:\Users\Aidan\IdeaProjects\StarWarsMod\1.20.1\.gradle\loom-cache\remapped_mods\loom_mappings_1_20_1_layered_hash_1900676243_v2\net\fabricmc\fabric-api\fabric-api\0.92.5+1.20.1\fabric-api-0.92.5+1.20.1.jar
[Architectury Transformer DEBUG]  - C:\Users\Aidan\IdeaProjects\StarWarsMod\1.20.1\.gradle\loom-cache\remapped_mods\loom_mappings_1_20_1_layered_hash_1900676243_v2\dev\architectury\architectury-fabric\9.2.14\architectury-fabric-9.2.14.jar
[Architectury Transformer DEBUG]  - C:\Users\Aidan\IdeaProjects\StarWarsMod\1.20.1\.gradle\loom-cache\remapped_mods\loom_mappings_1_20_1_layered_hash_1900676243_v2\net\fabricmc\fabric-api\fabric-transfer-api-v1\3.3.6+8dd72ea377\fabric-transfer-api-v1-3.3.6+8dd72ea377.jar
[Architectury Transformer DEBUG]  - C:\Users\Aidan\IdeaProjects\StarWarsMod\1.20.1\.gradle\loom-cache\remapped_mods\loom_mappings_1_20_1_layered_hash_1900676243_v2\net\fabricmc\fabric-api\fabric-api-lookup-api-v1\1.6.37+1802ada577\fabric-api-lookup-api-v1-1.6.37+1802ada577.jar
[Architectury Transformer DEBUG]  - C:\Users\Aidan\IdeaProjects\StarWarsMod\1.20.1\.gradle\loom-cache\remapped_mods\loom_mappings_1_20_1_layered_hash_1900676243_v2\net\fabricmc\fabric-api\fabric-blockrenderlayer-v1\1.1.42+1802ada577\fabric-blockrenderlayer-v1-1.1.42+1802ada577.jar
[Architectury Transformer DEBUG]  - C:\Users\Aidan\IdeaProjects\StarWarsMod\1.20.1\.gradle\loom-cache\remapped_mods\loom_mappings_1_20_1_layered_hash_1900676243_v2\net\fabricmc\fabric-api\fabric-client-tags-api-v1\1.1.3+1802ada577\fabric-client-tags-api-v1-1.1.3+1802ada577.jar
[Architectury Transformer DEBUG]  - C:\Users\Aidan\IdeaProjects\StarWarsMod\1.20.1\.gradle\loom-cache\remapped_mods\loom_mappings_1_20_1_layered_hash_1900676243_v2\net\fabricmc\fabric-api\fabric-command-api-v1\1.2.35+f71b366f77\fabric-command-api-v1-1.2.35+f71b366f77.jar
[Architectury Transformer DEBUG]  - C:\Users\Aidan\IdeaProjects\StarWarsMod\1.20.1\.gradle\loom-cache\remapped_mods\loom_mappings_1_20_1_layered_hash_1900676243_v2\net\fabricmc\fabric-api\fabric-commands-v0\0.2.52+df3654b377\fabric-commands-v0-0.2.52+df3654b377.jar
[Architectury Transformer DEBUG]  - C:\Users\Aidan\IdeaProjects\StarWarsMod\1.20.1\.gradle\loom-cache\remapped_mods\loom_mappings_1_20_1_layered_hash_1900676243_v2\net\fabricmc\fabric-api\fabric-command-api-v2\2.2.14+1802ada577\fabric-command-api-v2-2.2.14+1802ada577.jar
[Architectury Transformer DEBUG]  - C:\Users\Aidan\IdeaProjects\StarWarsMod\1.20.1\.gradle\loom-cache\remapped_mods\loom_mappings_1_20_1_layered_hash_1900676243_v2\net\fabricmc\fabric-api\fabric-content-registries-v0\4.0.13+1802ada577\fabric-content-registries-v0-4.0.13+1802ada577.jar
[Architectury Transformer DEBUG]  - C:\Users\Aidan\IdeaProjects\StarWarsMod\1.20.1\.gradle\loom-cache\remapped_mods\loom_mappings_1_20_1_layered_hash_1900676243_v2\net\fabricmc\fabric-api\fabric-convention-tags-v1\1.5.6+1802ada577\fabric-convention-tags-v1-1.5.6+1802ada577.jar
[Architectury Transformer DEBUG]  - C:\Users\Aidan\IdeaProjects\StarWarsMod\1.20.1\.gradle\loom-cache\remapped_mods\loom_mappings_1_20_1_layered_hash_1900676243_v2\net\fabricmc\fabric-api\fabric-data-attachment-api-v1\1.0.2+de0fd6d177\fabric-data-attachment-api-v1-1.0.2+de0fd6d177.jar
[Architectury Transformer DEBUG]  - C:\Users\Aidan\IdeaProjects\StarWarsMod\1.20.1\.gradle\loom-cache\remapped_mods\loom_mappings_1_20_1_layered_hash_1900676243_v2\net\fabricmc\fabric-api\fabric-data-generation-api-v1\12.3.6+1802ada577\fabric-data-generation-api-v1-12.3.6+1802ada577.jar
[Architectury Transformer DEBUG]  - C:\Users\Aidan\IdeaProjects\StarWarsMod\1.20.1\.gradle\loom-cache\remapped_mods\loom_mappings_1_20_1_layered_hash_1900676243_v2\net\fabricmc\fabric-api\fabric-dimensions-v1\2.1.55+1802ada577\fabric-dimensions-v1-2.1.55+1802ada577.jar
[Architectury Transformer DEBUG]  - C:\Users\Aidan\IdeaProjects\StarWarsMod\1.20.1\.gradle\loom-cache\remapped_mods\loom_mappings_1_20_1_layered_hash_1900676243_v2\net\fabricmc\fabric-api\fabric-entity-events-v1\1.6.1+1c78457f77\fabric-entity-events-v1-1.6.1+1c78457f77.jar
[Architectury Transformer DEBUG]  - C:\Users\Aidan\IdeaProjects\StarWarsMod\1.20.1\.gradle\loom-cache\remapped_mods\loom_mappings_1_20_1_layered_hash_1900676243_v2\net\fabricmc\fabric-api\fabric-events-interaction-v0\0.6.4+13a40c6677\fabric-events-interaction-v0-0.6.4+13a40c6677.jar
[Architectury Transformer DEBUG]  - C:\Users\Aidan\IdeaProjects\StarWarsMod\1.20.1\.gradle\loom-cache\remapped_mods\loom_mappings_1_20_1_layered_hash_1900676243_v2\net\fabricmc\fabric-api\fabric-gametest-api-v1\1.2.15+1802ada577\fabric-gametest-api-v1-1.2.15+1802ada577.jar
[Architectury Transformer DEBUG]  - C:\Users\Aidan\IdeaProjects\StarWarsMod\1.20.1\.gradle\loom-cache\remapped_mods\loom_mappings_1_20_1_layered_hash_1900676243_v2\net\fabricmc\fabric-api\fabric-events-lifecycle-v0\0.2.64+df3654b377\fabric-events-lifecycle-v0-0.2.64+df3654b377.jar
[Architectury Transformer DEBUG]  - C:\Users\Aidan\IdeaProjects\StarWarsMod\1.20.1\.gradle\loom-cache\remapped_mods\loom_mappings_1_20_1_layered_hash_1900676243_v2\net\fabricmc\fabric-api\fabric-item-api-v1\2.1.29+1802ada577\fabric-item-api-v1-2.1.29+1802ada577.jar
[Architectury Transformer DEBUG]  - C:\Users\Aidan\IdeaProjects\StarWarsMod\1.20.1\.gradle\loom-cache\remapped_mods\loom_mappings_1_20_1_layered_hash_1900676243_v2\net\fabricmc\fabric-api\fabric-item-group-api-v1\4.0.14+1802ada577\fabric-item-group-api-v1-4.0.14+1802ada577.jar
[Architectury Transformer DEBUG]  - C:\Users\Aidan\IdeaProjects\StarWarsMod\1.20.1\.gradle\loom-cache\remapped_mods\loom_mappings_1_20_1_layered_hash_1900676243_v2\net\fabricmc\fabric-api\fabric-mining-level-api-v1\2.1.52+1802ada577\fabric-mining-level-api-v1-2.1.52+1802ada577.jar
[Architectury Transformer DEBUG]  - C:\Users\Aidan\IdeaProjects\StarWarsMod\1.20.1\.gradle\loom-cache\remapped_mods\loom_mappings_1_20_1_layered_hash_1900676243_v2\net\fabricmc\fabric-api\fabric-lifecycle-events-v1\2.2.23+1802ada577\fabric-lifecycle-events-v1-2.2.23+1802ada577.jar
[Architectury Transformer DEBUG]  - C:\Users\Aidan\IdeaProjects\StarWarsMod\1.20.1\.gradle\loom-cache\remapped_mods\loom_mappings_1_20_1_layered_hash_1900676243_v2\net\fabricmc\fabric-api\fabric-loot-tables-v1\1.1.47+9e7660c677\fabric-loot-tables-v1-1.1.47+9e7660c677.jar
[Architectury Transformer DEBUG]  - C:\Users\Aidan\IdeaProjects\StarWarsMod\1.20.1\.gradle\loom-cache\remapped_mods\loom_mappings_1_20_1_layered_hash_1900676243_v2\net\fabricmc\fabric-api\fabric-loot-api-v2\1.2.3+1802ada577\fabric-loot-api-v2-1.2.3+1802ada577.jar
[Architectury Transformer DEBUG]  - C:\Users\Aidan\IdeaProjects\StarWarsMod\1.20.1\.gradle\loom-cache\remapped_mods\loom_mappings_1_20_1_layered_hash_1900676243_v2\net\fabricmc\fabric-api\fabric-message-api-v1\5.1.10+1802ada577\fabric-message-api-v1-5.1.10+1802ada577.jar
[Architectury Transformer DEBUG]  - C:\Users\Aidan\IdeaProjects\StarWarsMod\1.20.1\.gradle\loom-cache\remapped_mods\loom_mappings_1_20_1_layered_hash_1900676243_v2\net\fabricmc\fabric-api\fabric-models-v0\0.4.3+9386d8a777\fabric-models-v0-0.4.3+9386d8a777.jar
[Architectury Transformer DEBUG]  - C:\Users\Aidan\IdeaProjects\StarWarsMod\1.20.1\.gradle\loom-cache\remapped_mods\loom_mappings_1_20_1_layered_hash_1900676243_v2\net\fabricmc\fabric-api\fabric-model-loading-api-v1\1.0.4+1802ada577\fabric-model-loading-api-v1-1.0.4+1802ada577.jar
[Architectury Transformer DEBUG]  - C:\Users\Aidan\IdeaProjects\StarWarsMod\1.20.1\.gradle\loom-cache\remapped_mods\loom_mappings_1_20_1_layered_hash_1900676243_v2\net\fabricmc\fabric-api\fabric-recipe-api-v1\1.0.23+1802ada577\fabric-recipe-api-v1-1.0.23+1802ada577.jar
[Architectury Transformer DEBUG]  - C:\Users\Aidan\IdeaProjects\StarWarsMod\1.20.1\.gradle\loom-cache\remapped_mods\loom_mappings_1_20_1_layered_hash_1900676243_v2\net\fabricmc\fabric-api\fabric-registry-sync-v0\2.3.5+1802ada577\fabric-registry-sync-v0-2.3.5+1802ada577.jar
[Architectury Transformer DEBUG]  - C:\Users\Aidan\IdeaProjects\StarWarsMod\1.20.1\.gradle\loom-cache\remapped_mods\loom_mappings_1_20_1_layered_hash_1900676243_v2\net\fabricmc\fabric-api\fabric-screen-handler-api-v1\1.3.32+1802ada577\fabric-screen-handler-api-v1-1.3.32+1802ada577.jar
[Architectury Transformer DEBUG]  - C:\Users\Aidan\IdeaProjects\StarWarsMod\1.20.1\.gradle\loom-cache\remapped_mods\loom_mappings_1_20_1_layered_hash_1900676243_v2\net\fabricmc\fabric-api\fabric-containers-v0\0.1.66+df3654b377\fabric-containers-v0-0.1.66+df3654b377.jar
[Architectury Transformer DEBUG]  - C:\Users\Aidan\IdeaProjects\StarWarsMod\1.20.1\.gradle\loom-cache\remapped_mods\loom_mappings_1_20_1_layered_hash_1900676243_v2\net\fabricmc\fabric-api\fabric-networking-v0\0.3.53+df3654b377\fabric-networking-v0-0.3.53+df3654b377.jar
[Architectury Transformer DEBUG]  - C:\Users\Aidan\IdeaProjects\StarWarsMod\1.20.1\.gradle\loom-cache\remapped_mods\loom_mappings_1_20_1_layered_hash_1900676243_v2\net\fabricmc\fabric-api\fabric-networking-api-v1\1.3.13+13a40c6677\fabric-networking-api-v1-1.3.13+13a40c6677.jar
[Architectury Transformer DEBUG]  - C:\Users\Aidan\IdeaProjects\StarWarsMod\1.20.1\.gradle\loom-cache\remapped_mods\loom_mappings_1_20_1_layered_hash_1900676243_v2\net\fabricmc\fabric-api\fabric-object-builder-api-v1\11.1.5+e35120df77\fabric-object-builder-api-v1-11.1.5+e35120df77.jar
[Architectury Transformer DEBUG]  - C:\Users\Aidan\IdeaProjects\StarWarsMod\1.20.1\.gradle\loom-cache\remapped_mods\loom_mappings_1_20_1_layered_hash_1900676243_v2\net\fabricmc\fabric-api\fabric-particles-v1\1.1.3+1802ada577\fabric-particles-v1-1.1.3+1802ada577.jar
[Architectury Transformer DEBUG]  - C:\Users\Aidan\IdeaProjects\StarWarsMod\1.20.1\.gradle\loom-cache\remapped_mods\loom_mappings_1_20_1_layered_hash_1900676243_v2\net\fabricmc\fabric-api\fabric-renderer-indigo\1.5.3+85287f9f77\fabric-renderer-indigo-1.5.3+85287f9f77.jar
[Architectury Transformer DEBUG]  - C:\Users\Aidan\IdeaProjects\StarWarsMod\1.20.1\.gradle\loom-cache\remapped_mods\loom_mappings_1_20_1_layered_hash_1900676243_v2\net\fabricmc\fabric-api\fabric-renderer-api-v1\3.2.2+1802ada577\fabric-renderer-api-v1-3.2.2+1802ada577.jar
[Architectury Transformer DEBUG]  - C:\Users\Aidan\IdeaProjects\StarWarsMod\1.20.1\.gradle\loom-cache\remapped_mods\loom_mappings_1_20_1_layered_hash_1900676243_v2\net\fabricmc\fabric-api\fabric-rendering-fluids-v1\3.0.29+1802ada577\fabric-rendering-fluids-v1-3.0.29+1802ada577.jar
[Architectury Transformer DEBUG]  - C:\Users\Aidan\IdeaProjects\StarWarsMod\1.20.1\.gradle\loom-cache\remapped_mods\loom_mappings_1_20_1_layered_hash_1900676243_v2\net\fabricmc\fabric-api\fabric-renderer-registries-v1\3.2.47+df3654b377\fabric-renderer-registries-v1-3.2.47+df3654b377.jar
[Architectury Transformer DEBUG]  - C:\Users\Aidan\IdeaProjects\StarWarsMod\1.20.1\.gradle\loom-cache\remapped_mods\loom_mappings_1_20_1_layered_hash_1900676243_v2\net\fabricmc\fabric-api\fabric-rendering-v0\1.1.50+df3654b377\fabric-rendering-v0-1.1.50+df3654b377.jar
[Architectury Transformer DEBUG]  - C:\Users\Aidan\IdeaProjects\StarWarsMod\1.20.1\.gradle\loom-cache\remapped_mods\loom_mappings_1_20_1_layered_hash_1900676243_v2\net\fabricmc\fabric-api\fabric-rendering-v1\3.0.9+1802ada577\fabric-rendering-v1-3.0.9+1802ada577.jar
[Architectury Transformer DEBUG]  - C:\Users\Aidan\IdeaProjects\StarWarsMod\1.20.1\.gradle\loom-cache\remapped_mods\loom_mappings_1_20_1_layered_hash_1900676243_v2\net\fabricmc\fabric-api\fabric-screen-api-v1\2.0.9+1802ada577\fabric-screen-api-v1-2.0.9+1802ada577.jar
[Architectury Transformer DEBUG]  - C:\Users\Aidan\IdeaProjects\StarWarsMod\1.20.1\.gradle\loom-cache\remapped_mods\loom_mappings_1_20_1_layered_hash_1900676243_v2\net\fabricmc\fabric-api\fabric-api-base\0.4.32+1802ada577\fabric-api-base-0.4.32+1802ada577.jar
[Architectury Transformer DEBUG]  - C:\Users\Aidan\IdeaProjects\StarWarsMod\1.20.1\.gradle\loom-cache\remapped_mods\loom_mappings_1_20_1_layered_hash_1900676243_v2\net\fabricmc\fabric-api\fabric-biome-api-v1\13.0.14+1802ada577\fabric-biome-api-v1-13.0.14+1802ada577.jar
[Architectury Transformer DEBUG]  - C:\Users\Aidan\IdeaProjects\StarWarsMod\1.20.1\.gradle\loom-cache\remapped_mods\loom_mappings_1_20_1_layered_hash_1900676243_v2\net\fabricmc\fabric-api\fabric-block-api-v1\1.0.12+1802ada577\fabric-block-api-v1-1.0.12+1802ada577.jar
[Architectury Transformer DEBUG]  - C:\Users\Aidan\IdeaProjects\StarWarsMod\1.20.1\.gradle\loom-cache\remapped_mods\loom_mappings_1_20_1_layered_hash_1900676243_v2\net\fabricmc\fabric-api\fabric-rendering-data-attachment-v1\0.3.39+92a0d36777\fabric-rendering-data-attachment-v1-0.3.39+92a0d36777.jar
[Architectury Transformer DEBUG]  - C:\Users\Aidan\IdeaProjects\StarWarsMod\1.20.1\.gradle\loom-cache\remapped_mods\loom_mappings_1_20_1_layered_hash_1900676243_v2\net\fabricmc\fabric-api\fabric-block-view-api-v2\1.0.3+924f046a77\fabric-block-view-api-v2-1.0.3+924f046a77.jar
[Architectury Transformer DEBUG]  - C:\Users\Aidan\IdeaProjects\StarWarsMod\1.20.1\.gradle\loom-cache\remapped_mods\loom_mappings_1_20_1_layered_hash_1900676243_v2\net\fabricmc\fabric-api\fabric-crash-report-info-v1\0.2.20+1802ada577\fabric-crash-report-info-v1-0.2.20+1802ada577.jar
[Architectury Transformer DEBUG]  - C:\Users\Aidan\IdeaProjects\StarWarsMod\1.20.1\.gradle\loom-cache\remapped_mods\loom_mappings_1_20_1_layered_hash_1900676243_v2\net\fabricmc\fabric-api\fabric-game-rule-api-v1\1.0.41+1802ada577\fabric-game-rule-api-v1-1.0.41+1802ada577.jar
[Architectury Transformer DEBUG]  - C:\Users\Aidan\IdeaProjects\StarWarsMod\1.20.1\.gradle\loom-cache\remapped_mods\loom_mappings_1_20_1_layered_hash_1900676243_v2\net\fabricmc\fabric-api\fabric-keybindings-v0\0.2.36+df3654b377\fabric-keybindings-v0-0.2.36+df3654b377.jar
[Architectury Transformer DEBUG]  - C:\Users\Aidan\IdeaProjects\StarWarsMod\1.20.1\.gradle\loom-cache\remapped_mods\loom_mappings_1_20_1_layered_hash_1900676243_v2\net\fabricmc\fabric-api\fabric-key-binding-api-v1\1.0.38+1802ada577\fabric-key-binding-api-v1-1.0.38+1802ada577.jar
[Architectury Transformer DEBUG]  - C:\Users\Aidan\IdeaProjects\StarWarsMod\1.20.1\.gradle\loom-cache\remapped_mods\loom_mappings_1_20_1_layered_hash_1900676243_v2\net\fabricmc\fabric-api\fabric-resource-conditions-api-v1\2.3.9+1802ada577\fabric-resource-conditions-api-v1-2.3.9+1802ada577.jar
[Architectury Transformer DEBUG]  - C:\Users\Aidan\IdeaProjects\StarWarsMod\1.20.1\.gradle\loom-cache\remapped_mods\loom_mappings_1_20_1_layered_hash_1900676243_v2\net\fabricmc\fabric-api\fabric-resource-loader-v0\0.11.12+fb82e9d777\fabric-resource-loader-v0-0.11.12+fb82e9d777.jar
[Architectury Transformer DEBUG]  - C:\Users\Aidan\IdeaProjects\StarWarsMod\1.20.1\.gradle\loom-cache\remapped_mods\loom_mappings_1_20_1_layered_hash_1900676243_v2\net\fabricmc\fabric-api\fabric-sound-api-v1\1.0.14+1802ada577\fabric-sound-api-v1-1.0.14+1802ada577.jar
[Architectury Transformer DEBUG]  - C:\Users\Aidan\IdeaProjects\StarWarsMod\1.20.1\.gradle\loom-cache\remapped_mods\loom_mappings_1_20_1_layered_hash_1900676243_v2\net\fabricmc\fabric-api\fabric-transitive-access-wideners-v1\4.3.2+1802ada577\fabric-transitive-access-wideners-v1-4.3.2+1802ada577.jar
[Architectury Transformer DEBUG]  - C:\Users\Aidan\IdeaProjects\StarWarsMod\1.20.1\.gradle\loom-cache\remapped_mods\loom_mappings_1_20_1_layered_hash_1900676243_v2\mezz\jei\jei-1.20.1-fabric-api\15.20.0.106\jei-1.20.1-fabric-api-15.20.0.106.jar
[Architectury Transformer DEBUG]  - C:\Users\Aidan\IdeaProjects\StarWarsMod\1.20.1\.gradle\loom-cache\remapped_mods\loom_mappings_1_20_1_layered_hash_1900676243_v2\mezz\jei\jei-1.20.1-common-api-intermediary\15.20.0.106\jei-1.20.1-common-api-intermediary-15.20.0.106.jar
[Architectury Transformer] Read classpath in 1.318 s
[Architectury Transformer DEBUG] Closed File Systems for C:\Users\Aidan\IdeaProjects\StarWarsMod\1.20.1\common\build\devlibs\swm-common-2.1.0-dev.jar
[Architectury Transformer DEBUG] Transforming 5 transformer(s) from C:\Users\Aidan\IdeaProjects\StarWarsMod\1.20.1\common\build\devlibs\swm-common-2.1.0-dev.jar to C:\Users\Aidan\AppData\Local\Temp\2748265152002002086.jar: 
[Architectury Transformer DEBUG]  - dev.architectury.transformer.transformers.RuntimeMixinRefmapDetector@1c5d314d
[Architectury Transformer DEBUG]  - dev.architectury.transformer.transformers.GenerateFakeFabricMod@20a4511e
[Architectury Transformer DEBUG]  - dev.architectury.transformer.transformers.TransformExpectPlatform@62f6c22e
[Architectury Transformer DEBUG]  - dev.architectury.transformer.transformers.RemapInjectables@1346d3ae
[Architectury Transformer DEBUG]  - dev.architectury.transformer.transformers.TransformPlatformOnly@66645fd2
[Architectury Transformer DEBUG] Transforming from C:\Users\Aidan\IdeaProjects\StarWarsMod\1.20.1\common\build\devlibs\swm-common-2.1.0-dev.jar to C:\Users\Aidan\AppData\Local\Temp\2748265152002002086.jar with 5 transformer(s) on dev.architectury.transformer.handler.SimpleTransformerHandler
[Architectury Transformer DEBUG] Found class transformer
[Architectury Transformer DEBUG] Writing mod/syconn/swm/block/HoloProjectorBlock with maxs=true frames=true
[Architectury Transformer DEBUG] Writing mod/syconn/swm/block/TwoPartBlock with maxs=true frames=true
[Architectury Transformer DEBUG] Writing mod/syconn/swm/blockentity/HoloProjectorBlockEntity with maxs=true frames=true
[Architectury Transformer DEBUG] Writing mod/syconn/swm/blockentity/SyncedBlockEntity with maxs=true frames=true
[Architectury Transformer DEBUG] Writing mod/syconn/swm/client/ClientHooks$1 with maxs=true frames=true
[Architectury Transformer DEBUG] Writing mod/syconn/swm/client/ClientHooks with maxs=true frames=true
[Architectury Transformer DEBUG] Writing mod/syconn/swm/client/keys/KeyHandler with maxs=true frames=true
[Architectury Transformer DEBUG] Writing mod/syconn/swm/client/render/block/HoloProjectorBlockEntityRenderer with maxs=true frames=true
[Architectury Transformer DEBUG] Writing mod/syconn/swm/client/render/entity/HologramRenderer with maxs=true frames=true
[Architectury Transformer DEBUG] Writing mod/syconn/swm/client/render/entity/PlasmaRenderer with maxs=true frames=true
[Architectury Transformer DEBUG] Writing mod/syconn/swm/client/render/item/HoloProjectorItemRenderer with maxs=true frames=true
[Architectury Transformer DEBUG] Writing mod/syconn/swm/client/screen/CallMenuWidget$MenuData with maxs=true frames=true
[Architectury Transformer DEBUG] Writing mod/syconn/swm/client/screen/CallMenuWidget with maxs=true frames=true
[Architectury Transformer DEBUG] Writing mod/syconn/swm/client/screen/components/buttons/CallButton$Type with maxs=true frames=true
[Architectury Transformer DEBUG] Writing mod/syconn/swm/client/screen/components/buttons/CallButton with maxs=true frames=true
[Architectury Transformer DEBUG] Writing mod/syconn/swm/client/screen/components/buttons/ColoredLightsaberButton with maxs=true frames=true
[Architectury Transformer DEBUG] Writing mod/syconn/swm/client/screen/components/buttons/ExpandedButton with maxs=true frames=true
[Architectury Transformer DEBUG] Writing mod/syconn/swm/client/screen/components/buttons/RefreshButton$OnPress with maxs=true frames=true
[Architectury Transformer DEBUG] Writing mod/syconn/swm/client/screen/components/buttons/RefreshButton with maxs=true frames=true
[Architectury Transformer DEBUG] Writing mod/syconn/swm/client/screen/components/buttons/ToggleButton$Color with maxs=true frames=true
[Architectury Transformer DEBUG] Writing mod/syconn/swm/client/screen/components/buttons/ToggleButton$OnPress with maxs=true frames=true
[Architectury Transformer DEBUG] Writing mod/syconn/swm/client/screen/components/buttons/ToggleButton with maxs=true frames=true
[Architectury Transformer DEBUG] Writing mod/syconn/swm/client/screen/components/ColoredSliderBar with maxs=true frames=true
[Architectury Transformer DEBUG] Writing mod/syconn/swm/client/screen/components/ErrorWidget with maxs=true frames=true
[Architectury Transformer DEBUG] Writing mod/syconn/swm/client/screen/components/PlayerCountWidget with maxs=true frames=true
[Architectury Transformer DEBUG] Writing mod/syconn/swm/client/screen/components/ScrollerWidget with maxs=true frames=true
[Architectury Transformer DEBUG] Writing mod/syconn/swm/client/screen/components/SliderWidget$OnChange with maxs=true frames=true
[Architectury Transformer DEBUG] Writing mod/syconn/swm/client/screen/components/SliderWidget with maxs=true frames=true
[Architectury Transformer DEBUG] Writing mod/syconn/swm/client/screen/HologramScreen$1 with maxs=true frames=true
[Architectury Transformer DEBUG] Writing mod/syconn/swm/client/screen/HologramScreen$Page with maxs=true frames=true
[Architectury Transformer DEBUG] Writing mod/syconn/swm/client/screen/HologramScreen with maxs=true frames=true
[Architectury Transformer DEBUG] Writing mod/syconn/swm/client/StarWarsClient with maxs=true frames=true
[Architectury Transformer DEBUG] Writing mod/syconn/swm/core/ModBlockEntities with maxs=true frames=true
[Architectury Transformer DEBUG] Writing mod/syconn/swm/core/ModBlocks with maxs=true frames=true
[Architectury Transformer DEBUG] Writing mod/syconn/swm/core/ModDamageSources with maxs=true frames=true
[Architectury Transformer DEBUG] Writing mod/syconn/swm/core/ModEntities with maxs=true frames=true
[Architectury Transformer DEBUG] Writing mod/syconn/swm/core/ModItems with maxs=true frames=true
[Architectury Transformer DEBUG] Writing mod/syconn/swm/core/ModKeys with maxs=true frames=true
[Architectury Transformer DEBUG] Writing mod/syconn/swm/core/ModMenus with maxs=true frames=true
[Architectury Transformer DEBUG] Writing mod/syconn/swm/core/ModRecipes$1 with maxs=true frames=true
[Architectury Transformer DEBUG] Writing mod/syconn/swm/core/ModRecipes with maxs=true frames=true
[Architectury Transformer DEBUG] Writing mod/syconn/swm/core/ModTags with maxs=true frames=true
[Architectury Transformer DEBUG] Writing mod/syconn/swm/features/addons/LightsaberContent with maxs=true frames=true
[Architectury Transformer DEBUG] Writing mod/syconn/swm/features/blaster/client/BlasterItemRenderer with maxs=true frames=true
[Architectury Transformer DEBUG] Writing mod/syconn/swm/features/blaster/data/BlasterTag with maxs=true frames=true
[Architectury Transformer DEBUG] Writing mod/syconn/swm/features/blaster/item/BlasterItem with maxs=true frames=true
[Architectury Transformer DEBUG] Writing mod/syconn/swm/features/lightsaber/block/LightsaberWorkbenchBlock with maxs=true frames=true
[Architectury Transformer DEBUG] Writing mod/syconn/swm/features/lightsaber/blockentity/LightsaberWorkbenchBlockEntity with maxs=true frames=true
[Architectury Transformer DEBUG] Writing mod/syconn/swm/features/lightsaber/client/entity/LightsaberWorkbenchRenderer with maxs=true frames=true
[Architectury Transformer DEBUG] Writing mod/syconn/swm/features/lightsaber/client/entity/ThrownLightsaberRenderer with maxs=true frames=true
[Architectury Transformer DEBUG] Writing mod/syconn/swm/features/lightsaber/client/LightsaberItemRender with maxs=true frames=true
[Architectury Transformer DEBUG] Writing mod/syconn/swm/features/lightsaber/client/screen/LightsaberAssemblerScreen with maxs=true frames=true
[Architectury Transformer DEBUG] Writing mod/syconn/swm/features/lightsaber/client/screen/LightsaberWorkbenchScreen with maxs=true frames=true
[Architectury Transformer DEBUG] Writing mod/syconn/swm/features/lightsaber/data/LightsaberData with maxs=true frames=true
[Architectury Transformer DEBUG] Writing mod/syconn/swm/features/lightsaber/data/LightsaberTag with maxs=true frames=true
[Architectury Transformer DEBUG] Writing mod/syconn/swm/features/lightsaber/entity/ThrownLightsaber with maxs=true frames=true
[Architectury Transformer DEBUG] Writing mod/syconn/swm/features/lightsaber/item/LightsaberItem with maxs=true frames=true
[Architectury Transformer DEBUG] Writing mod/syconn/swm/features/lightsaber/network/ChangeLightsaberHSVPacket with maxs=true frames=true
[Architectury Transformer DEBUG] Writing mod/syconn/swm/features/lightsaber/network/CraftHiltPacket with maxs=true frames=true
[Architectury Transformer DEBUG] Writing mod/syconn/swm/features/lightsaber/network/ThrowLightsaberPacket with maxs=true frames=true
[Architectury Transformer DEBUG] Writing mod/syconn/swm/features/lightsaber/network/ToggleLightsaberPacket with maxs=true frames=true
[Architectury Transformer DEBUG] Writing mod/syconn/swm/features/lightsaber/server/container/LightsaberAssemblerMenu$1 with maxs=true frames=true
[Architectury Transformer DEBUG] Writing mod/syconn/swm/features/lightsaber/server/container/LightsaberAssemblerMenu with maxs=true frames=true
[Architectury Transformer DEBUG] Writing mod/syconn/swm/features/lightsaber/server/container/LightsaberWorkbenchMenu$1 with maxs=true frames=true
[Architectury Transformer DEBUG] Writing mod/syconn/swm/features/lightsaber/server/container/LightsaberWorkbenchMenu with maxs=true frames=true
[Architectury Transformer DEBUG] Writing mod/syconn/swm/integration/jei/category/LightsaberAssemblerCategory with maxs=true frames=true
[Architectury Transformer DEBUG] Writing mod/syconn/swm/integration/jei/Plugin with maxs=true frames=true
[Architectury Transformer DEBUG] Writing mod/syconn/swm/item/HoloProjectorItem with maxs=true frames=true
[Architectury Transformer DEBUG] Writing mod/syconn/swm/mixin/AbstractArrowMixin with maxs=true frames=true
[Architectury Transformer DEBUG] Writing mod/syconn/swm/mixin/HumanoidModelMixin with maxs=true frames=true
[Architectury Transformer DEBUG] Writing mod/syconn/swm/mixin/ItemInHandRendererMixin with maxs=true frames=true
[Architectury Transformer DEBUG] Writing mod/syconn/swm/mixin/ItemRendererMixin with maxs=true frames=true
[Architectury Transformer DEBUG] Writing mod/syconn/swm/mixin/ItemStackMixin with maxs=true frames=true
[Architectury Transformer DEBUG] Writing mod/syconn/swm/mixin/LevelRendererMixin with maxs=true frames=true
[Architectury Transformer DEBUG] Writing mod/syconn/swm/mixin/LivingEntityMixin with maxs=true frames=true
[Architectury Transformer DEBUG] Writing mod/syconn/swm/mixin/PlayerMixin with maxs=true frames=true
[Architectury Transformer DEBUG] Writing mod/syconn/swm/network/Network with maxs=true frames=true
[Architectury Transformer DEBUG] Writing mod/syconn/swm/network/packets/clientside/NotifyPlayerPacket with maxs=true frames=true
[Architectury Transformer DEBUG] Writing mod/syconn/swm/network/packets/clientside/RequestedHologramPacket with maxs=true frames=true
[Architectury Transformer DEBUG] Writing mod/syconn/swm/network/packets/clientside/SyncResourceDataPacket with maxs=true frames=true
[Architectury Transformer DEBUG] Writing mod/syconn/swm/network/packets/serverside/HoloCallPacket$Type with maxs=true frames=true
[Architectury Transformer DEBUG] Writing mod/syconn/swm/network/packets/serverside/HoloCallPacket with maxs=true frames=true
[Architectury Transformer DEBUG] Writing mod/syconn/swm/network/packets/serverside/RequestHologramPacket with maxs=true frames=true
[Architectury Transformer DEBUG] Writing mod/syconn/swm/server/containers/slot/SpecificSlot with maxs=true frames=true
[Architectury Transformer DEBUG] Writing mod/syconn/swm/server/recipes/LightsaberRecipe$Serializer with maxs=true frames=true
[Architectury Transformer DEBUG] Writing mod/syconn/swm/server/recipes/LightsaberRecipe with maxs=true frames=true
[Architectury Transformer DEBUG] Writing mod/syconn/swm/server/savedata/HologramNetwork$Call with maxs=true frames=true
[Architectury Transformer DEBUG] Writing mod/syconn/swm/server/savedata/HologramNetwork$Caller with maxs=true frames=true
[Architectury Transformer DEBUG] Writing mod/syconn/swm/server/savedata/HologramNetwork with maxs=true frames=true
[Architectury Transformer DEBUG] Writing mod/syconn/swm/server/StarWarsServer with maxs=true frames=true
[Architectury Transformer DEBUG] Writing mod/syconn/swm/StarWars with maxs=true frames=true
[Architectury Transformer DEBUG] Writing mod/syconn/swm/utils/block/ModBlockStateProperties with maxs=true frames=true
[Architectury Transformer DEBUG] Writing mod/syconn/swm/utils/block/TwoPart with maxs=true frames=true
[Architectury Transformer DEBUG] Writing mod/syconn/swm/utils/block/WorldPos with maxs=true frames=true
[Architectury Transformer DEBUG] Writing mod/syconn/swm/utils/client/HologramData$1 with maxs=true frames=true
[Architectury Transformer DEBUG] Writing mod/syconn/swm/utils/client/HologramData$HologramTag with maxs=true frames=true
[Architectury Transformer DEBUG] Writing mod/syconn/swm/utils/client/HologramData with maxs=true frames=true
[Architectury Transformer DEBUG] Writing mod/syconn/swm/utils/client/IngredientRenderer with maxs=true frames=true
[Architectury Transformer DEBUG] Writing mod/syconn/swm/utils/client/NodeVec3 with maxs=true frames=true
[Architectury Transformer DEBUG] Writing mod/syconn/swm/utils/client/PlasmaBuffer with maxs=true frames=true
[Architectury Transformer DEBUG] Writing mod/syconn/swm/utils/Constants with maxs=true frames=true
[Architectury Transformer DEBUG] Writing mod/syconn/swm/utils/generic/AnimationUtil with maxs=true frames=true
[Architectury Transformer DEBUG] Writing mod/syconn/swm/utils/generic/ColorUtil$1 with maxs=true frames=true
[Architectury Transformer DEBUG] Writing mod/syconn/swm/utils/generic/ColorUtil$TintMode with maxs=true frames=true
[Architectury Transformer DEBUG] Writing mod/syconn/swm/utils/generic/ColorUtil with maxs=true frames=true
[Architectury Transformer DEBUG] Writing mod/syconn/swm/utils/generic/DirectionUtil with maxs=true frames=true
[Architectury Transformer DEBUG] Writing mod/syconn/swm/utils/generic/FontUtil with maxs=true frames=true
[Architectury Transformer DEBUG] Writing mod/syconn/swm/utils/generic/GraphicsUtil with maxs=true frames=true
[Architectury Transformer DEBUG] Writing mod/syconn/swm/utils/generic/JsonUtil with maxs=true frames=true
[Architectury Transformer DEBUG] Writing mod/syconn/swm/utils/generic/ListUtil with maxs=true frames=true
[Architectury Transformer DEBUG] Writing mod/syconn/swm/utils/generic/MapUtil with maxs=true frames=true
[Architectury Transformer DEBUG] Writing mod/syconn/swm/utils/generic/MathUtil$1 with maxs=true frames=true
[Architectury Transformer DEBUG] Writing mod/syconn/swm/utils/generic/MathUtil with maxs=true frames=true
[Architectury Transformer DEBUG] Writing mod/syconn/swm/utils/generic/ModelUtil with maxs=true frames=true
[Architectury Transformer DEBUG] Writing mod/syconn/swm/utils/generic/NBTUtil with maxs=true frames=true
[Architectury Transformer DEBUG] Writing mod/syconn/swm/utils/generic/RenderUtil with maxs=true frames=true
[Architectury Transformer DEBUG] Writing mod/syconn/swm/utils/generic/ResourceUtil with maxs=true frames=true
[Architectury Transformer DEBUG] Writing mod/syconn/swm/utils/generic/StringUtil with maxs=true frames=true
[Architectury Transformer DEBUG] Writing mod/syconn/swm/utils/interfaces/IEntityBlock with maxs=true frames=true
[Architectury Transformer DEBUG] Writing mod/syconn/swm/utils/interfaces/IItemExtensions with maxs=true frames=true
[Architectury Transformer DEBUG] Writing mod/syconn/swm/utils/interfaces/IModifiedItemRenderer with maxs=true frames=true
[Architectury Transformer DEBUG] Writing mod/syconn/swm/utils/interfaces/IModifiedPoseRenderer with maxs=true frames=true
[Architectury Transformer DEBUG] Writing mod/syconn/swm/utils/interfaces/ISerializable with maxs=true frames=true
[Architectury Transformer DEBUG] Writing mod/syconn/swm/utils/interfaces/IWidgetComponent with maxs=true frames=true
[Architectury Transformer DEBUG] Writing mod/syconn/swm/utils/server/JsonResourceReloader with maxs=true frames=true
[Architectury Transformer DEBUG] Writing mod/syconn/swm/utils/server/StackedIngredient with maxs=true frames=true
[Architectury Transformer DEBUG] Writing mod/syconn/swm/utils/server/SyncedResourceManager$ISyncedData with maxs=true frames=true
[Architectury Transformer DEBUG] Writing mod/syconn/swm/utils/server/SyncedResourceManager with maxs=true frames=true
[Architectury Transformer DEBUG] Checking whether /swm-common-common-refmap.json is a mixin config.
[Architectury Transformer DEBUG] Checking whether /swm.mixins.json is a mixin config.
[Architectury Transformer DEBUG] Closed File Systems for C:\Users\Aidan\AppData\Local\Temp\2748265152002002086.jar
[Architectury Transformer] Listening at C:\Users\Aidan\IdeaProjects\StarWarsMod\1.20.1\common\build\devlibs\swm-common-2.1.0-dev.jar
[Architectury Transformer DEBUG] Temporary jar [C:\Users\Aidan\AppData\Local\Temp\2748265152002002086.jar] contains packages: mod.syconn.swm.server.savedata, mod.syconn.swm.client.screen, mod.syconn.swm.features.lightsaber.blockentity, mod.syconn.swm.features.lightsaber.data, mod.syconn.swm.server.recipes, mod.syconn.swm.features.lightsaber.network, mod.syconn.swm, mod.syconn.swm.network.packets.clientside, mod.syconn.swm.integration.jei.category, mod.syconn.swm.utils.block, mod.syconn.swm.client.render.block, mod.syconn.swm.network, mod.syconn.swm.features.addons, mod.syconn.swm.utils.interfaces, mod.syconn.swm.features.lightsaber.client.entity, mod.syconn.swm.utils.generic, mod.syconn.swm.network.packets.serverside, mod.syconn.swm.features.blaster.item, mod.syconn.swm.block, mod.syconn.swm.utils.client, mod.syconn.swm.server.containers.slot, mod.syconn.swm.integration.jei, mod.syconn.swm.features.lightsaber.entity, mod.syconn.swm.utils, mod.syconn.swm.client.render.item, mod.syconn.swm.utils.server, mod.syconn.swm.core, mod.syconn.swm.features.blaster.data, mod.syconn.swm.client.screen.components, mod.syconn.swm.mixin, mod.syconn.swm.server, mod.syconn.swm.features.lightsaber.block, mod.syconn.swm.client.keys, mod.syconn.swm.features.lightsaber.server.container, mod.syconn.swm.client.screen.components.buttons, mod.syconn.swm.features.lightsaber.item, mod.syconn.swm.features.lightsaber.client, mod.syconn.swm.blockentity, mod.syconn.swm.features.blaster.client, mod.syconn.swm.client, mod.syconn.swm.item, mod.syconn.swm.client.render.entity, mod.syconn.swm.features.lightsaber.client.screen
[Architectury Transformer DEBUG] Closed File Systems for C:\Users\Aidan\IdeaProjects\StarWarsMod\1.20.1\common\build\devlibs\swm-common-2.1.0-dev.jar
[Architectury Transformer DEBUG] Classpath entry [C:\Users\Aidan\IdeaProjects\StarWarsMod\1.20.1\fabric\build\resources\main] contains packages: 
[Architectury Transformer DEBUG] Transforming from mod/syconn/swm/StarWars.class to mod/syconn/swm/StarWars.class with 5 transformer(s) on dev.architectury.transformer.handler.TinyRemapperPreparedTransformerHandler
[Architectury Transformer DEBUG] Found class transformer
[Architectury Transformer DEBUG] Writing mod/syconn/swm/StarWars with maxs=true frames=true
[Architectury Transformer DEBUG] Transformed mod/syconn/swm/StarWars in 1.957 ms
[Architectury Transformer DEBUG] Transforming from mod/syconn/swm/core/ModBlocks.class to mod/syconn/swm/core/ModBlocks.class with 5 transformer(s) on dev.architectury.transformer.handler.TinyRemapperPreparedTransformerHandler
[Architectury Transformer DEBUG] Found class transformer
[Architectury Transformer DEBUG] Writing mod/syconn/swm/core/ModBlocks with maxs=true frames=true
[Architectury Transformer DEBUG] Transformed mod/syconn/swm/core/ModBlocks in 882.2 μs
[Architectury Transformer DEBUG] Transforming from mod/syconn/swm/features/lightsaber/block/LightsaberWorkbenchBlock.class to mod/syconn/swm/features/lightsaber/block/LightsaberWorkbenchBlock.class with 5 transformer(s) on dev.architectury.transformer.handler.TinyRemapperPreparedTransformerHandler
[Architectury Transformer DEBUG] Found class transformer
[Architectury Transformer DEBUG] Writing mod/syconn/swm/features/lightsaber/block/LightsaberWorkbenchBlock with maxs=true frames=true
[Architectury Transformer DEBUG] Transformed mod/syconn/swm/features/lightsaber/block/LightsaberWorkbenchBlock in 1.069 ms
[Architectury Transformer DEBUG] Transforming from mod/syconn/swm/utils/interfaces/IEntityBlock.class to mod/syconn/swm/utils/interfaces/IEntityBlock.class with 5 transformer(s) on dev.architectury.transformer.handler.TinyRemapperPreparedTransformerHandler
[Architectury Transformer DEBUG] Found class transformer
[Architectury Transformer DEBUG] Writing mod/syconn/swm/utils/interfaces/IEntityBlock with maxs=true frames=true
[Architectury Transformer DEBUG] Transformed mod/syconn/swm/utils/interfaces/IEntityBlock in 377.2 μs
[Architectury Transformer DEBUG] Transforming from mod/syconn/swm/block/TwoPartBlock.class to mod/syconn/swm/block/TwoPartBlock.class with 5 transformer(s) on dev.architectury.transformer.handler.TinyRemapperPreparedTransformerHandler
[Architectury Transformer DEBUG] Found class transformer
[Architectury Transformer DEBUG] Writing mod/syconn/swm/block/TwoPartBlock with maxs=true frames=true
[Architectury Transformer DEBUG] Transformed mod/syconn/swm/block/TwoPartBlock in 613.1 μs
[Architectury Transformer DEBUG] Transforming from mod/syconn/swm/features/lightsaber/blockentity/LightsaberWorkbenchBlockEntity.class to mod/syconn/swm/features/lightsaber/blockentity/LightsaberWorkbenchBlockEntity.class with 5 transformer(s) on dev.architectury.transformer.handler.TinyRemapperPreparedTransformerHandler
[Architectury Transformer DEBUG] Found class transformer
[Architectury Transformer DEBUG] Writing mod/syconn/swm/features/lightsaber/blockentity/LightsaberWorkbenchBlockEntity with maxs=true frames=true
[Architectury Transformer DEBUG] Transformed mod/syconn/swm/features/lightsaber/blockentity/LightsaberWorkbenchBlockEntity in 462.3 μs
[Architectury Transformer DEBUG] Transforming from mod/syconn/swm/blockentity/SyncedBlockEntity.class to mod/syconn/swm/blockentity/SyncedBlockEntity.class with 5 transformer(s) on dev.architectury.transformer.handler.TinyRemapperPreparedTransformerHandler
[Architectury Transformer DEBUG] Found class transformer
[Architectury Transformer DEBUG] Writing mod/syconn/swm/blockentity/SyncedBlockEntity with maxs=true frames=true
[Architectury Transformer DEBUG] Transformed mod/syconn/swm/blockentity/SyncedBlockEntity in 254.0 μs
[Architectury Transformer DEBUG] Transforming from mod/syconn/swm/core/ModItems.class to mod/syconn/swm/core/ModItems.class with 5 transformer(s) on dev.architectury.transformer.handler.TinyRemapperPreparedTransformerHandler
[Architectury Transformer DEBUG] Found class transformer
[Architectury Transformer DEBUG] Writing mod/syconn/swm/core/ModItems with maxs=true frames=true
[Architectury Transformer DEBUG] Transformed mod/syconn/swm/core/ModItems in 571.5 μs
[Architectury Transformer DEBUG] Transforming from mod/syconn/swm/features/lightsaber/item/LightsaberItem.class to mod/syconn/swm/features/lightsaber/item/LightsaberItem.class with 5 transformer(s) on dev.architectury.transformer.handler.TinyRemapperPreparedTransformerHandler
[Architectury Transformer DEBUG] Found class transformer
[Architectury Transformer DEBUG] Writing mod/syconn/swm/features/lightsaber/item/LightsaberItem with maxs=true frames=true
[Architectury Transformer DEBUG] Transformed mod/syconn/swm/features/lightsaber/item/LightsaberItem in 570.0 μs
[Architectury Transformer DEBUG] Transforming from mod/syconn/swm/utils/interfaces/IItemExtensions.class to mod/syconn/swm/utils/interfaces/IItemExtensions.class with 5 transformer(s) on dev.architectury.transformer.handler.TinyRemapperPreparedTransformerHandler
[Architectury Transformer DEBUG] Found class transformer
[Architectury Transformer DEBUG] Writing mod/syconn/swm/utils/interfaces/IItemExtensions with maxs=true frames=true
[Architectury Transformer DEBUG] Transformed mod/syconn/swm/utils/interfaces/IItemExtensions in 201.0 μs
[Architectury Transformer DEBUG] Transforming from mod/syconn/swm/features/blaster/item/BlasterItem.class to mod/syconn/swm/features/blaster/item/BlasterItem.class with 5 transformer(s) on dev.architectury.transformer.handler.TinyRemapperPreparedTransformerHandler
[Architectury Transformer DEBUG] Found class transformer
[Architectury Transformer DEBUG] Writing mod/syconn/swm/features/blaster/item/BlasterItem with maxs=true frames=true
[Architectury Transformer DEBUG] Transformed mod/syconn/swm/features/blaster/item/BlasterItem in 341.4 μs
[Architectury Transformer DEBUG] Transforming from mod/syconn/swm/block/HoloProjectorBlock.class to mod/syconn/swm/block/HoloProjectorBlock.class with 5 transformer(s) on dev.architectury.transformer.handler.TinyRemapperPreparedTransformerHandler
[Architectury Transformer DEBUG] Found class transformer
[Architectury Transformer DEBUG] Writing mod/syconn/swm/block/HoloProjectorBlock with maxs=true frames=true
[Architectury Transformer DEBUG] Transformed mod/syconn/swm/block/HoloProjectorBlock in 835.2 μs
[Architectury Transformer DEBUG] Transforming from mod/syconn/swm/blockentity/HoloProjectorBlockEntity.class to mod/syconn/swm/blockentity/HoloProjectorBlockEntity.class with 5 transformer(s) on dev.architectury.transformer.handler.TinyRemapperPreparedTransformerHandler
[Architectury Transformer DEBUG] Found class transformer
[Architectury Transformer DEBUG] Writing mod/syconn/swm/blockentity/HoloProjectorBlockEntity with maxs=true frames=true
[Architectury Transformer DEBUG] Transformed mod/syconn/swm/blockentity/HoloProjectorBlockEntity in 1.067 ms
[Architectury Transformer DEBUG] Transforming from mod/syconn/swm/item/HoloProjectorItem.class to mod/syconn/swm/item/HoloProjectorItem.class with 5 transformer(s) on dev.architectury.transformer.handler.TinyRemapperPreparedTransformerHandler
[Architectury Transformer DEBUG] Found class transformer
[Architectury Transformer DEBUG] Writing mod/syconn/swm/item/HoloProjectorItem with maxs=true frames=true
[Architectury Transformer DEBUG] Transformed mod/syconn/swm/item/HoloProjectorItem in 431.1 μs
[Architectury Transformer DEBUG] Transforming from mod/syconn/swm/utils/block/ModBlockStateProperties.class to mod/syconn/swm/utils/block/ModBlockStateProperties.class with 5 transformer(s) on dev.architectury.transformer.handler.TinyRemapperPreparedTransformerHandler
[Architectury Transformer DEBUG] Found class transformer
[Architectury Transformer DEBUG] Writing mod/syconn/swm/utils/block/ModBlockStateProperties with maxs=true frames=true
[Architectury Transformer DEBUG] Transformed mod/syconn/swm/utils/block/ModBlockStateProperties in 271.4 μs
[Architectury Transformer DEBUG] Transforming from mod/syconn/swm/utils/block/TwoPart.class to mod/syconn/swm/utils/block/TwoPart.class with 5 transformer(s) on dev.architectury.transformer.handler.TinyRemapperPreparedTransformerHandler
[Architectury Transformer DEBUG] Found class transformer
[Architectury Transformer DEBUG] Writing mod/syconn/swm/utils/block/TwoPart with maxs=true frames=true
[Architectury Transformer DEBUG] Transformed mod/syconn/swm/utils/block/TwoPart in 280.4 μs
[Architectury Transformer DEBUG] Transforming from mod/syconn/swm/core/ModBlockEntities.class to mod/syconn/swm/core/ModBlockEntities.class with 5 transformer(s) on dev.architectury.transformer.handler.TinyRemapperPreparedTransformerHandler
[Architectury Transformer DEBUG] Found class transformer
[Architectury Transformer DEBUG] Writing mod/syconn/swm/core/ModBlockEntities with maxs=true frames=true
[Architectury Transformer DEBUG] Transformed mod/syconn/swm/core/ModBlockEntities in 543.1 μs
[Architectury Transformer DEBUG] Transforming from mod/syconn/swm/core/ModEntities.class to mod/syconn/swm/core/ModEntities.class with 5 transformer(s) on dev.architectury.transformer.handler.TinyRemapperPreparedTransformerHandler
[Architectury Transformer DEBUG] Found class transformer
[Architectury Transformer DEBUG] Writing mod/syconn/swm/core/ModEntities with maxs=true frames=true
[Architectury Transformer DEBUG] Transformed mod/syconn/swm/core/ModEntities in 409.1 μs
[Architectury Transformer DEBUG] Transforming from mod/syconn/swm/features/lightsaber/entity/ThrownLightsaber.class to mod/syconn/swm/features/lightsaber/entity/ThrownLightsaber.class with 5 transformer(s) on dev.architectury.transformer.handler.TinyRemapperPreparedTransformerHandler
[Architectury Transformer DEBUG] Found class transformer
[Architectury Transformer DEBUG] Writing mod/syconn/swm/features/lightsaber/entity/ThrownLightsaber with maxs=true frames=true
[Architectury Transformer DEBUG] Transformed mod/syconn/swm/features/lightsaber/entity/ThrownLightsaber in 825.1 μs
[Architectury Transformer DEBUG] Transforming from mod/syconn/swm/core/ModMenus.class to mod/syconn/swm/core/ModMenus.class with 5 transformer(s) on dev.architectury.transformer.handler.TinyRemapperPreparedTransformerHandler
[Architectury Transformer DEBUG] Found class transformer
[Architectury Transformer DEBUG] Writing mod/syconn/swm/core/ModMenus with maxs=true frames=true
[Architectury Transformer DEBUG] Transformed mod/syconn/swm/core/ModMenus in 434.6 μs
[Architectury Transformer DEBUG] Transforming from mod/syconn/swm/features/lightsaber/server/container/LightsaberWorkbenchMenu.class to mod/syconn/swm/features/lightsaber/server/container/LightsaberWorkbenchMenu.class with 5 transformer(s) on dev.architectury.transformer.handler.TinyRemapperPreparedTransformerHandler
[Architectury Transformer DEBUG] Found class transformer
[Architectury Transformer DEBUG] Writing mod/syconn/swm/features/lightsaber/server/container/LightsaberWorkbenchMenu with maxs=true frames=true
[Architectury Transformer DEBUG] Transformed mod/syconn/swm/features/lightsaber/server/container/LightsaberWorkbenchMenu in 499.2 μs
[Architectury Transformer DEBUG] Transforming from mod/syconn/swm/server/containers/slot/SpecificSlot.class to mod/syconn/swm/server/containers/slot/SpecificSlot.class with 5 transformer(s) on dev.architectury.transformer.handler.TinyRemapperPreparedTransformerHandler
[Architectury Transformer DEBUG] Found class transformer
[Architectury Transformer DEBUG] Writing mod/syconn/swm/server/containers/slot/SpecificSlot with maxs=true frames=true
[Architectury Transformer DEBUG] Transformed mod/syconn/swm/server/containers/slot/SpecificSlot in 188.7 μs
[Architectury Transformer DEBUG] Transforming from mod/syconn/swm/features/lightsaber/server/container/LightsaberAssemblerMenu.class to mod/syconn/swm/features/lightsaber/server/container/LightsaberAssemblerMenu.class with 5 transformer(s) on dev.architectury.transformer.handler.TinyRemapperPreparedTransformerHandler
[Architectury Transformer DEBUG] Found class transformer
[Architectury Transformer DEBUG] Writing mod/syconn/swm/features/lightsaber/server/container/LightsaberAssemblerMenu with maxs=true frames=true
[Architectury Transformer DEBUG] Transformed mod/syconn/swm/features/lightsaber/server/container/LightsaberAssemblerMenu in 461.3 μs
[Architectury Transformer DEBUG] Transforming from mod/syconn/swm/core/ModRecipes.class to mod/syconn/swm/core/ModRecipes.class with 5 transformer(s) on dev.architectury.transformer.handler.TinyRemapperPreparedTransformerHandler
[Architectury Transformer DEBUG] Found class transformer
[Architectury Transformer DEBUG] Writing mod/syconn/swm/core/ModRecipes with maxs=true frames=true
[Architectury Transformer DEBUG] Transformed mod/syconn/swm/core/ModRecipes in 464.4 μs
[Architectury Transformer DEBUG] Transforming from mod/syconn/swm/server/recipes/LightsaberRecipe$Serializer.class to mod/syconn/swm/server/recipes/LightsaberRecipe$Serializer.class with 5 transformer(s) on dev.architectury.transformer.handler.TinyRemapperPreparedTransformerHandler
[Architectury Transformer DEBUG] Found class transformer
[Architectury Transformer DEBUG] Writing mod/syconn/swm/server/recipes/LightsaberRecipe$Serializer with maxs=true frames=true
[Architectury Transformer DEBUG] Transformed mod/syconn/swm/server/recipes/LightsaberRecipe$Serializer in 484.4 μs
[Architectury Transformer DEBUG] Transforming from mod/syconn/swm/core/ModRecipes$1.class to mod/syconn/swm/core/ModRecipes$1.class with 5 transformer(s) on dev.architectury.transformer.handler.TinyRemapperPreparedTransformerHandler
[Architectury Transformer DEBUG] Found class transformer
[Architectury Transformer DEBUG] Writing mod/syconn/swm/core/ModRecipes$1 with maxs=true frames=true
[Architectury Transformer DEBUG] Transformed mod/syconn/swm/core/ModRecipes$1 in 198.2 μs
[Architectury Transformer DEBUG] Transforming from mod/syconn/swm/network/Network.class to mod/syconn/swm/network/Network.class with 5 transformer(s) on dev.architectury.transformer.handler.TinyRemapperPreparedTransformerHandler
[Architectury Transformer DEBUG] Found class transformer
[Architectury Transformer DEBUG] Writing mod/syconn/swm/network/Network with maxs=true frames=true
[Architectury Transformer DEBUG] Transformed mod/syconn/swm/network/Network in 549.2 μs
[Architectury Transformer DEBUG] Transforming from mod/syconn/swm/utils/Constants.class to mod/syconn/swm/utils/Constants.class with 5 transformer(s) on dev.architectury.transformer.handler.TinyRemapperPreparedTransformerHandler
[Architectury Transformer DEBUG] Found class transformer
[Architectury Transformer DEBUG] Writing mod/syconn/swm/utils/Constants with maxs=true frames=true
[Architectury Transformer DEBUG] Transformed mod/syconn/swm/utils/Constants in 246.7 μs
[Architectury Transformer DEBUG] Transforming from mod/syconn/swm/features/lightsaber/network/ToggleLightsaberPacket.class to mod/syconn/swm/features/lightsaber/network/ToggleLightsaberPacket.class with 5 transformer(s) on dev.architectury.transformer.handler.TinyRemapperPreparedTransformerHandler
[Architectury Transformer DEBUG] Found class transformer
[Architectury Transformer DEBUG] Writing mod/syconn/swm/features/lightsaber/network/ToggleLightsaberPacket with maxs=true frames=true
[Architectury Transformer DEBUG] Transformed mod/syconn/swm/features/lightsaber/network/ToggleLightsaberPacket in 418.2 μs
[Architectury Transformer DEBUG] Transforming from mod/syconn/swm/features/lightsaber/network/ThrowLightsaberPacket.class to mod/syconn/swm/features/lightsaber/network/ThrowLightsaberPacket.class with 5 transformer(s) on dev.architectury.transformer.handler.TinyRemapperPreparedTransformerHandler
[Architectury Transformer DEBUG] Found class transformer
[Architectury Transformer DEBUG] Writing mod/syconn/swm/features/lightsaber/network/ThrowLightsaberPacket with maxs=true frames=true
[Architectury Transformer DEBUG] Transformed mod/syconn/swm/features/lightsaber/network/ThrowLightsaberPacket in 507.4 μs
[Architectury Transformer DEBUG] Transforming from mod/syconn/swm/network/packets/clientside/SyncResourceDataPacket.class to mod/syconn/swm/network/packets/clientside/SyncResourceDataPacket.class with 5 transformer(s) on dev.architectury.transformer.handler.TinyRemapperPreparedTransformerHandler
[Architectury Transformer DEBUG] Found class transformer
[Architectury Transformer DEBUG] Writing mod/syconn/swm/network/packets/clientside/SyncResourceDataPacket with maxs=true frames=true
[Architectury Transformer DEBUG] Transformed mod/syconn/swm/network/packets/clientside/SyncResourceDataPacket in 504.9 μs
[Architectury Transformer DEBUG] Transforming from mod/syconn/swm/features/lightsaber/network/ChangeLightsaberHSVPacket.class to mod/syconn/swm/features/lightsaber/network/ChangeLightsaberHSVPacket.class with 5 transformer(s) on dev.architectury.transformer.handler.TinyRemapperPreparedTransformerHandler
[Architectury Transformer DEBUG] Found class transformer
[Architectury Transformer DEBUG] Writing mod/syconn/swm/features/lightsaber/network/ChangeLightsaberHSVPacket with maxs=true frames=true
[Architectury Transformer DEBUG] Transformed mod/syconn/swm/features/lightsaber/network/ChangeLightsaberHSVPacket in 428.3 μs
[Architectury Transformer DEBUG] Transforming from mod/syconn/swm/features/lightsaber/network/CraftHiltPacket.class to mod/syconn/swm/features/lightsaber/network/CraftHiltPacket.class with 5 transformer(s) on dev.architectury.transformer.handler.TinyRemapperPreparedTransformerHandler
[Architectury Transformer DEBUG] Found class transformer
[Architectury Transformer DEBUG] Writing mod/syconn/swm/features/lightsaber/network/CraftHiltPacket with maxs=true frames=true
[Architectury Transformer DEBUG] Transformed mod/syconn/swm/features/lightsaber/network/CraftHiltPacket in 629.7 μs
[Architectury Transformer DEBUG] Transforming from mod/syconn/swm/network/packets/serverside/HoloCallPacket.class to mod/syconn/swm/network/packets/serverside/HoloCallPacket.class with 5 transformer(s) on dev.architectury.transformer.handler.TinyRemapperPreparedTransformerHandler
[Architectury Transformer DEBUG] Found class transformer
[Architectury Transformer DEBUG] Writing mod/syconn/swm/network/packets/serverside/HoloCallPacket with maxs=true frames=true
[Architectury Transformer DEBUG] Transformed mod/syconn/swm/network/packets/serverside/HoloCallPacket in 497.8 μs
[Architectury Transformer DEBUG] Transforming from mod/syconn/swm/network/packets/serverside/HoloCallPacket$Type.class to mod/syconn/swm/network/packets/serverside/HoloCallPacket$Type.class with 5 transformer(s) on dev.architectury.transformer.handler.TinyRemapperPreparedTransformerHandler
[Architectury Transformer DEBUG] Found class transformer
[Architectury Transformer DEBUG] Writing mod/syconn/swm/network/packets/serverside/HoloCallPacket$Type with maxs=true frames=true
[Architectury Transformer DEBUG] Transformed mod/syconn/swm/network/packets/serverside/HoloCallPacket$Type in 205.9 μs
[Architectury Transformer DEBUG] Transforming from mod/syconn/swm/network/packets/clientside/RequestedHologramPacket.class to mod/syconn/swm/network/packets/clientside/RequestedHologramPacket.class with 5 transformer(s) on dev.architectury.transformer.handler.TinyRemapperPreparedTransformerHandler
[Architectury Transformer DEBUG] Found class transformer
[Architectury Transformer DEBUG] Writing mod/syconn/swm/network/packets/clientside/RequestedHologramPacket with maxs=true frames=true
[Architectury Transformer DEBUG] Transformed mod/syconn/swm/network/packets/clientside/RequestedHologramPacket in 217.6 μs
[Architectury Transformer DEBUG] Transforming from mod/syconn/swm/network/packets/serverside/RequestHologramPacket.class to mod/syconn/swm/network/packets/serverside/RequestHologramPacket.class with 5 transformer(s) on dev.architectury.transformer.handler.TinyRemapperPreparedTransformerHandler
[Architectury Transformer DEBUG] Found class transformer
[Architectury Transformer DEBUG] Writing mod/syconn/swm/network/packets/serverside/RequestHologramPacket with maxs=true frames=true
[Architectury Transformer DEBUG] Transformed mod/syconn/swm/network/packets/serverside/RequestHologramPacket in 517.7 μs
[Architectury Transformer DEBUG] Transforming from mod/syconn/swm/network/packets/clientside/NotifyPlayerPacket.class to mod/syconn/swm/network/packets/clientside/NotifyPlayerPacket.class with 5 transformer(s) on dev.architectury.transformer.handler.TinyRemapperPreparedTransformerHandler
[Architectury Transformer DEBUG] Found class transformer
[Architectury Transformer DEBUG] Writing mod/syconn/swm/network/packets/clientside/NotifyPlayerPacket with maxs=true frames=true
[Architectury Transformer DEBUG] Transformed mod/syconn/swm/network/packets/clientside/NotifyPlayerPacket in 268.0 μs
[Architectury Transformer DEBUG] Transforming from mod/syconn/swm/features/addons/LightsaberContent.class to mod/syconn/swm/features/addons/LightsaberContent.class with 5 transformer(s) on dev.architectury.transformer.handler.TinyRemapperPreparedTransformerHandler
[Architectury Transformer DEBUG] Found class transformer
[Architectury Transformer DEBUG] Writing mod/syconn/swm/features/addons/LightsaberContent with maxs=true frames=true
[Architectury Transformer DEBUG] Transformed mod/syconn/swm/features/addons/LightsaberContent in 318.8 μs
[Architectury Transformer DEBUG] Transforming from mod/syconn/swm/utils/generic/ColorUtil.class to mod/syconn/swm/utils/generic/ColorUtil.class with 5 transformer(s) on dev.architectury.transformer.handler.TinyRemapperPreparedTransformerHandler
[Architectury Transformer DEBUG] Found class transformer
[Architectury Transformer DEBUG] Writing mod/syconn/swm/utils/generic/ColorUtil with maxs=true frames=true
[Architectury Transformer DEBUG] Transformed mod/syconn/swm/utils/generic/ColorUtil in 862.9 μs
[Architectury Transformer DEBUG] Transforming from mod/syconn/swm/utils/server/JsonResourceReloader.class to mod/syconn/swm/utils/server/JsonResourceReloader.class with 5 transformer(s) on dev.architectury.transformer.handler.TinyRemapperPreparedTransformerHandler
[Architectury Transformer DEBUG] Found class transformer
[Architectury Transformer DEBUG] Writing mod/syconn/swm/utils/server/JsonResourceReloader with maxs=true frames=true
[Architectury Transformer DEBUG] Transformed mod/syconn/swm/utils/server/JsonResourceReloader in 556.5 μs
[Architectury Transformer DEBUG] Transforming from mod/syconn/swm/utils/server/SyncedResourceManager$ISyncedData.class to mod/syconn/swm/utils/server/SyncedResourceManager$ISyncedData.class with 5 transformer(s) on dev.architectury.transformer.handler.TinyRemapperPreparedTransformerHandler
[Architectury Transformer DEBUG] Found class transformer
[Architectury Transformer DEBUG] Writing mod/syconn/swm/utils/server/SyncedResourceManager$ISyncedData with maxs=true frames=true
[Architectury Transformer DEBUG] Transformed mod/syconn/swm/utils/server/SyncedResourceManager$ISyncedData in 110.2 μs
[Architectury Transformer DEBUG] Transforming from mod/syconn/swm/features/lightsaber/data/LightsaberData.class to mod/syconn/swm/features/lightsaber/data/LightsaberData.class with 5 transformer(s) on dev.architectury.transformer.handler.TinyRemapperPreparedTransformerHandler
[Architectury Transformer DEBUG] Found class transformer
[Architectury Transformer DEBUG] Writing mod/syconn/swm/features/lightsaber/data/LightsaberData with maxs=true frames=true
[Architectury Transformer DEBUG] Transformed mod/syconn/swm/features/lightsaber/data/LightsaberData in 854.8 μs
[Architectury Transformer DEBUG] Transforming from mod/syconn/swm/utils/interfaces/ISerializable.class to mod/syconn/swm/utils/interfaces/ISerializable.class with 5 transformer(s) on dev.architectury.transformer.handler.TinyRemapperPreparedTransformerHandler
[Architectury Transformer DEBUG] Found class transformer
[Architectury Transformer DEBUG] Writing mod/syconn/swm/utils/interfaces/ISerializable with maxs=true frames=true
[Architectury Transformer DEBUG] Transformed mod/syconn/swm/utils/interfaces/ISerializable in 236.0 μs
[Architectury Transformer DEBUG] Transforming from mod/syconn/swm/client/StarWarsClient.class to mod/syconn/swm/client/StarWarsClient.class with 5 transformer(s) on dev.architectury.transformer.handler.TinyRemapperPreparedTransformerHandler
[Architectury Transformer DEBUG] Found class transformer
[Architectury Transformer DEBUG] Writing mod/syconn/swm/client/StarWarsClient with maxs=true frames=true
[Architectury Transformer DEBUG] Transformed mod/syconn/swm/client/StarWarsClient in 854.2 μs
[Architectury Transformer DEBUG] Transforming from mod/syconn/swm/utils/interfaces/IModifiedItemRenderer.class to mod/syconn/swm/utils/interfaces/IModifiedItemRenderer.class with 5 transformer(s) on dev.architectury.transformer.handler.TinyRemapperPreparedTransformerHandler
[Architectury Transformer DEBUG] Found class transformer
[Architectury Transformer DEBUG] Writing mod/syconn/swm/utils/interfaces/IModifiedItemRenderer with maxs=true frames=true
[Architectury Transformer DEBUG] Transformed mod/syconn/swm/utils/interfaces/IModifiedItemRenderer in 163.6 μs
[Architectury Transformer DEBUG] Transforming from mod/syconn/swm/utils/interfaces/IModifiedPoseRenderer.class to mod/syconn/swm/utils/interfaces/IModifiedPoseRenderer.class with 5 transformer(s) on dev.architectury.transformer.handler.TinyRemapperPreparedTransformerHandler
[Architectury Transformer DEBUG] Found class transformer
[Architectury Transformer DEBUG] Writing mod/syconn/swm/utils/interfaces/IModifiedPoseRenderer with maxs=true frames=true
[Architectury Transformer DEBUG] Transformed mod/syconn/swm/utils/interfaces/IModifiedPoseRenderer in 145.6 μs
[Architectury Transformer DEBUG] Transforming from mod/syconn/swm/features/lightsaber/client/LightsaberItemRender.class to mod/syconn/swm/features/lightsaber/client/LightsaberItemRender.class with 5 transformer(s) on dev.architectury.transformer.handler.TinyRemapperPreparedTransformerHandler
[Architectury Transformer DEBUG] Found class transformer
[Architectury Transformer DEBUG] Writing mod/syconn/swm/features/lightsaber/client/LightsaberItemRender with maxs=true frames=true
[Architectury Transformer DEBUG] Transformed mod/syconn/swm/features/lightsaber/client/LightsaberItemRender in 525.4 μs
[Architectury Transformer DEBUG] Transforming from mod/syconn/swm/features/blaster/client/BlasterItemRenderer.class to mod/syconn/swm/features/blaster/client/BlasterItemRenderer.class with 5 transformer(s) on dev.architectury.transformer.handler.TinyRemapperPreparedTransformerHandler
[Architectury Transformer DEBUG] Found class transformer
[Architectury Transformer DEBUG] Writing mod/syconn/swm/features/blaster/client/BlasterItemRenderer with maxs=true frames=true
[Architectury Transformer DEBUG] Transformed mod/syconn/swm/features/blaster/client/BlasterItemRenderer in 379.5 μs
[Architectury Transformer DEBUG] Transforming from mod/syconn/swm/client/render/item/HoloProjectorItemRenderer.class to mod/syconn/swm/client/render/item/HoloProjectorItemRenderer.class with 5 transformer(s) on dev.architectury.transformer.handler.TinyRemapperPreparedTransformerHandler
[Architectury Transformer DEBUG] Found class transformer
[Architectury Transformer DEBUG] Writing mod/syconn/swm/client/render/item/HoloProjectorItemRenderer with maxs=true frames=true
[Architectury Transformer DEBUG] Transformed mod/syconn/swm/client/render/item/HoloProjectorItemRenderer in 812.1 μs
[Architectury Transformer DEBUG] Transforming from mod/syconn/swm/core/ModKeys.class to mod/syconn/swm/core/ModKeys.class with 5 transformer(s) on dev.architectury.transformer.handler.TinyRemapperPreparedTransformerHandler
[Architectury Transformer DEBUG] Found class transformer
[Architectury Transformer DEBUG] Writing mod/syconn/swm/core/ModKeys with maxs=true frames=true
[Architectury Transformer DEBUG] Transformed mod/syconn/swm/core/ModKeys in 231.4 μs
[Architectury Transformer DEBUG] Transforming from mod/syconn/swm/features/lightsaber/client/entity/ThrownLightsaberRenderer.class to mod/syconn/swm/features/lightsaber/client/entity/ThrownLightsaberRenderer.class with 5 transformer(s) on dev.architectury.transformer.handler.TinyRemapperPreparedTransformerHandler
[Architectury Transformer DEBUG] Found class transformer
[Architectury Transformer DEBUG] Writing mod/syconn/swm/features/lightsaber/client/entity/ThrownLightsaberRenderer with maxs=true frames=true
[Architectury Transformer DEBUG] Transformed mod/syconn/swm/features/lightsaber/client/entity/ThrownLightsaberRenderer in 412.3 μs
[Architectury Transformer DEBUG] Transforming from mod/syconn/swm/server/StarWarsServer.class to mod/syconn/swm/server/StarWarsServer.class with 5 transformer(s) on dev.architectury.transformer.handler.TinyRemapperPreparedTransformerHandler
[Architectury Transformer DEBUG] Found class transformer
[Architectury Transformer DEBUG] Writing mod/syconn/swm/server/StarWarsServer with maxs=true frames=true
[Architectury Transformer DEBUG] Transformed mod/syconn/swm/server/StarWarsServer in 365.0 μs
[Architectury Transformer DEBUG] Transforming from mod/syconn/swm/integration/jei/Plugin.class to mod/syconn/swm/integration/jei/Plugin.class with 5 transformer(s) on dev.architectury.transformer.handler.TinyRemapperPreparedTransformerHandler
[Architectury Transformer DEBUG] Found class transformer
[Architectury Transformer DEBUG] Writing mod/syconn/swm/integration/jei/Plugin with maxs=true frames=true
[Architectury Transformer DEBUG] Transformed mod/syconn/swm/integration/jei/Plugin in 496.8 μs
[Architectury Transformer DEBUG] Transforming from mod/syconn/swm/utils/server/SyncedResourceManager.class to mod/syconn/swm/utils/server/SyncedResourceManager.class with 5 transformer(s) on dev.architectury.transformer.handler.TinyRemapperPreparedTransformerHandler
[Architectury Transformer DEBUG] Found class transformer
[Architectury Transformer DEBUG] Writing mod/syconn/swm/utils/server/SyncedResourceManager with maxs=true frames=true
[Architectury Transformer DEBUG] Transformed mod/syconn/swm/utils/server/SyncedResourceManager in 538.2 μs
[Architectury Transformer DEBUG] Transforming from mod/syconn/swm/features/lightsaber/client/entity/LightsaberWorkbenchRenderer.class to mod/syconn/swm/features/lightsaber/client/entity/LightsaberWorkbenchRenderer.class with 5 transformer(s) on dev.architectury.transformer.handler.TinyRemapperPreparedTransformerHandler
[Architectury Transformer DEBUG] Found class transformer
[Architectury Transformer DEBUG] Writing mod/syconn/swm/features/lightsaber/client/entity/LightsaberWorkbenchRenderer with maxs=true frames=true
[Architectury Transformer DEBUG] Transformed mod/syconn/swm/features/lightsaber/client/entity/LightsaberWorkbenchRenderer in 540.8 μs
[Architectury Transformer DEBUG] Transforming from mod/syconn/swm/client/render/block/HoloProjectorBlockEntityRenderer.class to mod/syconn/swm/client/render/block/HoloProjectorBlockEntityRenderer.class with 5 transformer(s) on dev.architectury.transformer.handler.TinyRemapperPreparedTransformerHandler
[Architectury Transformer DEBUG] Found class transformer
[Architectury Transformer DEBUG] Writing mod/syconn/swm/client/render/block/HoloProjectorBlockEntityRenderer with maxs=true frames=true
[Architectury Transformer DEBUG] Transformed mod/syconn/swm/client/render/block/HoloProjectorBlockEntityRenderer in 484.2 μs
[Architectury Transformer DEBUG] Transforming from mod/syconn/swm/features/lightsaber/client/screen/LightsaberWorkbenchScreen.class to mod/syconn/swm/features/lightsaber/client/screen/LightsaberWorkbenchScreen.class with 5 transformer(s) on dev.architectury.transformer.handler.TinyRemapperPreparedTransformerHandler
[Architectury Transformer DEBUG] Found class transformer
[Architectury Transformer DEBUG] Writing mod/syconn/swm/features/lightsaber/client/screen/LightsaberWorkbenchScreen with maxs=true frames=true
[Architectury Transformer DEBUG] Transformed mod/syconn/swm/features/lightsaber/client/screen/LightsaberWorkbenchScreen in 690.3 μs
[Architectury Transformer DEBUG] Transforming from mod/syconn/swm/features/lightsaber/client/screen/LightsaberAssemblerScreen.class to mod/syconn/swm/features/lightsaber/client/screen/LightsaberAssemblerScreen.class with 5 transformer(s) on dev.architectury.transformer.handler.TinyRemapperPreparedTransformerHandler
[Architectury Transformer DEBUG] Found class transformer
[Architectury Transformer DEBUG] Writing mod/syconn/swm/features/lightsaber/client/screen/LightsaberAssemblerScreen with maxs=true frames=true
[Architectury Transformer DEBUG] Transformed mod/syconn/swm/features/lightsaber/client/screen/LightsaberAssemblerScreen in 959.9 μs
[Architectury Transformer DEBUG] Transforming from mod/syconn/swm/client/keys/KeyHandler.class to mod/syconn/swm/client/keys/KeyHandler.class with 5 transformer(s) on dev.architectury.transformer.handler.TinyRemapperPreparedTransformerHandler
[Architectury Transformer DEBUG] Found class transformer
[Architectury Transformer DEBUG] Writing mod/syconn/swm/client/keys/KeyHandler with maxs=true frames=true
[Architectury Transformer DEBUG] Transformed mod/syconn/swm/client/keys/KeyHandler in 868.5 μs[Architectury Transformer DEBUG] Transforming from mod/syconn/swm/utils/server/StackedIngredient.class to mod/syconn/swm/utils/server/StackedIngredient.class with 5 transformer(s) on dev.architectury.transformer.handler.TinyRemapperPreparedTransformerHandler
[Architectury Transformer DEBUG] Found class transformer
[Architectury Transformer DEBUG] Writing mod/syconn/swm/utils/server/StackedIngredient with maxs=true frames=true
[Architectury Transformer DEBUG] Transformed mod/syconn/swm/utils/server/StackedIngredient in 1.287 ms
[Architectury Transformer DEBUG] Transforming from mod/syconn/swm/server/recipes/LightsaberRecipe.class to mod/syconn/swm/server/recipes/LightsaberRecipe.class with 5 transformer(s) on dev.architectury.transformer.handler.TinyRemapperPreparedTransformerHandler
[Architectury Transformer DEBUG] Found class transformer
[Architectury Transformer DEBUG] Writing mod/syconn/swm/server/recipes/LightsaberRecipe with maxs=true frames=true
[Architectury Transformer DEBUG] Transformed mod/syconn/swm/server/recipes/LightsaberRecipe in 810.9 μs
[Architectury Transformer DEBUG] Transforming from mod/syconn/swm/client/render/entity/PlasmaRenderer.class to mod/syconn/swm/client/render/entity/PlasmaRenderer.class with 5 transformer(s) on dev.architectury.transformer.handler.TinyRemapperPreparedTransformerHandler
[Architectury Transformer DEBUG] Found class transformer
[Architectury Transformer DEBUG] Writing mod/syconn/swm/client/render/entity/PlasmaRenderer with maxs=true frames=true
[Architectury Transformer DEBUG] Transformed mod/syconn/swm/client/render/entity/PlasmaRenderer in 1.085 ms
[Architectury Transformer DEBUG] Transforming from mod/syconn/swm/integration/jei/category/LightsaberAssemblerCategory.class to mod/syconn/swm/integration/jei/category/LightsaberAssemblerCategory.class with 5 transformer(s) on dev.architectury.transformer.handler.TinyRemapperPreparedTransformerHandler
[Architectury Transformer DEBUG] Found class transformer
[Architectury Transformer DEBUG] Writing mod/syconn/swm/integration/jei/category/LightsaberAssemblerCategory with maxs=true frames=true
[Architectury Transformer DEBUG] Transformed mod/syconn/swm/integration/jei/category/LightsaberAssemblerCategory in 769.6 μs
[Architectury Transformer DEBUG] Transforming from mod/syconn/swm/features/lightsaber/data/LightsaberTag.class to mod/syconn/swm/features/lightsaber/data/LightsaberTag.class with 5 transformer(s) on dev.architectury.transformer.handler.TinyRemapperPreparedTransformerHandler
[Architectury Transformer DEBUG] Found class transformer
[Architectury Transformer DEBUG] Writing mod/syconn/swm/features/lightsaber/data/LightsaberTag with maxs=true frames=true
[Architectury Transformer DEBUG] Transformed mod/syconn/swm/features/lightsaber/data/LightsaberTag in 1.168 ms
[Architectury Transformer DEBUG] Transforming from mod/syconn/swm/utils/client/NodeVec3.class to mod/syconn/swm/utils/client/NodeVec3.class with 5 transformer(s) on dev.architectury.transformer.handler.TinyRemapperPreparedTransformerHandler
[Architectury Transformer DEBUG] Found class transformer
[Architectury Transformer DEBUG] Writing mod/syconn/swm/utils/client/NodeVec3 with maxs=true frames=true
[Architectury Transformer DEBUG] Transformed mod/syconn/swm/utils/client/NodeVec3 in 566.4 μs
[Architectury Transformer DEBUG] Transforming from mod/syconn/swm/utils/generic/NBTUtil.class to mod/syconn/swm/utils/generic/NBTUtil.class with 5 transformer(s) on dev.architectury.transformer.handler.TinyRemapperPreparedTransformerHandler
[Architectury Transformer DEBUG] Found class transformer
[Architectury Transformer DEBUG] Writing mod/syconn/swm/utils/generic/NBTUtil with maxs=true frames=true
[Architectury Transformer DEBUG] Transformed mod/syconn/swm/utils/generic/NBTUtil in 3.378 ms
[Architectury Transformer DEBUG] Transforming from mod/syconn/swm/utils/generic/StringUtil.class to mod/syconn/swm/utils/generic/StringUtil.class with 5 transformer(s) on dev.architectury.transformer.handler.TinyRemapperPreparedTransformerHandler
[Architectury Transformer DEBUG] Found class transformer
[Architectury Transformer DEBUG] Writing mod/syconn/swm/utils/generic/StringUtil with maxs=true frames=true
[Architectury Transformer DEBUG] Transformed mod/syconn/swm/utils/generic/StringUtil in 418.2 μs
[Architectury Transformer DEBUG] Transforming from mod/syconn/swm/utils/generic/RenderUtil.class to mod/syconn/swm/utils/generic/RenderUtil.class with 5 transformer(s) on dev.architectury.transformer.handler.TinyRemapperPreparedTransformerHandler
[Architectury Transformer DEBUG] Found class transformer
[Architectury Transformer DEBUG] Writing mod/syconn/swm/utils/generic/RenderUtil with maxs=true frames=true
[Architectury Transformer DEBUG] Transformed mod/syconn/swm/utils/generic/RenderUtil in 666.8 μs
[Architectury Transformer DEBUG] Transforming from mod/syconn/swm/utils/client/HologramData$HologramTag.class to mod/syconn/swm/utils/client/HologramData$HologramTag.class with 5 transformer(s) on dev.architectury.transformer.handler.TinyRemapperPreparedTransformerHandler
[Architectury Transformer DEBUG] Found class transformer
[Architectury Transformer DEBUG] Writing mod/syconn/swm/utils/client/HologramData$HologramTag with maxs=true frames=true
[Architectury Transformer DEBUG] Transformed mod/syconn/swm/utils/client/HologramData$HologramTag in 262.5 μs
[Architectury Transformer DEBUG] Transforming from mod/syconn/swm/client/ClientHooks.class to mod/syconn/swm/client/ClientHooks.class with 5 transformer(s) on dev.architectury.transformer.handler.TinyRemapperPreparedTransformerHandler
[Architectury Transformer DEBUG] Found class transformer
[Architectury Transformer DEBUG] Writing mod/syconn/swm/client/ClientHooks with maxs=true frames=true
[Architectury Transformer DEBUG] Transformed mod/syconn/swm/client/ClientHooks in 498.2 μs
[Architectury Transformer DEBUG] Transforming from mod/syconn/swm/client/ClientHooks$1.class to mod/syconn/swm/client/ClientHooks$1.class with 5 transformer(s) on dev.architectury.transformer.handler.TinyRemapperPreparedTransformerHandler
[Architectury Transformer DEBUG] Found class transformer
[Architectury Transformer DEBUG] Writing mod/syconn/swm/client/ClientHooks$1 with maxs=true frames=true
[Architectury Transformer DEBUG] Transformed mod/syconn/swm/client/ClientHooks$1 in 184.8 μs
[Architectury Transformer DEBUG] Transforming from mod/syconn/swm/client/screen/HologramScreen.class to mod/syconn/swm/client/screen/HologramScreen.class with 5 transformer(s) on dev.architectury.transformer.handler.TinyRemapperPreparedTransformerHandler
[Architectury Transformer DEBUG] Found class transformer
[Architectury Transformer DEBUG] Writing mod/syconn/swm/client/screen/HologramScreen with maxs=true frames=true
[Architectury Transformer DEBUG] Transformed mod/syconn/swm/client/screen/HologramScreen in 687.9 μs
[Architectury Transformer DEBUG] Transforming from mod/syconn/swm/client/screen/HologramScreen$Page.class to mod/syconn/swm/client/screen/HologramScreen$Page.class with 5 transformer(s) on dev.architectury.transformer.handler.TinyRemapperPreparedTransformerHandler
[Architectury Transformer DEBUG] Found class transformer
[Architectury Transformer DEBUG] Writing mod/syconn/swm/client/screen/HologramScreen$Page with maxs=true frames=true
[Architectury Transformer DEBUG] Transformed mod/syconn/swm/client/screen/HologramScreen$Page in 185.5 μs
[Architectury Transformer DEBUG] Transforming from mod/syconn/swm/client/screen/components/buttons/ExpandedButton.class to mod/syconn/swm/client/screen/components/buttons/ExpandedButton.class with 5 transformer(s) on dev.architectury.transformer.handler.TinyRemapperPreparedTransformerHandler
[Architectury Transformer DEBUG] Found class transformer
[Architectury Transformer DEBUG] Writing mod/syconn/swm/client/screen/components/buttons/ExpandedButton with maxs=true frames=true
[Architectury Transformer DEBUG] Transformed mod/syconn/swm/client/screen/components/buttons/ExpandedButton in 218.1 μs
[Architectury Transformer DEBUG] Transforming from mod/syconn/swm/client/screen/components/ErrorWidget.class to mod/syconn/swm/client/screen/components/ErrorWidget.class with 5 transformer(s) on dev.architectury.transformer.handler.TinyRemapperPreparedTransformerHandler
[Architectury Transformer DEBUG] Found class transformer
[Architectury Transformer DEBUG] Writing mod/syconn/swm/client/screen/components/ErrorWidget with maxs=true frames=true
[Architectury Transformer DEBUG] Transformed mod/syconn/swm/client/screen/components/ErrorWidget in 214.1 μs
[Architectury Transformer DEBUG] Transforming from mod/syconn/swm/client/screen/CallMenuWidget.class to mod/syconn/swm/client/screen/CallMenuWidget.class with 5 transformer(s) on dev.architectury.transformer.handler.TinyRemapperPreparedTransformerHandler
[Architectury Transformer DEBUG] Found class transformer
[Architectury Transformer DEBUG] Writing mod/syconn/swm/client/screen/CallMenuWidget with maxs=true frames=true
[Architectury Transformer DEBUG] Transformed mod/syconn/swm/client/screen/CallMenuWidget in 1.455 ms
[Architectury Transformer DEBUG] Transforming from mod/syconn/swm/utils/interfaces/IWidgetComponent.class to mod/syconn/swm/utils/interfaces/IWidgetComponent.class with 5 transformer(s) on dev.architectury.transformer.handler.TinyRemapperPreparedTransformerHandler
[Architectury Transformer DEBUG] Found class transformer
[Architectury Transformer DEBUG] Writing mod/syconn/swm/utils/interfaces/IWidgetComponent with maxs=true frames=true
[Architectury Transformer DEBUG] Transformed mod/syconn/swm/utils/interfaces/IWidgetComponent in 153.3 μs
[Architectury Transformer DEBUG] Transforming from mod/syconn/swm/client/screen/components/buttons/CallButton.class to mod/syconn/swm/client/screen/components/buttons/CallButton.class with 5 transformer(s) on dev.architectury.transformer.handler.TinyRemapperPreparedTransformerHandler
[Architectury Transformer DEBUG] Found class transformer
[Architectury Transformer DEBUG] Writing mod/syconn/swm/client/screen/components/buttons/CallButton with maxs=true frames=true
[Architectury Transformer DEBUG] Transformed mod/syconn/swm/client/screen/components/buttons/CallButton in 266.4 μs
[Architectury Transformer DEBUG] Transforming from mod/syconn/swm/client/screen/components/buttons/ToggleButton.class to mod/syconn/swm/client/screen/components/buttons/ToggleButton.class with 5 transformer(s) on dev.architectury.transformer.handler.TinyRemapperPreparedTransformerHandler
[Architectury Transformer DEBUG] Found class transformer
[Architectury Transformer DEBUG] Writing mod/syconn/swm/client/screen/components/buttons/ToggleButton with maxs=true frames=true
[Architectury Transformer DEBUG] Transformed mod/syconn/swm/client/screen/components/buttons/ToggleButton in 180.8 μs
[Architectury Transformer DEBUG] Transforming from mod/syconn/swm/client/screen/components/PlayerCountWidget.class to mod/syconn/swm/client/screen/components/PlayerCountWidget.class with 5 transformer(s) on dev.architectury.transformer.handler.TinyRemapperPreparedTransformerHandler
[Architectury Transformer DEBUG] Found class transformer
[Architectury Transformer DEBUG] Writing mod/syconn/swm/client/screen/components/PlayerCountWidget with maxs=true frames=true
[Architectury Transformer DEBUG] Transformed mod/syconn/swm/client/screen/components/PlayerCountWidget in 158.3 μs
[Architectury Transformer DEBUG] Transforming from mod/syconn/swm/client/screen/CallMenuWidget$MenuData.class to mod/syconn/swm/client/screen/CallMenuWidget$MenuData.class with 5 transformer(s) on dev.architectury.transformer.handler.TinyRemapperPreparedTransformerHandler
[Architectury Transformer DEBUG] Found class transformer
[Architectury Transformer DEBUG] Writing mod/syconn/swm/client/screen/CallMenuWidget$MenuData with maxs=true frames=true
[Architectury Transformer DEBUG] Transformed mod/syconn/swm/client/screen/CallMenuWidget$MenuData in 212.1 μs
[Architectury Transformer DEBUG] Transforming from mod/syconn/swm/client/screen/components/buttons/ToggleButton$Color.class to mod/syconn/swm/client/screen/components/buttons/ToggleButton$Color.class with 5 transformer(s) on dev.architectury.transformer.handler.TinyRemapperPreparedTransformerHandler
[Architectury Transformer DEBUG] Found class transformer
[Architectury Transformer DEBUG] Writing mod/syconn/swm/client/screen/components/buttons/ToggleButton$Color with maxs=true frames=true
[Architectury Transformer DEBUG] Transformed mod/syconn/swm/client/screen/components/buttons/ToggleButton$Color in 174.7 μs
[Architectury Transformer DEBUG] Transforming from mod/syconn/swm/client/screen/components/buttons/ToggleButton$OnPress.class to mod/syconn/swm/client/screen/components/buttons/ToggleButton$OnPress.class with 5 transformer(s) on dev.architectury.transformer.handler.TinyRemapperPreparedTransformerHandler
[Architectury Transformer DEBUG] Found class transformer
[Architectury Transformer DEBUG] Writing mod/syconn/swm/client/screen/components/buttons/ToggleButton$OnPress with maxs=true frames=true
[Architectury Transformer DEBUG] Transformed mod/syconn/swm/client/screen/components/buttons/ToggleButton$OnPress in 148.4 μs
[Architectury Transformer DEBUG] Transforming from mod/syconn/swm/client/screen/components/buttons/CallButton$Type.class to mod/syconn/swm/client/screen/components/buttons/CallButton$Type.class with 5 transformer(s) on dev.architectury.transformer.handler.TinyRemapperPreparedTransformerHandler
[Architectury Transformer DEBUG] Found class transformer
[Architectury Transformer DEBUG] Writing mod/syconn/swm/client/screen/components/buttons/CallButton$Type with maxs=true frames=true
[Architectury Transformer DEBUG] Transformed mod/syconn/swm/client/screen/components/buttons/CallButton$Type in 186.4 μs
[Architectury Transformer DEBUG] Transforming from mod/syconn/swm/client/screen/components/ScrollerWidget.class to mod/syconn/swm/client/screen/components/ScrollerWidget.class with 5 transformer(s) on dev.architectury.transformer.handler.TinyRemapperPreparedTransformerHandler
[Architectury Transformer DEBUG] Found class transformer
[Architectury Transformer DEBUG] Writing mod/syconn/swm/client/screen/components/ScrollerWidget with maxs=true frames=true
[Architectury Transformer DEBUG] Transformed mod/syconn/swm/client/screen/components/ScrollerWidget in 350.0 μs
[Architectury Transformer DEBUG] Transforming from mod/syconn/swm/client/screen/components/buttons/RefreshButton.class to mod/syconn/swm/client/screen/components/buttons/RefreshButton.class with 5 transformer(s) on dev.architectury.transformer.handler.TinyRemapperPreparedTransformerHandler
[Architectury Transformer DEBUG] Found class transformer
[Architectury Transformer DEBUG] Writing mod/syconn/swm/client/screen/components/buttons/RefreshButton with maxs=true frames=true
[Architectury Transformer DEBUG] Transformed mod/syconn/swm/client/screen/components/buttons/RefreshButton in 240.2 μs
[Architectury Transformer DEBUG] Transforming from mod/syconn/swm/client/screen/components/buttons/RefreshButton$OnPress.class to mod/syconn/swm/client/screen/components/buttons/RefreshButton$OnPress.class with 5 transformer(s) on dev.architectury.transformer.handler.TinyRemapperPreparedTransformerHandler
[Architectury Transformer DEBUG] Found class transformer
[Architectury Transformer DEBUG] Writing mod/syconn/swm/client/screen/components/buttons/RefreshButton$OnPress with maxs=true frames=true
[Architectury Transformer DEBUG] Transformed mod/syconn/swm/client/screen/components/buttons/RefreshButton$OnPress in 142.2 μs
[Architectury Transformer DEBUG] Transforming from mod/syconn/swm/client/screen/HologramScreen$1.class to mod/syconn/swm/client/screen/HologramScreen$1.class with 5 transformer(s) on dev.architectury.transformer.handler.TinyRemapperPreparedTransformerHandler
[Architectury Transformer DEBUG] Found class transformer
[Architectury Transformer DEBUG] Writing mod/syconn/swm/client/screen/HologramScreen$1 with maxs=true frames=true
[Architectury Transformer DEBUG] Transformed mod/syconn/swm/client/screen/HologramScreen$1 in 178.1 μs
[Architectury Transformer DEBUG] Transforming from mod/syconn/swm/utils/generic/GraphicsUtil.class to mod/syconn/swm/utils/generic/GraphicsUtil.class with 5 transformer(s) on dev.architectury.transformer.handler.TinyRemapperPreparedTransformerHandler
[Architectury Transformer DEBUG] Found class transformer
[Architectury Transformer DEBUG] Writing mod/syconn/swm/utils/generic/GraphicsUtil with maxs=true frames=true
[Architectury Transformer DEBUG] Transformed mod/syconn/swm/utils/generic/GraphicsUtil in 606.3 μs
[Architectury Transformer DEBUG] Transforming from mod/syconn/swm/utils/generic/FontUtil.class to mod/syconn/swm/utils/generic/FontUtil.class with 5 transformer(s) on dev.architectury.transformer.handler.TinyRemapperPreparedTransformerHandler
[Architectury Transformer DEBUG] Found class transformer
[Architectury Transformer DEBUG] Writing mod/syconn/swm/utils/generic/FontUtil with maxs=true frames=true
[Architectury Transformer DEBUG] Transformed mod/syconn/swm/utils/generic/FontUtil in 290.4 μs
[Architectury Transformer DEBUG] Transforming from mod/syconn/swm/server/savedata/HologramNetwork.class to mod/syconn/swm/server/savedata/HologramNetwork.class with 5 transformer(s) on dev.architectury.transformer.handler.TinyRemapperPreparedTransformerHandler
[Architectury Transformer DEBUG] Found class transformer
[Architectury Transformer DEBUG] Writing mod/syconn/swm/server/savedata/HologramNetwork with maxs=true frames=true
[Architectury Transformer DEBUG] Transformed mod/syconn/swm/server/savedata/HologramNetwork in 1.516 ms
[Architectury Transformer DEBUG] Transforming from mod/syconn/swm/server/savedata/HologramNetwork$Call.class to mod/syconn/swm/server/savedata/HologramNetwork$Call.class with 5 transformer(s) on dev.architectury.transformer.handler.TinyRemapperPreparedTransformerHandler
[Architectury Transformer DEBUG] Found class transformer
[Architectury Transformer DEBUG] Writing mod/syconn/swm/server/savedata/HologramNetwork$Call with maxs=true frames=true
[Architectury Transformer DEBUG] Transformed mod/syconn/swm/server/savedata/HologramNetwork$Call in 559.0 μs
[Architectury Transformer DEBUG] Transforming from mod/syconn/swm/server/savedata/HologramNetwork$Caller.class to mod/syconn/swm/server/savedata/HologramNetwork$Caller.class with 5 transformer(s) on dev.architectury.transformer.handler.TinyRemapperPreparedTransformerHandler
[Architectury Transformer DEBUG] Found class transformer
[Architectury Transformer DEBUG] Writing mod/syconn/swm/server/savedata/HologramNetwork$Caller with maxs=true frames=true
[Architectury Transformer DEBUG] Transformed mod/syconn/swm/server/savedata/HologramNetwork$Caller in 341.7 μs
[Architectury Transformer DEBUG] Transforming from mod/syconn/swm/utils/block/WorldPos.class to mod/syconn/swm/utils/block/WorldPos.class with 5 transformer(s) on dev.architectury.transformer.handler.TinyRemapperPreparedTransformerHandler
[Architectury Transformer DEBUG] Found class transformer
[Architectury Transformer DEBUG] Writing mod/syconn/swm/utils/block/WorldPos with maxs=true frames=true
[Architectury Transformer DEBUG] Transformed mod/syconn/swm/utils/block/WorldPos in 199.3 μs
[Architectury Transformer DEBUG] Transforming from mod/syconn/swm/utils/generic/ListUtil.class to mod/syconn/swm/utils/generic/ListUtil.class with 5 transformer(s) on dev.architectury.transformer.handler.TinyRemapperPreparedTransformerHandler
[Architectury Transformer DEBUG] Found class transformer
[Architectury Transformer DEBUG] Writing mod/syconn/swm/utils/generic/ListUtil with maxs=true frames=true
[Architectury Transformer DEBUG] Transformed mod/syconn/swm/utils/generic/ListUtil in 249.1 μs
[Architectury Transformer DEBUG] Transforming from mod/syconn/swm/utils/client/HologramData.class to mod/syconn/swm/utils/client/HologramData.class with 5 transformer(s) on dev.architectury.transformer.handler.TinyRemapperPreparedTransformerHandler
[Architectury Transformer DEBUG] Found class transformer
[Architectury Transformer DEBUG] Writing mod/syconn/swm/utils/client/HologramData with maxs=true frames=true
[Architectury Transformer DEBUG] Transformed mod/syconn/swm/utils/client/HologramData in 783.1 μs
[Architectury Transformer DEBUG] Transforming from mod/syconn/swm/utils/client/HologramData$1.class to mod/syconn/swm/utils/client/HologramData$1.class with 5 transformer(s) on dev.architectury.transformer.handler.TinyRemapperPreparedTransformerHandler
[Architectury Transformer DEBUG] Found class transformer
[Architectury Transformer DEBUG] Writing mod/syconn/swm/utils/client/HologramData$1 with maxs=true frames=true
[Architectury Transformer DEBUG] Transformed mod/syconn/swm/utils/client/HologramData$1 in 115.7 μs
[Architectury Transformer DEBUG] Transforming from mod/syconn/swm/utils/generic/ResourceUtil.class to mod/syconn/swm/utils/generic/ResourceUtil.class with 5 transformer(s) on dev.architectury.transformer.handler.TinyRemapperPreparedTransformerHandler
[Architectury Transformer DEBUG] Found class transformer
[Architectury Transformer DEBUG] Writing mod/syconn/swm/utils/generic/ResourceUtil with maxs=true frames=true
[Architectury Transformer DEBUG] Transformed mod/syconn/swm/utils/generic/ResourceUtil in 284.6 μs
[Architectury Transformer DEBUG] Transforming from mod/syconn/swm/utils/generic/MathUtil.class to mod/syconn/swm/utils/generic/MathUtil.class with 5 transformer(s) on dev.architectury.transformer.handler.TinyRemapperPreparedTransformerHandler
[Architectury Transformer DEBUG] Found class transformer
[Architectury Transformer DEBUG] Writing mod/syconn/swm/utils/generic/MathUtil with maxs=true frames=true
[Architectury Transformer DEBUG] Transformed mod/syconn/swm/utils/generic/MathUtil in 350.7 μs
[Architectury Transformer DEBUG] Transforming from mod/syconn/swm/utils/generic/ColorUtil$TintMode.class to mod/syconn/swm/utils/generic/ColorUtil$TintMode.class with 5 transformer(s) on dev.architectury.transformer.handler.TinyRemapperPreparedTransformerHandler
[Architectury Transformer DEBUG] Found class transformer
[Architectury Transformer DEBUG] Writing mod/syconn/swm/utils/generic/ColorUtil$TintMode with maxs=true frames=true
[Architectury Transformer DEBUG] Transformed mod/syconn/swm/utils/generic/ColorUtil$TintMode in 200.8 μs
[Architectury Transformer DEBUG] Transforming from mod/syconn/swm/utils/generic/ColorUtil$1.class to mod/syconn/swm/utils/generic/ColorUtil$1.class with 5 transformer(s) on dev.architectury.transformer.handler.TinyRemapperPreparedTransformerHandler
[Architectury Transformer DEBUG] Found class transformer
[Architectury Transformer DEBUG] Writing mod/syconn/swm/utils/generic/ColorUtil$1 with maxs=true frames=true
[Architectury Transformer DEBUG] Transformed mod/syconn/swm/utils/generic/ColorUtil$1 in 124.7 μs
[Architectury Transformer DEBUG] Transforming from mod/syconn/swm/client/render/entity/HologramRenderer.class to mod/syconn/swm/client/render/entity/HologramRenderer.class with 5 transformer(s) on dev.architectury.transformer.handler.TinyRemapperPreparedTransformerHandler
[Architectury Transformer DEBUG] Found class transformer
[Architectury Transformer DEBUG] Writing mod/syconn/swm/client/render/entity/HologramRenderer with maxs=true frames=true
[Architectury Transformer DEBUG] Transformed mod/syconn/swm/client/render/entity/HologramRenderer in 243.7 μs
[Architectury Transformer DEBUG] Transforming from mod/syconn/swm/utils/generic/AnimationUtil.class to mod/syconn/swm/utils/generic/AnimationUtil.class with 5 transformer(s) on dev.architectury.transformer.handler.TinyRemapperPreparedTransformerHandler
[Architectury Transformer DEBUG] Found class transformer
[Architectury Transformer DEBUG] Writing mod/syconn/swm/utils/generic/AnimationUtil with maxs=true frames=true
[Architectury Transformer DEBUG] Transformed mod/syconn/swm/utils/generic/AnimationUtil in 156.1 μs
[Architectury Transformer DEBUG] Transforming from mod/syconn/swm/client/screen/components/buttons/RefreshButton.class to mod/syconn/swm/client/screen/components/buttons/RefreshButton.class with 5 transformer(s) on dev.architectury.transformer.handler.TinyRemapperPreparedTransformerHandler
[Architectury Transformer DEBUG] Found class transformer
[Architectury Transformer DEBUG] Writing mod/syconn/swm/client/screen/components/buttons/RefreshButton with maxs=true frames=true
[Architectury Transformer DEBUG] Transformed mod/syconn/swm/client/screen/components/buttons/RefreshButton in 1.592 ms
[Architectury Transformer DEBUG] Transforming from mod/syconn/swm/client/screen/components/buttons/RefreshButton$OnPress.class to mod/syconn/swm/client/screen/components/buttons/RefreshButton$OnPress.class with 5 transformer(s) on dev.architectury.transformer.handler.TinyRemapperPreparedTransformerHandler
[Architectury Transformer DEBUG] Found class transformer
[Architectury Transformer DEBUG] Writing mod/syconn/swm/client/screen/components/buttons/RefreshButton$OnPress with maxs=true frames=true
[Architectury Transformer DEBUG] Transformed mod/syconn/swm/client/screen/components/buttons/RefreshButton$OnPress in 138.5 μs
[Architectury Transformer DEBUG] Transforming from mod/syconn/swm/StarWars.class to mod/syconn/swm/StarWars.class with 5 transformer(s) on dev.architectury.transformer.handler.TinyRemapperPreparedTransformerHandler
[Architectury Transformer DEBUG] Found class transformer
[Architectury Transformer DEBUG] Writing mod/syconn/swm/StarWars with maxs=true frames=true
[Architectury Transformer DEBUG] Transformed mod/syconn/swm/StarWars in 234.5 μs
[Architectury Transformer DEBUG] Transforming from mod/syconn/swm/core/ModBlocks.class to mod/syconn/swm/core/ModBlocks.class with 5 transformer(s) on dev.architectury.transformer.handler.TinyRemapperPreparedTransformerHandler
[Architectury Transformer DEBUG] Found class transformer
[Architectury Transformer DEBUG] Writing mod/syconn/swm/core/ModBlocks with maxs=true frames=true
[Architectury Transformer DEBUG] Transformed mod/syconn/swm/core/ModBlocks in 382.7 μs
[Architectury Transformer DEBUG] Transforming from mod/syconn/swm/client/screen/HologramScreen$1.class to mod/syconn/swm/client/screen/HologramScreen$1.class with 5 transformer(s) on dev.architectury.transformer.handler.TinyRemapperPreparedTransformerHandler
[Architectury Transformer DEBUG] Found class transformer
[Architectury Transformer DEBUG] Writing mod/syconn/swm/client/screen/HologramScreen$1 wi[Architectury Transformer DEBUG] Transforming from mod/syconn/swm/utils/generic/NBTUtil.class to mod/syconn/swm/utils/generic/NBTUtil.class with 5 transformer(s) on dev.architectury.transformer.handler.TinyRemapperPreparedTransformerHandler
[Architectury Transformer DEBUG] Found class transformer
[Architectury Transformer DEBUG] Writing mod/syconn/swm/utils/generic/NBTUtil with maxs=true frames=true
[Architectury Transformer DEBUG] Transformed mod/syconn/swm/utils/generic/NBTUtil in 1.372 ms
[Architectury Transformer DEBUG] Transforming from mod/syconn/swm/core/ModBlockEntities.class to mod/syconn/swm/core/ModBlockEntities.class with 5 transformer(s) on dev.architectury.transformer.handler.TinyRemapperPreparedTransformerHandler
[Architectury Transformer DEBUG] Found class transformer
[Architectury Transformer DEBUG] Writing mod/syconn/swm/core/ModBlockEntities with maxs=true frames=true
[Architectury Transformer DEBUG] Transformed mod/syconn/swm/core/ModBlockEntities in 192.7 μs
[Architectury Transformer DEBUG] Transforming from mod/syconn/swm/utils/server/StackedIngredient.class to mod/syconn/swm/utils/server/StackedIngredient.class with 5 transformer(s) on dev.architectury.transformer.handler.TinyRemapperPreparedTransformerHandler
[Architectury Transformer DEBUG] Found class transformer
[Architectury Transformer DEBUG] Writing mod/syconn/swm/utils/server/StackedIngredient with maxs=true frames=true
[Architectury Transformer DEBUG] Transformed mod/syconn/swm/utils/server/StackedIngredient in 328.7 μs
[Architectury Transformer DEBUG] Transforming from mod/syconn/swm/utils/generic/JsonUtil.class to mod/syconn/swm/utils/generic/JsonUtil.class with 5 transformer(s) on dev.architectury.transformer.handler.TinyRemapperPreparedTransformerHandler
[Architectury Transformer DEBUG] Found class transformer
[Architectury Transformer DEBUG] Writing mod/syconn/swm/utils/generic/JsonUtil with maxs=true frames=true
[Architectury Transformer DEBUG] Transformed mod/syconn/swm/utils/generic/JsonUtil in 282.5 μs
[Architectury Transformer DEBUG] Transforming from mod/syconn/swm/blockentity/SyncedBlockEntity.class to mod/syconn/swm/blockentity/SyncedBlockEntity.class with 5 transformer(s) on dev.architectury.transformer.handler.TinyRemapperPreparedTransformerHandler
[Architectury Transformer DEBUG] Found class transformer
[Architectury Transformer DEBUG] Writing mod/syconn/swm/blockentity/SyncedBlockEntity with maxs=true frames=true
[Architectury Transformer DEBUG] Transformed mod/syconn/swm/blockentity/SyncedBlockEntity in 140.2 μs
[Architectury Transformer DEBUG] Transforming from mod/syconn/swm/server/recipes/LightsaberRecipe.class to mod/syconn/swm/server/recipes/LightsaberRecipe.class with 5 transformer(s) on dev.architectury.transformer.handler.TinyRemapperPreparedTransformerHandler
[Architectury Transformer DEBUG] Found class transformer
[Architectury Transformer DEBUG] Writing mod/syconn/swm/server/recipes/LightsaberRecipe with maxs=true frames=true
[Architectury Transformer DEBUG] Transformed mod/syconn/swm/server/recipes/LightsaberRecipe in 672.9 μs
[Architectury Transformer DEBUG] Transforming from mod/syconn/swm/features/lightsaber/blockentity/LightsaberWorkbenchBlockEntity.class to mod/syconn/swm/features/lightsaber/blockentity/LightsaberWorkbenchBlockEntity.class with 5 transformer(s) on dev.architectury.transformer.handler.TinyRemapperPreparedTransformerHandler
[Architectury Transformer DEBUG] Found class transformer
[Architectury Transformer DEBUG] Writing mod/syconn/swm/features/lightsaber/blockentity/LightsaberWorkbenchBlockEntity with maxs=true frames=true
[Architectury Transformer DEBUG] Transformed mod/syconn/swm/features/lightsaber/blockentity/LightsaberWorkbenchBlockEntity in 253.8 μs
[Architectury Transformer DEBUG] Transforming from mod/syconn/swm/blockentity/HoloProjectorBlockEntity.class to mod/syconn/swm/blockentity/HoloProjectorBlockEntity.class with 5 transformer(s) on dev.architectury.transformer.handler.TinyRemapperPreparedTransformerHandler
[Architectury Transformer DEBUG] Found class transformer
[Architectury Transformer DEBUG] Writing mod/syconn/swm/blockentity/HoloProjectorBlockEntity with maxs=true frames=true
[Architectury Transformer DEBUG] Transformed mod/syconn/swm/blockentity/HoloProjectorBlockEntity in 453.9 μs
[Architectury Transformer DEBUG] Transforming from mod/syconn/swm/core/ModEntities.class to mod/syconn/swm/core/ModEntities.class with 5 transformer(s) on dev.architectury.transformer.handler.TinyRemapperPreparedTransformerHandler
[Architectury Transformer DEBUG] Found class transformer
[Architectury Transformer DEBUG] Writing mod/syconn/swm/core/ModEntities with maxs=true frames=true
[Architectury Transformer DEBUG] Transformed mod/syconn/swm/core/ModEntities in 178.1 μs
[Architectury Transformer DEBUG] Transforming from mod/syconn/swm/features/lightsaber/entity/ThrownLightsaber.class to mod/syconn/swm/features/lightsaber/entity/ThrownLightsaber.class with 5 transformer(s) on dev.architectury.transformer.handler.TinyRemapperPreparedTransformerHandler
[Architectury Transformer DEBUG] Found class transformer
[Architectury Transformer DEBUG] Writing mod/syconn/swm/features/lightsaber/entity/ThrownLightsaber with maxs=true frames=true
[Architectury Transformer DEBUG] Transformed mod/syconn/swm/features/lightsaber/entity/ThrownLightsaber in 299.8 μs
[Architectury Transformer DEBUG] Transforming from mod/syconn/swm/features/lightsaber/data/LightsaberTag.class to mod/syconn/swm/features/lightsaber/data/LightsaberTag.class with 5 transformer(s) on dev.architectury.transformer.handler.TinyRemapperPreparedTransformerHandler
[Architectury Transformer DEBUG] Found class transformer
[Architectury Transformer DEBUG] Writing mod/syconn/swm/features/lightsaber/data/LightsaberTag with maxs=true frames=true
[Architectury Transformer DEBUG] Transformed mod/syconn/swm/features/lightsaber/data/LightsaberTag in 301.3 μs
[Architectury Transformer DEBUG] Transforming from mod/syconn/swm/utils/server/SyncedResourceManager.class to mod/syconn/swm/utils/server/SyncedResourceManager.class with 5 transformer(s) on dev.architectury.transformer.handler.TinyRemapperPreparedTransformerHandler
[Architectury Transformer DEBUG] Found class transformer
[Architectury Transformer DEBUG] Writing mod/syconn/swm/utils/server/SyncedResourceManager with maxs=true frames=true
[Architectury Transformer DEBUG] Transformed mod/syconn/swm/utils/server/SyncedResourceManager in 137.5 μs
[Architectury Transformer DEBUG] Transforming from mod/syconn/swm/core/ModMenus.class to mod/syconn/swm/core/ModMenus.class with 5 transformer(s) on dev.architectury.transformer.handler.TinyRemapperPreparedTransformerHandler
[Architectury Transformer DEBUG] Found class transformer
[Architectury Transformer DEBUG] Writing mod/syconn/swm/core/ModMenus with maxs=true frames=true
[Architectury Transformer DEBUG] Transformed mod/syconn/swm/core/ModMenus in 178.6 μs
[Architectury Transformer DEBUG] Transforming from mod/syconn/swm/client/ClientHooks.class to mod/syconn/swm/client/ClientHooks.class with 5 transformer(s) on dev.architectury.transformer.handler.TinyRemapperPreparedTransformerHandler
[Architectury Transformer DEBUG] Found class transformer
[Architectury Transformer DEBUG] Writing mod/syconn/swm/client/ClientHooks with maxs=true frames=true
[Architectury Transformer DEBUG] Transformed mod/syconn/swm/client/ClientHooks in 205.4 μs
[Architectury Transformer DEBUG] Transforming from mod/syconn/swm/features/lightsaber/server/container/LightsaberWorkbenchMenu.class to mod/syconn/swm/features/lightsaber/server/container/LightsaberWorkbenchMenu.class with 5 transformer(s) on dev.architectury.transformer.handler.TinyRemapperPreparedTransformerHandler
[Architectury Transformer DEBUG] Found class transformer
[Architectury Transformer DEBUG] Writing mod/syconn/swm/features/lightsaber/server/container/LightsaberWorkbenchMenu with maxs=true frames=true
[Architectury Transformer DEBUG] Transformed mod/syconn/swm/features/lightsaber/server/container/LightsaberWorkbenchMenu in 222.8 μs
[Architectury Transformer DEBUG] Transforming from mod/syconn/swm/utils/client/HologramData$HologramTag.class to mod/syconn/swm/utils/client/HologramData$HologramTag.class with 5 transformer(s) on dev.architectury.transformer.handler.TinyRemapperPreparedTransformerHandler
[Architectury Transformer DEBUG] Found class transformer
[Architectury Transformer DEBUG] Writing mod/syconn/swm/utils/client/HologramData$HologramTag with maxs=true frames=true
[Architectury Transformer DEBUG] Transformed mod/syconn/swm/utils/client/HologramData$HologramTag in 160.1 μs
[Architectury Transformer DEBUG] Transforming from mod/syconn/swm/client/screen/HologramScreen.class to mod/syconn/swm/client/screen/HologramScreen.class with 5 transformer(s) on dev.architectury.transformer.handler.TinyRemapperPreparedTransformerHandler
[Architectury Transformer DEBUG] Found class transformer
[Architectury Transformer DEBUG] Writing mod/syconn/swm/client/screen/HologramScreen with maxs=true frames=true
[Architectury Transformer DEBUG] Transformed mod/syconn/swm/client/screen/HologramScreen in 413.6 μs
[Architectury Transformer DEBUG] Transforming from mod/syconn/swm/client/screen/HologramScreen$Page.class to mod/syconn/swm/client/screen/HologramScreen$Page.class with 5 transformer(s) on dev.architectury.transformer.handler.TinyRemapperPreparedTransformerHandler
[Architectury Transformer DEBUG] Found class transformer
[Architectury Transformer DEBUG] Writing mod/syconn/swm/client/screen/HologramScreen$Page with maxs=true frames=true
[Architectury Transformer DEBUG] Transformed mod/syconn/swm/client/screen/HologramScreen$Page in 177.7 μs
[Architectury Transformer DEBUG] Transforming from mod/syconn/swm/client/screen/components/buttons/ExpandedButton.class to mod/syconn/swm/client/screen/components/buttons/ExpandedButton.class with 5 transformer(s) on dev.architectury.transformer.handler.TinyRemapperPreparedTransformerHandler
[Architectury Transformer DEBUG] Found class transformer
[Architectury Transformer DEBUG] Writing mod/syconn/swm/client/screen/components/buttons/ExpandedButton with maxs=true frames=true
[Architectury Transformer DEBUG] Transformed mod/syconn/swm/client/screen/components/buttons/ExpandedButton in 187.6 μs
[Architectury Transformer DEBUG] Transforming from mod/syconn/swm/client/keys/KeyHandler.class to mod/syconn/swm/client/keys/KeyHandler.class with 5 transformer(s) on dev.architectury.transformer.handler.TinyRemapperPreparedTransformerHandler
[Architectury Transformer DEBUG] Found class transformer
[Architectury Transformer DEBUG] Writing mod/syconn/swm/client/keys/KeyHandler with maxs=true frames=true
[Architectury Transformer DEBUG] Transformed mod/syconn/swm/client/keys/KeyHandler in 114.9 μs
[Architectury Transformer DEBUG] Transforming from mod/syconn/swm/client/screen/components/ErrorWidget.class to mod/syconn/swm/client/screen/components/ErrorWidget.class with 5 transformer(s) on dev.architectury.transformer.handler.TinyRemapperPreparedTransformerHandler
[Architectury Transformer DEBUG] Found class transformer
[Architectury Transformer DEBUG] Writing mod/syconn/swm/client/screen/components/ErrorWidget with maxs=true frames=true
[Architectury Transformer DEBUG] Transformed mod/syconn/swm/client/screen/components/ErrorWidget in 139.0 μs
[Architectury Transformer DEBUG] Transforming from mod/syconn/swm/utils/interfaces/IWidgetComponent.class to mod/syconn/swm/utils/interfaces/IWidgetComponent.class with 5 transformer(s) on dev.architectury.transformer.handler.TinyRemapperPreparedTransformerHandler
[Architectury Transformer DEBUG] Found class transformer
[Architectury Transformer DEBUG] Writing mod/syconn/swm/utils/interfaces/IWidgetComponent with maxs=true frames=true
[Architectury Transformer DEBUG] Transformed mod/syconn/swm/utils/interfaces/IWidgetComponent in 76.50 μs
[Architectury Transformer DEBUG] Transforming from mod/syconn/swm/client/screen/components/buttons/CallButton.class to mod/syconn/swm/client/screen/components/buttons/CallButton.class with 5 transformer(s) on dev.architectury.transformer.handler.TinyRemapperPreparedTransformerHandler
[Architectury Transformer DEBUG] Found class transformer
[Architectury Transformer DEBUG] Writing mod/syconn/swm/client/screen/components/buttons/CallButton with maxs=true frames=true
[Architectury Transformer DEBUG] Transformed mod/syconn/swm/client/screen/components/buttons/CallButton in 177.4 μs
[Architectury Transformer DEBUG] Transforming from mod/syconn/swm/client/screen/components/buttons/CallButton$Type.class to mod/syconn/swm/client/screen/components/buttons/CallButton$Type.class with 5 transformer(s) on dev.architectury.transformer.handler.TinyRemapperPreparedTransformerHandler
[Architectury Transformer DEBUG] Found class transformer
[Architectury Transformer DEBUG] Writing mod/syconn/swm/client/screen/components/buttons/CallButton$Type with maxs=true frames=true
[Architectury Transformer DEBUG] Transformed mod/syconn/swm/client/screen/components/buttons/CallButton$Type in 142.7 μs
[Architectury Transformer DEBUG] Transforming from mod/syconn/swm/features/lightsaber/server/container/LightsaberAssemblerMenu.class to mod/syconn/swm/features/lightsaber/server/container/LightsaberAssemblerMenu.class with 5 transformer(s) on dev.architectury.transformer.handler.TinyRemapperPreparedTransformerHandler
[Architectury Transformer DEBUG] Found class transformer
[Architectury Transformer DEBUG] Writing mod/syconn/swm/features/lightsaber/server/container/LightsaberAssemblerMenu with maxs=true frames=true
[Architectury Transformer DEBUG] Transformed mod/syconn/swm/features/lightsaber/server/container/LightsaberAssemblerMenu in 218.6 μs
[Architectury Transformer DEBUG] Transforming from mod/syconn/swm/client/screen/CallMenuWidget.class to mod/syconn/swm/client/screen/CallMenuWidget.class with 5 transformer(s) on dev.architectury.transformer.handler.TinyRemapperPreparedTransformerHandler
[Architectury Transformer DEBUG] Found class transformer
[Architectury Transformer DEBUG] Writing mod/syconn/swm/client/screen/CallMenuWidget with maxs=true frames=true
[Architectury Transformer DEBUG] Transformed mod/syconn/swm/client/screen/CallMenuWidget in 754.5 μs
[Architectury Transformer DEBUG] Transforming from mod/syconn/swm/core/ModRecipes.class to mod/syconn/swm/core/ModRecipes.class with 5 transformer(s) on dev.architectury.transformer.handler.TinyRemapperPreparedTransformerHandler
[Architectury Transformer DEBUG] Found class transformer
[Architectury Transformer DEBUG] Writing mod/syconn/swm/core/ModRecipes with maxs=true frames=true
[Architectury Transformer DEBUG] Transformed mod/syconn/swm/core/ModRecipes in 176.8 μs
[Architectury Transformer DEBUG] Transforming from mod/syconn/swm/server/recipes/LightsaberRecipe$Serializer.class to mod/syconn/swm/server/recipes/LightsaberRecipe$Serializer.class with 5 transformer(s) on dev.architectury.transformer.handler.TinyRemapperPreparedTransformerHandler
[Architectury Transformer DEBUG] Found class transformer
[Architectury Transformer DEBUG] Writing mod/syconn/swm/server/recipes/LightsaberRecipe$Serializer with maxs=true frames=true
[Architectury Transformer DEBUG] Transformed mod/syconn/swm/server/recipes/LightsaberRecipe$Serializer in 264.5 μs
[Architectury Transformer DEBUG] Transforming from mod/syconn/swm/client/screen/CallMenuWidget$MenuData.class to mod/syconn/swm/client/screen/CallMenuWidget$MenuData.class with 5 transformer(s) on dev.architectury.transformer.handler.TinyRemapperPreparedTransformerHandler
[Architectury Transformer DEBUG] Found class transformer
[Architectury Transformer DEBUG] Writing mod/syconn/swm/client/screen/CallMenuWidget$MenuData with maxs=true frames=true
[Architectury Transformer DEBUG] Transformed mod/syconn/swm/client/screen/CallMenuWidget$MenuData in 235.8 μs
[Architectury Transformer DEBUG] Transforming from mod/syconn/swm/core/ModRecipes$1.class to mod/syconn/swm/core/ModRecipes$1.class with 5 transformer(s) on dev.architectury.transformer.handler.TinyRemapperPreparedTransformerHandler
[Architectury Transformer DEBUG] Found class transformer
[Architectury Transformer DEBUG] Writing mod/syconn/swm/core/ModRecipes$1 with maxs=true frames=true
[Architectury Transformer DEBUG] Transformed mod/syconn/swm/core/ModRecipes$1 in 96.00 μs
[Architectury Transformer DEBUG] Transforming from mod/syconn/swm/client/screen/components/buttons/ToggleButton.class to mod/syconn/swm/client/screen/components/buttons/ToggleButton.class with 5 transformer(s) on dev.architectury.transformer.handler.TinyRemapperPreparedTransformerHandler
[Architectury Transformer DEBUG] Found class transformer
[Architectury Transformer DEBUG] Writing mod/syconn/swm/client/screen/components/buttons/ToggleButton with maxs=true frames=true
[Architectury Transformer DEBUG] Transformed mod/syconn/swm/client/screen/components/buttons/ToggleButton in 139.7 μs
[Architectury Transformer DEBUG] Transforming from mod/syconn/swm/network/Network.class to mod/syconn/swm/network/Network.class with 5 transformer(s) on dev.architectury.transformer.handler.TinyRemapperPreparedTransformerHandler
[Architectury Transformer DEBUG] Found class transformer
[Architectury Transformer DEBUG] Writing mod/syconn/swm/network/Network with maxs=true frames=true
[Architectury Transformer DEBUG] Transformed mod/syconn/swm/network/Network in 228.0 μs
[Architectury Transformer DEBUG] Transforming from mod/syconn/swm/client/screen/components/buttons/ToggleButton$Color.class to mod/syconn/swm/client/screen/components/buttons/ToggleButton$Color.class with 5 transformer(s) on dev.architectury.transformer.handler.TinyRemapperPreparedTransformerHandler
[Architectury Transformer DEBUG] Found class transformer
[Architectury Transformer DEBUG] Writing mod/syconn/swm/client/screen/components/buttons/ToggleButton$Color with maxs=true frames=true
[Architectury Transformer DEBUG] Transformed mod/syconn/swm/client/screen/components/buttons/ToggleButton$Color in 116.4 μs
[Architectury Transformer DEBUG] Transforming from mod/syconn/swm/utils/generic/DirectionUtil.class to mod/syconn/swm/utils/generic/DirectionUtil.class with 5 transformer(s) on dev.architectury.transformer.handler.TinyRemapperPreparedTransformerHandler
[Architectury Transformer DEBUG] Found class transformer
[Architectury Transformer DEBUG] Writing mod/syconn/swm/utils/generic/DirectionUtil with maxs=true frames=true
[Architectury Transformer DEBUG] Transformed mod/syconn/swm/utils/generic/DirectionUtil in 101.1 μs
[Architectury Transformer DEBUG] Transforming from mod/syconn/swm/utils/Constants.class to mod/syconn/swm/utils/Constants.class with 5 transformer(s) on dev.architectury.transformer.handler.TinyRemapperPreparedTransformerHandler
[Architectury Transformer DEBUG] Found class transformer
[Architectury Transformer DEBUG] Writing mod/syconn/swm/utils/Constants with maxs=true frames=true
[Architectury Transformer DEBUG] Transformed mod/syconn/swm/utils/Constants in 88.70 μs
[Architectury Transformer DEBUG] Transforming from mod/syconn/swm/client/screen/components/buttons/ToggleButton$OnPress.class to mod/syconn/swm/client/screen/components/buttons/ToggleButton$OnPress.class with 5 transformer(s) on dev.architectury.transformer.handler.TinyRemapperPreparedTransformerHandler
[Architectury Transformer DEBUG] Found class transformer
[Architectury Transformer DEBUG] Writing mod/syconn/swm/client/screen/components/buttons/ToggleButton$OnPress with maxs=true frames=true
[Architectury Transformer DEBUG] Transformed mod/syconn/swm/client/screen/components/buttons/ToggleButton$OnPress in 110.3 μs
[Architectury Transformer DEBUG] Transforming from mod/syconn/swm/utils/client/PlasmaBuffer.class to mod/syconn/swm/utils/client/PlasmaBuffer.class with 5 transformer(s) on dev.architectury.transformer.handler.TinyRemapperPreparedTransformerHandler
[Architectury Transformer DEBUG] Found class transformer
[Architectury Transformer DEBUG] Writing mod/syconn/swm/utils/client/PlasmaBuffer with maxs=true frames=true
[Architectury Transformer DEBUG] Transformed mod/syconn/swm/utils/client/PlasmaBuffer in 654.5 μs
[Architectury Transformer DEBUG] Transforming from mod/syconn/swm/client/screen/components/PlayerCountWidget.class to mod/syconn/swm/client/screen/components/PlayerCountWidget.class with 5 transformer(s) on dev.architectury.transformer.handler.TinyRemapperPreparedTransformerHandler
[Architectury Transformer DEBUG] Found class transformer
[Architectury Transformer DEBUG] Writing mod/syconn/swm/client/screen/components/PlayerCountWidget with maxs=true frames=true
[Architectury Transformer DEBUG] Transformed mod/syconn/swm/client/screen/components/PlayerCountWidget in 191.1 μs
[Architectury Transformer DEBUG] Transforming from mod/syconn/swm/client/screen/components/ScrollerWidget.class to mod/syconn/swm/client/screen/components/ScrollerWidget.class with 5 transformer(s) on dev.architectury.transformer.handler.TinyRemapperPreparedTransformerHandler
[Architectury Transformer DEBUG] Found class transformer
[Architectury Transformer DEBUG] Writing mod/syconn/swm/client/screen/components/ScrollerWidget with maxs=true frames=true
[Architectury Transformer DEBUG] Transformed mod/syconn/swm/client/screen/components/ScrollerWidget in 267.5 μs
[Architectury Transformer DEBUG] Transforming from mod/syconn/swm/client/screen/components/buttons/RefreshButton.class to mod/syconn/swm/client/screen/components/buttons/RefreshButton.class with 5 transformer(s) on dev.architectury.transformer.handler.TinyRemapperPreparedTransformerHandler
[Architectury Transformer DEBUG] Found class transformer
[Architectury Transformer DEBUG] Writing mod/syconn/swm/client/screen/components/buttons/RefreshButton with maxs=true frames=true
[Architectury Transformer DEBUG] Transformed mod/syconn/swm/client/screen/components/buttons/RefreshButton in 226.9 μs
[Architectury Transformer DEBUG] Transforming from mod/syconn/swm/client/screen/components/buttons/RefreshButton$OnPress.class to mod/syconn/swm/client/screen/components/buttons/RefreshButton$OnPress.class with 5 transformer(s) on dev.architectury.transformer.handler.TinyRemapperPreparedTransformerHandler
[Architectury Transformer DEBUG] Found class transformer
[Architectury Transformer DEBUG] Writing mod/syconn/swm/client/screen/components/buttons/RefreshButton$OnPress with maxs=true frames=true
[Architectury Transformer DEBUG] Transformed mod/syconn/swm/client/screen/components/buttons/RefreshButton$OnPress in 107.6 μs
[Architectury Transformer DEBUG] Transforming from mod/syconn/swm/client/screen/HologramScreen$1.class to mod/syconn/swm/client/screen/HologramScreen$1.class with 5 transformer(s) on dev.architectury.transformer.handler.TinyRemapperPreparedTransformerHandler
[Architectury Transformer DEBUG] Found class transformer
[Architectury Transformer DEBUG] Writing mod/syconn/swm/client/screen/HologramScreen$1 with maxs=true frames=true
[Architectury Transformer DEBUG] Transformed mod/syconn/swm/client/screen/HologramScreen$1 in 193.6 μs
[Architectury Transformer DEBUG] Transforming from mod/syconn/swm/utils/generic/GraphicsUtil.class to mod/syconn/swm/utils/generic/GraphicsUtil.class with 5 transformer(s) on dev.architectury.transformer.handler.TinyRemapperPreparedTransformerHandler
[Architectury Transformer DEBUG] Found class transformer
[Architectury Transformer DEBUG] Writing mod/syconn/swm/utils/generic/GraphicsUtil with maxs=true frames=true
[Architectury Transformer DEBUG] Transformed mod/syconn/swm/utils/generic/GraphicsUtil in 590.1 μs
[Architectury Transformer DEBUG] Transforming from mod/syconn/swm/utils/generic/FontUtil.class to mod/syconn/swm/utils/generic/FontUtil.class with 5 transformer(s) on dev.architectury.transformer.handler.TinyRemapperPreparedTransformerHandler
[Architectury Transformer DEBUG] Found class transformer
[Architectury Transformer DEBUG] Writing mod/syconn/swm/utils/generic/FontUtil with maxs=true frames=true
[Architectury Transformer DEBUG] Transformed mod/syconn/swm/utils/generic/FontUtil in 153.1 μs
[Architectury Transformer DEBUG] Transforming from mod/syconn/swm/server/savedata/HologramNetwork.class to mod/syconn/swm/server/savedata/HologramNetwork.class with 5 transformer(s) on dev.architectury.transformer.handler.TinyRemapperPreparedTransformerHandler
[Architectury Transformer DEBUG] Found class transformer
[Architectury Transformer DEBUG] Writing mod/syconn/swm/server/savedata/HologramNetwork with maxs=true frames=true
[Architectury Transformer DEBUG] Transformed mod/syconn/swm/server/savedata/HologramNetwork in 863.2 μs
[Architectury Transformer DEBUG] Transforming from mod/syconn/swm/server/savedata/HologramNetwork$Caller.class to mod/syconn/swm/server/savedata/HologramNetwork$Caller.class with 5 transformer(s) on dev.architectury.transformer.handler.TinyRemapperPreparedTransformerHandler
[Architectury Transformer DEBUG] Found class transformer
[Architectury Transformer DEBUG] Writing mod/syconn/swm/server/savedata/HologramNetwork$Caller with maxs=true frames=true
[Architectury Transformer DEBUG] Transformed mod/syconn/swm/server/savedata/HologramNetwork$Caller in 342.2 μs
[Architectury Transformer DEBUG] Transforming from mod/syconn/swm/features/lightsaber/network/ThrowLightsaberPacket.class to mod/syconn/swm/features/lightsaber/network/ThrowLightsaberPacket.class with 5 transformer(s) on dev.architectury.transformer.handler.TinyRemapperPreparedTransformerHandler
[Architectury Transformer DEBUG] Found class transformer
[Architectury Transformer DEBUG] Writing mod/syconn/swm/features/lightsaber/network/ThrowLightsaberPacket with maxs=true frames=true
[Architectury Transformer DEBUG] Transformed mod/syconn/swm/features/lightsaber/network/ThrowLightsaberPacket in 141.9 μs
[Architectury Transformer DEBUG] Transforming from mod/syconn/swm/features/lightsaber/client/entity/LightsaberWorkbenchRenderer.class to mod/syconn/swm/features/lightsaber/client/entity/LightsaberWorkbenchRenderer.class with 5 transformer(s) on dev.architectury.transformer.handler.TinyRemapperPreparedTransformerHandler
[Architectury Transformer DEBUG] Found class transformer
[Architectury Transformer DEBUG] Writing mod/syconn/swm/features/lightsaber/client/entity/LightsaberWorkbenchRenderer with maxs=true frames=true
[Architectury Transformer DEBUG] Transformed mod/syconn/swm/features/lightsaber/client/entity/LightsaberWorkbenchRenderer in 175.0 μs
[Architectury Transformer DEBUG] Transforming from mod/syconn/swm/utils/block/WorldPos.class to mod/syconn/swm/utils/block/WorldPos.class with 5 transformer(s) on dev.architectury.transformer.handler.TinyRemapperPreparedTransformerHandler
[Architectury Transformer DEBUG] Found class transformer
[Architectury Transformer DEBUG] Writing mod/syconn/swm/utils/block/WorldPos with maxs=true frames=true
[Architectury Transformer DEBUG] Transformed mod/syconn/swm/utils/block/WorldPos in 169.6 μs
[Architectury Transformer DEBUG] Transforming from mod/syconn/swm/network/packets/clientside/SyncResourceDataPacket.class to mod/syconn/swm/network/packets/clientside/SyncResourceDataPacket.class with 5 transformer(s) on dev.architectury.transformer.handler.TinyRemapperPreparedTransformerHandler
[Architectury Transformer DEBUG] Found class transformer
[Architectury Transformer DEBUG] Writing mod/syconn/swm/network/packets/clientside/SyncResourceDataPacket with maxs=true frames=true
[Architectury Transformer DEBUG] Transformed mod/syconn/swm/network/packets/clientside/SyncResourceDataPacket in 168.5 μs
[Architectury Transformer DEBUG] Transforming from mod/syconn/swm/client/render/block/HoloProjectorBlockEntityRenderer.class to mod/syconn/swm/client/render/block/HoloProjectorBlockEntityRenderer.class with 5 transformer(s) on dev.architectury.transformer.handler.TinyRemapperPreparedTransformerHandler
[Architectury Transformer DEBUG] Found class transformer
[Architectury Transformer DEBUG] Writing mod/syconn/swm/client/render/block/HoloProjectorBlockEntityRenderer with maxs=true frames=true
[Architectury Transformer DEBUG] Transformed mod/syconn/swm/client/render/block/HoloProjectorBlockEntityRenderer in 213.5 μs
[Architectury Transformer DEBUG] Transforming from mod/syconn/swm/features/lightsaber/network/CraftHiltPacket.class to mod/syconn/swm/features/lightsaber/network/CraftHiltPacket.class with 5 transformer(s) on dev.architectury.transformer.handler.TinyRemapperPreparedTransformerHandler
[Architectury Transformer DEBUG] Found class transformer
[Architectury Transformer DEBUG] Writing mod/syconn/swm/features/lightsaber/network/CraftHiltPacket with maxs=true frames=true
[Architectury Transformer DEBUG] Transformed mod/syconn/swm/features/lightsaber/network/CraftHiltPacket in 205.5 μs
[Architectury Transformer DEBUG] Transforming from mod/syconn/swm/utils/generic/MapUtil.class to mod/syconn/swm/utils/generic/MapUtil.class with 5 transformer(s) on dev.architectury.transformer.handler.TinyRemapperPreparedTransformerHandler
[Architectury Transformer DEBUG] Found class transformer
[Architectury Transformer DEBUG] Writing mod/syconn/swm/utils/generic/MapUtil with maxs=true frames=true
[Architectury Transformer DEBUG] Transformed mod/syconn/swm/utils/generic/MapUtil in 215.9 μs
[Architectury Transformer DEBUG] Transforming from mod/syconn/swm/network/packets/serverside/HoloCallPacket.class to mod/syconn/swm/network/packets/serverside/HoloCallPacket.class with 5 transformer(s) on dev.architectury.transformer.handler.TinyRemapperPreparedTransformerHandler
[Architectury Transformer DEBUG] Found class transformer
[Architectury Transformer DEBUG] Writing mod/syconn/swm/network/packets/serverside/HoloCallPacket with maxs=true frames=true
[Architectury Transformer DEBUG] Transformed mod/syconn/swm/network/packets/serverside/HoloCallPacket in 207.8 μs
[Architectury Transformer DEBUG] Transforming from mod/syconn/swm/utils/generic/ListUtil.class to mod/syconn/swm/utils/generic/ListUtil.class with 5 transformer(s) on dev.architectury.transformer.handler.TinyRemapperPreparedTransformerHandler
[Architectury Transformer DEBUG] Found class transformer
[Architectury Transformer DEBUG] Writing mod/syconn/swm/utils/generic/ListUtil with maxs=true frames=true
[Architectury Transformer DEBUG] Transformed mod/syconn/swm/utils/generic/ListUtil in 180.7 μs
[Architectury Transformer DEBUG] Transforming from mod/syconn/swm/network/packets/serverside/HoloCallPacket$Type.class to mod/syconn/swm/network/packets/serverside/HoloCallPacket$Type.class with 5 transformer(s) on dev.architectury.transformer.handler.TinyRemapperPreparedTransformerHandler
[Architectury Transformer DEBUG] Found class transformer
[Architectury Transformer DEBUG] Writing mod/syconn/swm/network/packets/serverside/HoloCallPacket$Type with maxs=true frames=true
[Architectury Transformer DEBUG] Transformed mod/syconn/swm/network/packets/serverside/HoloCallPacket$Type in 116.2 μs
[Architectury Transformer DEBUG] Transforming from mod/syconn/swm/network/packets/clientside/RequestedHologramPacket.class to mod/syconn/swm/network/packets/clientside/RequestedHologramPacket.class with 5 transformer(s) on dev.architectury.transformer.handler.TinyRemapperPreparedTransformerHandler
[Architectury Transformer DEBUG] Found class transformer
[Architectury Transformer DEBUG] Writing mod/syconn/swm/network/packets/clientside/RequestedHologramPacket with maxs=true frames=true
[Architectury Transformer DEBUG] Transformed mod/syconn/swm/network/packets/clientside/RequestedHologramPacket in 123.6 μs
[Architectury Transformer DEBUG] Transforming from mod/syconn/swm/features/lightsaber/client/screen/LightsaberWorkbenchScreen.class to mod/syconn/swm/features/lightsaber/client/screen/LightsaberWorkbenchScreen.class with 5 transformer(s) on dev.architectury.transformer.handler.TinyRemapperPreparedTransformerHandler
[Architectury Transformer DEBUG] Found class transformer
[Architectury Transformer DEBUG] Writing mod/syconn/swm/features/lightsaber/client/screen/LightsaberWorkbenchScreen with maxs=true frames=true
[Architectury Transformer DEBUG] Transformed mod/syconn/swm/features/lightsaber/client/screen/LightsaberWorkbenchScreen in 355.0 μs
[Architectury Transformer DEBUG] Transforming from mod/syconn/swm/network/packets/serverside/RequestHologramPacket.class to mod/syconn/swm/network/packets/serverside/RequestHologramPacket.class with 5 transformer(s) on dev.architectury.transformer.handler.TinyRemapperPreparedTransformerHandler
[Architectury Transformer DEBUG] Found class transformer
[Architectury Transformer DEBUG] Writing mod/syconn/swm/network/packets/serverside/RequestHologramPacket with maxs=true frames=true
[Architectury Transformer DEBUG] Transformed mod/syconn/swm/network/packets/serverside/RequestHologramPacket in 136.5 μs
[Architectury Transformer DEBUG] Transforming from mod/syconn/swm/network/packets/clientside/NotifyPlayerPacket.class to mod/syconn/swm/network/packets/clientside/NotifyPlayerPacket.class with 5 transformer(s) on dev.architectury.transformer.handler.TinyRemapperPreparedTransformerHandler
[Architectury Transformer DEBUG] Found class transformer
[Architectury Transformer DEBUG] Writing mod/syconn/swm/network/packets/clientside/NotifyPlayerPacket with maxs=true frames=true
[Architectury Transformer DEBUG] Transformed mod/syconn/swm/network/packets/clientside/NotifyPlayerPacket in 118.7 μs
[Architectury Transformer DEBUG] Transforming from mod/syconn/swm/features/addons/LightsaberContent.class to mod/syconn/swm/features/addons/LightsaberContent.class with 5 transformer(s) on dev.architectury.transformer.handler.TinyRemapperPreparedTransformerHandler
[Architectury Transformer DEBUG] Found class transformer
[Architectury Transformer DEBUG] Writing mod/syconn/swm/features/addons/LightsaberContent with maxs=true frames=true
[Architectury Transformer DEBUG] Transformed mod/syconn/swm/features/addons/LightsaberContent in 196.1 μs
[Architectury Transformer DEBUG] Transforming from mod/syconn/swm/utils/generic/ColorUtil.class to mod/syconn/swm/utils/generic/ColorUtil.class with 5 transformer(s) on dev.architectury.transformer.handler.TinyRemapperPreparedTransformerHandler
[Architectury Transformer DEBUG] Found class transformer
[Architectury Transformer DEBUG] Writing mod/syconn/swm/utils/generic/ColorUtil with maxs=true frames=true
[Architectury Transformer DEBUG] Transformed mod/syconn/swm/utils/generic/ColorUtil in 323.8 μs
[Architectury Transformer DEBUG] Transforming from mod/syconn/swm/utils/server/JsonResourceReloader.class to mod/syconn/swm/utils/server/JsonResourceReloader.class with 5 transformer(s) on dev.architectury.transformer.handler.TinyRemapperPreparedTransformerHandler
[Architectury Transformer DEBUG] Found class transformer
[Architectury Transformer DEBUG] Writing mod/syconn/swm/utils/server/JsonResourceReloader with maxs=true frames=true
[Architectury Transformer DEBUG] Transformed mod/syconn/swm/utils/server/JsonResourceReloader in 301.2 μs
[Architectury Transformer DEBUG] Transforming from mod/syconn/swm/utils/interfaces/ISerializable.class to mod/syconn/swm/utils/interfaces/ISerializable.class with 5 transformer(s) on dev.architectury.transformer.handler.TinyRemapperPreparedTransformerHandler
[Architectury Transformer DEBUG] Found class transformer
[Architectury Transformer DEBUG] Writing mod/syconn/swm/utils/interfaces/ISerializable with maxs=true frames=true
[Architectury Transformer DEBUG] Transformed mod/syconn/swm/utils/interfaces/ISerializable in 81.10 μs
[Architectury Transformer DEBUG] Transforming from mod/syconn/swm/features/lightsaber/data/LightsaberData.class to mod/syconn/swm/features/lightsaber/data/LightsaberData.class with 5 transformer(s) on dev.architectury.transformer.handler.TinyRemapperPreparedTransformerHandler
[Architectury Transformer DEBUG] Found class transformer
[Architectury Transformer DEBUG] Writing mod/syconn/swm/features/lightsaber/data/LightsaberData with maxs=true frames=true
[Architectury Transformer DEBUG] Transformed mod/syconn/swm/features/lightsaber/data/LightsaberData in 408.8 μs
[Architectury Transformer DEBUG] Transforming from mod/syconn/swm/client/StarWarsClient.class to mod/syconn/swm/client/StarWarsClient.class with 5 transformer(s) on dev.architectury.transformer.handler.TinyRemapperPreparedTransformerHandler
[Architectury Transformer DEBUG] Found class transformer
[Architectury Transformer DEBUG] Writing mod/syconn/swm/client/StarWarsClient with maxs=true frames=true
[Architectury Transformer DEBUG] Transformed mod/syconn/swm/client/StarWarsClient in 190.6 μs
[Architectury Transformer DEBUG] Transforming from mod/syconn/swm/utils/interfaces/IModifiedItemRenderer.class to mod/syconn/swm/utils/interfaces/IModifiedItemRenderer.class with 5 transformer(s) on dev.architectury.transformer.handler.TinyRemapperPreparedTransformerHandler
[Architectury Transformer DEBUG] Found class transformer
[Architectury Transformer DEBUG] Writing mod/syconn/swm/utils/interfaces/IModifiedItemRenderer with maxs=true frames=true
[Architectury Transformer DEBUG] Transformed mod/syconn/swm/utils/interfaces/IModifiedItemRenderer in 128.9 μs
[Architectury Transformer DEBUG] Transforming from mod/syconn/swm/utils/interfaces/IModifiedPoseRenderer.class to mod/syconn/swm/utils/interfaces/IModifiedPoseRenderer.class with 5 transformer(s) on dev.architectury.transformer.handler.TinyRemapperPreparedTransformerHandler
[Architectury Transformer DEBUG] Found class transformer
[Architectury Transformer DEBUG] Writing mod/syconn/swm/utils/interfaces/IModifiedPoseRenderer with maxs=true frames=true
[Architectury Transformer DEBUG] Transformed mod/syconn/swm/utils/interfaces/IModifiedPoseRenderer in 213.8 μs
[Architectury Transformer DEBUG] Transforming from mod/syconn/swm/features/lightsaber/client/LightsaberItemRender.class to mod/syconn/swm/features/lightsaber/client/LightsaberItemRender.class with 5 transformer(s) on dev.architectury.transformer.handler.TinyRemapperPreparedTransformerHandler
[Architectury Transformer DEBUG] Found class transformer
[Architectury Transformer DEBUG] Writing mod/syconn/swm/features/lightsaber/client/LightsaberItemRender with maxs=true frames=true
[Architectury Transformer DEBUG] Transformed mod/syconn/swm/features/lightsaber/client/LightsaberItemRender in 350.0 μs
[Architectury Transformer DEBUG] Transforming from mod/syconn/swm/features/blaster/client/BlasterItemRenderer.class to mod/syconn/swm/features/blaster/client/BlasterItemRenderer.class with 5 transformer(s) on dev.architectury.transformer.handler.TinyRemapperPreparedTransformerHandler
[Architectury Transformer DEBUG] Found class transformer
[Architectury Transformer DEBUG] Writing mod/syconn/swm/features/blaster/client/BlasterItemRenderer with maxs=true frames=true
[Architectury Transformer DEBUG] Transformed mod/syconn/swm/features/blaster/client/BlasterItemRenderer in 267.5 μs
[Architectury Transformer DEBUG] Transforming from mod/syconn/swm/client/render/item/HoloProjectorItemRenderer.class to mod/syconn/swm/client/render/item/HoloProjectorItemRenderer.class with 5 transformer(s) on dev.architectury.transformer.handler.TinyRemapperPreparedTransformerHandler
[Architectury Transformer DEBUG] Found class transformer
[Architectury Transformer DEBUG] Writing mod/syconn/swm/client/render/item/HoloProjectorItemRenderer with maxs=true frames=true
[Architectury Transformer DEBUG] Transformed mod/syconn/swm/client/render/item/HoloProjectorItemRenderer in 372.3 μs
[Architectury Transformer DEBUG] Transforming from mod/syconn/swm/core/ModKeys.class to mod/syconn/swm/core/ModKeys.class with 5 transformer(s) on dev.architectury.transformer.handler.TinyRemapperPreparedTransformerHandler
[Architectury Transformer DEBUG] Found class transformer
[Architectury Transformer DEBUG] Writing mod/syconn/swm/core/ModKeys with maxs=true frames=true
[Architectury Transformer DEBUG] Transformed mod/syconn/swm/core/ModKeys in 146.5 μs
[Architectury Transformer DEBUG] Transforming from mod/syconn/swm/utils/generic/StringUtil.class to mod/syconn/swm/utils/generic/StringUtil.class with 5 transformer(s) on dev.architectury.transformer.handler.TinyRemapperPreparedTransformerHandler
[Architectury Transformer DEBUG] Found class transformer
[Architectury Transformer DEBUG] Writing mod/syconn/swm/utils/generic/StringUtil with maxs=true frames=true
[Architectury Transformer DEBUG] Transformed mod/syconn/swm/utils/generic/StringUtil in 104.3 μs
[Architectury Transformer DEBUG] Transforming from mod/syconn/swm/utils/client/NodeVec3.class to mod/syconn/swm/utils/client/NodeVec3.class with 5 transformer(s) on dev.architectury.transformer.handler.TinyRemapperPreparedTransformerHandler
[Architectury Transformer DEBUG] Found class transformer
[Architectury Transformer DEBUG] Writing mod/syconn/swm/utils/client/NodeVec3 with maxs=true frames=true
[Architectury Transformer DEBUG] Transformed mod/syconn/swm/utils/client/NodeVec3 in 692.0 μs
[Architectury Transformer DEBUG] Transforming from mod/syconn/swm/utils/generic/MathUtil.class to mod/syconn/swm/utils/generic/MathUtil.class with 5 transformer(s) on dev.architectury.transformer.handler.TinyRemapperPreparedTransformerHandler
[Architectury Transformer DEBUG] Found class transformer
[Architectury Transformer DEBUG] Writing mod/syconn/swm/utils/generic/MathUtil with maxs=true frames=true
[Architectury Transformer DEBUG] Transformed mod/syconn/swm/utils/generic/MathUtil in 236.8 μs
[Architectury Transformer DEBUG] Transforming from mod/syconn/swm/utils/client/HologramData.class to mod/syconn/swm/utils/client/HologramData.class with 5 transformer(s) on dev.architectury.transformer.handler.TinyRemapperPreparedTransformerHandler
[Architectury Transformer DEBUG] Found class transformer
[Architectury Transformer DEBUG] Writing mod/syconn/swm/utils/client/HologramData with maxs=true frames=true
[Architectury Transformer DEBUG] Transformed mod/syconn/swm/utils/client/HologramData in 374.1 μs
[Architectury Transformer DEBUG] Transforming from mod/syconn/swm/utils/generic/ResourceUtil.class to mod/syconn/swm/utils/generic/ResourceUtil.class with 5 transformer(s) on dev.architectury.transformer.handler.TinyRemapperPreparedTransformerHandler
[Architectury Transformer DEBUG] Found class transformer
[Architectury Transformer DEBUG] Writing mod/syconn/swm/utils/generic/ResourceUtil with maxs=true frames=true
[Architectury Transformer DEBUG] Transformed mod/syconn/swm/utils/generic/ResourceUtil in 197.0 μs
[Architectury Transformer DEBUG] Transforming from mod/syconn/swm/utils/generic/ColorUtil$TintMode.class to mod/syconn/swm/utils/generic/ColorUtil$TintMode.class with 5 transformer(s) on dev.architectury.transformer.handler.TinyRemapperPreparedTransformerHandler
[Architectury Transformer DEBUG] Found class transformer
[Architectury Transformer DEBUG] Writing mod/syconn/swm/utils/generic/ColorUtil$TintMode with maxs=true frames=true
[Architectury Transformer DEBUG] Transformed mod/syconn/swm/utils/generic/ColorUtil$TintMode in 122.9 μs
[Architectury Transformer DEBUG] Transforming from mod/syconn/swm/utils/generic/ColorUtil$1.class to mod/syconn/swm/utils/generic/ColorUtil$1.class with 5 transformer(s) on dev.architectury.transformer.handler.TinyRemapperPreparedTransformerHandler
[Architectury Transformer DEBUG] Found class transformer
[Architectury Transformer DEBUG] Writing mod/syconn/swm/utils/generic/ColorUtil$1 with maxs=true frames=true
[Architectury Transformer DEBUG] Transformed mod/syconn/swm/utils/generic/ColorUtil$1 in 144.6 μs
[Architectury Transformer DEBUG] Transforming from mod/syconn/swm/client/render/entity/HologramRenderer.class to mod/syconn/swm/client/render/entity/HologramRenderer.class with 5 transformer(s) on dev.architectury.transformer.handler.TinyRemapperPreparedTransformerHandler
[Architectury Transformer DEBUG] Found class transformer
[Architectury Transformer DEBUG] Writing mod/syconn/swm/client/render/entity/HologramRenderer with maxs=true frames=true
[Architectury Transformer DEBUG] Transformed mod/syconn/swm/client/render/entity/HologramRenderer in 284.5 μs
[Architectury Transformer DEBUG] Transforming from mod/syconn/swm/utils/client/HologramData$1.class to mod/syconn/swm/utils/client/HologramData$1.class with 5 transformer(s) on dev.architectury.transformer.handler.TinyRemapperPreparedTransformerHandler
[Architectury Transformer DEBUG] Found class transformer
[Architectury Transformer DEBUG] Writing mod/syconn/swm/utils/client/HologramData$1 with maxs=true frames=true
[Architectury Transformer DEBUG] Transformed mod/syconn/swm/utils/client/HologramData$1 in 121.3 μs
[Architectury Transformer DEBUG] Transforming from mod/syconn/swm/utils/generic/RenderUtil.class to mod/syconn/swm/utils/generic/RenderUtil.class with 5 transformer(s) on dev.architectury.transformer.handler.TinyRemapperPreparedTransformerHandler
[Architectury Transformer DEBUG] Found class transformer
[Architectury Transformer DEBUG] Writing mod/syconn/swm/utils/generic/RenderUtil with maxs=true frames=true
[Architectury Transformer DEBUG] Transformed mod/syconn/swm/utils/generic/RenderUtil in 178.2 μs
[Architectury Transformer DEBUG] Transforming from mod/syconn/swm/utils/generic/AnimationUtil.class to mod/syconn/swm/utils/generic/AnimationUtil.class with 5 transformer(s) on dev.architectury.transformer.handler.TinyRemapperPreparedTransformerHandler
[Architectury Transformer DEBUG] Found class transformer
[Architectury Transformer DEBUG] Writing mod/syconn/swm/utils/generic/AnimationUtil with maxs=true frames=true
[Architectury Transformer DEBUG] Transformed mod/syconn/swm/utils/generic/AnimationUtil in 121.8 μs
[Architectury Transformer DEBUG] Transforming from mod/syconn/swm/features/lightsaber/client/entity/ThrownLightsaberRenderer.class to mod/syconn/swm/features/lightsaber/client/entity/ThrownLightsaberRenderer.class with 5 transformer(s) on dev.architectury.transformer.handler.TinyRemapperPreparedTransformerHandler
[Architectury Transformer DEBUG] Found class transformer
[Architectury Transformer DEBUG] Writing mod/syconn/swm/features/lightsaber/client/entity/ThrownLightsaberRenderer with maxs=true frames=true
[Architectury Transformer DEBUG] Transformed mod/syconn/swm/features/lightsaber/client/entity/ThrownLightsaberRenderer in 176.5 μs
[Architectury Transformer DEBUG] Transforming from mod/syconn/swm/integration/jei/Plugin.class to mod/syconn/swm/integration/jei/Plugin.class with 5 transformer(s) on dev.architectury.transformer.handler.TinyRemapperPreparedTransformerHandler
[Architectury Transformer DEBUG] Found class transformer
[Architectury Transformer DEBUG] Writing mod/syconn/swm/integration/jei/Plugin with maxs=true frames=true
[Architectury Transformer DEBUG] Transformed mod/syconn/swm/integration/jei/Plugin in 192.0 μs
[Architectury Transformer DEBUG] Transforming from mod/syconn/swm/server/StarWarsServer.class to mod/syconn/swm/server/StarWarsServer.class with 5 transformer(s) on dev.architectury.transformer.handler.TinyRemapperPreparedTransformerHandler
[Architectury Transformer DEBUG] Found class transformer
[Architectury Transformer DEBUG] Writing mod/syconn/swm/server/StarWarsServer with maxs=true frames=true
[Architectury Transformer DEBUG] Transformed mod/syconn/swm/server/StarWarsServer in 153.5 μs
[Architectury Transformer DEBUG] Transforming from mod/syconn/swm/StarWars.class to mod/syconn/swm/StarWars.class with 5 transformer(s) on dev.architectury.transformer.handler.TinyRemapperPreparedTransformerHandler
[Architectury Transformer DEBUG] Found class transformer
[Architectury Transformer DEBUG] Writing mod/syconn/swm/StarWars with maxs=true frames=true
[Architectury Transformer DEBUG] Transformed mod/syconn/swm/StarWars in 126.9 μs
[Architectury Transformer DEBUG] Transforming from mod/syconn/swm/core/ModBlocks.class to mod/syconn/swm/core/ModBlocks.class with 5 transformer(s) on dev.architectury.transformer.handler.TinyRemapperPreparedTransformerHandler
[Architectury Transformer DEBUG] Found class transformer
[Architectury Transformer DEBUG] Writing mod/syconn/swm/core/ModBlocks with maxs=true frames=true
[Architectury Transformer DEBUG] Transformed mod/syconn/swm/core/ModBlocks in 196.2 μs
[Architectury Transformer DEBUG] Transforming from mod/syconn/swm/block/TwoPartBlock.class to mod/syconn/swm/block/TwoPartBlock.class with 5 transformer(s) on dev.architectury.transformer.handler.TinyRemapperPreparedTransformerHandler
[Architectury Transformer DEBUG] Found class transformer
[Architectury Transformer DEBUG] Writing mod/syconn/swm/block/TwoPartBlock with maxs=true frames=true
[Architectury Transformer DEBUG] Transformed mod/syconn/swm/block/TwoPartBlock in 373.3 μs
[Architectury Transformer DEBUG] Transforming from mod/syconn/swm/utils/interfaces/IEntityBlock.class to mod/syconn/swm/utils/interfaces/IEntityBlock.class with 5 transformer(s) on dev.architectury.transformer.handler.TinyRemapperPreparedTransformerHandler
[Architectury Transformer DEBUG] Found class transformer
[Architectury Transformer DEBUG] Writing mod/syconn/swm/utils/interfaces/IEntityBlock with maxs=true frames=true
[Architectury Transformer DEBUG] Transformed mod/syconn/swm/utils/interfaces/IEntityBlock in 101.6 μs
[Architectury Transformer DEBUG] Transforming from mod/syconn/swm/features/lightsaber/block/LightsaberWorkbenchBlock.class to mod/syconn/swm/features/lightsaber/block/LightsaberWorkbenchBlock.class with 5 transformer(s) on dev.architectury.transformer.handler.TinyRemapperPreparedTransformerHandler
[Architectury Transformer DEBUG] Found class transformer
[Architectury Transformer DEBUG] Writing mod/syconn/swm/features/lightsaber/block/LightsaberWorkbenchBlock with maxs=true frames=true
[Architectury Transformer DEBUG] Transformed mod/syconn/swm/features/lightsaber/block/LightsaberWorkbenchBlock in 348.2 μs
[Architectury Transformer DEBUG] Transforming from mod/syconn/swm/core/ModItems.class to mod/syconn/swm/core/ModItems.class with 5 transformer(s) on dev.architectury.transformer.handler.TinyRemapperPreparedTransformerHandler
[Architectury Transformer DEBUG] Found class transformer
[Architectury Transformer DEBUG] Writing mod/syconn/swm/core/ModItems with maxs=true frames=true
[Architectury Transformer DEBUG] Transformed mod/syconn/swm/core/ModItems in 211.7 μs
[Architectury Transformer DEBUG] Transforming from mod/syconn/swm/utils/interfaces/IItemExtensions.class to mod/syconn/swm/utils/interfaces/IItemExtensions.class with 5 transformer(s) on dev.architectury.transformer.handler.TinyRemapperPreparedTransformerHandler
[Architectury Transformer DEBUG] Found class transformer
[Architectury Transformer DEBUG] Writing mod/syconn/swm/utils/interfaces/IItemExtensions with maxs=true frames=true
[Architectury Transformer DEBUG] Transformed mod/syconn/swm/utils/interfaces/IItemExtensions in 123.2 μs
[Architectury Transformer DEBUG] Transforming from mod/syconn/swm/features/lightsaber/item/LightsaberItem.class to mod/syconn/swm/features/lightsaber/item/LightsaberItem.class with 5 transformer(s) on dev.architectury.transformer.handler.TinyRemapperPreparedTransformerHandler
[Architectury Transformer DEBUG] Found class transformer
[Architectury Transformer DEBUG] Writing mod/syconn/swm/features/lightsaber/item/LightsaberItem with maxs=true frames=true
[Architectury Transformer DEBUG] Transformed mod/syconn/swm/features/lightsaber/item/LightsaberItem in 282.3 μs
[Architectury Transformer DEBUG] Transforming from mod/syconn/swm/features/blaster/item/BlasterItem.class to mod/syconn/swm/features/blaster/item/BlasterItem.class with 5 transformer(s) on dev.architectury.transformer.handler.TinyRemapperPreparedTransformerHandler
[Architectury Transformer DEBUG] Found class transformer
[Architectury Transformer DEBUG] Writing mod/syconn/swm/features/blaster/item/BlasterItem with maxs=true frames=true
[Architectury Transformer DEBUG] Transformed mod/syconn/swm/features/blaster/item/BlasterItem in 102.7 μs
[Architectury Transformer DEBUG] Transforming from mod/syconn/swm/item/HoloProjectorItem.class to mod/syconn/swm/item/HoloProjectorItem.class with 5 transformer(s) on dev.architectury.transformer.handler.TinyRemapperPreparedTransformerHandler
[Architectury Transformer DEBUG] Found class transformer
[Architectury Transformer DEBUG] Writing mod/syconn/swm/item/HoloProjectorItem with maxs=true frames=true
[Architectury Transformer DEBUG] Transformed mod/syconn/swm/item/HoloProjectorItem in 337.4 μs
[Architectury Transformer DEBUG] Transforming from mod/syconn/swm/utils/block/ModBlockStateProperties.class to mod/syconn/swm/utils/block/ModBlockStateProperties.class with 5 transformer(s) on dev.architectury.transformer.handler.TinyRemapperPreparedTransformerHandler
[Architectury Transformer DEBUG] Found class transformer
[Architectury Transformer DEBUG] Writing mod/syconn/swm/utils/block/ModBlockStateProperties with maxs=true frames=true
[Architectury Transformer DEBUG] Transformed mod/syconn/swm/utils/block/ModBlockStateProperties in 135.3 μs
[Architectury Transformer DEBUG] Transforming from mod/syconn/swm/utils/block/TwoPart.class to mod/syconn/swm/utils/block/TwoPart.class with 5 transformer(s) on dev.architectury.transformer.handler.TinyRemapperPreparedTransformerHandler
[Architectury Transformer DEBUG] Found class transformer
[Architectury Transformer DEBUG] Writing mod/syconn/swm/utils/block/TwoPart with maxs=true frames=true
[Architectury Transformer DEBUG] Transformed mod/syconn/swm/utils/block/TwoPart in 129.7 μs
[Architectury Transformer DEBUG] Transforming from mod/syconn/swm/client/render/entity/PlasmaRenderer.class to mod/syconn/swm/client/render/enti[Architectury Transformer DEBUG] Closed File Systems for C:\Users\Aidan\IdeaProjects\StarWarsMod\1.20.1\common\build\devlibs\swm-common-2.1.0-dev.jar
[Architectury Transformer] Detected File Modification at swm-common-2.1.0-dev.jar
[Architectury Transformer DEBUG] Transforming 5 transformer(s) from C:\Users\Aidan\IdeaProjects\StarWarsMod\1.20.1\common\build\devlibs\swm-common-2.1.0-dev.jar to C:\Users\Aidan\AppData\Local\Temp\5620541337756259384.jar: 
[Architectury Transformer DEBUG]  - dev.architectury.transformer.transformers.RuntimeMixinRefmapDetector@1c5d314d
[Architectury Transformer DEBUG]  - dev.architectury.transformer.transformers.GenerateFakeFabricMod@20a4511e
[Architectury Transformer DEBUG]  - dev.architectury.transformer.transformers.TransformExpectPlatform@62f6c22e
[Architectury Transformer DEBUG]  - dev.architectury.transformer.transformers.RemapInjectables@1346d3ae
[Architectury Transformer DEBUG]  - dev.architectury.transformer.transformers.TransformPlatformOnly@66645fd2
[Architectury Transformer DEBUG] Transforming from C:\Users\Aidan\IdeaProjects\StarWarsMod\1.20.1\common\build\devlibs\swm-common-2.1.0-dev.jar to C:\Users\Aidan\AppData\Local\Temp\5620541337756259384.jar with 5 transformer(s) on dev.architectury.transformer.handler.SimpleTransformerHandler
[Architectury Transformer DEBUG] Found class transformer
[Architectury Transformer DEBUG] Writing architectury_inject_StarWarsMod1201_fabric_68126222c8694042b15f9c92c0e80b14_8f42387ed1fcc59177bf6e1f00df9904dc7501bd43b83be863551fb3ab7e4595swmcommon210devjar/PlatformMethods with maxs=true frames=true
[Architectury Transformer DEBUG] Writing mod/syconn/swm/StarWars with maxs=true frames=true
[Architectury Transformer DEBUG] Writing mod/syconn/swm/block/HoloProjectorBlock with maxs=true frames=true
[Architectury Transformer DEBUG] Writing mod/syconn/swm/block/TwoPartBlock with maxs=true frames=true
[Architectury Transformer DEBUG] Writing mod/syconn/swm/blockentity/HoloProjectorBlockEntity with maxs=true frames=true
[Architectury Transformer DEBUG] Writing mod/syconn/swm/blockentity/SyncedBlockEntity with maxs=true frames=true
[Architectury Transformer DEBUG] Writing mod/syconn/swm/client/ClientHooks$1 with maxs=true frames=true
[Architectury Transformer DEBUG] Writing mod/syconn/swm/client/ClientHooks with maxs=true frames=true
[Architectury Transformer DEBUG] Writing mod/syconn/swm/client/StarWarsClient with maxs=true frames=true
[Architectury Transformer DEBUG] Writing mod/syconn/swm/client/keys/KeyHandler with maxs=true frames=true
[Architectury Transformer DEBUG] Writing mod/syconn/swm/client/render/block/HoloProjectorBlockEntityRenderer with maxs=true frames=true
[Architectury Transformer DEBUG] Writing mod/syconn/swm/client/render/entity/HologramRenderer with maxs=true frames=true
[Architectury Transformer DEBUG] Writing mod/syconn/swm/client/render/entity/PlasmaRenderer with maxs=true frames=true
[Architectury Transformer DEBUG] Writing mod/syconn/swm/client/render/item/HoloProjectorItemRenderer with maxs=true frames=true
[Architectury Transformer DEBUG] Writing mod/syconn/swm/client/screen/CallMenuWidget$MenuData with maxs=true frames=true
[Architectury Transformer DEBUG] Writing mod/syconn/swm/client/screen/CallMenuWidget with maxs=true frames=true
[Architectury Transformer DEBUG] Writing mod/syconn/swm/client/screen/HologramScreen$1 with maxs=true frames=true
[Architectury Transformer DEBUG] Writing mod/syconn/swm/client/screen/HologramScreen$Page with maxs=true frames=true
[Architectury Transformer DEBUG] Writing mod/syconn/swm/client/screen/HologramScreen with maxs=true frames=true
[Architectury Transformer DEBUG] Writing mod/syconn/swm/client/screen/components/ColoredSliderBar with maxs=true frames=true
[Architectury Transformer DEBUG] Writing mod/syconn/swm/client/screen/components/ErrorWidget with maxs=true frames=true
[Architectury Transformer DEBUG] Writing mod/syconn/swm/client/screen/components/PlayerCountWidget with maxs=true frames=true
[Architectury Transformer DEBUG] Writing mod/syconn/swm/client/screen/components/ScrollerWidget with maxs=true frames=true
[Architectury Transformer DEBUG] Writing mod/syconn/swm/client/screen/components/SliderWidget$OnChange with maxs=true frames=true
[Architectury Transformer DEBUG] Writing mod/syconn/swm/client/screen/components/SliderWidget with maxs=true frames=true
[Architectury Transformer DEBUG] Writing mod/syconn/swm/client/screen/components/buttons/CallButton$Type with maxs=true frames=true
[Architectury Transformer DEBUG] Writing mod/syconn/swm/client/screen/components/buttons/CallButton with maxs=true frames=true
[Architectury Transformer DEBUG] Writing mod/syconn/swm/client/screen/components/buttons/ColoredLightsaberButton with maxs=true frames=true
[Architectury Transformer DEBUG] Writing mod/syconn/swm/client/screen/components/buttons/ExpandedButton with maxs=true frames=true
[Architectury Transformer DEBUG] Writing mod/syconn/swm/client/screen/components/buttons/RefreshButton$OnPress with maxs=true frames=true
[Architectury Transformer DEBUG] Writing mod/syconn/swm/client/screen/components/buttons/RefreshButton with maxs=true frames=true
[Architectury Transformer DEBUG] Writing mod/syconn/swm/client/screen/components/buttons/ToggleButton$Color with maxs=true frames=true
[Architectury Transformer DEBUG] Writing mod/syconn/swm/client/screen/components/buttons/ToggleButton$OnPress with maxs=true frames=true
[Architectury Transformer DEBUG] Writing mod/syconn/swm/client/screen/components/buttons/ToggleButton with maxs=true frames=true
[Architectury Transformer DEBUG] Writing mod/syconn/swm/core/ModBlockEntities with maxs=true frames=true
[Architectury Transformer DEBUG] Writing mod/syconn/swm/core/ModBlocks with maxs=true frames=true
[Architectury Transformer DEBUG] Writing mod/syconn/swm/core/ModDamageSources with maxs=true frames=true
[Architectury Transformer DEBUG] Writing mod/syconn/swm/core/ModEntities with maxs=true frames=true
[Architectury Transformer DEBUG] Writing mod/syconn/swm/core/ModItems with maxs=true frames=true
[Architectury Transformer DEBUG] Writing mod/syconn/swm/core/ModKeys with maxs=true frames=true
[Architectury Transformer DEBUG] Writing mod/syconn/swm/core/ModMenus with maxs=true frames=true
[Architectury Transformer DEBUG] Writing mod/syconn/swm/core/ModRecipes$1 with maxs=true frames=true
[Architectury Transformer DEBUG] Writing mod/syconn/swm/core/ModRecipes with maxs=true frames=true
[Architectury Transformer DEBUG] Writing mod/syconn/swm/core/ModTags with maxs=true frames=true
[Architectury Transformer DEBUG] Writing mod/syconn/swm/features/addons/LightsaberContent with maxs=true frames=true
[Architectury Transformer DEBUG] Writing mod/syconn/swm/features/blaster/client/BlasterItemRenderer with maxs=true frames=true
[Architectury Transformer DEBUG] Writing mod/syconn/swm/features/blaster/data/BlasterTag with maxs=true frames=true
[Architectury Transformer DEBUG] Writing mod/syconn/swm/features/blaster/item/BlasterItem with maxs=true frames=true
[Architectury Transformer DEBUG] Writing mod/syconn/swm/features/lightsaber/block/LightsaberWorkbenchBlock with maxs=true frames=true
[Architectury Transformer DEBUG] Writing mod/syconn/swm/features/lightsaber/blockentity/LightsaberWorkbenchBlockEntity with maxs=true frames=true
[Architectury Transformer DEBUG] Writing mod/syconn/swm/features/lightsaber/client/LightsaberItemRender with maxs=true frames=true
[Architectury Transformer DEBUG] Writing mod/syconn/swm/features/lightsaber/client/entity/LightsaberWorkbenchRenderer with maxs=true frames=true
[Architectury Transformer DEBUG] Writing mod/syconn/swm/features/lightsaber/client/entity/ThrownLightsaberRenderer with maxs=true frames=true
[Architectury Transformer DEBUG] Writing mod/syconn/swm/features/lightsaber/client/screen/LightsaberAssemblerScreen with maxs=true frames=true
[Architectury Transformer DEBUG] Writing mod/syconn/swm/features/lightsaber/client/screen/LightsaberWorkbenchScreen with maxs=true frames=true
[Architectury Transformer DEBUG] Writing mod/syconn/swm/features/lightsaber/data/LightsaberData with maxs=true frames=true
[Architectury Transformer DEBUG] Writing mod/syconn/swm/features/lightsaber/data/LightsaberTag with maxs=true frames=true
[Architectury Transformer DEBUG] Writing mod/syconn/swm/features/lightsaber/entity/ThrownLightsaber with maxs=true frames=true
[Architectury Transformer DEBUG] Writing mod/syconn/swm/features/lightsaber/item/LightsaberItem with maxs=true frames=true
[Architectury Transformer DEBUG] Writing mod/syconn/swm/features/lightsaber/network/ChangeLightsaberHSVPacket with maxs=true frames=true
[Architectury Transformer DEBUG] Writing mod/syconn/swm/features/lightsaber/network/CraftHiltPacket with maxs=true frames=true
[Architectury Transformer DEBUG] Writing mod/syconn/swm/features/lightsaber/network/ThrowLightsaberPacket with maxs=true frames=true
[Architectury Transformer DEBUG] Writing mod/syconn/swm/features/lightsaber/network/ToggleLightsaberPacket with maxs=true frames=true
[Architectury Transformer DEBUG] Writing mod/syconn/swm/features/lightsaber/server/container/LightsaberAssemblerMenu$1 with maxs=true frames=true
[Architectury Transformer DEBUG] Writing mod/syconn/swm/features/lightsaber/server/container/LightsaberAssemblerMenu with maxs=true frames=true
[Architectury Transformer DEBUG] Writing mod/syconn/swm/features/lightsaber/server/container/LightsaberWorkbenchMenu$1 with maxs=true frames=true
[Architectury Transformer DEBUG] Writing mod/syconn/swm/features/lightsaber/server/container/LightsaberWorkbenchMenu with maxs=true frames=true
[Architectury Transformer DEBUG] Writing mod/syconn/swm/integration/jei/Plugin with maxs=true frames=true
[Architectury Transformer DEBUG] Writing mod/syconn/swm/integration/jei/category/LightsaberAssemblerCategory with maxs=true frames=true
[Architectury Transformer DEBUG] Writing mod/syconn/swm/item/HoloProjectorItem with maxs=true frames=true
[Architectury Transformer DEBUG] Writing mod/syconn/swm/mixin/AbstractArrowMixin with maxs=true frames=true
[Architectury Transformer DEBUG] Writing mod/syconn/swm/mixin/HumanoidModelMixin with maxs=true frames=true
[Architectury Transformer DEBUG] Writing mod/syconn/swm/mixin/ItemInHandRendererMixin with maxs=true frames=true
[Architectury Transformer DEBUG] Writing mod/syconn/swm/mixin/ItemRendererMixin with maxs=true frames=true
[Architectury Transformer DEBUG] Writing mod/syconn/swm/mixin/ItemStackMixin with maxs=true frames=true
[Architectury Transformer DEBUG] Writing mod/syconn/swm/mixin/LevelRendererMixin with maxs=true frames=true
[Architectury Transformer DEBUG] Writing mod/syconn/swm/mixin/LivingEntityMixin with maxs=true frames=true
[Architectury Transformer DEBUG] Writing mod/syconn/swm/mixin/PlayerMixin with maxs=true frames=true
[Architectury Transformer DEBUG] Writing mod/syconn/swm/network/Network with maxs=true frames=true
[Architectury Transformer DEBUG] Writing mod/syconn/swm/network/packets/clientside/NotifyPlayerPacket with maxs=true frames=true
[Architectury Transformer DEBUG] Writing mod/syconn/swm/network/packets/clientside/RequestedHologramPacket with maxs=true frames=true
[Architectury Transformer DEBUG] Writing mod/syconn/swm/network/packets/clientside/SyncResourceDataPacket with maxs=true frames=true
[Architectury Transformer DEBUG] Writing mod/syconn/swm/network/packets/serverside/HoloCallPacket$Type with maxs=true frames=true
[Architectury Transformer DEBUG] Writing mod/syconn/swm/network/packets/serverside/HoloCallPacket with maxs=true frames=true
[Architectury Transformer DEBUG] Writing mod/syconn/swm/network/packets/serverside/RequestHologramPacket with maxs=true frames=true
[Architectury Transformer DEBUG] Writing mod/syconn/swm/server/StarWarsServer with maxs=true frames=true
[Architectury Transformer DEBUG] Writing mod/syconn/swm/server/containers/slot/SpecificSlot with maxs=true frames=true
[Architectury Transformer DEBUG] Writing mod/syconn/swm/server/recipes/LightsaberRecipe$Serializer with maxs=true frames=true
[Architectury Transformer DEBUG] Writing mod/syconn/swm/server/recipes/LightsaberRecipe with maxs=true frames=true
[Architectury Transformer DEBUG] Writing mod/syconn/swm/server/savedata/HologramNetwork$Call with maxs=true frames=true
[Architectury Transformer DEBUG] Writing mod/syconn/swm/server/savedata/HologramNetwork$Caller with maxs=true frames=true
[Architectury Transformer DEBUG] Writing mod/syconn/swm/server/savedata/HologramNetwork with maxs=true frames=true
[Architectury Transformer DEBUG] Writing mod/syconn/swm/utils/Constants with maxs=true frames=true
[Architectury Transformer DEBUG] Writing mod/syconn/swm/utils/block/ModBlockStateProperties with maxs=true frames=true
[Architectury Transformer DEBUG] Writing mod/syconn/swm/utils/block/TwoPart with maxs=true frames=true
[Architectury Transformer DEBUG] Writing mod/syconn/swm/utils/block/WorldPos with maxs=true frames=true
[Architectury Transformer DEBUG] Writing mod/syconn/swm/utils/client/HologramData$1 with maxs=true frames=true
[Architectury Transformer DEBUG] Writing mod/syconn/swm/utils/client/HologramData$HologramTag with maxs=true frames=true
[Architectury Transformer DEBUG] Writing mod/syconn/swm/utils/client/HologramData with maxs=true frames=true
[Architectury Transformer DEBUG] Writing mod/syconn/swm/utils/client/IngredientRenderer with maxs=true frames=true
[Architectury Transformer DEBUG] Writing mod/syconn/swm/utils/client/NodeVec3 with maxs=true frames=true
[Architectury Transformer DEBUG] Writing mod/syconn/swm/utils/client/PlasmaBuffer with maxs=true frames=true
[Architectury Transformer DEBUG] Writing mod/syconn/swm/utils/generic/AnimationUtil with maxs=true frames=true
[Architectury Transformer DEBUG] Writing mod/syconn/swm/utils/generic/ColorUtil$1 with maxs=true frames=true
[Architectury Transformer DEBUG] Writing mod/syconn/swm/utils/generic/ColorUtil$TintMode with maxs=true frames=true
[Architectury Transformer DEBUG] Writing mod/syconn/swm/utils/generic/ColorUtil with maxs=true frames=true
[Architectury Transformer DEBUG] Writing mod/syconn/swm/utils/generic/DirectionUtil with maxs=true frames=true
[Architectury Transformer DEBUG] Writing mod/syconn/swm/utils/generic/FontUtil with maxs=true frames=true
[Architectury Transformer DEBUG] Writing mod/syconn/swm/utils/generic/GraphicsUtil with maxs=true frames=true
[Architectury Transformer DEBUG] Writing mod/syconn/swm/utils/generic/JsonUtil with maxs=true frames=true
[Architectury Transformer DEBUG] Writing mod/syconn/swm/utils/generic/ListUtil with maxs=true frames=true
[Architectury Transformer DEBUG] Writing mod/syconn/swm/utils/generic/MapUtil with maxs=true frames=true
[Architectury Transformer DEBUG] Writing mod/syconn/swm/utils/generic/MathUtil$1 with maxs=true frames=true
[Architectury Transformer DEBUG] Writing mod/syconn/swm/utils/generic/MathUtil with maxs=true frames=true
[Architectury Transformer DEBUG] Writing mod/syconn/swm/utils/generic/ModelUtil with maxs=true frames=true
[Architectury Transformer DEBUG] Writing mod/syconn/swm/utils/generic/NBTUtil with maxs=true frames=true
[Architectury Transformer DEBUG] Writing mod/syconn/swm/utils/generic/RenderUtil with maxs=true frames=true
[Architectury Transformer DEBUG] Writing mod/syconn/swm/utils/generic/ResourceUtil with maxs=true frames=true
[Architectury Transformer DEBUG] Writing mod/syconn/swm/utils/generic/StringUtil with maxs=true frames=true
[Architectury Transformer DEBUG] Writing mod/syconn/swm/utils/interfaces/IEntityBlock with maxs=true frames=true
[Architectury Transformer DEBUG] Writing mod/syconn/swm/utils/interfaces/IItemExtensions with maxs=true frames=true
[Architectury Transformer DEBUG] Writing mod/syconn/swm/utils/interfaces/IModifiedItemRenderer with maxs=true frames=true
[Architectury Transformer DEBUG] Writing mod/syconn/swm/utils/interfaces/IModifiedPoseRenderer with maxs=true frames=true
[Architectury Transformer DEBUG] Writing mod/syconn/swm/utils/interfaces/ISerializable with maxs=true frames=true
[Architectury Transformer DEBUG] Writing mod/syconn/swm/utils/interfaces/IWidgetComponent with maxs=true frames=true
[Architectury Transformer DEBUG] Writing mod/syconn/swm/utils/server/JsonResourceReloader with maxs=true frames=true
[Architectury Transformer DEBUG] Writing mod/syconn/swm/utils/server/StackedIngredient with maxs=true frames=true
[Architectury Transformer DEBUG] Writing mod/syconn/swm/utils/server/SyncedResourceManager$ISyncedData with maxs=true frames=true
[Architectury Transformer DEBUG] Writing mod/syconn/swm/utils/server/SyncedResourceManager with maxs=true frames=true
[Architectury Transformer DEBUG] Checking whether /swm-common-common-refmap.json is a mixin config.
[Architectury Transformer DEBUG] Checking whether /swm.mixins.json is a mixin config.
[Architectury Transformer DEBUG] Checking whether /fabric.mod.json is a mixin config.
[Architectury Transformer DEBUG] Redefining mod.syconn.swm.blockentity.HoloProjectorBlockEntity
[Architectury Transformer DEBUG] Transforming from mod/syconn/swm/blockentity/HoloProjectorBlockEntity.class to mod/syconn/swm/blockentity/HoloProjectorBlockEntity.class with 5 transformer(s) on dev.architectury.transformer.handler.TinyRemapperPreparedTransformerHandler
[Architectury Transformer DEBUG] Found class transformer
[Architectury Transformer DEBUG] Writing mod/syconn/swm/blockentity/HoloProjectorBlockEntity with maxs=true frames=true
[Architectury Transformer DEBUG] Transformed mod/syconn/swm/blockentity/HoloProjectorBlockEntity in 854.0 μs
[Architectury Transformer] Redefined 1 class(es) from C:\Users\Aidan\IdeaProjects\StarWarsMod\1.20.1\common\build\devlibs\swm-common-2.1.0-dev.jar in 60.91 ms
[Architectury Transformer DEBUG] Closed File Systems for C:\Users\Aidan\IdeaProjects\StarWarsMod\1.20.1\common\build\devlibs\swm-common-2.1.0-dev.jar
[Architectury Transformer] Detected File Modification at swm-common-2.1.0-dev.jar
[Architectury Transformer DEBUG] Transforming 5 transformer(s) from C:\Users\Aidan\IdeaProjects\StarWarsMod\1.20.1\common\build\devlibs\swm-common-2.1.0-dev.jar to C:\Users\Aidan\AppData\Local\Temp\5620541337756259384.jar: 
[Architectury Transformer DEBUG]  - dev.architectury.transformer.transformers.RuntimeMixinRefmapDetector@1c5d314d
[Architectury Transformer DEBUG]  - dev.architectury.transformer.transformers.GenerateFakeFabricMod@20a4511e
[Architectury Transformer DEBUG]  - dev.architectury.transformer.transformers.TransformExpectPlatform@62f6c22e
[Architectury Transformer DEBUG]  - dev.architectury.transformer.transformers.RemapInjectables@1346d3ae
[Architectury Transformer DEBUG]  - dev.architectury.transformer.transformers.TransformPlatformOnly@66645fd2
[Architectury Transformer DEBUG] Transforming from C:\Users\Aidan\IdeaProjects\StarWarsMod\1.20.1\common\build\devlibs\swm-common-2.1.0-dev.jar to C:\Users\Aidan\AppData\Local\Temp\5620541337756259384.jar with 5 transformer(s) on dev.architectury.transformer.handler.SimpleTransformerHandler
[Architectury Transformer DEBUG] Found class transformer
[Architectury Transformer DEBUG] Writing architectury_inject_StarWarsMod1201_fabric_68126222c8694042b15f9c92c0e80b14_8f42387ed1fcc59177bf6e1f00df9904dc7501bd43b83be863551fb3ab7e4595swmcommon210devjar/PlatformMethods with maxs=true frames=true
[Architectury Transformer DEBUG] Writing mod/syconn/swm/StarWars with maxs=true frames=true
[Architectury Transformer DEBUG] Writing mod/syconn/swm/block/HoloProjectorBlock with maxs=true frames=true
[Architectury Transformer DEBUG] Writing mod/syconn/swm/block/TwoPartBlock with maxs=true frames=true
[Architectury Transformer DEBUG] Writing mod/syconn/swm/blockentity/HoloProjectorBlockEntity with maxs=true frames=true
[Architectury Transformer DEBUG] Writing mod/syconn/swm/blockentity/SyncedBlockEntity with maxs=true frames=true
[Architectury Transformer DEBUG] Writing mod/syconn/swm/client/ClientHooks$1 with maxs=true frames=true
[Architectury Transformer DEBUG] Writing mod/syconn/swm/client/ClientHooks with maxs=true frames=true
[Architectury Transformer DEBUG] Writing mod/syconn/swm/client/StarWarsClient with maxs=true frames=true
[Architectury Transformer DEBUG] Writing mod/syconn/swm/client/keys/KeyHandler with maxs=true frames=true
[Architectury Transformer DEBUG] Writing mod/syconn/swm/client/render/block/HoloProjectorBlockEntityRenderer with maxs=true frames=true
[Architectury Transformer DEBUG] Writing mod/syconn/swm/client/render/entity/HologramRenderer with maxs=true frames=true
[Architectury Transformer DEBUG] Writing mod/syconn/swm/client/render/entity/PlasmaRenderer with maxs=true frames=true
[Architectury Transformer DEBUG] Writing mod/syconn/swm/client/render/item/HoloProjectorItemRenderer with maxs=true frames=true
[Architectury Transformer DEBUG] Writing mod/syconn/swm/client/screen/CallMenuWidget$MenuData with maxs=true frames=true
[Architectury Transformer DEBUG] Writing mod/syconn/swm/client/screen/CallMenuWidget with maxs=true frames=true
[Architectury Transformer DEBUG] Writing mod/syconn/swm/client/screen/HologramScreen$1 with maxs=true frames=true
[Architectury Transformer DEBUG] Writing mod/syconn/swm/client/screen/HologramScreen$Page with maxs=true frames=true
[Architectury Transformer DEBUG] Writing mod/syconn/swm/client/screen/HologramScreen with maxs=true frames=true
[Architectury Transformer DEBUG] Writing mod/syconn/swm/client/screen/components/ColoredSliderBar with maxs=true frames=true
[Architectury Transformer DEBUG] Writing mod/syconn/swm/client/screen/components/ErrorWidget with maxs=true frames=true
[Architectury Transformer DEBUG] Writing mod/syconn/swm/client/screen/components/PlayerCountWidget with maxs=true frames=true
[Architectury Transformer DEBUG] Writing mod/syconn/swm/client/screen/components/ScrollerWidget with maxs=true frames=true
[Architectury Transformer DEBUG] Writing mod/syconn/swm/client/screen/components/SliderWidget$OnChange with maxs=true frames=true
[Architectury Transformer DEBUG] Writing mod/syconn/swm/client/screen/components/SliderWidget with maxs=true frames=true
[Architectury Transformer DEBUG] Writing mod/syconn/swm/client/screen/components/buttons/CallButton$Type with maxs=true frames=true
[Architectury Transformer DEBUG] Writing mod/syconn/swm/client/screen/components/buttons/CallButton with maxs=true frames=true
[Architectury Transformer DEBUG] Writing mod/syconn/swm/client/screen/components/buttons/ColoredLightsaberButton with maxs=true frames=true
[Architectury Transformer DEBUG] Writing mod/syconn/swm/client/screen/components/buttons/ExpandedButton with maxs=true frames=true
[Architectury Transformer DEBUG] Writing mod/syconn/swm/client/screen/components/buttons/RefreshButton$OnPress with maxs=true frames=true
[Architectury Transformer DEBUG] Writing mod/sycon[Architectury Transformer DEBUG] Closed File Systems for C:\Users\Aidan\IdeaProjects\StarWarsMod\1.20.1\common\build\devlibs\swm-common-2.1.0-dev.jar
[Architectury Transformer] Detected File Modification at swm-common-2.1.0-dev.jar
[Architectury Transformer DEBUG] Transforming 5 transformer(s) from C:\Users\Aidan\IdeaProjects\StarWarsMod\1.20.1\common\build\devlibs\swm-common-2.1.0-dev.jar to C:\Users\Aidan\AppData\Local\Temp\2748265152002002086.jar: 
[Architectury Transformer DEBUG]  - dev.architectury.transformer.transformers.RuntimeMixinRefmapDetector@1c5d314d
[Architectury Transformer DEBUG]  - dev.architectury.transformer.transformers.GenerateFakeFabricMod@20a4511e
[Architectury Transformer DEBUG]  - dev.architectury.transformer.transformers.TransformExpectPlatform@62f6c22e
[Architectury Transformer DEBUG]  - dev.architectury.transformer.transformers.RemapInjectables@1346d3ae
[Architectury Transformer DEBUG]  - dev.architectury.transformer.transformers.TransformPlatformOnly@66645fd2
[Architectury Transformer DEBUG] Transforming from C:\Users\Aidan\IdeaProjects\StarWarsMod\1.20.1\common\build\devlibs\swm-common-2.1.0-dev.jar to C:\Users\Aidan\AppData\Local\Temp\2748265152002002086.jar with 5 transformer(s) on dev.architectury.transformer.handler.SimpleTransformerHandler
[Architectury Transformer DEBUG] Found class transformer
[Architectury Transformer DEBUG] Writing architectury_inject_StarWarsMod1201_fabric_68126222c8694042b15f9c92c0e80b14_8f42387ed1fcc59177bf6e1f00df9904dc7501bd43b83be863551fb3ab7e4595swmcommon210devjar/PlatformMethods with maxs=true frames=true
[Architectury Transformer DEBUG] Writing mod/syconn/swm/StarWars with maxs=true frames=true
[Architectury Transformer DEBUG] Writing mod/syconn/swm/block/HoloProjectorBlock with maxs=true frames=true
[Architectury Transformer DEBUG] Writing mod/syconn/swm/block/TwoPartBlock with maxs=true frames=true
[Architectury Transformer DEBUG] Writing mod/syconn/swm/blockentity/HoloProjectorBlockEntity with maxs=true frames=true
[Architectury Transformer DEBUG] Writing mod/syconn/swm/blockentity/SyncedBlockEntity with maxs=true frames=true
[Architectury Transformer DEBUG] Writing mod/syconn/swm/client/ClientHooks$1 with maxs=true frames=true
[Architectury Transformer DEBUG] Writing mod/syconn/swm/client/ClientHooks with maxs=true frames=true
[Architectury Transformer DEBUG] Writing mod/syconn/swm/client/StarWarsClient with maxs=true frames=true
[Architectury Transformer DEBUG] Writing mod/syconn/swm/client/keys/KeyHandler with maxs=true frames=true
[Architectury Transformer DEBUG] Writing mod/syconn/swm/client/render/block/HoloProjectorBlockEntityRenderer with maxs=true frames=true
[Architectury Transformer DEBUG] Writing mod/syconn/swm/client/render/entity/HologramRenderer with maxs=true frames=true
[Architectury Transformer DEBUG] Writing mod/syconn/swm/client/render/entity/PlasmaRenderer with maxs=true frames=true
[Architectury Transformer DEBUG] Writing mod/syconn/swm/client/render/item/HoloProjectorItemRenderer with maxs=true frames=true
[Architectury Transformer DEBUG] Writing mod/syconn/swm/client/screen/CallMenuWidget$MenuData with maxs=true frames=true
[Architectury Transformer DEBUG] Writing mod/syconn/swm/client/screen/CallMenuWidget with maxs=true frames=true
[Architectury Transformer DEBUG] Writing mod/syconn/swm/client/screen/HologramScreen$1 with maxs=true frames=true
[Architectury Transformer DEBUG] Writing mod/syconn/swm/client/screen/HologramScreen$Page with maxs=true frames=true
[Architectury Transformer DEBUG] Writing mod/syconn/swm/client/screen/HologramScreen with maxs=true frames=true
[Architectury Transformer DEBUG] Writing mod/syconn/swm/client/screen/components/ColoredSliderBar with maxs=true frames=true
[Architectury Transformer DEBUG] Writing mod/syconn/swm/client/screen/components/ErrorWidget with maxs=true frames=true
[Architectury Transformer DEBUG] Writing mod/syconn/swm/client/screen/components/PlayerCountWidget with maxs=true frames=true
[Architectury Transformer DEBUG] Writing mod/syconn/swm/client/screen/components/ScrollerWidget with maxs=true frames=true
[Architectury Transformer DEBUG] Writing mod/syconn/swm/client/screen/components/SliderWidget$OnChange with maxs=true frames=true
[Architectury Transformer DEBUG] Writing mod/syconn/swm/client/screen/components/SliderWidget with maxs=true frames=true
[Architectury Transformer DEBUG] Writing mod/syconn/swm/client/screen/components/buttons/CallButton$Type with maxs=true frames=true
[Architectury Transformer DEBUG] Writing mod/syconn/swm/client/screen/components/buttons/CallButton with maxs=true frames=true
[Architectury Transformer DEBUG] Writing mod/syconn/swm/client/screen/components/buttons/ColoredLightsaberButton with maxs=true frames=true
[Architectury Transformer DEBUG] Writing mod/syconn/swm/client/screen/components/buttons/ExpandedButton with maxs=true frames=true
[Architectury Transformer DEBUG] Writing mod/syconn/swm/client/screen/components/buttons/RefreshButton$OnPress with maxs=true frames=true
[Architectury Transformer DEBUG] Writing mod/syconn/swm/client/screen/components/buttons/RefreshButton with maxs=true frames=true
[Architectury Transformer DEBUG] Writing mod/syconn/swm/client/screen/components/buttons/ToggleButton$Color with maxs=true frames=true
[Architectury Transformer DEBUG] Writing mod/syconn/swm/client/screen/components/buttons/ToggleButton$OnPress with maxs=true frames=true
[Architectury Transformer DEBUG] Writing mod/syconn/swm/client/screen/components/buttons/ToggleButton with maxs=true frames=true
[Architectury Transformer DEBUG] Writing mod/syconn/swm/core/ModBlockEntities with maxs=true frames=true
[Architectury Transformer DEBUG] Writing mod/syconn/swm/core/ModBlocks with maxs=true frames=true
[Architectury Transformer DEBUG] Writing mod/syconn/swm/core/ModDamageSources with maxs=true frames=true
[Architectury Transformer DEBUG] Writing mod/syconn/swm/core/ModEntities with maxs=true frames=true
[Architectury Transformer DEBUG] Writing mod/syconn/swm/core/ModItems with maxs=true frames=true
[Architectury Transformer DEBUG] Writing mod/syconn/swm/core/ModKeys with maxs=true frames=true
[Architectury Transformer DEBUG] Writing mod/syconn/swm/core/ModMenus with maxs=true frames=true
[Architectury Transformer DEBUG] Writing mod/syconn/swm/core/ModRecipes$1 with maxs=true frames=true
[Architectury Transformer DEBUG] Writing mod/syconn/swm/core/ModRecipes with maxs=true frames=true
[Architectury Transformer DEBUG] Writing mod/syconn/swm/core/ModTags with maxs=true frames=true
[Architectury Transformer DEBUG] Writing mod/syconn/swm/features/addons/LightsaberContent with maxs=true frames=true
[Architectury Transformer DEBUG] Writing mod/syconn/swm/features/blaster/client/BlasterItemRenderer with maxs=true frames=true
[Architectury Transformer DEBUG] Writing mod/syconn/swm/features/blaster/data/BlasterTag with maxs=true frames=true
[Architectury Transformer DEBUG] Writing mod/syconn/swm/features/blaster/item/BlasterItem with maxs=true frames=true
[Architectury Transformer DEBUG] Writing mod/syconn/swm/features/lightsaber/block/LightsaberWorkbenchBlock with maxs=true frames=true
[Architectury Transformer DEBUG] Writing mod/syconn/swm/features/lightsaber/blockentity/LightsaberWorkbenchBlockEntity with maxs=true frames=true
[Architectury Transformer DEBUG] Writing mod/syconn/swm/features/lightsaber/client/LightsaberItemRender with maxs=true frames=true[Architectury Transformer DEBUG] Writing mod/syconn/swm/utils/Constants with maxs=true frames=true
[Architectury Transformer DEBUG] Writing mod/syconn/swm/utils/block/ModBlockStateProperties with maxs=true frames=true
[Architectury Transformer DEBUG] Writing mod/syconn/swm/utils/block/Two[Architectury Transformer DEBUG] [Architectury Transformer DEBUG] Writing mod/syconn/swm/utils/block/WorldPos with maxs=true frames=true
[Archi[Architectury Transformer DEBUG] Writing mod/syconn/swm/features/lightsaber/client/screen/LightsaberWorkbenchScreen with maxs=true frames=true
[Architectury Transformer DEBUG] Writing mod/syconn/swm/features/lightsaber/data/LightsaberData with maxs=true frames=true
[Architectury Transformer DEBUG] Writing mod/syconn/swm/features/lightsaber/data/LightsaberTag with maxs=true frames=true
[Architectury Transformer DEBUG] Writing mod/syconn/swm/features/lightsaber/entity/ThrownLightsaber with maxs=true frames=true
[Architectury Transformer DEBUG] Writing mod/syconn/swm/features/lightsaber/item/LightsaberItem with maxs=true frames=true
[Architectury Transformer DEBUG] Writing mod/syconn/swm/features/lightsaber/network/ChangeLightsaberHSVPacket with maxs=true frames=true
[Architectury Transformer DEBUG] Writing mod/syconn/swm/features/lightsaber/network/CraftHiltPacket with maxs=true frames=true
[Architectury Transformer DEBUG] Writing mod/syconn/swm/features/lightsaber/network/ThrowLightsaberPacket with maxs=true frames=true
[Architectury Transformer DEBUG] Writing mod/syconn/swm/features/lightsaber/network/ToggleLightsaberPacket with maxs=true frames=true
[Architectury Transformer DEBUG] Writing mod/syconn/swm/features/lightsaber/server/container/LightsaberAssemblerMenu$1 with maxs=true frames=true
[Architectury Transformer DEBUG] Writing mod/syconn/swm/features/lightsaber/server/container/LightsaberAssemblerMenu with maxs=true frames=true
[Architectury Transformer DEBUG] Writing mod/syconn/swm/features/lightsaber/server/container/LightsaberWorkbenchMenu$1 with maxs=true frames=true
[Architectury Transformer DEBUG] Writing mod/syconn/swm/features/lightsaber/server/container/LightsaberWorkbenchMenu with maxs=true frames=true
[Architectury Transformer DEBUG] Writing mod/syconn/swm/integration/jei/Plugin with maxs=true frames=true
[Architectury Transformer DEBUG] Writing mod/syconn/swm/integration/jei/category/LightsaberAssemblerCategory with maxs=true frames=true
[Architectury Transformer DEBUG] Writing mod/syconn/swm/item/HoloProjectorItem with maxs=true frames=true
[Architectury Transformer DEBUG] Writing mod/syconn/swm/mixin/AbstractArrowMixin with maxs=true frames=true
[Architectury Transformer DEBUG] Writing mod/syconn/swm/mixin/HumanoidModelMixin with maxs=true frames=true
[Architectury Transformer DEBUG] Writing mod/syconn/swm/mixin/ItemInHandRendererMixin with maxs=true frames=true
[Architectury Transformer DEBUG] Writing mod/syconn/swm/mixin/ItemRendererMixin with maxs=true frames=true
[Architectury Transformer DEBUG] Writing mod/syconn/swm/mixin/ItemStackMixin with maxs=true frames=true
[Architectury Transformer DEBUG] Writing mod/syconn/swm/mixin/LevelRendererMixin with maxs=true frames=true
[Architectury Transformer DEBUG] Writing mod/syconn/swm/mixin/LivingEntityMixin with maxs=true frames=true
[Architectury Transformer DEBUG] Writing mod/syconn/swm/mixin/PlayerMixin with maxs=true frames=true
[Architectury Transformer DEBUG] Writing mod/syconn/swm/network/Network with maxs=true frames=true
[Architectury Transformer DEBUG] Writing mod/syconn/swm/network/packets/clientside/NotifyPlayerPacket with maxs=true frames=true
[Architectury Transformer DEBUG] Writing mod/syconn/swm/network/packets/clientside/RequestedHologramPacket with maxs=true frames=true
[Architectury Transformer DEBUG] Writing mod/syconn/swm/network/packets/clientside/SyncResourceDataPacket with maxs=true frames=true
[Architectury Transformer DEBUG] Writing mod/syconn/swm/network/packets/serverside/HoloCallPacket$Type with maxs=true frames=true
[Architectury Transformer DEBUG] Writing mod/syconn/swm/network/packets/serverside/HoloCallPacket with maxs=true[Architectury Transformer DEBUG] Checking whether /swm-common-common-refmap.json is a mixin config.
[Architectury Transformer DEBUG] Checking whether /swm.mixins.json is a mixin config.
[Architectury Transformer DEBUG] Checking whether /fabric.mod.json is a mixin config.
[Architectury Transformer DEBUG] Transforming from mod/syconn/swm/client/screen/components/buttons/RefreshButton.class to mod/syconn/swm/client/screen/components/buttons/RefreshButton.class with 5 transformer(s) on dev.architectury.transformer.handler.TinyRemapperPreparedTransformerHandler
[Architectury Transformer DEBUG] Found class transformer
[Architectury Transformer DEBUG] Writing mod/syconn/swm/client/screen/components/buttons/RefreshButton with maxs=true frames=true
[Architectury Transformer DEBUG] Transformed mod/syconn/swm/client/screen/components/buttons/RefreshButton in 1.468 ms
[Architectury Transformer DEBUG] Transforming from mod/syconn/swm/client/screen/components/buttons/RefreshButton$OnPress.class to mod/syconn/swm/client/screen/components/buttons/RefreshButton$OnPress.class with 5 transformer(s) on dev.architectury.transformer.handler.TinyRemapperPreparedTransformerHandler
[Architectury Transformer DEBUG] Found class transformer
[Architectury Transformer DEBUG] Writing mod/syconn/swm/client/screen/components/buttons/RefreshButton$OnPress with maxs=true frames=true
[Architectury Transformer DEBUG] Transformed mod/syconn/swm/client/screen/components/buttons/RefreshButton$OnPress in 168.5 μs
[Architectury Transformer DEBUG] Transforming from mod/syconn/swm/StarWars.class to mod/syconn/swm/StarWars.class with 5 transformer(s) on dev.architectury.transformer.handler.TinyRemapperPreparedTransformerHandler
[Architectury Transformer DEBUG] Found class transformer
[Architectury Transformer DEBUG] Writing mod/syconn/swm/StarWars with maxs=true frames=true
[Architectury Transformer DEBUG] Transformed mod/syconn/swm/StarWars in 156.4 μs
[Architectury Transformer DEBUG] Transforming from mod/syconn/swm/core/ModBlocks.class to mod/syconn/swm/core/ModBlocks.class with 5 transformer(s) on dev.architectury.transformer.handler.TinyRemapperPreparedTransformerHandler
[Architectury Transformer DEBUG] Found class transformer
[Architectury Transformer DEBUG] Writing mod/syconn/swm/core/ModBlocks with maxs=true frames=true
[Architectury Transformer DEBUG] Transformed mod/syconn/swm/core/ModBlocks in 294.1 μs
[Architectury Transformer DEBUG] Transforming from mod/syconn/swm/client/screen/HologramScreen$1.class to mod/syconn/swm/client/screen/HologramScreen$1.class with 5 transformer(s) on dev.architectury.transformer.handler.TinyRemapperPreparedTransformerHandler
[Architectury Transformer DEBUG] Found class transformer
[Architectury Transformer DEBUG] Writing mod/syconn/swm/client/screen/HologramScreen$1 with maxs=true frames=true
[Architectury Transformer DEBUG] Transformed mod/syconn/swm/client/screen/HologramScreen$1 in 177.5 μs
[Architectury Transformer DEBUG] Transforming from mod/syconn/swm/block/TwoPartBlock.class to mod/syconn/swm/block/TwoPartBlock.class with 5 transformer(s) on dev.architectury.transformer.handler.TinyRemapperPreparedTransformerHandler
[Architectury Transformer DEBUG] Found class transformer
[Architectury Transformer DEBUG] Writing mod/syconn/swm/block/TwoPartBlock with maxs=true frames=true
[Architectury Transformer DEBUG] Transformed mod/syconn/swm/block/TwoPartBlock in 412.8 μs
[Architectury Transformer DEBUG] Transforming from mod/syconn/swm/utils/generic/GraphicsUtil.class to mod/syconn/swm/utils/generic/GraphicsUtil.class with 5 transformer(s) on dev.architectury.transformer.handler.TinyRemapperPreparedTransformerHandler
[Architectury Transformer DEBUG] Found class transformer
[Architectury Transformer DEBUG] Writing mod/syconn/swm/utils/generic/GraphicsUtil with maxs=true frames=true
[Architectury Transformer DEBUG] Transformed mod/syconn/swm/utils/generic/GraphicsUtil in 513.6 μs
[Architectury Transformer DEBUG] Transforming from mod/syconn/swm/utils/interfaces/IEntityBlock.class to mod/syconn/swm/utils/interfaces/IEntityBlock.class with 5 transformer(s) on dev.architectury.transformer.handler.TinyRemapperPreparedTransformerHandler
[Architectury Transformer DEBUG] Found class transformer
[Architectury Transformer DEBUG] Writing mod/syconn/swm/utils/interfaces/IEntityBlock with maxs=true frames=true
[Architectury Transformer DEBUG] Transformed mod/syconn/swm/utils/interfaces/IEntityBlock in 152.7 μs
[Architectury Transformer DEBUG] Transforming from mod/syconn/swm/features/lightsaber/block/LightsaberWorkbenchBlock.class to mod/syconn/swm/features/lightsaber/block/LightsaberWorkbenchBlock.class with 5 transformer(s) on dev.architectury.transformer.handler.TinyRemapperPreparedTransformerHandler
[Architectury Transformer DEBUG] Found class transformer
[Architectury Transformer DEBUG] Writing mod/syconn/swm/features/lightsaber/block/LightsaberWorkbenchBlock with maxs=true frames=true
[Architectury Transformer DEBUG] Transformed mod/syconn/swm/features/lightsaber/block/LightsaberWorkbenchBlock in 508.0 μs
[Architectury Transformer DEBUG] Transforming from mod/syconn/swm/utils/generic/FontUtil.class to mod/syconn/swm/utils/generic/FontUtil.class with 5 transformer(s) on dev.architectury.transformer.handler.TinyRemapperPreparedTransformerHandler
[Architectury Transformer[Architectury Transformer DEBUG] Transforming from mod/syconn/swm/utils/generic/NBTUtil.class to mod/syconn/swm/utils/generic/NBTUtil.class with 5 transformer(s) on dev.architectury.transformer.handler.TinyRemapperPreparedTransformerHandler
[Architectury Transformer DEBUG] Found class transformer
[Architectury Transformer DEBUG] Writing mod/syconn/swm/utils/generic/NBTUtil with maxs=true frames=true
[Architectury Transformer DEBUG] Transformed mod/syconn/swm/utils/generic/NBTUtil in 695.5 μs
[Architectury Transformer DEBUG] Transforming from mod/syconn/swm/core/ModBlockEntities.class to mod/syconn/swm/core/ModBlockEntities.class with 5 transformer(s) on dev.architectury.transformer.handler.TinyRemapperPreparedTransformerHandler
[Architectury Transformer DEBUG] Found class transformer
[Architectury Transformer DEBUG] Writing mod/syconn/swm/core/ModBlockEntities with maxs=true frames=true
[Architectury Transformer DEBUG] Transformed mod/syconn/swm/core/ModBlockEntities in 191.1 μs
[Architectury Transformer DEBUG] Transforming from mod/syconn/swm/utils/server/StackedIngredient.class to mod/syconn/swm/utils/server/StackedIngredient.class with 5 transformer(s) on dev.architectury.transformer.handler.TinyRemapperPreparedTransformerHandler
[Architectury Transformer DEBUG] Found class transformer
[Architectury Transformer DEBUG] Writing mod/syconn/swm/utils/server/StackedIngredient with maxs=true frames=true
[Architectury Transformer DEBUG] Transformed mod/syconn/swm/utils/server/StackedIngredient in 184.4 μs
[Architectury Transformer DEBUG] Transforming from mod/syconn/swm/utils/generic/JsonUtil.class to mod/syconn/swm/utils/generic/JsonUtil.class with 5 transformer(s) on dev.architectury.transformer.handler.TinyRemapperPreparedTransformerHandler
[Architectury Transformer DEBUG] Found class transformer
[Architectury Transformer DEBUG] Writing mod/syconn/swm/utils/generic/JsonUtil with maxs=true frames=true
[Architectury Transformer DEBUG] Transformed mod/syconn/swm/utils/generic/JsonUtil in 305.2 μs
[Architectury Transformer DEBUG] Transforming from mod/syconn/swm/blockentity/SyncedBlockEntity.class to mod/syconn/swm/blockentity/SyncedBlockEntity.class with 5 transformer(s) on dev.architectury.transformer.handler.TinyRemapperPreparedTransformerHandler
[Architectury Transformer DEBUG] Found class transformer
[Architectury Transformer DEBUG] Writing mod/syconn/swm/blockentity/SyncedBlockEntity with maxs=true frames=true
[Architectury Transformer DEBUG] Transformed mod/syconn/swm/blockentity/SyncedBlockEntity in 118.5 μs
[Architectury Transformer DEBUG] Transforming from mod/syconn/swm/server/recipes/LightsaberRecipe.class to mod/syconn/swm/server/recipes/LightsaberRecipe.class with 5 transformer(s) on dev.architectury.transformer.handler.TinyRemapperPreparedTransformerHandler
[Architectury Transformer DEBUG] Found class transformer
[Architectury Transformer DEBUG] Writing mod/syconn/swm/server/recipes/LightsaberRecipe with maxs=true frames=true
[Architectury Transformer DEBUG] Transformed mod/syconn/swm/server/recipes/LightsaberRecipe in 275.2 μs
[Architectury Transformer DEBUG] Transforming from mod/syconn/swm/features/lightsaber/blockentity/LightsaberWorkbenchBlockEntity.class to mod/syconn/swm/features/lightsaber/blockentity/LightsaberWorkbenchBlockEntity.class with 5 transformer(s) on dev.architectury.transformer.handler.TinyRemapperPreparedTransformerHandler
[Architectury Transformer DEBUG] Found class transformer
[Architectury Transformer DEBUG] Writing mod/syconn/swm/features/lightsaber/blockentity/LightsaberWorkbenchBlockEntity with maxs=true frames=true
[Architectury Transformer DEBUG] Transformed mod/syconn/swm/features/lightsaber/blockentity/LightsaberWorkbenchBlockEntity in 170.8 μs
[Architectury Transformer DEBUG] Transforming from mod/syconn/swm/blockentity/HoloProjectorBlockEntity.class to mod/syconn/swm/blockentity/HoloProjectorBlockEntity.class with 5 transformer(s) on dev.architectury.transformer.handler.TinyRemapperPreparedTransformerHandler
[Architectury Transformer DEBUG] Found class transformer
[Architectury Transformer DEBUG] Writing mod/syconn/swm/blockentity/HoloProjectorBlockEntity with maxs=true frames=true
[Architectury Transformer DEBUG] Transformed mod/syconn/swm/blockentity/HoloProjectorBlockEntity in 1.641 ms
[Architectury Transformer DEBUG] Transforming from mod/syconn/swm/core/ModEntities.class to mod/syconn/swm/core/ModEntities.class with 5 transformer(s) on dev.architectury.transformer.handler.TinyRemapperPreparedTransformerHandler
[Architectury Transformer DEBUG] Found class transformer
[Architectury Transformer DEBUG] Writing mod/syconn/swm/core/ModEntities with maxs=true frames=true
[Architectury Transformer DEBUG] Transformed mod/syconn/swm/core/ModEntities in 548.0 μs
[Architectury Transformer DEBUG] Transforming from mod/syconn/swm/features/lightsaber/entity/ThrownLightsaber.class to mod/syconn/swm/features/lightsaber/entity/ThrownLightsaber.class with 5 transformer(s) on dev.architectury.transformer.handler.TinyRemapperPreparedTransformerHandler
[Architectury Transformer DEBUG] Found class transformer
[Architectury Transformer DEBUG] Writing mod/syconn/swm/features/lightsaber/entity/ThrownLightsaber with maxs=true frames=true
[Architectury Transformer DEBUG] Transformed mod/syconn/swm/features/lightsaber/entity/ThrownLightsaber in 440.1 μs
[Architectury Transformer DEBUG] Transforming from mod/syconn/swm/features/lightsaber/data/LightsaberTag.class to mod/syconn/swm/features/lightsaber/data/LightsaberTag.class with 5 transformer(s) on dev.architectury.transformer.handler.TinyRemapperPreparedTransformerHandler
[Architectury Transformer DEBUG] Found class transformer
[Architectury Transformer DEBUG] Writing mod/syconn/swm/features/lightsaber/data/LightsaberTag with maxs=true frames=true
[Architectury Transformer DEBUG] Transformed mod/syconn/swm/features/lightsaber/data/LightsaberTag in 420.5 μs
[Architectury Transformer DEBUG] Transforming from mod/syconn/swm/utils/server/SyncedResourceManager.class to mod/syconn/swm/utils/server/SyncedResourceManager.class with 5 transformer(s) on dev.architectury.transformer.handler.TinyRemapperPreparedTransformerHandler
[Architectury Transformer DEBUG] Found class transformer
[Architectury Transformer DEBUG] Writing mod/syconn/swm/utils/server/SyncedResourceManager with maxs=true frames=true
[Architectury Transformer DEBUG] Transformed mod/syconn/swm/utils/server/SyncedResourceManager in 140.5 μs
[Architectury Transformer DEBUG] Transforming from mod/syconn/swm/core/ModMenus.class to mod/syconn/swm/core/ModMenus.class with 5 transformer(s) on dev.architectury.transformer.handler.TinyRemapperPreparedTransformerHandler
[Architectury Transformer DEBUG] Found class transformer
[Architectury Transformer DEBUG] Writing mod/syconn/swm/core/ModMenus with maxs=true frames=true
[Architectury Transformer DEBUG] Transformed mod/syconn/swm/core/ModMenus in 141.2 μs
[Architectury Transformer DEBUG] Transforming from mod/syconn/swm/client/ClientHooks.class to mod/syconn/swm/client/ClientHooks.class with 5 transformer(s) on dev.architectury.transformer.handler.TinyRemapperPreparedTransformerHandler
[Architectury Transformer DEBUG] Found class transformer
[Architectury Transformer DEBUG] Writing mod/syconn/swm/client/ClientHooks with maxs=true frames=true
[Architectury Transformer DEBUG] Transformed mod/syconn/swm/client/ClientHooks in 184.9 μs
[Architectury Transformer DEBUG] Transforming from mod/syconn/swm/features/lightsaber/server/container/LightsaberWorkbenchMenu.class to mod/syconn/swm/features/lightsaber/server/container/LightsaberWorkbenchMenu.class with 5 transformer(s) on dev.architectury.transformer.handler.TinyRemapperPreparedTransformerHandler
[Architectury Transformer DEBUG] Found class transformer
[Architectury Transformer DEBUG] Writing mod/syconn/swm/features/lightsaber/server/container/LightsaberWorkbenchMenu with maxs=true frames=true
[Architectury Transformer DEBUG] Transformed mod/syconn/swm/features/lightsaber/server/container/LightsaberWorkbenchMenu in 266.0 μs
[Architectury Transformer DEBUG] Transforming from mod/syconn/swm/utils/client/HologramData$HologramTag.class to mod/syconn/swm/utils/client/HologramData$HologramTag.class with 5 transformer(s) on dev.architectury.transformer.handler.TinyRemapperPreparedTransformerHandler
[Architectury Transformer DEBUG] Found class transformer
[Architectury Transformer DEBUG] Writing mod/syconn/swm/utils/client/HologramData$HologramTag with maxs=true frames=true
[Architectury Transformer DEBUG] Transformed mod/syconn/swm/utils/client/HologramData$HologramTag in 192.6 μs
[Architectury Transformer DEBUG] Transforming from mod/syconn/swm/client/screen/HologramScreen.class to mod/syconn/swm/client/screen/HologramScreen.class with 5 transformer(s) on dev.architectury.transformer.handler.TinyRemapperPreparedTransformerHandler
[Architectury Transformer DEBUG] Found class transformer
[Architectury Transformer DEBUG] Writing mod/syconn/swm/client/screen/HologramScreen with maxs=true frames=true
[Architectury Transformer DEBUG] Transformed mod/syconn/swm/client/screen/HologramScreen in 492.0 μs
[Architectury Transformer DEBUG] Transforming from mod/syconn/swm/client/screen/HologramScreen$Page.class to mod/syconn/swm/client/screen/HologramScreen$Page.class with 5 transformer(s) on dev.architectury.transformer.handler.TinyRemapperPreparedTransformerHandler
[Architectury Transformer DEBUG] Found class transformer
[Architectury Transformer DEBUG] Writing mod/syconn/swm/client/screen/HologramScreen$Page with maxs=true frames=true
[Architectury Transformer DEBUG] Transformed mod/syconn/swm/client/screen/HologramScreen$Page in 141.6 μs
[Architectury Transformer DEBUG] Transforming from mod/syconn/swm/client/screen/components/buttons/ExpandedButton.class to mod/syconn/swm/client/screen/components/buttons/ExpandedButton.class with 5 transformer(s) on dev.architectury.transformer.handler.TinyRemapperPreparedTransformerHandler
[Architectury Transformer DEBUG] Found class transformer
[Architectury Transformer DEBUG] Writing mod/syconn/swm/client/screen/components/buttons/ExpandedButton with maxs=true frames=true
[Architectury Transformer DEBUG] Transformed mod/syconn/swm/client/screen/components/buttons/ExpandedButton in 158.3 μs
[Architectury Transformer DEBUG] Transforming from mod/syconn/swm/client/keys/KeyHandler.class to mod/syconn/swm/client/keys/KeyHandler.class with 5 transformer(s) on dev.architectury.transformer.handler.TinyRemapperPreparedTransformerHandler
[Architectury Transformer DEBUG] Found class transformer
[Architectury Transformer DEBUG] Writing mod/syconn/swm/client/keys/KeyHandler with maxs=true frames=true
[Architectury Transformer DEBUG] Transformed mod/syconn/swm/client/keys/KeyHandler in 137.0 μs
[Architectury Transformer DEBUG] Transforming from mod/syconn/swm/client/screen/components/ErrorWidget.class to mod/syconn/swm/client/screen/components/ErrorWidget.class with 5 transformer(s) on dev.architectury.transformer.handler.TinyRemapperPreparedTransformerHandler
[Architectury Transformer DEBUG] Found class transformer
[Architectury Transformer DEBUG] Writing mod/syconn/swm/client/screen/components/ErrorWidget with maxs=true frames=true
[Architectury Transformer DEBUG] Transformed mod/syconn/swm/client/screen/components/ErrorWidget in 118.3 μs
[Architectury Transformer DEBUG] Transforming from mod/syconn/swm/utils/interfaces/IWidgetComponent.class to mod/syconn/swm/utils/interfaces/IWidgetComponent.class with 5 transformer(s) on dev.architectury.transformer.handler.TinyRemapperPreparedTransformerHandler
[Architectury Transformer DEBUG] Found class transformer
[Architectury Transformer DEBUG] Writing mod/syconn/swm/utils/interfaces/IWidgetComponent with maxs=true frames=true
[Architectury Transformer DEBUG] Transformed mod/syconn/swm/utils/interfaces/IWidgetComponent in 59.00 μs
[Architectury Transformer DEBUG] Transforming from mod/syconn/swm/client/screen/components/buttons/CallButton.class to mod/syconn/swm/client/screen/components/buttons/CallButton.class with 5 transformer(s) on dev.architectury.transformer.handler.TinyRemapperPreparedTransformerHandler
[Architectury Transformer DEBUG] Found class transformer
[Architectury Transformer DEBUG] Writing mod/syconn/swm/client/screen/components/buttons/CallButton with maxs=true frames=true
[Architectury Transformer DEBUG] Transformed mod/syconn/swm/client/screen/components/buttons/CallButton in 143.4 μs
[Architectury Transformer DEBUG] Transforming from mod/syconn/swm/client/screen/components/buttons/CallButton$Type.class to mod/syconn/swm/client/screen/components/buttons/CallButton$Type.class with 5 transformer(s) on dev.architectury.transformer.handler.TinyRemapperPreparedTransformerHandler
[Architectury Transformer DEBUG] Found class transformer
[Architectury Transformer DEBUG] Writing mod/syconn/swm/client/screen/components/buttons/CallButton$Type with maxs=true frames=true
[Architectury Transformer DEBUG] Transformed mod/syconn/swm/client/screen/components/buttons/CallButton$Type in 137.9 μs
[Architectury Transformer DEBUG] Transforming from mod/syconn/swm/features/lightsaber/server/container/LightsaberAssemblerMenu.class to mod/syconn/swm/features/lightsaber/server/container/LightsaberAssemblerMenu.class with 5 transformer(s) on dev.architectury.transformer.handler.TinyRemapperPreparedTransformerHandler
[Architectury Transformer DEBUG] Found class transformer
[Architectury Transformer DEBUG] Writing mod/syconn/swm/features/lightsaber/server/container/LightsaberAssemblerMenu with maxs=true frames=true
[Architectury Transformer DEBUG] Transformed mod/syconn/swm/features/lightsaber/server/container/LightsaberAssemblerMenu in 278.6 μs
[Architectury Transformer DEBUG] Transforming from mod/syconn/swm/client/screen/CallMenuWidget.class to mod/syconn/swm/client/screen/CallMenuWidget.class with 5 transformer(s) on dev.architectury.transformer.handler.TinyRemapperPreparedTransformerHandler
[Architectury Transformer DEBUG] Found class transformer
[Architectury Transformer DEBUG] Writing mod/syconn/swm/client/screen/CallMenuWidget with maxs=true frames=true
[Architectury Transformer DEBUG] Transformed mod/syconn/swm/client/screen/CallMenuWidget in 879.4 μs
[Architectury Transformer DEBUG] Transforming from mod/syconn/swm/core/ModRecipes.class to mod/syconn/swm/core/ModRecipes.class with 5 transformer(s) on dev.architectury.transformer.handler.TinyRemapperPreparedTransformerHandler
[Architectury Transformer DEBUG] Found class transformer
[Architectury Transformer DEBUG] Writing mod/syconn/swm/core/ModRecipes with maxs=true frames=true
[Architectury Transformer DEBUG] Transformed mod/syconn/swm/core/ModRecipes in 183.9 μs
[Architectury Transformer DEBUG] Transforming from mod/syconn/swm/server/recipes/LightsaberRecipe$Serializer.class to mod/syconn/swm/server/recipes/LightsaberRecipe$Serializer.class with 5 transformer(s) on dev.architectury.transformer.handler.TinyRemapperPreparedTransformerHandler
[Architectury Transformer DEBUG] Found class transformer
[Architectury Transformer DEBUG] Writing mod/syconn/swm/server/recipes/LightsaberRecipe$Serializer with maxs=true frames=true
[Architectury Transformer DEBUG] Transformed mod/syconn/swm/server/recipes/LightsaberRecipe$Serializer in 190.9 μs
[Architectury Transformer DEBUG] Transforming from mod/syconn/swm/client/screen/CallMenuWidget$MenuData.class to mod/syconn/swm/client/screen/CallMenuWidget$MenuData.class with 5 transformer(s) on dev.architectury.transformer.handler.TinyRemapperPreparedTransformerHandler
[Architectury Transformer DEBUG] Found class transformer
[Architectury Transformer DEBUG] Writing mod/syconn/swm/client/screen/CallMenuWidget$MenuData with maxs=true frames=true
[Architectury Transformer DEBUG] Transformed mod/syconn/swm/client/screen/CallMenuWidget$MenuData in 169.0 μs
[Architectury Transformer DEBUG] Transforming from mod/syconn/swm/core/ModRecipes$1.class to mod/syconn/swm/core/ModRecipes$1.class with 5 transformer(s) on dev.architectury.transformer.handler.TinyRemapperPreparedTransformerHandler
[Architectury Transformer DEBUG] Found class transformer
[Architectury Transformer DEBUG] Writing mod/syconn/swm/core/ModRecipes$1 with maxs=true frames=true
[Architectury Transformer DEBUG] Transformed mod/syconn/swm/core/ModRecipes$1 in 107.6 μs
[Architectury Transformer DEBUG] Transforming from mod/syconn/swm/client/screen/components/buttons/ToggleButton.class to mod/syconn/swm/client/screen/components/buttons/ToggleButton.class with 5 transformer(s) on dev.architectury.transformer.handler.TinyRemapperPreparedTransformerHandler
[Architectury Transformer DEBUG] Found class transformer
[Architectury Transformer DEBUG] Writing mod/syconn/swm/client/screen/components/buttons/ToggleButton with maxs=true frames=true
[Architectury Transformer DEBUG] Transformed mod/syconn/swm/client/screen/components/buttons/ToggleButton in 165.3 μs
[Architectury Transformer DEBUG] Transforming from mod/syconn/swm/network/Network.class to mod/syconn/swm/network/Network.class with 5 transformer(s) on dev.architectury.transformer.handler.TinyRemapperPreparedTransformerHandler
[Architectury Transformer DEBUG] Found class transformer
[Architectury Transformer DEBUG] Writing mod/syconn/swm/network/Network with maxs=true frames=true
[Architectury Transformer DEBUG] Transformed mod/syconn/swm/network/Network in 319.0 μs
[Architectury Transformer DEBUG] Transforming from mod/syconn/swm/client/screen/components/buttons/ToggleButton$Color.class to mod/syconn/swm/client/screen/components/buttons/ToggleButton$Color.class with 5 transformer(s) on dev.architectury.transformer.handler.TinyRemapperPreparedTransformerHandler
[Architectury Transformer DEBUG] Found class transformer
[Architectury Transformer DEBUG] Writing mod/syconn/swm/client/screen/components/buttons/ToggleButton$Color with maxs=true frames=true
[Architectury Transformer DEBUG] Transformed mod/syconn/swm/client/screen/components/buttons/ToggleButton$Color in 146.4 μs
[Architectury Transformer DEBUG] Transforming from mod/syconn/swm/utils/generic/DirectionUtil.class to mod/syconn/swm/utils/generic/DirectionUtil.class with 5 transformer(s) on dev.architectury.transformer.handler.TinyRemapperPreparedTransformerHandler
[Architectury Transformer DEBUG] Found class transformer
[Architectury Transformer DEBUG] Writing mod/syconn/swm/utils/generic/DirectionUtil with maxs=true frames=true
[Architectury Transformer DEBUG] Transformed mod/syconn/swm/utils/generic/DirectionUtil in 116.4 μs
[Architectury Transformer DEBUG] Transforming from mod/syconn/swm/utils/Constants.class to mod/syconn/swm/utils/Constants.class with 5 transformer(s) on dev.architectury.transformer.handler.TinyRemapperPreparedTransformerHandler
[Architectury Transformer DEBUG] Found class transformer
[Architectury Transformer DEBUG] Writing mod/syconn/swm/utils/Constants with maxs=true frames=true
[Architectury Transformer DEBUG] Transformed mod/syconn/swm/utils/Constants in 139.5 μs
[Architectury Transformer DEBUG] Transforming from mod/syconn/swm/client/screen/components/buttons/ToggleButton$OnPress.class to mod/syconn/swm/client/screen/components/buttons/ToggleButton$OnPress.class with 5 transformer(s) on dev.architectury.transformer.handler.TinyRemapperPreparedTransformerHandler
[Architectury Transformer DEBUG] Found class transformer
[Architectury Transformer DEBUG] Writing mod/syconn/swm/client/screen/components/buttons/ToggleButton$OnPress with maxs=true frames=true
[Architectury Transformer DEBUG] Transformed mod/syconn/swm/client/screen/components/buttons/ToggleButton$OnPress in 163.7 μs
[Architectury Transformer DEBUG] Transforming from mod/syconn/swm/utils/client/PlasmaBuffer.class to mod/syconn/swm/utils/client/PlasmaBuffer.class with 5 transformer(s) on dev.architectury.transformer.handler.TinyRemapperPreparedTransformerHandler
[Architectury Transformer DEBUG] Found class transformer
[Architectury Transformer DEBUG] Writing mod/syconn/swm/utils/client/PlasmaBuffer with maxs=true frames=true
[Architectury Transformer DEBUG] Transformed mod/syconn/swm/utils/client/PlasmaBuffer in 11.50 ms
[Architectury Transformer DEBUG] Transforming from mod/syconn/swm/client/screen/components/PlayerCountWidget.class to mod/syconn/swm/client/screen/components/PlayerCountWidget.class with 5 transformer(s) on dev.architectury.transformer.handler.TinyRemapperPreparedTransformerHandler
[Architectury Transformer DEBUG] Found class transformer
[Architectury Transformer DEBUG] Writing mod/syconn/swm/client/screen/components/PlayerCountWidget with maxs=true frames=true
[Architectury Transformer DEBUG] Transformed mod/syconn/swm/client/screen/components/PlayerCountWidget in 576.1 μs
[Architectury Transformer DEBUG] Transforming from mod/syconn/swm/client/screen/components/ScrollerWidget.class to mod/syconn/swm/client/screen/components/ScrollerWidget.class with 5 transformer(s) on dev.architectury.transformer.handler.TinyRemapperPreparedTransformerHandler
[Architectury Transformer DEBUG] Found class transformer
[Architectury Transformer DEBUG] Writing mod/syconn/swm/client/screen/components/ScrollerWidget with maxs=true frames=true
[Architectury Transformer DEBUG] Transformed mod/syconn/swm/client/screen/components/ScrollerWidget in 356.1 μs
[Architectury Transformer DEBUG] Transforming from mod/syconn/swm/client/screen/components/buttons/RefreshButton.class to mod/syconn/swm/client/screen/components/buttons/RefreshButton.class with 5 transformer(s) on dev.architectury.transformer.handler.TinyRemapperPreparedTransformerHandler
[Architectury Transformer DEBUG] Found class transformer
[Architectury Transformer DEBUG] Writing mod/syconn/swm/client/screen/components/buttons/RefreshButton with maxs=true frames=true
[Architectury Transformer DEBUG] Transformed mod/syconn/swm/client/screen/components/buttons/RefreshButton in 299.7 μs
[Architectury Transformer DEBUG] Transforming from mod/syconn/swm/client/screen/components/buttons/RefreshButton$OnPress.class to mod/syconn/swm/client/screen/components/buttons/RefreshButton$OnPress.class with 5 transformer(s) on dev.architectury.transformer.handler.TinyRemapperPreparedTransformerHandler
[Architectury Transformer DEBUG] Found class transformer
[Architectury Transformer DEBUG] Writing mod/syconn/swm/client/screen/components/buttons/RefreshButton$OnPress with maxs=true frames=true
[Architectury Transformer DEBUG] Transformed mod/syconn/swm/client/screen/components/buttons/RefreshButton$OnPress in 130.5 μs
[Architectury Transformer DEBUG] Transforming from mod/syconn/swm/client/screen/HologramScreen$1.class to mod/syconn/swm/client/screen/HologramScreen$1.class with 5 transformer(s) on dev.architectury.transformer.handler.TinyRemapperPreparedTransformerHandler
[Architectury Transformer DEBUG] Found class transformer
[Architectury Transformer DEBUG] Writing mod/syconn/swm/client/screen/HologramScreen$1 with maxs=true frames=true
[Architectury Transformer DEBUG] Transformed mod/syconn/swm/client/screen/HologramScreen$1 in 171.2 μs
[Architectury Transformer DEBUG] Transforming from mod/syconn/swm/utils/generic/GraphicsUtil.class to mod/syconn/swm/utils/generic/GraphicsUtil.class with 5 transformer(s) on dev.architectury.transformer.handler.TinyRemapperPreparedTransformerHandler
[Architectury Transformer DEBUG] Found class transformer
[Architectury Transformer DEBUG] Writing mod/syconn/swm/utils/generic/GraphicsUtil with maxs=true frames=true
[Architectury Transformer DEBUG] Transformed mod/syconn/swm/utils/generic/GraphicsUtil in 449.1 μs
[Architectury Transformer DEBUG] Transforming from mod/syconn/swm/utils/generic/FontUtil.class to mod/syconn/swm/utils/generic/FontUtil.class with 5 transformer(s) on dev.architectury.transformer.handler.TinyRemapperPreparedTransformerHandler
[Architectury Transformer DEBUG] Found class transformer
[Architectury Transformer DEBUG] Writing mod/syconn/swm/utils/generic/FontUtil with maxs=true frames=true
[Architectury Transformer DEBUG] Transformed mod/syconn/swm/utils/generic/FontUtil in 215.3 μs
[Architectury Transformer DEBUG] Transforming from mod/syconn/swm/server/savedata/HologramNetwork.class to mod/syconn/swm/server/savedata/HologramNetwork.class with 5 transformer(s) on dev.architectury.transformer.handler.TinyRemapperPreparedTransformerHandler
[Architectury Transformer DEBUG] Found class transformer
[Architectury Transformer DEBUG] Writing mod/syconn/swm/server/savedata/HologramNetwork with maxs=true frames=true
[Architectury Transformer DEBUG] Transformed mod/syconn/swm/server/savedata/HologramNetwork in 1.964 ms
[Architectury Transformer DEBUG] Transforming from mod/syconn/swm/server/savedata/HologramNetwork$Caller.class to mod/syconn/swm/server/savedata/HologramNetwork$Caller.class with 5 transformer(s) on dev.architectury.transformer.handler.TinyRemapperPreparedTransformerHandler
[Architectury Transformer DEBUG] Found class transformer
[Architectury Transformer DEBUG] Writing mod/syconn/swm/server/savedata/HologramNetwork$Caller with maxs=true frames=true
[Architectury Transformer DEBUG] Transformed mod/syconn/swm/server/savedata/HologramNetwork$Caller in 591.9 μs
[Architectury Transformer DEBUG] Transforming from mod/syconn/swm/features/lightsaber/network/ThrowLightsaberPacket.class to mod/syconn/swm/features/lightsaber/network/ThrowLightsaberPacket.class with 5 transformer(s) on dev.architectury.transformer.handler.TinyRemapperPreparedTransformerHandler
[Architectury Transformer DEBUG] Found class transformer
[Architectury Transformer DEBUG] Writing mod/syconn/swm/features/lightsaber/network/ThrowLightsaberPacket with maxs=true frames=true
[Architectury Transformer DEBUG] Transformed mod/syconn/swm/features/lightsaber/network/ThrowLightsaberPacket in 223.0 μs
[Architectury Transformer DEBUG] Transforming from mod/syconn/swm/features/lightsaber/client/entity/LightsaberWorkbenchRenderer.class to mod/syconn/swm/features/lightsaber/client/entity/LightsaberWorkbenchRenderer.class with 5 transformer(s) on dev.architectury.transformer.handler.TinyRemapperPreparedTransformerHandler
[Architectury Transformer DEBUG] Found class transformer
[Architectury Transformer DEBUG] Writing mod/syconn/swm/features/lightsaber/client/entity/LightsaberWorkbenchRenderer with maxs=true frames=true
[Architectury Transformer DEBUG] Transformed mod/syconn/swm/features/lightsaber/client/entity/LightsaberWorkbenchRenderer in 267.5 μs
[Architectury Transformer DEBUG] Transforming from mod/syconn/swm/utils/block/WorldPos.class to mod/syconn/swm/utils/block/WorldPos.class with 5 transformer(s) on dev.architectury.transformer.handler.TinyRemapperPreparedTransformerHandler
[Architectury Transformer DEBUG] Found class transformer
[Architectury Transformer DEBUG] Writing mod/syconn/swm/utils/block/WorldPos with maxs=true frames=true
[Architectury Transformer DEBUG] Transformed mod/syconn/swm/utils/block/WorldPos in 264.8 μs
[Architectury Transformer DEBUG] Transforming from mod/syconn/swm/network/packets/clientside/SyncResourceDataPacket.class to mod/syconn/swm/network/packets/clientside/SyncResourceDataPacket.class with 5 transformer(s) on dev.architectury.transformer.handler.TinyRemapperPreparedTransformerHandler
[Architectury Transformer DEBUG] Found class transformer
[Architectury Transformer DEBUG] Writing mod/syconn/swm/network/packets/clientside/SyncResourceDataPacket with maxs=true frames=true
[Architectury Transformer DEBUG] Transformed mod/syconn/swm/network/packets/clientside/SyncResourceDataPacket in 267.1 μs
[Architectury Transformer DEBUG] Transforming from mod/syconn/swm/client/render/block/HoloProjectorBlockEntityRenderer.class to mod/syconn/swm/client/render/block/HoloProjectorBlockEntityRenderer.class with 5 transformer(s) on dev.architectury.transformer.handler.TinyRemapperPreparedTransformerHandler
[Architectury Transformer DEBUG] Found class transformer
[Architectury Transformer DEBUG] Writing mod/syconn/swm/client/render/block/HoloProjectorBlockEntityRenderer with maxs=true frames=true
[Architectury Transformer DEBUG] Transformed mod/syconn/swm/client/render/block/HoloProjectorBlockEntityRenderer in 300.7 μs
[Architectury Transformer DEBUG] Transforming from mod/syconn/swm/features/lightsaber/network/CraftHiltPacket.class to mod/syconn/swm/features/lightsaber/network/CraftHiltPacket.class with 5 transformer(s) on dev.architectury.transformer.handler.TinyRemapperPreparedTransformerHandler
[Architectury Transformer DEBUG] Found class transformer
[Architectury Transformer DEBUG] Writing mod/syconn/swm/features/lightsaber/network/CraftHiltPacket with maxs=true frames=true
[Architectury Transformer DEBUG] Transformed mod/syconn/swm/features/lightsaber/network/CraftHiltPacket in 297.8 μs
[Architectury Transformer DEBUG] Transforming from mod/syconn/swm/utils/generic/MapUtil.class to mod/syconn/swm/utils/generic/MapUtil.class with 5 transformer(s) on dev.architectury.transformer.handler.TinyRemapperPreparedTransformerHandler
[Architectury Transformer DEBUG] Found class transformer
[Architectury Transformer DEBUG] Writing mod/syconn/swm/utils/generic/MapUtil with maxs=true frames=true
[Architectury Transformer DEBUG] Transformed mod/syconn/swm/utils/generic/MapUtil in 274.0 μs
[Architectury Transformer DEBUG] Transforming from mod/syconn/swm/network/packets/serverside/HoloCallPacket.class to mod/syconn/swm/network/packets/serverside/HoloCallPacket.class with 5 transformer(s) on dev.architectury.transformer.handler.TinyRemapperPreparedTransformerHandler
[Architectury Transformer DEBUG] Found class transformer
[Architectury Transformer DEBUG] Writing mod/syconn/swm/network/packets/serverside/HoloCallPacket with maxs=true frames=true
[Architectury Transformer DEBUG] Transformed mod/syconn/swm/network/packets/serverside/HoloCallPacket in 274.4 μs
[Architectury Transformer DEBUG] Transforming from mod/syconn/swm/utils/generic/ListUtil.class to mod/syconn/swm/utils/generic/ListUtil.class with 5 transformer(s) on dev.architectury.transformer.handler.TinyRemapperPreparedTransformerHandler
[Architectury Transformer DEBUG] Found class transformer
[Architectury Transformer DEBUG] Writing mod/syconn/swm/utils/generic/ListUtil with maxs=true frames=true
[Architectury Transformer DEBUG] Transformed mod/syconn/swm/utils/generic/ListUtil in 229.7 μs
[Architectury Transformer DEBUG] Transforming from mod/syconn/swm/network/packets/serverside/HoloCallPacket$Type.class to mod/syconn/swm/network/packets/serverside/HoloCallPacket$Type.class with 5 transformer(s) on dev.architectury.transformer.handler.TinyRemapperPreparedTransformerHandler
[Architectury Transformer DEBUG] Found class transformer
[Architectury Transformer DEBUG] Writing mod/syconn/swm/network/packets/serverside/HoloCallPacket$Type with maxs=true frames=true
[Architectury Transformer DEBUG] Transformed mod/syconn/swm/network/packets/serverside/HoloCallPacket$Type in 142.8 μs
[Architectury Transformer DEBUG] Transforming from mod/syconn/swm/network/packets/clientside/RequestedHologramPacket.class to mod/syconn/swm/network/packets/clientside/RequestedHologramPacket.class with 5 transformer(s) on dev.architectury.transformer.handler.TinyRemapperPreparedTransformerHandler
[Architectury Transformer DEBUG] Found class transformer
[Architectury Transformer DEBUG] Writing mod/syconn/swm/network/packets/clientside/RequestedHologramPacket with maxs=true frames=true
[Architectury Transformer DEBUG] Transformed mod/syconn/swm/network/packets/clientside/RequestedHologramPacket in 151.3 μs
[Architectury Transformer DEBUG] Transforming from mod/syconn/swm/features/lightsaber/client/screen/LightsaberWorkbenchScreen.class to mod/syconn/swm/features/lightsaber/client/screen/LightsaberWorkbenchScreen.class with 5 transformer(s) on dev.architectury.transformer.handler.TinyRemapperPreparedTransformerHandler
[Architectury Transformer DEBUG] Found class transformer
[Architectury Transformer DEBUG] Writing mod/syconn/swm/features/lightsaber/client/screen/LightsaberWorkbenchScreen with maxs=true frames=true
[Architectury Transformer DEBUG] Transformed mod/syconn/swm/features/lightsaber/client/screen/LightsaberWorkbenchScreen in 515.1 μs
[Architectury Transformer DEBUG] Transforming from mod/syconn/swm/network/packets/serverside/RequestHologramPacket.class to mod/syconn/swm/network/packets/serverside/RequestHologramPacket.class with 5 transformer(s) on dev.architectury.transformer.handler.TinyRemapperPreparedTransformerHandler
[Architectury Transformer DEBUG] Found class transformer
[Architectury Transformer DEBUG] Writing mod/syconn/swm/network/packets/serverside/RequestHologramPacket with maxs=true frames=true
[Architectury Transformer DEBUG] Transformed mod/syconn/swm/network/packets/serverside/RequestHologramPacket in 362.0 μs
[Architectury Transformer DEBUG] Transforming from mod/syconn/swm/network/packets/clientside/NotifyPlayerPacket.class to mod/syconn/swm/network/packets/clientside/NotifyPlayerPacket.class with 5 transformer(s) on dev.architectury.transformer.handler.TinyRemapperPreparedTransformerHandler
[Architectury Transformer DEBUG] Found class transformer
[Architectury Transformer DEBUG] Writing mod/syconn/swm/network/packets/clientside/NotifyPlayerPacket with maxs=true frames=true
[Architectury Transformer DEBUG] Transformed mod/syconn/swm/network/packets/clientside/NotifyPlayerPacket in 175.1 μs
[Architectury Transformer DEBUG] Transforming from mod/syconn/swm/features/addons/LightsaberContent.class to mod/syconn/swm/features/addons/LightsaberContent.class with 5 transformer(s) on dev.architectury.transformer.handler.TinyRemapperPreparedTransformerHandler
[Architectury Transformer DEBUG] Found class transformer
[Architectury Transformer DEBUG] Writing mod/syconn/swm/features/addons/LightsaberContent with maxs=true frames=true
[Architectury Transformer DEBUG] Transformed mod/syconn/swm/features/addons/LightsaberContent in 269.2 μs
[Architectury Transformer DEBUG] Transforming from mod/syconn/swm/utils/generic/ColorUtil.class to mod/syconn/swm/utils/generic/ColorUtil.class with 5 transformer(s) on dev.architectury.transformer.handler.TinyRemapperPreparedTransformerHandler
[Architectury Transformer DEBUG] Found class transformer
[Architectury Transformer DEBUG] Writing mod/syconn/swm/utils/generic/ColorUtil with maxs=true frames=true
[Architectury Transformer DEBUG] Transformed mod/syconn/swm/utils/generic/ColorUtil in 409.0 μs
[Architectury Transformer DEBUG] Transforming from mod/syconn/swm/utils/server/JsonResourceReloader.class to mod/syconn/swm/utils/server/JsonResourceReloader.class with 5 transformer(s) on dev.architectury.transformer.handler.TinyRemapperPreparedTransformerHandler
[Architectury Transformer DEBUG] Found class transformer
[Architectury Transformer DEBUG] Writing mod/syconn/swm/utils/server/JsonResourceReloader with maxs=true frames=true
[Architectury Transformer DEBUG] Transformed mod/syconn/swm/utils/server/JsonResourceReloader in 261.1 μs
[Architectury Transformer DEBUG] Transforming from mod/syconn/swm/utils/interfaces/ISerializable.class to mod/syconn/swm/utils/interfaces/ISerializable.class with 5 transformer(s) on dev.architectury.transformer.handler.TinyRemapperPreparedTransformerHandler
[Architectury Transformer DEBUG] Found class transformer
[Architectury Transformer DEBUG] Writing mod/syconn/swm/utils/interfaces/ISerializable with maxs=true frames=true
[Architectury Transformer DEBUG] Transformed mod/syconn/swm/utils/interfaces/ISerializable in 89.80 μs
[Architectury Transformer DEBUG] Transforming from mod/syconn/swm/features/lightsaber/data/LightsaberData.class to mod/syconn/swm/features/lightsaber/data/LightsaberData.class with 5 transformer(s) on dev.architectury.transformer.handler.TinyRemapperPreparedTransformerHandler
[Architectury Transformer DEBUG] Found class transformer
[Architectury Transformer DEBUG] Writing mod/syconn/swm/features/lightsaber/data/LightsaberData with maxs=true frames=true
[Architectury Transformer DEBUG] Transformed mod/syconn/swm/features/lightsaber/data/LightsaberData in 421.3 μs
[Architectury Transformer DEBUG] Transforming from mod/syconn/swm/client/StarWarsClient.class to mod/syconn/swm/client/StarWarsClient.class with 5 transformer(s) on dev.architectury.transformer.handler.TinyRemapperPreparedTransformerHandler
[Architectury Transformer DEBUG] Found class transformer
[Architectury Transformer DEBUG] Writing mod/syconn/swm/client/StarWarsClient with maxs=true frames=true
[Architectury Transformer DEBUG] Transformed mod/syconn/swm/client/StarWarsClient in 209.5 μs
[Architectury Transformer DEBUG] Transforming from mod/syconn/swm/utils/interfaces/IModifiedItemRenderer.class to mod/syconn/swm/utils/interfaces/IModifiedItemRenderer.class with 5 transformer(s) on dev.architectury.transformer.handler.TinyRemapperPreparedTransformerHandler
[Architectury Transformer DEBUG] Found class transformer
[Architectury Transformer DEBUG] Writing mod/syconn/swm/utils/interfaces/IModifiedItemRenderer with maxs=true frames=true
[Architectury Transformer DEBUG] Transformed mod/syconn/swm/utils/interfaces/IModifiedItemRenderer in 100.4 μs
[Architectury Transformer DEBUG] Transforming from mod/syconn/swm/utils/interfaces/IModifiedPoseRenderer.class to mod/syconn/swm/utils/interfaces/IModifiedPoseRenderer.class with 5 transformer(s) on dev.architectury.transformer.handler.TinyRemapperPreparedTransformerHandler
[Architectury Transformer DEBUG] Found class transformer
[Architectury Transformer DEBUG] Writing mod/syconn/swm/utils/interfaces/IModifiedPoseRenderer with maxs=true frames=true
[Architectury Transformer DEBUG] Transformed mod/syconn/swm/utils/interfaces/IModifiedPoseRenderer in 115.2 μs
[Architectury Transformer DEBUG] Transforming from mod/syconn/swm/features/lightsaber/client/LightsaberItemRender.class to mod/syconn/swm/features/lightsaber/client/LightsaberItemRender.class with 5 transformer(s) on dev.architectury.transformer.handler.TinyRemapperPreparedTransformerHandler
[Architectury Transformer DEBUG] Found class transformer
[Architectury Transformer DEBUG] Writing mod/syconn/swm/features/lightsaber/client/LightsaberItemRender with maxs=true frames=true
[Architectury Transformer DEBUG] Transformed mod/syconn/swm/features/lightsaber/client/LightsaberItemRender in 350.7 μs
[Architectury Transformer DEBUG] Transforming from mod/syconn/swm/features/blaster/client/BlasterItemRenderer.class to mod/syconn/swm/features/blaster/client/BlasterItemRenderer.class with 5 transformer(s) on dev.architectury.transformer.handler.TinyRemapperPreparedTransformerHandler
[Architectury Transformer DEBUG] Found class transformer
[Architectury Transformer DEBUG] Writing mod/syconn/swm/features/blaster/client/BlasterItemRenderer with maxs=true frames=true
[Architectury Transformer DEBUG] Transformed mod/syconn/swm/features/blaster/client/BlasterItemRenderer in 194.6 μs
[Architectury Transformer DEBUG] Transforming from mod/syconn/swm/client/render/item/HoloProjectorItemRenderer.class to mod/syconn/swm/client/render/item/HoloProjectorItemRenderer.class with 5 transformer(s) on dev.architectury.transformer.handler.TinyRemapperPreparedTransformerHandler
[Architectury Transformer DEBUG] Found class transformer
[Architectury Transformer DEBUG] Writing mod/syconn/swm/client/render/item/HoloProjectorItemRenderer with maxs=true frames=true
[Architectury Transformer DEBUG] Transformed mod/syconn/swm/client/render/item/HoloProjectorItemRenderer in 257.2 μs
[Architectury Transformer DEBUG] Transforming from mod/syconn/swm/core/ModKeys.class to mod/syconn/swm/core/ModKeys.class with 5 transformer(s) on dev.architectury.transformer.handler.TinyRemapperPreparedTransformerHandler
[Architectury Transformer DEBUG] Found class transformer
[Architectury Transformer DEBUG] Writing mod/syconn/swm/core/ModKeys with maxs=true frames=true
[Architectury Transformer DEBUG] Transformed mod/syconn/swm/core/ModKeys in 115.1 μs
[Architectury Transformer DEBUG] Transforming from mod/syconn/swm/utils/generic/StringUtil.class to mod/syconn/swm/utils/generic/StringUtil.class with 5 transformer(s) on dev.architectury.transformer.handler.TinyRemapperPreparedTransformerHandler
[Architectury Transformer DEBUG] Found class transformer
[Architectury Transformer DEBUG] Writing mod/syconn/swm/utils/generic/StringUtil with maxs=true frames=true
[Architectury Transformer DEBUG] Transformed mod/syconn/swm/utils/generic/StringUtil in 79.80 μs
[Architectury Transformer DEBUG] Transforming from mod/syconn/swm/utils/client/NodeVec3.class to mod/syconn/swm/utils/client/NodeVec3.class with 5 transformer(s) on dev.architectury.transformer.handler.TinyRemapperPreparedTransformerHandler
[Architectury Transformer DEBUG] Found class transformer
[Architectury Transformer DEBUG] Writing mod/syconn/swm/utils/client/NodeVec3 with maxs=true frames=true
[Architectury Transformer DEBUG] Transformed mod/syconn/swm/utils/client/NodeVec3 in 190.1 μs
[Architectury Transformer DEBUG] Transforming from mod/syconn/swm/utils/generic/MathUtil.class to mod/syconn/swm/utils/generic/MathUtil.class with 5 transformer(s) on dev.architectury.transformer.handler.TinyRemapperPreparedTransformerHandler
[Architectury Transformer DEBUG] Found class transformer
[Architectury Transformer DEBUG] Writing mod/syconn/swm/utils/generic/MathUtil with maxs=true frames=true
[Architectury Transformer DEBUG] Transformed mod/syconn/swm/utils/generic/MathUtil in 278.7 μs
[Architectury Transformer DEBUG] Transforming from mod/syconn/swm/utils/client/HologramData.class to mod/syconn/swm/utils/client/HologramData.class with 5 transformer(s) on dev.architectury.transformer.handler.TinyRemapperPreparedTransformerHandler
[Architectury Transformer DEBUG] Found class transformer
[Architectury Transformer DEBUG] Writing mod/syconn/swm/utils/client/HologramData with maxs=true frames=true
[Architectury Transformer DEBUG] Transformed mod/syconn/swm/utils/client/HologramData in 476.8 μs
[Architectury Transformer DEBUG] Transforming from mod/syconn/swm/utils/generic/ResourceUtil.class to mod/syconn/swm/utils/generic/ResourceUtil.class with 5 transformer(s) on dev.architectury.transformer.handler.TinyRemapperPreparedTransformerHandler
[Architectury Transformer DEBUG] Found class transformer
[Architectury Transformer DEBUG] Writing mod/syconn/swm/utils/generic/ResourceUtil with maxs=true frames=true
[Architectury Transformer DEBUG] Transformed mod/syconn/swm/utils/generic/ResourceUtil in 226.0 μs
[Architectury Transformer DEBUG] Transforming from mod/syconn/swm/utils/generic/ColorUtil$TintMode.class to mod/syconn/swm/utils/generic/ColorUtil$TintMode.class with 5 transformer(s) on dev.architectury.transformer.handler.TinyRemapperPreparedTransformerHandler
[Architectury Transformer DEBUG] Found class transformer
[Architectury Transformer DEBUG] Writing mod/syconn/swm/utils/generic/ColorUtil$TintMode with maxs=true frames=true
[Architectury Transformer DEBUG] Transformed mod/syconn/swm/utils/generic/ColorUtil$TintMode in 120.7 μs
[Architectury Transformer DEBUG] Transforming from mod/syconn/swm/utils/generic/ColorUtil$1.class to mod/syconn/swm/utils/generic/ColorUtil$1.class with 5 transformer(s) on dev.architectury.transformer.handler.TinyRemapperPreparedTransformerHandler
[Architectury Transformer DEBUG] Found class transformer
[Architectury Transformer DEBUG] Writing mod/syconn/swm/utils/generic/ColorUtil$1 with maxs=true frames=true
[Architectury Transformer DEBUG] Transformed mod/syconn/swm/utils/generic/ColorUtil$1 in 106.6 μs
[Architectury Transformer DEBUG] Transforming from mod/syconn/swm/client/render/entity/HologramRenderer.class to mod/syconn/swm/client/render/entity/HologramRenderer.class with 5 transformer(s) on dev.architectury.transformer.handler.TinyRemapperPreparedTransformerHandler
[Architectury Transformer DEBUG] Found class transformer
[Architectury Transformer DEBUG] Writing mod/syconn/swm/client/render/entity/HologramRenderer with maxs=true frames=true
[Architectury Transformer DEBUG] Transformed mod/syconn/swm/client/render/entity/HologramRenderer in 220.2 μs
[Architectury Transformer DEBUG] Transforming from mod/syconn/swm/utils/client/HologramData$1.class to mod/syconn/swm/utils/client/HologramData$1.class with 5 transformer(s) on dev.architectury.transformer.handler.TinyRemapperPreparedTransformerHandler
[Architectury Transformer DEBUG] Found class transformer
[Architectury Transformer DEBUG] Writing mod/syconn/swm/utils/client/HologramData$1 with maxs=true frames=true
[Architectury Transformer DEBUG] Transformed mod/syconn/swm/utils/client/HologramData$1 in 93.50 μs
[Architectury Transformer DEBUG] Transforming from mod/syconn/swm/utils/generic/RenderUtil.class to mod/syconn/swm/utils/generic/RenderUtil.class with 5 transformer(s) on dev.architectury.transformer.handler.TinyRemapperPreparedTransformerHandler
[Architectury Transformer DEBUG] Found class transformer
[Architectury Transformer DEBUG] Writing mod/syconn/swm/utils/generic/RenderUtil with maxs=true frames=true
[Architectury Transformer DEBUG] Transformed mod/syconn/swm/utils/generic/RenderUtil in 149.9 μs
[Architectury Transformer DEBUG] Transforming from mod/syconn/swm/utils/generic/AnimationUtil.class to mod/syconn/swm/utils/generic/AnimationUtil.class with 5 transformer(s) on dev.architectury.transformer.handler.TinyRemapperPreparedTransformerHandler
[Architectury Transformer DEBUG] Found class transformer
[Architectury Transformer DEBUG] Writing mod/syconn/swm/utils/generic/AnimationUtil with maxs=true frames=true
[Architectury Transformer DEBUG] Transformed mod/syconn/swm/utils/generic/AnimationUtil in 89.80 μs
[Architectury Transformer DEBUG] Transforming from mod/syconn/swm/features/lightsaber/client/entity/ThrownLightsaberRenderer.class to mod/syconn/swm/features/lightsaber/client/entity/ThrownLightsaberRenderer.class with 5 transformer(s) on dev.architectury.transformer.handler.TinyRemapperPreparedTransformerHandler
[Architectury Transformer DEBUG] Found class transformer
[Architectury Transformer DEBUG] Writing mod/syconn/swm/features/lightsaber/client/entity/ThrownLightsaberRenderer with maxs=true frames=true
[Architectury Transformer DEBUG] Transformed mod/syconn/swm/features/lightsaber/client/entity/ThrownLightsaberRenderer in 199.8 μs
[Architectury Transformer DEBUG] Transforming from mod/syconn/swm/integration/jei/Plugin.class to mod/syconn/swm/integration/jei/Plugin.class with 5 transformer(s) on dev.architectury.transformer.handler.TinyRemapperPreparedTransformerHandler
[Architectury Transformer DEBUG] Found class transformer
[Architectury Transformer DEBUG] Writing mod/syconn/swm/integration/jei/Plugin with maxs=true frames=true
[Architectury Transformer DEBUG] Transformed mod/syconn/swm/integration/jei/Plugin in 211.2 μs
[Architectury Transformer DEBUG] Transforming from mod/syconn/swm/server/StarWarsServer.class to mod/syconn/swm/server/StarWarsServer.class with 5 transformer(s) on dev.architectury.transformer.handler.TinyRemapperPreparedTransformerHandler
[Architectury Transformer DEBUG] Found class transformer
[Architectury Transformer DEBUG] Writing mod/syconn/swm/server/StarWarsServer with maxs=true frames=true
[Architectury Transformer DEBUG] Transformed mod/syconn/swm/server/StarWarsServer in 178.9 μs
[Architectury Transformer DEBUG] Transforming from mod/syconn/swm/StarWars.class to mod/syconn/swm/StarWars.class with 5 transformer(s) on dev.architectury.transformer.handler.TinyRemapperPreparedTransformerHandler
[Architectury Transformer DEBUG] Found class transformer
[Architectury Transformer DEBUG] Writing mod/syconn/swm/StarWars with maxs=true frames=true
[Architectury Transformer DEBUG] Transformed mod/syconn/swm/StarWars in 139.6 μs
[Architectury Transformer DEBUG] Transforming from mod/syconn/swm/core/ModBlocks.class to mod/syconn/swm/core/ModBlocks.class with 5 transformer(s) on dev.architectury.transformer.handler.TinyRemapperPreparedTransformerHandler
[Architectury Transformer DEBUG] Found class transformer
[Architectury Transformer DEBUG] Writing mod/syconn/swm/core/ModBlocks with maxs=true frames=true
[Architectury Transformer DEBUG] Transformed mod/syconn/swm/core/ModBlocks in 208.6 μs
[Architectury Transformer DEBUG] Transforming from mod/syconn/swm/block/TwoPartBlock.class to mod/syconn/swm/block/TwoPartBlock.class with 5 transformer(s) on dev.architectury.transformer.handler.TinyRemapperPreparedTransformerHandler
[Architectury Transformer DEBUG] Found class transformer
[Architectury Transformer DEBUG] Writing mod/syconn/swm/block/TwoPartBlock with maxs=true frames=true
[Architectury Transformer DEBUG] Transformed mod/syconn/swm/block/TwoPartBlock in 425.1 μs
[Architectury Transformer DEBUG] Transforming from mod/syconn/swm/utils/interfaces/IEntityBlock.class to mod/syconn/swm/utils/interfaces/IEntityBlock.class with 5 transformer(s) on dev.architectury.transformer.handler.TinyRemapperPreparedTransformerHandler
[Architectury Transformer DEBUG] Found class transformer
[Architectury Transformer DEBUG] Writing mod/syconn/swm/utils/interfaces/IEntityBlock with maxs=true frames=true
[Architectury Transformer DEBUG] Transformed mod/syconn/swm/utils/interfaces/IEntityBlock in 210.6 μs
[Architectury Transformer DEBUG] Transforming from mod/syconn/swm/features/lightsaber/block/LightsaberWorkbenchBlock.class to mod/syconn/swm/features/lightsaber/block/LightsaberWorkbenchBlock.class with 5 transformer(s) on dev.architectury.transformer.handler.TinyRemapperPreparedTransformerHandler
[Architectury Transformer DEBUG] Found class transformer
[Architectury Transformer DEBUG] Writing mod/syconn/swm/features/lightsaber/block/LightsaberWorkbenchBlock with maxs=true frames=true
[Architectury Transformer DEBUG] Transformed mod/syconn/swm/features/lightsaber/block/LightsaberWorkbenchBlock in 520.7 μs
[Architectury Transformer DEBUG] Transforming from mod/syconn/swm/core/ModItems.class to mod/syconn/swm/core/ModItems.class with 5 transformer(s) on dev.architectury.transformer.handler.TinyRemapperPreparedTransformerHandler
[Architectury Transformer DEBUG] Found class transformer
[Architectury Transformer DEBUG] Writing mod/syconn/swm/core/ModItems with maxs=true frames=true
[Architectury Transformer DEBUG] Transformed mod/syconn/swm/core/ModItems in 249.2 μs
[Architectury Transformer DEBUG] Transforming from mod/syconn/swm/utils/interfaces/IItemExtensions.class to mod/syconn/swm/utils/interfaces/IItemExtensions.class with 5 transformer(s) on dev.architectury.transformer.handler.TinyRemapperPreparedTransformerHandler
[Architectury Transformer DEBUG] Found class transformer
[Architectury Transformer DEBUG] Writing mod/syconn/swm/utils/interfaces/IItemExtensions with maxs=true frames=true
[Architectury Transformer DEBUG] Transformed mod/syconn/swm/utils/interfaces/IItemExtensions in 109.8 μs
[Architectury Transformer DEBUG] Transforming from mod/syconn/swm/features/lightsaber/item/LightsaberItem.class to mod/syconn/swm/features/lightsaber/item/LightsaberItem.class with 5 transformer(s) on dev.architectury.transformer.handler.TinyRemapperPreparedTra[Architectury Transformer DEBUG] Closed File Systems for C:\Users\Aidan\IdeaProjects\StarWarsMod\1.20.1\common\build\devlibs\swm-common-2.1.0-dev.jar
[Architectury Transformer] Detected File Modification at swm-common-2.1.0-dev.jar
[Architectury Transformer DEBUG] Transforming 5 transformer(s) from C:\Users\Aidan\IdeaProjects\StarWarsMod\1.20.1\common\build\devlibs\swm-common-2.1.0-dev.jar to C:\Users\Aidan\AppData\Local\Temp\5620541337756259384.jar: 
[Architectury Transformer DEBUG]  - dev.architectury.transformer.transformers.RuntimeMixinRefmapDetector@1c5d314d
[Architectury Transformer DEBUG]  - dev.architectury.transformer.transformers.GenerateFakeFabricMod@20a4511e
[Architectury Transformer DEBUG]  - dev.architectury.transformer.transformers.TransformExpectPlatform@62f6c22e
[Architectury Transformer DEBUG]  - dev.architectury.transformer.transformers.RemapInjectables@1346d3ae
[Architectury Transformer DEBUG]  - dev.architectury.transformer.transformers.TransformPlatformOnly@66645fd2
[Architectury Transformer DEBUG] Transforming from C:\Users\Aidan\IdeaProjects\StarWarsMod\1.20.1\common\build\devlibs\swm-common-2.1.0-dev.jar to C:\Users\Aidan\AppData\Local\Temp\5620541337756259384.jar with 5 transformer(s) on dev.architectury.transformer.handler.SimpleTransformerHandler
[Architectury Transformer DEBUG] Found class transformer
[Architectury Transformer DEBUG] Writing architectury_inject_StarWarsMod1201_fabric_68126222c8694042b15f9c92c0e80b14_8f42387ed1fcc59177bf6e1f00df9904dc7501bd43b83be863551fb3ab7e4595swmcommon210devjar/PlatformMethods with maxs=true frames=true
[Architectury Transformer DEBUG] Writing mod/syconn/swm/StarWars with maxs=true frames=true
[Architectury Transformer DEBUG] Writing mod/syconn/swm/block/HoloProjectorBlock with maxs=true frames=true
[Architectury Transformer DEBUG] Writing mod/syconn/swm/block/TwoPartBlock with maxs=true frames=true
[Architectury Transformer DEBUG] Writing mod/syconn/swm/blockentity/HoloProjectorBlockEntity with maxs=true frames=true
[Architectury Transformer DEBUG] Writing mod/syconn/swm/blockentity/SyncedBlockEntity with maxs=true frames=true
[Architectury Transformer DEBUG] Writing mod/syconn/swm/client/ClientHooks$1 with maxs=true frames=true
[Architectury Transformer DEBUG] Writing mod/syconn/swm/client/ClientHooks with maxs=true frames=true
[Architectury Transformer DEBUG] Writing mod/syconn/swm/client/StarWarsClient with maxs=true frames=true
[Architectury Transformer DEBUG] Writing mod/syconn/swm/client/keys/KeyHandler with maxs=true frames=true
[Architectury Transformer DEBUG] Writing mod/syconn/swm/client/render/block/HoloProjectorBlockEntityRenderer with maxs=true frames=true
[Architectury Transformer DEBUG] Writing mod/syconn/swm/client/render/entity/HologramRenderer with maxs=true frames=true
[Architectury Transformer DEBUG] Writing mod/syconn/swm/client/render/entity/PlasmaRenderer with maxs=true frames=true
[Architectury Transformer DEBUG] Writing mod/syconn/swm/client/render/item/HoloProjectorItemRenderer with maxs=true frames=true
[Architectury Transformer DEBUG] Writing mod/syconn/swm/client/screen/CallMenuWidget$MenuData with maxs=true frames=true
[Architectury Transformer DEBUG] Writing mod/syconn/swm/client/screen/CallMenuWidget with maxs=true frames=true
[Architectury Transformer DEBUG] Writing mod/syconn/swm/client/screen/HologramScreen$1 with maxs=true frames=true
[Architectury Transformer DEBUG] Writing mod/syconn/swm/client/screen/HologramScreen$Page with maxs=true frames=true
[Architectury Transformer DEBUG] Writing mod/syconn/swm/client/screen/HologramScreen with maxs=true frames=true
[Architectury Transformer DEBUG] Writing mod/syconn/swm/client/screen/components/ColoredSliderBar with maxs=true frames=true
[Architectury Transformer DEBUG] Writing mod/syconn/swm/client/screen/components/ErrorWidget with maxs=true frames=true
[Architectury Transformer DEBUG] Writing mod/syconn/swm/client/screen/components/PlayerCountWidget with maxs=true frames=true
[Architectury Transformer DEBUG] Writing mod/syconn/swm/client/screen/components/ScrollerWidget with maxs=true frames=true
[Architectury Transformer DEBUG] Writing mod/syconn/swm/client/screen/components/SliderWidget$OnChange with maxs=true frames=true
[Architectury Transformer DEBUG] Writing mod/syconn/swm/client/screen/components/SliderWidget with maxs=true frames=true
[Architectury Transformer DEBUG] Writing mod/syconn/swm/client/screen/components/buttons/CallButton$Type with maxs=true frames=true
[Architectury Transformer DEBUG] Writing mod/syconn/swm/client/screen/components/buttons/CallButton with maxs=true frames=true
[Architectury Transformer DEBUG] Writing mod/syconn/swm/client/screen/components/buttons/ColoredLightsaberButton with maxs=true frames=true
[Architectury Transformer DEBUG] Writing mod/syconn/swm/client/screen/components/buttons/ExpandedButton with maxs=true frames=true
[Architectury Transformer DEBUG] Writing mod/syconn/swm/client/screen/components/buttons/RefreshButton$OnPress with maxs=true frames=true
[Architectury Transformer DEBUG] Writing mod/syconn/swm/client/screen/components/buttons/RefreshButton with maxs=true frames=true
[Architectury Transformer DEBUG] Writing mod/syconn/swm/client/screen/components/buttons/ToggleButton$Color with maxs=true frames=true
[Architectury Transformer DEBUG] Writing mod/syconn/swm/client/screen/components/buttons/ToggleButton$OnPress with maxs=true frames=true
[Architectury Transformer DEBUG] Writing mod/syconn/swm/client/screen/components/buttons/ToggleButton with maxs=true frames=true
[Architectury Transformer DEBUG] Writing mod/syconn/swm/core/ModBlockEntities with maxs=true frames=true
[Architectury Transformer DEBUG] Writing mod/syconn/swm/core/ModBlocks with maxs=true frames=true
[Architectury Transformer DEBUG] Writing mod/syconn/swm/core/ModDamageSources with maxs=true frames=true
[Architectury Transformer DEBUG] Writing mod/syconn/swm/core/ModEntities with maxs=true frames=true
[Architectury Transformer DEBUG] Writing mod/syconn/swm/core/ModItems with maxs=true frames=true
[Architectury Transformer DEBUG] Writing mod/syconn/swm/core/ModKeys with maxs=true frames=true
[Architectury Transformer DEBUG] Writing mod/syconn/swm/core/ModMenus with maxs=true frames=true
[Architectury Transformer DEBUG] Writing mod/syconn/swm/core/ModRecipes$1 with maxs=true frames=true
[Architectury Transformer DEBUG] Writing mod/syconn/swm/core/ModRecipes with maxs=true frames=true
[Architectury Transformer DEBUG] Writing mod/syconn/swm/core/ModTags with maxs=true frames=true
[Architectury Transformer DEBUG] Writing mod/syconn/swm/features/addons/LightsaberContent with maxs=true frames=true
[Architectury Transformer DEBUG] Writing mod/syconn/swm/features/blaster/client/BlasterItemRenderer with maxs=true frames=true
[Architectury Transformer DEBUG] Writing mod/syconn/swm/features/blaster/data/BlasterTag with maxs=true frames=true
[Architectury Transformer DEBUG] Writing mod/syconn/swm/features/blaster/item/BlasterItem with maxs=true frames=true
[Architectury Transformer DEBUG] Writing mod/syconn/swm/features/lightsaber/block/LightsaberWorkbenchBlock with maxs=true frames=true
[Architectury Transformer DEBUG] Writing mod/syconn/swm/features/lightsaber/blockentity/LightsaberWorkbenchBlockEntity with maxs=true frames=true
[Architectury Transformer DEBUG] Writing mod/syconn/swm/features/lightsaber/client/LightsaberItemRender with maxs=true frames=true
[Architectury Transformer DEBUG] Writing mod/syconn/swm/features/lightsaber/client/entity/LightsaberWorkbenchRenderer with maxs=true frames=true
[Architectury Transformer DEBUG] Writing mod/syconn/swm/features/lightsaber/client/entity/ThrownLightsaberRenderer with maxs=true frames=true
[Architectury Transformer DEBUG] Writing mod/syconn/swm/features/lightsaber/client/screen/LightsaberAssemblerScreen with maxs=true frames=true
[Architectury Transformer DEBUG] Writing mod/syconn/swm/features/lightsaber/client/screen/LightsaberWorkbenchScreen with maxs=true frames=true
[Architectury Transformer DEBUG] Writing mod/syconn/swm/features/lightsaber/data/LightsaberData with maxs=true frames=true
[Architectury Transformer DEBUG] Writing mod/syconn/swm/features/lightsaber/data/LightsaberTag with maxs=true frames=true
[Architectury Transformer DEBUG] Writing mod/syconn/swm/features/lightsaber/entity/ThrownLightsaber with maxs=true frames=true
[Architectury Transformer DEBUG] Writing mod/syconn/swm/features/lightsaber/item/LightsaberItem with maxs=true frames=true
[Architectury Transformer DEBUG] Writing mod/syconn/swm/features/lightsaber/network/ChangeLightsaberHSVPacket with maxs=true frames=true
[Architectury Transformer DEBUG] Writing mod/syconn/swm/features/lightsaber/network/CraftHiltPacket with maxs=true frames=true
[Architectury Transformer DEBUG] Writing mod/syconn/swm/features/lightsaber/network/ThrowLightsaberPacket with maxs=true frames=true
[Architectury Transformer DEBUG] Writing mod/syconn/swm/features/lightsaber/network/ToggleLightsaberPacket with maxs=true frames=true
[Architectury Transformer DEBUG] Writing mod/syconn/swm/features/lightsaber/server/container/LightsaberAssemblerMenu$1 with maxs=true frames=true
[Architectury Transformer DEBUG] Writing mod/syconn/swm/features/lightsaber/server/container/LightsaberAssemblerMenu with maxs=true frames=true
[Architectury Transformer DEBUG] Writing mod/syconn/swm/features/lightsaber/server/container/LightsaberWorkbenchMenu$1 with maxs=true frames=true
[Architectury Transformer DEBUG] Writing mod/syconn/swm/features/lightsaber/server/container/LightsaberWorkbenchMenu with maxs=true frames=true
[Architectury Transformer DEBUG] Writing mod/syconn/swm/integration/jei/Plugin with maxs=true frames=true
[Architectury Transformer DEBUG] Writing mod/syconn/swm/integration/jei/category/LightsaberAssemblerCategory with maxs=true frames=true
[Architectury Transformer DEBUG] Writing mod/syconn/swm/item/HoloProjectorItem with maxs=true frames=true
[Architectury Transformer DEBUG] Writing mod/syconn/swm/mixin/AbstractArrowMixin with maxs=true frames=true
[Architectury Transformer DEBUG] Writing mod/syconn/swm/mixin/HumanoidModelMixin with maxs=true frames=true
[Architectury Transformer DEBUG] Writing mod/syconn/swm/mixin/ItemInHandRendererMixin with maxs=true frames=true
[Architectury Transformer DEBUG] Writing mod/syconn/swm/mixin/ItemRendererMixin with maxs=true frames=true
[Architectury Transformer DEBUG] Writing mod/syconn/swm/mixin/ItemStackMixin with maxs=true frames=true
[Architectury Transformer DEBUG] Writing mod/syconn/swm/mixin/LevelRendererMixin with maxs=true frames=true
[Architectury Transformer DEBUG] Writing mod/syconn/swm/mixin/LivingEntityMixin with maxs=true frames=true
[Architectury Transformer DEBUG] Writing mod/syconn/swm/mixin/PlayerMixin with maxs=true frames=true
[Architectury Transformer DEBUG] Writing mod/syconn/swm/network/Network with maxs=true frames=true
[Architectury Transformer DEBUG] Writing mod/syconn/swm/network/packets/clientside/NotifyPlayerPacket with maxs=true frames=true
[Architectury Transformer DEBUG] Writing mod/syconn/swm/network/packets/clientside/RequestedHologramPacket with maxs=true frames=true
[Architectury Transformer DEBUG] Writing mod/syconn/swm/network/packets/clientside/SyncResourceDataPacket with maxs=true frames=true
[Architectury Transformer DEBUG] Writing mod/syconn/swm/network/packets/serverside/HoloCallPacket$Type with maxs=true frames=true
[Architectury Transformer DEBUG] Writing mod/syconn/swm/network/packets/serverside/HoloCallPacket with maxs=true frames=true
[Architectury Transformer DEBUG] Writing mod/syconn/swm/network/packets/serverside/RequestHologramPacket with maxs=true frames=true
[Architectury Transformer DEBUG] Writing mod/syconn/swm/server/StarWarsServer with maxs=true frames=true
[Architectury Transformer DEBUG] Writing mod/syconn/swm/server/containers/slot/SpecificSlot with maxs=true frames=true
[Architectury Transformer DEBUG] Writing mod/syconn/swm/server/recipes/LightsaberRecipe$Serializer with maxs=true frames=true
[Architectury Transformer DEBUG] Writing mod/syconn/swm/server/recipes/LightsaberRecipe with maxs=true frames=true
[Architectury Transformer DEBUG] Writing mod/syconn/swm/server/savedata/HologramNetwork$Call with maxs=true frames=true
[Architectury Transformer DEBUG] Writing mod/syconn/swm/server/savedata/HologramNetwork$Caller with maxs=true frames=true
[Architectury Transformer DEBUG] Writing mod/syconn/swm/server/savedata/HologramNetwork with maxs=true frames=true
[Architectury Transformer DEBUG] Writing mod/syconn/swm/utils/Constants with maxs=true frames=true
[Architectury Transformer DEBUG] Writing mod/syconn/swm/utils/block/ModBlockStateProperties with maxs=true frames=true
[Architectury Transformer DEBUG] Writing mod/syconn/swm/utils/block/TwoPart with maxs=true frames=true
[Architectury Transformer DEBUG] Writing mod/syconn/swm/utils/block/WorldPos with maxs=true frames=true
[Architectury Transformer DEBUG] Writing mod/syconn/swm/utils/client/HologramData$1 with maxs=true frames=true
[Architectury Transformer DEBUG] Writing mod/syconn/swm/utils/client/HologramData$HologramTag with maxs=true frames=true
[Architectury Transformer DEBUG] Writing mod/syconn/swm/utils/client/HologramData with maxs=true frames=true
[Architectury Transformer DEBUG] Writing mod/syconn/swm/utils/client/IngredientRenderer with maxs=true frames=true
[Architectury Transformer DEBUG] Writing mod/syconn/swm/utils/client/NodeVec3 with maxs=true frames=true
[Architectury Transformer DEBUG] Writing mod/syconn/swm/utils/client/PlasmaBuffer with maxs=true frames=true
[Architectury Transformer DEBUG] Writing mod/syconn/swm/utils/generic/AnimationUtil with maxs=true frames=true
[Architectury Transformer DEBUG] Writing mod/syconn/swm/utils/generic/ColorUtil$1 with maxs=true frames=true
[Architectury Transformer DEBUG] Writing mod/syconn/swm/utils/generic/ColorUtil$TintMode with maxs=true frames=true
[Architectury Transformer DEBUG] Writing mod/syconn/swm/utils/generic/ColorUtil with maxs=true frames=true
[Architectury Transformer DEBUG] Writing mod/syconn/swm/utils/generic/DirectionUtil with maxs=true frames=true
[Architectury Transformer DEBUG] Writing mod/syconn/swm/utils/generic/FontUtil with maxs=true frames=true
[Architectury Transformer DEBUG] Writing mod/syconn/swm/utils/generic/GraphicsUtil with maxs=true frames=true
[Architectury Transformer DEBUG] Writing mod/syconn/swm/utils/generic/JsonUtil with maxs=true frames=true
[Architectury Transformer DEBUG] Writing mod/syconn/swm/utils/generic/ListUtil with maxs=true frames=true
[Architectury Transformer DEBUG] Writing mod/syconn/swm/utils/generic/MapUtil with maxs=true frames=true
[Architectury Transformer DEBUG] Writing mod/syconn/swm/utils/generic/MathUtil$1 with maxs=true frames=true
[Architectury Transformer DEBUG] Writing mod/syconn/swm/utils/generic/MathUtil with maxs=true frames=true
[Architectury Transformer DEBUG] Writing mod/syconn/swm/utils/generic/ModelUtil with maxs=true frames=true
[Architectury Transformer DEBUG] Writing mod/syconn/swm/utils/generic/NBTUtil with maxs=true frames=true
[Architectury Transformer DEBUG] Writing mod/syconn/swm/utils/generic/RenderUtil with maxs=true frames=true
[Architectury Transformer DEBUG] Writing mod/syconn/swm/utils/generic/ResourceUtil with maxs=true frames=true
[Architectury Transformer DEBUG] Writing mod/syconn/swm/utils/generic/StringUtil with maxs=true frames=true
[Architectury Transformer DEBUG] Writing mod/syconn/swm/utils/interfaces/IEntityBlock with maxs=true frames=true
[Architectury Transformer DEBUG] Writing mod/syconn/swm/utils/interfaces/IItemExtensions with maxs=true frames=true
[Architectury Transformer DEBUG] Writing mod/syconn/swm/utils/interfaces/IModifiedItemRenderer with maxs=true frames=true
[Architectury Transformer DEBUG] Writing mod/syconn/swm/utils/interfaces/IModifiedPoseRenderer with maxs=true frames=true
[Architectury Transformer DEBUG] Writing mod/syconn/swm/utils/interfaces/ISerializable with maxs=true frames=true
[Architectury Transformer DEBUG] Writing mod/syconn/swm/utils/interfaces/IWidgetComponent with maxs=true frames=true
[Architectury Transformer DEBUG] Writing mod/syconn/swm/utils/server/JsonResourceReloader with maxs=true frames=true
[Architectury Transformer DEBUG] Writing mod/syconn/swm/utils/server/StackedIngredient with maxs=true frames=true
[Architectury Transformer DEBUG] Writing mod/syconn/swm/utils/server/SyncedResourceManager$ISyncedData with maxs=true frames=true
[Architectury Transformer DEBUG] Writing mod/syconn/swm/utils/server/SyncedResourceManager with maxs=true frames=true
[Architectury Transformer DEBUG] Checking whether /swm-common-common-refmap.json is a mixin config.
[Architectury Transformer DEBUG] Checking whether /swm.mixins.json is a mixin config.
[Architectury Transformer DEBUG] Checking whether /fabric.mod.json is a mixin config.
[Architectury Transformer DEBUG] Redefining mod.syconn.swm.blockentity.HoloProjectorBlockEntity
[Architectury Transformer DEBUG] Transforming from mod/syconn/swm/blockentity/HoloProjectorBlockEntity.class to mod/syconn/swm/blockentity/HoloProjectorBlockEntity.class with 5 transformer(s) on dev.architectury.transformer.handler.TinyRemapperPreparedTransformerHandler
[Architectury Transformer DEBUG] Found class transformer
[Architectury Transformer DEBUG] Writing mod/syconn/swm/blockentity/HoloProjectorBlockEntity with maxs=true frames=true
[Architectury Transformer DEBUG] Transformed mod/syconn/swm/blockentity/HoloProjectorBlockEntity in 988.0 μs
[Architectury Transformer] Redefined 1 class(es) from C:\Users\Aidan\IdeaProjects\StarWarsMod\1.20.1\common\build\devlibs\swm-common-2.1.0-dev.jar in 56.20 ms
[Architectury Transformer DEBUG] Closed File Systems for C:\Users\Aidan\IdeaProjects\StarWarsMod\1.20.1\common\build\devlibs\swm-common-2.1.0-dev.jar
[Architectury Transformer] Detected File Modification at swm-common-2.1.0-dev.jar
[Architectury Transformer DEBUG] Transforming 5 transformer(s) from C:\Users\Aidan\IdeaProjects\StarWarsMod\1.20.1\common\build\devlibs\swm-common-2.1.0-dev.jar to C:\Users\Aidan\AppData\Local\Temp\5620541337756259384.jar: 
[Architectury Transformer DEBUG]  - dev.architectury.transformer.transformers.RuntimeMixinRefmapDetector@1c5d314d
[Architectury Transformer DEBUG]  - dev.architectury.transformer.transformers.GenerateFakeFabricMod@20a4511e
[Architectury Transformer DEBUG]  - dev.architectury.transformer.transformers.TransformExpectPlatform@62f6c22e
[Architectury Transformer DEBUG]  - dev.architectury.transformer.transformers.RemapInjectables@1346d3ae
[Architectury Transformer DEBUG]  - dev.architectury.transformer.transformers.TransformPlatformOnly@66645fd2
[Architectury Transformer DEBUG] Transforming from C:\Users\Aidan\IdeaProjects\StarWarsMod\1.20.1\common\build\devlibs\swm-common-2.1.0-dev.jar to C:\Users\Aidan\AppData\Local\Temp\5620541337756259384.jar with 5 transformer(s) on dev.architectury.transformer.handler.SimpleTransformerHandler
[Architectury Transformer DEBUG] Found class transformer
[Architectury Transformer DEBUG] Writing architectury_inject_StarWarsMod1201_fabric_68126222c8694042b15f9c92c0e80b14_8f42387ed1fcc59177bf6e1f00df9904dc7501bd43b83be863551fb3ab7e4595swmcommon210devjar/PlatformMethods with maxs=true frames=true
[Architectury Transformer DEBUG] Writing mod/syconn/swm/StarWars with maxs=true frames=true
[Architectury Transformer DEBUG] Writing mod/syconn/swm/block/HoloProjectorBlock with maxs=true frames=true
[Architectury Transformer DEBUG] Writing mod/syconn/swm/block/TwoPartBlock with maxs=true frames=true
[Architectury Transformer DEBUG] Writing mod/syconn/swm/blockentity/HoloProjectorBlockEntity with maxs=true frames=true
[Architectury Transformer DEBUG] Writing mod/syconn/swm/blockentity/SyncedBlockEntity with maxs=true frames=true
[Architectury Transformer DEBUG] Writing mod/syconn/swm/client/ClientHooks$1 with maxs=true frames=true
[Architectury Transformer DEBUG] Writing mod/syconn/swm/client/ClientHooks with maxs=true frames=true
[Architectury Transformer DEBUG] Writing mod/syconn/swm/client/StarWarsClient with maxs=true frames=true
[Architectury Transformer DEBUG] Writing mod/syconn/swm/client/keys/KeyHandler with maxs=true frames=true
[Architectury Transformer DEBUG] Writing mod/syconn/swm/client/render/block/HoloProjectorBlockEntityRenderer with maxs=true frames=true
[Architectury Transformer DEBUG] Writing mod/syconn/swm/client/render/entity/HologramRenderer with maxs=true frames=true
[Architectury Transformer DEBUG] Writing mod/syconn/swm/client/render/entity/PlasmaRenderer with maxs=true frames=true
[Architectury Transformer DEBUG] Writing mod/syconn/swm/client/render/item/HoloProjectorItemRenderer with maxs=true frames=true
[Architectury Transformer DEBUG] Writing mod/syconn/swm/client/screen/CallMenuWidget$MenuData with maxs=true frames=true
[Architectury Transformer DEBUG] Writing mod/syconn/swm/client/screen/CallMenuWidget with maxs=true frames=true
[Architectury Transformer DEBUG] Writing mod/syconn/swm/client/screen/HologramScreen$1 with maxs=true frames=true
[Architectury Transformer DEBUG] Writing mod/syconn/swm/client/screen/HologramScreen$Page with maxs=true frames=true
[Architectury Transformer DEBUG] Writing mod/syconn/swm/client/screen/HologramScreen with maxs=true frames=true
[Architectury Transformer DEBUG] Writing mod/syconn/swm/client/screen/components/ColoredSliderBar with maxs=true frames=true
[Architectury Transformer DEBUG] Writing mod/syconn/swm/client/screen/components/ErrorWidget with maxs=true frames=true
[Architectury Transformer DEBUG] Writing mod/syconn/swm/client/screen/components/PlayerCountWidget with maxs=true frames=true
[Architectury Transformer DEBUG] Writing mod/syconn/swm/client/screen/components/ScrollerWidget with maxs=true frames=true
[Architectury Transformer DEBUG] Writing mod/syconn/swm/client/screen/components/SliderWidget$OnChange with maxs=true frames=true
[Architectury Transformer DEBUG] Writing mod/syconn/swm/client/screen/components/SliderWidget with maxs=true frames=true
[Architectury Transformer DEBUG] Writing mod/syconn/swm/client/screen/components/buttons/CallButton$Type with maxs=true frames=true
[Architectury Transformer DEBUG] Writing mod/syconn/swm/client/screen/components/buttons/CallButton with maxs=true frames=true
[Architectury Transformer DEBUG] Writing mod/syconn/swm/client/screen/components/buttons/ColoredLightsaberButton with maxs=true frames=true
[Architectury Transformer DEBUG] Writing mod/syconn/swm/client/screen/components/buttons/ExpandedButton with maxs=true frames=true
[Architectury Transformer DEBUG] Writing mod/syconn/swm/client/screen/components/buttons/RefreshButton$OnPress with maxs=true frames=true
[Architectury Transformer DEBUG] Writing mod/syconn/swm/client/screen/components/buttons/RefreshButton with maxs=true frames=true
[Architectury Transformer DEBUG] Writing mod/syconn/swm/client/screen/components/buttons/ToggleButton$Color with maxs=true frames=true
[Architectury Transformer DEBUG] Writing mod/syconn/swm/client/screen/components/buttons/ToggleButton$OnPress with maxs=true frames=true
[Architectury Transformer DEBUG] Writing mod/syconn/swm/client/screen/components/buttons/ToggleButton with maxs=true frames=true
[Architectury Transformer DEBUG] Writing mod/syconn/swm/core/ModBlockEntities with maxs=true frames=true
[Architectury Transformer DEBUG] Writing mod/syconn/swm/core/ModBlocks with maxs=true frames=true
[Architectury Transformer DEBUG] Writing mod/syconn/swm/core/ModDamageSources with maxs=true frames=true
[Architectury Transformer DEBUG] Writing mod/syconn/swm/core/ModEntities with maxs=true frames=true
[Architectury Transformer DEBUG] Writing mod/syconn/swm/core/ModItems with maxs=true frames=true
[Architectury Transformer DEBUG] Writing mod/syconn/swm/core/ModKeys with maxs=true frames=true
[Architectury Transformer DEBUG] Writing mod/syconn/swm/core/ModMenus with maxs=true frames=true
[Architectury Transformer DEBUG] Writing mod/syconn/swm/core/ModRecipes$1 with maxs=true frames=true
[Architectury Transformer DEBUG] Writing mod/syconn/swm/core/ModRecipes with maxs=true frames=true
[Architectury Transformer DEBUG] Writing mod/syconn/swm/core/ModTags with maxs=true frames=true
[Architectury Transformer DEBUG] Writing mod/syconn/swm/features/addons/LightsaberContent with maxs=true frames=true
[Architectury Transformer DEBUG] Writing mod/syconn/swm/features/blaster/client/BlasterItemRenderer with maxs=true frames=true
[Architectury Transformer DEBUG] Writing mod/syconn/swm/features/blaster/data/BlasterTag with maxs=true frames=true
[Architectury Transformer DEBUG] Writing mod/syconn/swm/features/blaster/item/BlasterItem with maxs=true frames=true
[Architectury Transformer DEBUG] Writing mod/syconn/swm/features/lightsaber/block/LightsaberWorkbenchBlock with maxs=true frames=true
[Architectury Transformer DEBUG] Writing mod/syconn/swm/features/lightsaber/blockentity/LightsaberWorkbenchBlockEntity with maxs=true frames=true
[Architectury Transformer DEBUG] Writing mod/syconn/swm/features/lightsaber/client/LightsaberItemRender with maxs=true frames=true
[Architectury Transformer DEBUG] Writing mod/syconn/swm/features/lightsaber/client/entity/LightsaberWorkbenchRenderer with maxs=true frames=true
[Architectury Transformer DEBUG] Wr[Architectury Transformer DEBUG] Closed File Systems for C:\Users\Aidan\IdeaProjects\StarWarsMod\1.20.1\common\build\devlibs\swm-common-2.1.0-dev.jar
[Architectury Transformer] Detected File Modification at swm-common-2.1.0-dev.jar
[Architectury Transformer DEBUG] Transforming 5 transformer(s) from C:\Users\Aidan\IdeaProjects\StarWarsMod\1.20.1\common\build\devlibs\swm-common-2.1.0-dev.jar to C:\Users\Aidan\AppData\Local\Temp\2748265152002002086.jar: 
[Architectury Transformer DEBUG]  - dev.architectury.transformer.transformers.RuntimeMixinRefmapDetector@1c5d314d
[Architectury Transformer DEBUG]  - dev.architectury.transformer.transformers.GenerateFakeFabricMod@20a4511e
[Architectury Transformer DEBUG]  - dev.architectury.transformer.transformers.TransformExpectPlatform@62f6c22e
[Architectury Transformer DEBUG]  - dev.architectury.transformer.transformers.RemapInjectables@1346d3ae
[Architectury Transformer DEBUG]  - dev.architectury.transformer.transformers.TransformPlatformOnly@66645fd2
[Architectury Transformer DEBUG] Transforming from C:\Users\Aidan\IdeaProjects\StarWarsMod\1.20.1\common\build\devlibs\swm-common-2.1.0-dev.jar to C:\Users\Aidan\AppData\Local\Temp\2748265152002002086.jar with 5 transformer(s) on dev.architectury.transformer.handler.SimpleTransformerHandler
[Architectury Transformer DEBUG] Found class transformer
[Architectury Transformer DEBUG] Writing architectury_inject_StarWarsMod1201_fabric_68126222c8694042b15f9c92c0e80b14_8f42387ed1fcc59177bf6e1f00df9904dc7501bd43b83be863551fb3ab7e4595swmcommon210devjar/PlatformMethods with maxs=true frames=true
[Architectury Transformer DEBUG] Writing mod/syconn/swm/StarWars with maxs=true frames=true
[Architectury Transformer DEBUG] Writing mod/syconn/swm/block/HoloProjectorBlock with maxs=true frames=true
[Architectury Transformer DEBUG] Writing mod/syconn/swm/block/TwoPartBlock with maxs=true frames=true
[Architectury Transformer DEBUG] Writing mod/syconn/swm/blockentity/HoloProjectorBlockEntity with maxs=true frames=true
[Architectury Transformer DEBUG] Writing mod/syconn/swm/blockentity/SyncedBlockEntity with maxs=true frames=true
[Architectury Transformer DEBUG] Writing mod/syconn/swm/client/ClientHooks$1 with maxs=true frames=true
[Architectury Transformer DEBUG] Writing mod/syconn/swm/client/ClientHooks with maxs=true frames=true
[Architectury Transformer DEBUG] Writing mod/syconn/swm/client/StarWarsClient with maxs=true frames=true
[Architectury Transformer DEBUG] Writing mod/syconn/swm/client/keys/KeyHandler with maxs=true frames=true
[Architectury Transformer DEBUG] Writing mod/syconn/swm/client/render/block/HoloProjectorBlockEntityRenderer with maxs=true frames=true
[Architectury Transformer DEBUG] Writing mod/syconn/swm/client/render/entity/HologramRenderer with maxs=true frames=true
[Architectury Transformer DEBUG] Writing mod/syconn/swm/client/render/entity/PlasmaRenderer with maxs=true frames=true
[Architectury Transformer DEBUG] Writing mod/syconn/swm/client/render/item/HoloProjectorItemRenderer with maxs=true frames=true
[Architectury Transformer DEBUG] Writing mod/syconn/swm/client/screen/CallMenuWidget$MenuData with maxs=true frames=true
[Architectury Transformer DEBUG] Writing mod/syconn/swm/client/screen/CallMenuWidget with maxs=true frames=true
[Architectury Transformer DEBUG] Writing mod/syconn/swm/client/screen/HologramScreen$1 with maxs=true frames=true
[Architectury Transformer DEBUG] Writing mod/syconn/swm/client/screen/HologramScreen$Page with maxs=true frames=true
[Architectury Transformer DEBUG] Writing mod/syconn/swm/client/screen/HologramScreen with maxs=true frames=true
[Architectury Transformer DEBUG] Writing mod/syconn/swm/client/screen/components/ColoredSliderBar with maxs=true frames=true
[Architectury Transformer DEBUG] Writing mod/syconn/swm/client/screen/components/ErrorWidget with maxs=true frames=true
[Architectury Transformer DEBUG] Writing mod/syconn/swm/client/screen/components/PlayerCountWidget with maxs=true frames=true
[Architectury Transformer DEBUG] Writing mod/syconn/swm/client/screen/components/ScrollerWidget with maxs=true frames=true
[Architectury Transformer DEBUG] Writing mod/syconn/swm/client/screen/components/SliderWidget$OnChange with maxs=true frames=true
[Architectury Transformer DEBUG] Writing mod/syconn/swm/client/screen/components/SliderWidget with maxs=true frames=true
[Architectury Transformer DEBUG] Writing mod/syconn/swm/client/screen/components/buttons/CallButton$Type with maxs=true frames=true
[Architectury Transformer DEBUG] Writing mod/syconn/swm/client/screen/components/buttons/CallButton with maxs=true frames=true
[Architectury Transformer DEBUG] Writing mod/syconn/swm/client/screen/components/buttons/ColoredLightsaberButton with maxs=true frames=true
[Architectury Transformer DEBUG] Writing mod/syconn/swm/client/screen/components/buttons/ExpandedButton with maxs=true frames=true
[Architectury Transformer DEBUG] Writing mod/syconn/swm/client/screen/components/buttons/RefreshButton$OnPress with maxs=true frames=true
[Architectury Transformer DEBUG] Writing mod/syconn/swm/client/screen/components/buttons/RefreshButton with maxs=true frames=true
[Architectury Transformer DEBUG] Writing mod/syconn/swm/client/screen/components/buttons/ToggleButton$Color with maxs=true frames=true
[Architectury Transformer DEBUG] Writing mod/syconn/swm/client/screen/components/buttons/ToggleButton$OnPress with maxs=true frames=true
[Architectury Transformer DEBUG] Writing mod/syconn/swm/client/screen/components/buttons/ToggleButton with maxs=true frames=true
[Architectury Transformer DEBUG] Writing mod/syconn/swm/core/ModBlockEntities with maxs=true frames=true
[Architectury Transformer DEBUG] Writing mod/syconn/swm/core/ModBlocks with maxs=true frames=true
[Architectury Transformer DEBUG] Writing mod/syconn/swm/core/ModDamageSources with maxs=true frames=true
[Architectury Transformer DEBUG] Writing mod/syconn/swm/core/ModEntities with maxs=true frames=true
[Architectury Transformer DEBUG] Writing mod/syconn/swm/core/ModItems with maxs=true frames=true
[Architectury Transformer DEBUG] Writing mod/syconn/swm/core/ModKeys with maxs=true frames=true
[Architectury Transformer DEBUG] Writing mod/syconn/swm/core/ModMenus with maxs=true frames=true
[Architectury Transformer DEBUG] Writing mod/syconn/swm/core/ModRecipes$1 with maxs=true frames=true
[Architectury Transformer DEBUG] Writing mod/syconn/swm/core/ModRecipes with maxs=true frames=true
[Architectury Transformer DEBUG] Writing mod/syconn/swm/core/ModTags with maxs=true frames=true
[Architectury Transformer DEBUG] Writing mod/syconn/swm/features/addons/LightsaberContent with maxs=true frames=true
[Architectury Transformer DEBUG] Writing mod/syconn/swm/features/blaster/client/BlasterItemRenderer with maxs=true frames=true
[Architectury Transformer DEBUG] Writing mod/syconn/swm/features/blaster/data/BlasterTag with maxs=true frames=true
[Architectury Transformer DEBUG] Writing mod/syconn/swm/features/blaster/item/BlasterItem with maxs=true frames=true
[Architectury Transformer DEBUG] Writing mod/syconn/swm/features/lightsaber/block/LightsaberWorkbenchBlock with maxs=true frames=true
[Architectury Transformer DEBUG] Writing mod/syconn/swm/features/lightsaber/blockentity/LightsaberWorkbenchBlockEntity with maxs=true frames=true
[Architectury Transformer DEBUG] Writing mod/syconn/swm/features/lightsaber/client/LightsaberItemRender with maxs=true frames=true
[Architectury Transformer DEBUG] Writing mod/syconn/swm/features/lightsaber/client/entity/LightsaberWorkbenchRenderer with maxs=true frames=true
[Architectury Transformer DEBUG] Writing mod/syconn/swm/features/lightsaber/client/entity/ThrownLightsaberRenderer with maxs=true frames=true
[Architectury Transformer DEBUG] Writing mod/syconn/swm/features/lightsaber/client/screen/LightsaberAssemblerScreen with maxs=true frames=true
[Architectury Transformer DEBUG] Writing mod/syconn/swm/features/lightsaber/client/screen/LightsaberWorkbenchScreen with maxs=true frames=true
[Architectury Transformer DEBUG] Writing mod/syconn/swm/features/lightsaber/data/LightsaberData with maxs=true frames=true
[Architectury Transformer DEBUG] Writing mod/syconn/swm/features/lightsaber/data/LightsaberTag with maxs=true frames=true
[Architectury Transformer DEBUG] Writing mod/syconn/swm/features/lightsaber/entity/ThrownLightsaber with maxs=true frames=true
[Architectury Transformer DEBUG] Writing mod/syconn/swm/features/lightsaber/item/LightsaberItem with maxs=true frames=true
[Architectury Transformer DEBUG] Writing mod/syconn/swm/features/lightsaber/network/ChangeLightsaberHSVPacket with maxs=true frames=true
[Architectury Transformer DEBUG] Writing mod/syconn/swm/features/lightsaber/network/CraftHiltPacket with maxs=true frames=true
[Architectury Transformer DEBUG] Writing mod/syconn/swm/features/lightsaber/network/ThrowLightsaberPacket with maxs=true frames=true
[Architectury Transformer DEBUG] Writing mod/syconn/swm/features/lightsaber/network/ToggleLightsaberPacket with maxs=true frames=true
[Architectury Transformer DEBUG] Writing mod/syconn/swm/features/lightsaber/server/container/LightsaberAssemblerMenu$1 with maxs=true frames=true
[Architectury Transformer DEBUG] Writing mod/syconn/swm/features/lightsaber/server/container/LightsaberA[Architectury Transformer DEBUG] Transforming from mod/syconn/swm/utils/generic/DirectionUtil.class to mod/syconn/swm/utils/generic/DirectionUtil.class with 5 transformer(s) on dev.architectury.transformer.handler.TinyRemapperPreparedTransformerHandler
[Architectury Transformer DEBUG] Found class transformer
[Architectury Transformer DEBUG] Writing mod/syconn/swm/utils/generic/DirectionUtil with maxs=true frames=true
[Architectury Transformer DEBUG] Transformed mod/syconn/swm/utils/generic/DirectionUtil in 255.3 μs
[Architectury Transformer DEBUG] Transforming from mod/syconn/swm/utils/client/PlasmaBuffer.class to mod/syconn/swm/utils/client/PlasmaBuffer.class with 5 transformer(s) on dev.architectury.transformer.handler.TinyRemapperPreparedTransformerHandler
[Architectury Transformer DEBUG] Found class transformer
[Architectury Transformer DEBUG] Writing mod/syconn/swm/utils/client/PlasmaBuffer with maxs=true frames=true
[Architectury Transformer DEBUG] Transformed mod/syconn/swm/utils/client/PlasmaBuffer in 496.1 μs
BUG] Writing mod/syconn/swm/mixin/ItemRendererMixin with maxs=true frames=true
[Architectury Transformer DEBUG] Writing mod/syconn/swm/mixin/ItemStackMixin with maxs=true frames=true
[Architectury Transformer DEBUG] Writing mod/syconn/swm/mixin/LevelRendererMixin with maxs=true frames=true
[Architectury Transformer DEBUG] Writing mod/syconn/swm/mixin/LivingEntityMixin with maxs=true frames=true
[Architectury Transformer DEBUG] Writing mod/syconn/swm/mixin/PlayerMixin with maxs=true frames=true
[Architectury Transformer DEBUG] Writing mod/syconn/swm/network/Network with maxs=true frames=true
[Architectury Transformer DEBUG] Writing mod/syconn/swm/network/packets/clientside/NotifyPlayerPacket with maxs=true frames=true
[Architectury Transformer DEBUG] Writing mod/syconn/swm/network/packets/clientside/RequestedHologramPacket with maxs=true frames=true
[Architectury Transformer DEBUG] Writing mod/syconn/swm/network/packets/clientside/SyncResourceDataPacket with maxs=true frames=true
[Architectury Transformer DEBUG] Writing mod/syconn/swm/network/packets/serverside/HoloCallPacket$Type with maxs=true frames=true
[Architectury Transformer DEBUG] Writing mod/syconn/swm/network/packets/serverside/HoloCallPacket with maxs=true frames=true
[Architectury Transformer DEBUG] Writing mod/syconn/swm/network/packets/serverside/RequestHologramPacket with maxs=true frames=true
[Architectury Transformer DEBUG] Writing mod/syconn/swm/server/StarWarsServer with maxs=true frames=true
[Architectury Transformer DEBUG] Writing mod/syconn/swm/server/containers/slot/SpecificSlot with maxs=true frames=true
[Architectury Transformer DEBUG] Writing mod/syconn/swm/server/recipes/LightsaberRecipe$Serializer with maxs=true frames=true
[Architectury Transformer DEBUG] Writing mod/syconn/swm/server/recipes/LightsaberRecipe with maxs=true frames=true
[Architectury Transformer DEBUG] Writing mod/syconn/swm/server/savedata/HologramNetwork$Call with maxs=true frames=true
[Architectury Transformer DEBUG] Writing mod/syconn/swm/server/savedata/HologramNetwork$Caller with maxs=true frames=true
[Architectury Transformer DEBUG] Writing mod/syconn/swm/server/savedata/HologramNetwork with maxs=true frames=true
[Architectury Transformer DEBUG] Writing mod/syconn/swm/utils/Constants with maxs=true frames=true
[Architectury Transformer DEBUG] Writing mod/syconn/swm/utils/block/ModBlockStateProperties with maxs=true frames=true
[Architectury Transformer DEBUG] Writing mod/syconn/swm/utils/block/TwoPart with maxs=true frames=true
[Architectury Transformer DEBUG] Writing mod/syconn/swm/utils/block/WorldPos with maxs=true frames=true
[Architectury Transformer DEBUG] Writing mod/syconn/swm/utils/client/HologramData$1 with maxs=true frames=true
[Architectury Transformer DEBUG] Writing mod/syconn/swm/utils/client/HologramData$HologramTag with maxs=true frames=true
[Architectury Transformer DEBUG] Writing mod/syconn/swm/utils/client/HologramData with maxs=true frames=true
[Architectury Transformer DEBUG] Writing mod/syconn/swm/utils/client/IngredientRenderer with maxs=true frames=true
[Architectury Transformer DEBUG] Writing mod/syconn/swm/utils/client/NodeVec3 with maxs=true frames=true
[Architectury Transformer DEBUG] Writing mod/syconn/swm/utils/client/PlasmaBuffer with maxs=true frames=true
[Architectury Transformer DEBUG] Writing mod/syconn/swm/utils/generic/AnimationUtil with maxs=true frames=true
[Architectury Transformer DEBUG] Writing mod/syconn/swm/utils/generic/ColorUtil$1 with maxs=true frames=true
[Architectury Transformer DEBUG] Writing mod/syconn/swm/utils/generic/ColorUtil$TintMode with maxs=true frames=true
[Architectury Transformer DEBUG] Writing mod/syconn/swm/utils/generic/ColorUtil with maxs=true frames=true
[Architectury Transformer DEBUG] Writing mod/syconn/swm/utils/generic/DirectionUtil with maxs=true frames=true
[Architectury Transformer DEBUG] Writing mod/syconn/swm/utils/generic/FontUtil with maxs=true frames=true
[Architectury Transformer DEBUG] Writing mod/syconn/swm/utils/generic/GraphicsUtil with maxs=true frames=true
[Architectury Transformer DEBUG] Writing mod/syconn/swm/utils/generic/JsonUtil with maxs=true frames=true
[Architectury Transformer DEBUG] Writing mod/syconn/swm/utils/generic/ListUtil with maxs=true frames=true
[Architectury Transformer DEBUG] Writing mod/syconn/swm/utils/generic/MapUtil with maxs=true frames=true
[Architectury Transformer DEBUG] Writing mod/syconn/swm/utils/generic/MathUtil$1 with maxs=true frames=true
[Architectury Transformer DEBUG] Writing mod/syconn/swm/utils/generic/MathUtil with maxs=true frames=true
[Architectury Transformer DEBUG] Writing mod/syconn/swm/utils/generic/ModelUtil with maxs=true frames=true
[Architectury Transformer DEBUG] Writing mod/syconn/swm/utils/generic/NBTUtil with maxs=true frames=true
[Architectury Transformer DEBUG] Writing mod/syconn/swm/utils/generic/RenderUtil with maxs=true frames=true
[Architectury Transformer DEBUG] Writing mod/syconn/swm/utils/generic/ResourceUtil with maxs=true frames=true
[Architectury Transformer DEBUG] Writing mod/syconn/swm/utils/generic/StringUtil with maxs=true frames=true
[Architectury Transformer DEBUG] Writing mod/syconn/swm/utils/interfaces/IEntityBlock with maxs=true frames=true
[Architectury Transformer DEBUG] Writing mod/syconn/swm/utils/interfaces/IItemExtensions with maxs=true frames=true
[Architectury Transformer DEBUG] Writing mod/syconn/swm/utils/interfaces/IModifiedItemRenderer with maxs=true frames=true
[Architectury Transformer DEBUG] Writing mod/syconn/swm/utils/interfaces/IModifiedPoseRenderer with maxs=true frames=true
[Architectury Transformer DEBUG] Writing mod/syconn/swm/utils/interfaces/ISerializable with maxs=true frames=true
[Architectury Transformer DEBUG] Writing mod/syconn/swm/utils/interfaces/IWidgetComponent with maxs=true frames=true
[Architectury Transformer DEBUG] Writing mod/syconn/swm/utils/server/JsonResourceReloader with maxs=true frames=true
[Architectury Transformer DEBUG] Writing mod/syconn/swm/utils/server/StackedIngredient with maxs=true frames=true
[Architectury Transformer DEBUG] Writing mod/syconn/swm/utils/server/SyncedResourceManager$ISyncedData with maxs=true frames=true
[Architectury Transformer DEBUG] Writing mod/syconn/swm/utils/server/SyncedResourceManager with maxs=true frames=true
[Architectury Transformer DEBUG] Checking whether /swm-common-common-refmap.json is a mixin config.
[Architectury Transformer DEBUG] Checking whether /swm.mixins.json is a mixin config.
[Architectury Transformer DEBUG] Checking whether /fabric.mod.json is a mixin config.
