[Architectury Transformer] Architectury Runtime 5.2.87
[Architectury Transformer DEBUG] Closed File Systems for C:\Users\Aidan\IdeaProjects\StarWarsMod\1.20.1\common\build\devlibs\swm-common-2.1.5-dev.jar
[Architectury Transformer DEBUG] Preparing tiny remapper prepared transformer: dev.architectury.transformer.handler.TinyRemapperPreparedTransformerHandler
[Architectury Transformer DEBUG] Provided 104 classpath jar(s):
[Architectury Transformer DEBUG]  - C:\Users\Aidan\.gradle\caches\fabric-loom\1.20.1\forge\1.20.1-47.4.1\client-extra.jar
[Architectury Transformer DEBUG]  - C:\Users\Aidan\.gradle\caches\modules-2\files-2.1\dev.architectury\architectury-injectables\1.0.10\62db2a366d662606d1b23ad02ccc3212ed37ec3\architectury-injectables-1.0.10.jar
[Architectury Transformer DEBUG]  - C:\Users\Aidan\.gradle\caches\modules-2\files-2.1\net.fabricmc\fabric-loader\0.16.14\5778d47f536bf2c63ed2abc1a56f5a1c129e34a\fabric-loader-0.16.14.jar
[Architectury Transformer DEBUG]  - C:\Users\Aidan\.gradle\caches\modules-2\files-2.1\org.jetbrains\annotations\25.0.0\c1e6b966db352094ac3bf7f88f3bdef332fe43f0\annotations-25.0.0.jar
[Architectury Transformer DEBUG]  - C:\Users\Aidan\.gradle\caches\modules-2\files-2.1\com.google.code.findbugs\jsr305\3.0.2\25ea2e8b0c338a877313bd4672d3fe056ea78f0d\jsr305-3.0.2.jar
[Architectury Transformer DEBUG]  - C:\Users\Aidan\.gradle\caches\modules-2\files-2.1\mezz.jei\jei-1.20.1-forge-api\15.20.0.106\75ccff8a15988dfafe5174c78aabd4685c947f41\jei-1.20.1-forge-api-15.20.0.106.jar
[Architectury Transformer DEBUG]  - C:\Users\Aidan\.gradle\caches\modules-2\files-2.1\net.minecraftforge\fmlearlydisplay\1.20.1-47.4.1\1538f2a77f87669972da8325941af540f786c72a\fmlearlydisplay-1.20.1-47.4.1.jar
[Architectury Transformer DEBUG]  - C:\Users\Aidan\.gradle\caches\modules-2\files-2.1\net.minecraftforge\javafmllanguage\1.20.1-47.4.1\97b774cead20444ed9d0c2de762881a15d872397\javafmllanguage-1.20.1-47.4.1.jar
[Architectury Transformer DEBUG]  - C:\Users\Aidan\.gradle\caches\modules-2\files-2.1\net.minecraftforge\lowcodelanguage\1.20.1-47.4.1\da4a2af4a4ebbbb33e35b292a16fe3f7122b236\lowcodelanguage-1.20.1-47.4.1.jar
[Architectury Transformer DEBUG]  - C:\Users\Aidan\.gradle\caches\modules-2\files-2.1\net.minecraftforge\mclanguage\1.20.1-47.4.1\75a8f0757adad78cbd8108dff9e0d39cbdb3d787\mclanguage-1.20.1-47.4.1.jar
[Architectury Transformer DEBUG]  - C:\Users\Aidan\.gradle\caches\modules-2\files-2.1\net.minecraftforge\fmlcore\1.20.1-47.4.1\3061e70b85c05f936d9fa24477be4d4205d8f6b8\fmlcore-1.20.1-47.4.1.jar
[Architectury Transformer DEBUG]  - C:\Users\Aidan\.gradle\caches\fabric-loom\forge\transformed-dependencies-v1\net\minecraftforge\61965dc79adbf5ce02c31462fcac3c064194846ee7458a8e9d7d6ceb7b107f11\fmlloader\1.20.1-47.4.1\fmlloader-1.20.1-47.4.1.jar
[Architectury Transformer DEBUG]  - C:\Users\Aidan\.gradle\caches\modules-2\files-2.1\net.minecraftforge\forgespi\7.0.1\3b4972a0cdb135853dba219be61a79b22cff1309\forgespi-7.0.1.jar
[Architectury Transformer DEBUG]  - C:\Users\Aidan\.gradle\caches\modules-2\files-2.1\net.minecraftforge\accesstransformers\8.0.4\272d240aa73f42195b2a68e2ebd8b701ecf41f63\accesstransformers-8.0.4.jar
[Architectury Transformer DEBUG]  - C:\Users\Aidan\.gradle\caches\modules-2\files-2.1\net.minecraftforge\eventbus\6.0.5\699143dd438431d06b57416944f7cedbe52e1475\eventbus-6.0.5.jar
[Architectury Transformer DEBUG]  - C:\Users\Aidan\.gradle\caches\modules-2\files-2.1\cpw.mods\modlauncher\10.0.9\6d9443f56f50bb85cea383686ff9c867391458b\modlauncher-10.0.9.jar
[Architectury Transformer DEBUG]  - C:\Users\Aidan\.gradle\caches\modules-2\files-2.1\cpw.mods\bootstraplauncher\1.1.2\c546e00443d8432cda6baa1c860346980742628\bootstraplauncher-1.1.2.jar
[Architectury Transformer DEBUG]  - C:\Users\Aidan\.gradle\caches\modules-2\files-2.1\cpw.mods\securejarhandler\2.1.10\51e6a22c6c716beb11e244bf5b8be480f51dd6b5\securejarhandler-2.1.10.jar
[Architectury Transformer DEBUG]  - C:\Users\Aidan\.gradle\caches\modules-2\files-2.1\net.minecraftforge\coremods\5.2.4\e30bab269d896613e38396274711410b3a0e4b87\coremods-5.2.4.jar
[Architectury Transformer DEBUG]  - C:\Users\Aidan\.gradle\caches\modules-2\files-2.1\org.openjdk.nashorn\nashorn-core\15.4\f67f5ffaa5f5130cf6fb9b133da00c7df3b532a5\nashorn-core-15.4.jar
[Architectury Transformer DEBUG]  - C:\Users\Aidan\.gradle\caches\modules-2\files-2.1\org.ow2.asm\asm-commons\9.7.1\406c6a2225cfe1819f102a161e54cc16a5c24f75\asm-commons-9.7.1.jar
[Architectury Transformer DEBUG]  - C:\Users\Aidan\.gradle\caches\modules-2\files-2.1\net.minecraftforge\mergetool\1.1.5\f3da18e12c696d35a47c82cbb2cc8b5aa15e1154\mergetool-1.1.5-api.jar
[Architectury Transformer DEBUG]  - C:\Users\Aidan\.gradle\caches\modules-2\files-2.1\org.ow2.asm\asm-util\9.7.1\9e23359b598ec6b74b23e53110dd5c577adf2243\asm-util-9.7.1.jar
[Architectury Transformer DEBUG]  - C:\Users\Aidan\.gradle\caches\modules-2\files-2.1\org.ow2.asm\asm-analysis\9.7.1\f97a3b319f0ed6a8cd944dc79060d3912a28985f\asm-analysis-9.7.1.jar
[Architectury Transformer DEBUG]  - C:\Users\Aidan\.gradle\caches\modules-2\files-2.1\org.ow2.asm\asm-tree\9.7.1\3a53139787663b139de76b627fca0084ab60d32c\asm-tree-9.7.1.jar
[Architectury Transformer DEBUG]  - C:\Users\Aidan\.gradle\caches\modules-2\files-2.1\org.ow2.asm\asm\9.7.1\f0ed132a49244b042cd0e15702ab9f2ce3cc8436\asm-9.7.1.jar
[Architectury Transformer DEBUG]  - C:\Users\Aidan\.gradle\caches\modules-2\files-2.1\org.antlr\antlr4\4.9.1\e92af8ab33e428461927b484e90bb155a4f3a052\antlr4-4.9.1.jar
[Architectury Transformer DEBUG]  - C:\Users\Aidan\.gradle\caches\modules-2\files-2.1\org.antlr\antlr4-runtime\4.9.1\428664f05d2b7f7b7610204b5aa7c1763f62011a\antlr4-runtime-4.9.1.jar
[Architectury Transformer DEBUG]  - C:\Users\Aidan\.gradle\caches\modules-2\files-2.1\net.minecraftforge\unsafe\0.2.0\54d7a0a5e8fdb71b973025caa46f341ae5904f39\unsafe-0.2.0.jar
[Architectury Transformer DEBUG]  - C:\Users\Aidan\.gradle\caches\modules-2\files-2.1\com.electronwill.night-config\toml\3.6.4\51d6cefb2b55ee55ee26b16391212fb2c7dfb4f4\toml-3.6.4.jar
[Architectury Transformer DEBUG]  - C:\Users\Aidan\.gradle\caches\modules-2\files-2.1\com.electronwill.night-config\core\3.6.4\510f174abbf1c947494db50ef2445683bd52c230\core-3.6.4.jar
[Architectury Transformer DEBUG]  - C:\Users\Aidan\.gradle\caches\modules-2\files-2.1\net.minecraftforge\JarJarSelector\0.3.19\376cc9c8ea60720cf027c01fc033de915699801c\JarJarSelector-0.3.19.jar
[Architectury Transformer DEBUG]  - C:\Users\Aidan\.gradle\caches\modules-2\files-2.1\net.minecraftforge\JarJarMetadata\0.3.19\83feaa9b770e6ac0e96ee4fc23fa89325c5fe2\JarJarMetadata-0.3.19.jar
[Architectury Transformer DEBUG]  - C:\Users\Aidan\.gradle\caches\modules-2\files-2.1\org.apache.maven\maven-artifact\3.8.5\4433f50c07debefaed0553bd0068f4f48d449313\maven-artifact-3.8.5.jar
[Architectury Transformer DEBUG]  - C:\Users\Aidan\.gradle\caches\modules-2\files-2.1\net.jodah\typetools\0.6.3\a01aaa6ddaea9ec07ec4f209487b7a46a526283a\typetools-0.6.3.jar
[Architectury Transformer DEBUG]  - C:\Users\Aidan\.gradle\caches\modules-2\files-2.1\net.minecrell\terminalconsoleappender\1.2.0\96d02cd3b384ff015a8fef4223bcb4ccf1717c95\terminalconsoleappender-1.2.0.jar
[Architectury Transformer DEBUG]  - C:\Users\Aidan\.gradle\caches\modules-2\files-2.1\org.jline\jline-reader\3.12.1\4382ab1382c7b6f379377ed5f665dc2f6e1218bc\jline-reader-3.12.1.jar
[Architectury Transformer DEBUG]  - C:\Users\Aidan\.gradle\caches\modules-2\files-2.1\org.jline\jline-terminal\3.12.1\c777448314e050d980a6b697c140f3bfe9eb7416\jline-terminal-3.12.1.jar
[Architectury Transformer DEBUG]  - C:\Users\Aidan\.gradle\caches\modules-2\files-2.1\dev.architectury\mixin-patched\0.8.5.12\cf1f787f58d3b08b0cb53ecbba7928c09a1893c8\mixin-patched-0.8.5.12.jar
[Architectury Transformer DEBUG]  - C:\Users\Aidan\.gradle\caches\modules-2\files-2.1\net.minecraftforge\JarJarFileSystems\0.3.19\2464eb7d6b9ddb9db36a82cf8a95193e5c6fe020\JarJarFileSystems-0.3.19.jar
[Architectury Transformer DEBUG]  - C:\Users\Aidan\.gradle\caches\modules-2\files-2.1\net.sf.jopt-simple\jopt-simple\5.0.4\4fdac2fbe92dfad86aa6e9301736f6b4342a3f5c\jopt-simple-5.0.4.jar
[Architectury Transformer DEBUG]  - C:\Users\Aidan\.gradle\caches\modules-2\files-2.1\com.mojang\logging\1.1.1\832b8e6674a9b325a5175a3a6267dfaf34c85139\logging-1.1.1.jar
[Architectury Transformer DEBUG]  - C:\Users\Aidan\.gradle\caches\modules-2\files-2.1\org.apache.logging.log4j\log4j-core\2.19.0\3b6eeb4de4c49c0fe38a4ee27188ff5fee44d0bb\log4j-core-2.19.0.jar
[Architectury Transformer DEBUG]  - C:\Users\Aidan\.gradle\caches\modules-2\files-2.1\org.apache.logging.log4j\log4j-slf4j2-impl\2.19.0\5c04bfdd63ce9dceb2e284b81e96b6a70010ee10\log4j-slf4j2-impl-2.19.0.jar
[Architectury Transformer DEBUG]  - C:\Users\Aidan\.gradle\caches\modules-2\files-2.1\io.github.juuxel\unprotect\1.3.1\432f07e4f647aa3c33aba0b7e630dd3948f65bae\unprotect-1.3.1.jar
[Architectury Transformer DEBUG]  - C:\Users\Aidan\.gradle\caches\modules-2\files-2.1\org.apache.logging.log4j\log4j-api\2.19.0\ea1b37f38c327596b216542bc636cfdc0b8036fa\log4j-api-2.19.0.jar
[Architectury Transformer DEBUG]  - C:\Users\Aidan\.gradle\caches\modules-2\files-2.1\net.minecraftforge\srgutils\0.4.11\fbad1341ffdb47d276bbdc40ecb06da49e053e74\srgutils-0.4.11.jar
[Architectury Transformer DEBUG]  - C:\Users\Aidan\.gradle\caches\modules-2\files-2.1\org.codehaus.plexus\plexus-utils\3.3.0\cf43b5391de623b36fe066a21127baef82c64022\plexus-utils-3.3.0.jar
[Architectury Transformer DEBUG]  - C:\Users\Aidan\.gradle\caches\modules-2\files-2.1\org.apache.commons\commons-lang3\3.12.0\c6842c86792ff03b9f1d1fe2aab8dc23aa6c6f0e\commons-lang3-3.12.0.jar
[Architectury Transformer DEBUG]  - C:\Users\Aidan\.gradle\caches\modules-2\files-2.1\com.google.code.gson\gson\2.10\dd9b193aef96e973d5a11ab13cd17430c2e4306b\gson-2.10.jar
[Architectury Transformer DEBUG]  - C:\Users\Aidan\.gradle\caches\modules-2\files-2.1\com.google.guava\guava\31.1-jre\60458f877d055d0c9114d9e1a2efb737b4bc282c\guava-31.1-jre.jar
[Architectury Transformer DEBUG]  - C:\Users\Aidan\.gradle\caches\modules-2\files-2.1\com.machinezoo.noexception\noexception\1.7.1\b65330c98e38a1f915fa54a6e5eca496505e3f0a\noexception-1.7.1.jar
[Architectury Transformer DEBUG]  - C:\Users\Aidan\.gradle\caches\modules-2\files-2.1\org.slf4j\slf4j-simple\1.7.30\e606eac955f55ecf1d8edcccba04eb8ac98088dd\slf4j-simple-1.7.30.jar
[Architectury Transformer DEBUG]  - C:\Users\Aidan\.gradle\caches\modules-2\files-2.1\org.slf4j\slf4j-api\2.0.1\f48d81adce2abf5ad3cfe463df517952749e03bc\slf4j-api-2.0.1.jar
[Architectury Transformer DEBUG]  - C:\Users\Aidan\.gradle\caches\modules-2\files-2.1\commons-io\commons-io\2.11.0\a2503f302b11ebde7ebc3df41daebe0e4eea3689\commons-io-2.11.0.jar
[Architectury Transformer DEBUG]  - C:\Users\Aidan\.gradle\caches\modules-2\files-2.1\org.lwjgl\lwjgl-glfw\3.3.1\cbac1b8d30cb4795149c1ef540f912671a8616d0\lwjgl-glfw-3.3.1.jar
[Architectury Transformer DEBUG]  - C:\Users\Aidan\.gradle\caches\modules-2\files-2.1\org.lwjgl\lwjgl-opengl\3.3.1\831a5533a21a5f4f81bbc51bb13e9899319b5411\lwjgl-opengl-3.3.1.jar
[Architectury Transformer DEBUG]  - C:\Users\Aidan\.gradle\caches\modules-2\files-2.1\org.lwjgl\lwjgl-stb\3.3.1\b119297cf8ed01f247abe8685857f8e7fcf5980f\lwjgl-stb-3.3.1.jar
[Architectury Transformer DEBUG]  - C:\Users\Aidan\.gradle\caches\modules-2\files-2.1\org.lwjgl\lwjgl-tinyfd\3.3.1\ff1914111ef2e3e0110ef2dabc8d8cdaad82347\lwjgl-tinyfd-3.3.1.jar
[Architectury Transformer DEBUG]  - C:\Users\Aidan\.gradle\caches\modules-2\files-2.1\org.lwjgl\lwjgl\3.3.1\ae58664f88e18a9bb2c77b063833ca7aaec484cb\lwjgl-3.3.1.jar
[Architectury Transformer DEBUG]  - C:\Users\Aidan\.gradle\caches\modules-2\files-2.1\org.antlr\ST4\4.3\92f2c1ad8d84abcbeead6cf7f2c53a04166293c2\ST4-4.3.jar
[Architectury Transformer DEBUG]  - C:\Users\Aidan\.gradle\caches\modules-2\files-2.1\org.antlr\antlr-runtime\3.5.2\cd9cd41361c155f3af0f653009dcecb08d8b4afd\antlr-runtime-3.5.2.jar
[Architectury Transformer DEBUG]  - C:\Users\Aidan\.gradle\caches\modules-2\files-2.1\org.abego.treelayout\org.abego.treelayout.core\1.0.3\457216e8e6578099ae63667bb1e4439235892028\org.abego.treelayout.core-1.0.3.jar
[Architectury Transformer DEBUG]  - C:\Users\Aidan\.gradle\caches\modules-2\files-2.1\org.glassfish\javax.json\1.0.4\3178f73569fd7a1e5ffc464e680f7a8cc784b85a\javax.json-1.0.4.jar
[Architectury Transformer DEBUG]  - C:\Users\Aidan\.gradle\caches\modules-2\files-2.1\com.ibm.icu\icu4j\71.1\9e7d3304c23f9ba5cb71915f7cce23231a57a445\icu4j-71.1.jar
[Architectury Transformer DEBUG]  - C:\Users\Aidan\.gradle\caches\modules-2\files-2.1\com.google.guava\failureaccess\1.0.1\1dcf1de382a0bf95a3d8b0849546c88bac1292c9\failureaccess-1.0.1.jar
[Architectury Transformer DEBUG]  - C:\Users\Aidan\.gradle\caches\modules-2\files-2.1\com.google.guava\listenablefuture\9999.0-empty-to-avoid-conflict-with-guava\b421526c5f297295adef1c886e5246c39d4ac629\listenablefuture-9999.0-empty-to-avoid-conflict-with-guava.jar
[Architectury Transformer DEBUG]  - C:\Users\Aidan\.gradle\caches\modules-2\files-2.1\org.checkerframework\checker-qual\3.12.0\d5692f0526415fcc6de94bb5bfbd3afd9dd3b3e5\checker-qual-3.12.0.jar
[Architectury Transformer DEBUG]  - C:\Users\Aidan\.gradle\caches\modules-2\files-2.1\com.google.errorprone\error_prone_annotations\2.11.0\c5a0ace696d3f8b1c1d8cc036d8c03cc0cbe6b69\error_prone_annotations-2.11.0.jar
[Architectury Transformer DEBUG]  - C:\Users\Aidan\.gradle\caches\modules-2\files-2.1\com.google.j2objc\j2objc-annotations\1.3\ba035118bc8bac37d7eff77700720999acd9986d\j2objc-annotations-1.3.jar
[Architectury Transformer DEBUG]  - C:\Users\Aidan\.gradle\caches\modules-2\files-2.1\dev.architectury\architectury-naming-service\2.0.9\c4c4732b3a00b67523c3028b49af402402be7883\architectury-naming-service-2.0.9.jar
[Architectury Transformer DEBUG]  - C:\Users\Aidan\.gradle\caches\modules-2\files-2.1\dev.architectury\architectury-mixin-remapper-service\2.0.9\eede5ef35349f2b295fe1f3e7579382d26784b24\architectury-mixin-remapper-service-2.0.9.jar
[Architectury Transformer DEBUG]  - C:\Users\Aidan\.gradle\caches\modules-2\files-2.1\dev.architectury\mcp-annotations\2.0.9\84f3d1e27805912592af0289d6fce0be53ee689a\mcp-annotations-2.0.9.jar
[Architectury Transformer DEBUG]  - C:\Users\Aidan\.gradle\caches\modules-2\files-2.1\com.github.oshi\oshi-core\6.2.2\54f5efc19bca95d709d9a37d19ffcbba3d21c1a6\oshi-core-6.2.2.jar
[Architectury Transformer DEBUG]  - C:\Users\Aidan\.gradle\caches\modules-2\files-2.1\com.mojang\authlib\4.0.43\2ff9d747a77570a07a60d32ac77eb6162ad2a2d9\authlib-4.0.43.jar
[Architectury Transformer DEBUG]  - C:\Users\Aidan\.gradle\caches\modules-2\files-2.1\com.mojang\blocklist\1.0.10\5c685c5ffa94c4cd39496c7184c1d122e515ecef\blocklist-1.0.10.jar
[Architectury Transformer DEBUG]  - C:\Users\Aidan\.gradle\caches\modules-2\files-2.1\com.mojang\brigadier\1.1.8\5244ce82c3337bba4a196a3ce858bfaecc74404a\brigadier-1.1.8.jar
[Architectury Transformer DEBUG]  - C:\Users\Aidan\.gradle\caches\modules-2\files-2.1\com.mojang\datafixerupper\6.0.8\3ba4a30557a9b057760af4011f909ba619fc5125\datafixerupper-6.0.8.jar
[Architectury Transformer DEBUG]  - C:\Users\Aidan\.gradle\caches\modules-2\files-2.1\com.mojang\patchy\2.2.10\da05971b07cbb379d002cf7eaec6a2048211fefc\patchy-2.2.10.jar
[Architectury Transformer DEBUG]  - C:\Users\Aidan\.gradle\caches\modules-2\files-2.1\com.mojang\text2speech\1.17.9\3cad216e3a7f0c19b4b394388bc9ffc446f13b14\text2speech-1.17.9.jar
[Architectury Transformer DEBUG]  - C:\Users\Aidan\.gradle\caches\modules-2\files-2.1\commons-codec\commons-codec\1.15\49d94806b6e3dc933dacbd8acb0fdbab8ebd1e5d\commons-codec-1.15.jar
[Architectury Transformer DEBUG]  - C:\Users\Aidan\.gradle\caches\modules-2\files-2.1\commons-logging\commons-logging\1.2\4bfc12adfe4842bf07b657f0369c4cb522955686\commons-logging-1.2.jar
[Architectury Transformer DEBUG]  - C:\Users\Aidan\.gradle\caches\modules-2\files-2.1\io.netty\netty-buffer\4.1.82.Final\a544270cf1ae8b8077082f5036436a9a9971ea71\netty-buffer-4.1.82.Final.jar
[Architectury Transformer DEBUG]  - C:\Users\Aidan\.gradle\caches\modules-2\files-2.1\io.netty\netty-codec\4.1.82.Final\b77200379acb345a9ffdece1c605e591ac3e4e0a\netty-codec-4.1.82.Final.jar
[Architectury Transformer DEBUG]  - C:\Users\Aidan\.gradle\caches\modules-2\files-2.1\io.netty\netty-common\4.1.82.Final\22d148e85c3f5ebdacc0ce1f5aabb1d420f73f3\netty-common-4.1.82.Final.jar
[Architectury Transformer DEBUG]  - C:\Users\Aidan\.gradle\caches\modules-2\files-2.1\io.netty\netty-handler\4.1.82.Final\644041d1fa96a5d3130a29e8978630d716d76e38\netty-handler-4.1.82.Final.jar
[Architectury Transformer DEBUG]  - C:\Users\Aidan\.gradle\caches\modules-2\files-2.1\io.netty\netty-resolver\4.1.82.Final\38f665ae8dcd29032eea31245ba7806bed2e0fa8\netty-resolver-4.1.82.Final.jar
[Architectury Transformer DEBUG]  - C:\Users\Aidan\.gradle\caches\modules-2\files-2.1\io.netty\netty-transport-classes-epoll\4.1.82.Final\e7c7dd18deac93105797f30057c912651ea76521\netty-transport-classes-epoll-4.1.82.Final.jar
[Architectury Transformer DEBUG]  - C:\Users\Aidan\.gradle\caches\modules-2\files-2.1\io.netty\netty-transport-native-unix-common\4.1.82.Final\3e895b35ca1b8a0eca56cacff4c2dde5d2c6abce\netty-transport-native-unix-common-4.1.82.Final.jar
[Architectury Transformer DEBUG]  - C:\Users\Aidan\.gradle\caches\modules-2\files-2.1\io.netty\netty-transport\4.1.82.Final\e431a218d91acb6476ccad5f5aafde50aa3945ca\netty-transport-4.1.82.Final.jar
[Architectury Transformer DEBUG]  - C:\Users\Aidan\.gradle\caches\modules-2\files-2.1\it.unimi.dsi\fastutil\8.5.9\bb7ea75ecdb216654237830b3a96d87ad91f8cc5\fastutil-8.5.9.jar
[Architectury Transformer DEBUG]  - C:\Users\Aidan\.gradle\caches\modules-2\files-2.1\net.java.dev.jna\jna-platform\5.12.1\97406a297c852f4a41e688a176ec675f72e8329\jna-platform-5.12.1.jar
[Architectury Transformer DEBUG]  - C:\Users\Aidan\.gradle\caches\modules-2\files-2.1\net.java.dev.jna\jna\5.12.1\b1e93a735caea94f503e95e6fe79bf9cdc1e985d\jna-5.12.1.jar
[Architectury Transformer DEBUG]  - C:\Users\Aidan\.gradle\caches\modules-2\files-2.1\org.apache.commons\commons-compress\1.21\4ec95b60d4e86b5c95a0e919cb172a0af98011ef\commons-compress-1.21.jar
[Architectury Transformer DEBUG]  - C:\Users\Aidan\.gradle\caches\modules-2\files-2.1\org.apache.httpcomponents\httpclient\4.5.13\e5f6cae5ca7ecaac1ec2827a9e2d65ae2869cada\httpclient-4.5.13.jar
[Architectury Transformer DEBUG]  - C:\Users\Aidan\.gradle\caches\modules-2\files-2.1\org.apache.httpcomponents\httpcore\4.4.15\7f2e0c573eaa7a74bac2e89b359e1f73d92a0a1d\httpcore-4.4.15.jar
[Architectury Transformer DEBUG]  - C:\Users\Aidan\.gradle\caches\modules-2\files-2.1\org.joml\joml\1.10.5\22566d58af70ad3d72308bab63b8339906deb649\joml-1.10.5.jar
[Architectury Transformer DEBUG]  - C:\Users\Aidan\.gradle\caches\modules-2\files-2.1\org.lwjgl\lwjgl-jemalloc\3.3.1\a817bcf213db49f710603677457567c37d53e103\lwjgl-jemalloc-3.3.1.jar
[Architectury Transformer DEBUG]  - C:\Users\Aidan\.gradle\caches\modules-2\files-2.1\org.lwjgl\lwjgl-openal\3.3.1\2623a6b8ae1dfcd880738656a9f0243d2e6840bd\lwjgl-openal-3.3.1.jar
[Architectury Transformer DEBUG]  - C:\Users\Aidan\IdeaProjects\StarWarsMod\1.20.1\.gradle\loom-cache\minecraftMaven\net\minecraft\forge-1.20.1-47.4.1-minecraft-merged-fc4bf7ba63\1.20.1-loom.mappings.1_20_1.layered+hash.1900676243-v2-forge-1.20.1-47.4.1\forge-1.20.1-47.4.1-minecraft-merged-fc4bf7ba63-1.20.1-loom.mappings.1_20_1.layered+hash.1900676243-v2-forge-1.20.1-47.4.1.jar
[Architectury Transformer DEBUG]  - C:\Users\Aidan\.gradle\caches\modules-2\files-2.1\io.netty\netty-transport-native-epoll\4.1.82.Final\c7350a71920f3ae9142945e25fed4846cce53374\netty-transport-native-epoll-4.1.82.Final-linux-x86_64.jar
[Architectury Transformer DEBUG]  - C:\Users\Aidan\.gradle\caches\modules-2\files-2.1\io.netty\netty-transport-native-epoll\4.1.82.Final\476409d6255001ca53a55f65b01c13822f8dc93a\netty-transport-native-epoll-4.1.82.Final-linux-aarch_64.jar
[Architectury Transformer DEBUG]  - C:\Users\Aidan\IdeaProjects\StarWarsMod\1.20.1\.gradle\loom-cache\remapped_mods\loom_mappings_1_20_1_layered_hash_1900676243_v2_forge_1_20_1_47_4_1_forge\dev\architectury\architectury-forge\9.2.14\architectury-forge-9.2.14.jar
[Architectury Transformer DEBUG]  - C:\Users\Aidan\.gradle\caches\modules-2\files-2.1\mezz.jei\jei-1.20.1-common-api\15.20.0.106\db4240f0646a41355e319633900a2529511c1e92\jei-1.20.1-common-api-15.20.0.106.jar
[Architectury Transformer] Read classpath in 1.140 s
[Architectury Transformer DEBUG] Closed File Systems for C:\Users\Aidan\IdeaProjects\StarWarsMod\1.20.1\common\build\devlibs\swm-common-2.1.5-dev.jar
[Architectury Transformer DEBUG] Transforming 8 transformer(s) from C:\Users\Aidan\IdeaProjects\StarWarsMod\1.20.1\common\build\devlibs\swm-common-2.1.5-dev.jar to C:\Users\Aidan\AppData\Local\Temp\8976393500639166737.jar: 
[Architectury Transformer DEBUG]  - dev.architectury.transformer.transformers.RuntimeMixinRefmapDetector@27d579b3
[Architectury Transformer DEBUG]  - dev.architectury.transformer.transformers.TransformExpectPlatform@c9c03ea
[Architectury Transformer DEBUG]  - dev.architectury.transformer.transformers.RemapInjectables@1c29eff1
[Architectury Transformer DEBUG]  - dev.architectury.transformer.transformers.TransformPlatformOnly@25f2962d
[Architectury Transformer DEBUG]  - dev.architectury.transformer.transformers.TransformForgeAnnotations@29e66bc1
[Architectury Transformer DEBUG]  - dev.architectury.transformer.transformers.TransformForgeEnvironment@4509be44
[Architectury Transformer DEBUG]  - dev.architectury.transformer.transformers.GenerateFakeForgeMod@168c8773
[Architectury Transformer DEBUG]  - dev.architectury.transformer.transformers.FixForgeMixin@277e2871
[Architectury Transformer DEBUG] Transforming from C:\Users\Aidan\IdeaProjects\StarWarsMod\1.20.1\common\build\devlibs\swm-common-2.1.5-dev.jar to C:\Users\Aidan\AppData\Local\Temp\8976393500639166737.jar with 8 transformer(s) on dev.architectury.transformer.handler.SimpleTransformerHandler
[Architectury Transformer DEBUG] Remapping with 1 mapping provider(s):
[Architectury Transformer DEBUG]  - dev.architectury.transformer.transformers.TransformForgeEnvironment$$Lambda/0x0000017cd409f168@718c7433
[Architectury Transformer DEBUG] Remapping Classes:
[Architectury Transformer DEBUG] net/fabricmc/api/EnvType -> net/minecraftforge/api/distmarker/Dist
[Architectury Transformer DEBUG] net/fabricmc/api/Environment -> net/minecraftforge/api/distmarker/OnlyIn
[Architectury Transformer DEBUG] Found class transformer
[Architectury Transformer DEBUG] Writing mod/syconn/swm/StarWars with maxs=true frames=true
[Architectury Transformer DEBUG] Writing mod/syconn/swm/block/HoloProjectorBlock with maxs=true frames=true
[Architectury Transformer DEBUG] Writing mod/syconn/swm/block/TwoPartBlock with maxs=true frames=true
[Architectury Transformer DEBUG] Writing mod/syconn/swm/blockentity/SyncedBlockEntity with maxs=true frames=true
[Architectury Transformer DEBUG] Writing mod/syconn/swm/blockentity/HoloProjectorBlockEntity with maxs=true frames=true
[Architectury Transformer DEBUG] Writing mod/syconn/swm/client/ClientHooks with maxs=true frames=true
[Architectury Transformer DEBUG] Writing mod/syconn/swm/client/StarWarsClient with maxs=true frames=true
[Architectury Transformer DEBUG] Writing mod/syconn/swm/client/keys/KeyHandler with maxs=true frames=true
[Architectury Transformer DEBUG] Writing mod/syconn/swm/client/render/block/HoloProjectorBlockEntityRenderer with maxs=true frames=true
[Architectury Transformer DEBUG] Writing mod/syconn/swm/client/render/entity/PlasmaRenderer with maxs=true frames=true
[Architectury Transformer DEBUG] Writing mod/syconn/swm/client/render/entity/HologramRenderer with maxs=true frames=true
[Architectury Transformer DEBUG] Writing mod/syconn/swm/client/render/entity/layers/SWGearLayer with maxs=true frames=true
[Architectury Transformer DEBUG] Writing mod/syconn/swm/client/render/item/HoloProjectorItemRenderer with maxs=true frames=true
[Architectury Transformer DEBUG] Writing mod/syconn/swm/client/screen/CallMenuWidget with maxs=true frames=true
[Architectury Transformer DEBUG] Writing mod/syconn/swm/client/screen/HologramScreen$Page with maxs=true frames=true
[Architectury Transformer DEBUG] Writing mod/syconn/swm/client/screen/HologramScreen$1 with maxs=true frames=true
[Architectury Transformer DEBUG] Writing mod/syconn/swm/client/screen/HologramScreen with maxs=true frames=true
[Architectury Transformer DEBUG] Writing mod/syconn/swm/client/screen/CallMenuWidget$MenuData with maxs=true frames=true
[Architectury Transformer DEBUG] Writing mod/syconn/swm/client/screen/components/ErrorWidget with maxs=true frames=true
[Architectury Transformer DEBUG] Writing mod/syconn/swm/client/screen/components/SliderWidget$OnChange with maxs=true frames=true
[Architectury Transformer DEBUG] Writing mod/syconn/swm/client/screen/components/SliderWidget with maxs=true frames=true
[Architectury Transformer DEBUG] Writing mod/syconn/swm/client/screen/components/ScrollerWidget with maxs=true frames=true
[Architectury Transformer DEBUG] Writing mod/syconn/swm/client/screen/components/PlayerCountWidget with maxs=true frames=true
[Architectury Transformer DEBUG] Writing mod/syconn/swm/client/screen/components/ColoredSliderBar with maxs=true frames=true
[Architectury Transformer DEBUG] Writing mod/syconn/swm/client/screen/components/buttons/RefreshButton with maxs=true frames=true
[Architectury Transformer DEBUG] Writing mod/syconn/swm/client/screen/components/buttons/CallButton with maxs=true frames=true
[Architectury Transformer DEBUG] Writing mod/syconn/swm/client/screen/components/buttons/ToggleButton$Color with maxs=true frames=true
[Architectury Transformer DEBUG] Writing mod/syconn/swm/client/screen/components/buttons/CallButton$Type with maxs=true frames=true
[Architectury Transformer DEBUG] Writing mod/syconn/swm/client/screen/components/buttons/ToggleButton with maxs=true frames=true
[Architectury Transformer DEBUG] Writing mod/syconn/swm/client/screen/components/buttons/ExpandedButton with maxs=true frames=true
[Architectury Transformer DEBUG] Writing mod/syconn/swm/client/screen/components/buttons/ToggleButton$OnPress with maxs=true frames=true
[Architectury Transformer DEBUG] Writing mod/syconn/swm/client/screen/components/buttons/RefreshButton$OnPress with maxs=true frames=true
[Architectury Transformer DEBUG] Writing mod/syconn/swm/client/screen/components/buttons/ColoredLightsaberButton with maxs=true frames=true
[Architectury Transformer DEBUG] Writing mod/syconn/swm/client/sounds/HoloProjectorSoundInstance with maxs=true frames=true
[Architectury Transformer DEBUG] Writing mod/syconn/swm/core/ModBlockEntities with maxs=true frames=true
[Architectury Transformer DEBUG] Writing mod/syconn/swm/core/ModItems with maxs=true frames=true
[Architectury Transformer DEBUG] Writing mod/syconn/swm/core/ModRecipes with maxs=true frames=true
[Architectury Transformer DEBUG] Writing mod/syconn/swm/core/ModDamageSources with maxs=true frames=true
[Architectury Transformer DEBUG] Writing mod/syconn/swm/core/ModKeys with maxs=true frames=true
[Architectury Transformer DEBUG] Writing mod/syconn/swm/core/ModBlocks with maxs=true frames=true
[Architectury Transformer DEBUG] Writing mod/syconn/swm/core/ModTags with maxs=true frames=true
[Architectury Transformer DEBUG] Writing mod/syconn/swm/core/ModRecipes$1 with maxs=true frames=true
[Architectury Transformer DEBUG] Writing mod/syconn/swm/core/ModSounds with maxs=true frames=true
[Architectury Transformer DEBUG] Writing mod/syconn/swm/core/ModMenus with maxs=true frames=true
[Architectury Transformer DEBUG] Writing mod/syconn/swm/core/ModEntities with maxs=true frames=true
[Architectury Transformer DEBUG] Writing mod/syconn/swm/features/addons/LightsaberContent with maxs=true frames=true
[Architectury Transformer DEBUG] Writing mod/syconn/swm/features/blaster/client/BoltRendererHelper with maxs=true frames=true
[Architectury Transformer DEBUG] Writing mod/syconn/swm/features/blaster/client/BlasterItemRenderer with maxs=true frames=true
[Architectury Transformer DEBUG] Writing mod/syconn/swm/features/blaster/client/entity/BlasterBoltRenderer with maxs=true frames=true
[Architectury Transformer DEBUG] Writing mod/syconn/swm/features/blaster/data/BlasterTag with maxs=true frames=true
[Architectury Transformer DEBUG] Writing mod/syconn/swm/features/blaster/entity/BlasterBoltEntity with maxs=true frames=true
[Architectury Transformer DEBUG] Writing mod/syconn/swm/features/blaster/item/BlasterItem with maxs=true frames=true
[Architectury Transformer DEBUG] Writing mod/syconn/swm/features/lightsaber/block/LightsaberWorkbenchBlock with maxs=true frames=true
[Architectury Transformer DEBUG] Writing mod/syconn/swm/features/lightsaber/blockentity/LightsaberWorkbenchBlockEntity with maxs=true frames=true
[Architectury Transformer DEBUG] Writing mod/syconn/swm/features/lightsaber/client/entity/LightsaberWorkbenchRenderer with maxs=true frames=true
[Architectury Transformer DEBUG] Writing mod/syconn/swm/features/lightsaber/client/entity/ThrownLightsaberRenderer with maxs=true frames=true
[Architectury Transformer DEBUG] Writing mod/syconn/swm/features/lightsaber/client/item/LightsaberItemRender with maxs=true frames=true
[Architectury Transformer DEBUG] Writing mod/syconn/swm/features/lightsaber/client/screen/LightsaberAssemblerScreen with maxs=true frames=true
[Architectury Transformer DEBUG] Writing mod/syconn/swm/features/lightsaber/client/screen/LightsaberWorkbenchScreen with maxs=true frames=true
[Architectury Transformer DEBUG] Writing mod/syconn/swm/features/lightsaber/data/LightsaberTag with maxs=true frames=true
[Architectury Transformer DEBUG] Writing mod/syconn/swm/features/lightsaber/data/LightsaberData with maxs=true frames=true
[Architectury Transformer DEBUG] Writing mod/syconn/swm/features/lightsaber/entity/ThrownLightsaberEntity with maxs=true frames=true
[Architectury Transformer DEBUG] Writing mod/syconn/swm/features/lightsaber/item/LightsaberItem with maxs=true frames=true
[Architectury Transformer DEBUG] Writing mod/syconn/swm/features/lightsaber/network/ChangeLightsaberHSVPacket with maxs=true frames=true
[Architectury Transformer DEBUG] Writing mod/syconn/swm/features/lightsaber/network/ThrowLightsaberPacket with maxs=true frames=true
[Architectury Transformer DEBUG] Writing mod/syconn/swm/features/lightsaber/network/CraftHiltPacket with maxs=true frames=true
[Architectury Transformer DEBUG] Writing mod/syconn/swm/features/lightsaber/network/ToggleLightsaberPacket with maxs=true frames=true
[Architectury Transformer DEBUG] Writing mod/syconn/swm/features/lightsaber/network/PlayAmbientLightsaberSoundPacket with maxs=true frames=true
[Architectury Transformer DEBUG] Writing mod/syconn/swm/features/lightsaber/server/menu/LightsaberWorkbenchMenu with maxs=true frames=true
[Architectury Transformer DEBUG] Writing mod/syconn/swm/features/lightsaber/server/menu/LightsaberAssemblerMenu$1 with maxs=true frames=true
[Architectury Transformer DEBUG] Writing mod/syconn/swm/features/lightsaber/server/menu/LightsaberAssemblerMenu with maxs=true frames=true
[Architectury Transformer DEBUG] Writing mod/syconn/swm/features/lightsaber/server/menu/LightsaberWorkbenchMenu$1 with maxs=true frames=true
[Architectury Transformer DEBUG] Writing mod/syconn/swm/features/lightsaber/sound/LightsaberAmbientSoundInstance with maxs=true frames=true
[Architectury Transformer DEBUG] Writing mod/syconn/swm/features/lightsaber/sound/LightsaberAudio with maxs=true frames=true
[Architectury Transformer DEBUG] Writing mod/syconn/swm/features/lightsaber/sound/ThrownLightsaberSoundInstance with maxs=true frames=true
[Architectury Transformer DEBUG] Writing mod/syconn/swm/features/updater/GithubReleaseEntry with maxs=true frames=true
[Architectury Transformer DEBUG] Writing mod/syconn/swm/features/updater/UpdateChecker with maxs=true frames=true
[Architectury Transformer DEBUG] Writing mod/syconn/swm/integration/jei/Plugin with maxs=true frames=true
[Architectury Transformer DEBUG] Writing mod/syconn/swm/integration/jei/category/LightsaberAssemblerCategory with maxs=true frames=true
[Architectury Transformer DEBUG] Writing mod/syconn/swm/item/HoloProjectorItem with maxs=true frames=true
[Architectury Transformer DEBUG] Writing mod/syconn/swm/mixin/AbstractArrowMixin with maxs=true frames=true
[Architectury Transformer DEBUG] Writing mod/syconn/swm/mixin/PlayerMixin with maxs=true frames=true
[Architectury Transformer DEBUG] Writing mod/syconn/swm/mixin/ItemStackMixin with maxs=true frames=true
[Architectury Transformer DEBUG] Writing mod/syconn/swm/mixin/LivingEntityMixin with maxs=true frames=true
[Architectury Transformer DEBUG] Writing mod/syconn/swm/mixin/InventoryMixin with maxs=true frames=true
[Architectury Transformer DEBUG] Writing mod/syconn/swm/mixin/InventoryMenuMixin with maxs=true frames=true
[Architectury Transformer DEBUG] Writing mod/syconn/swm/mixin/client/ItemInHandRendererMixin with maxs=true frames=true
[Architectury Transformer DEBUG] Writing mod/syconn/swm/mixin/client/HumanoidModelMixin with maxs=true frames=true
[Architectury Transformer DEBUG] Writing mod/syconn/swm/mixin/client/ItemPickerMenuMixin with maxs=true frames=true
[Architectury Transformer DEBUG] Writing mod/syconn/swm/mixin/client/ItemRendererMixin with maxs=true frames=true
[Architectury Transformer DEBUG] Writing mod/syconn/swm/mixin/client/ClientPacketListenerMixin with maxs=true frames=true
[Architectury Transformer DEBUG] Writing mod/syconn/swm/mixin/client/HttpTextureMixin with maxs=true frames=true
[Architectury Transformer DEBUG] Writing mod/syconn/swm/mixin/client/LevelRendererMixin with maxs=true frames=true
[Architectury Transformer DEBUG] Writing mod/syconn/swm/network/Network with maxs=true frames=true
[Architectury Transformer DEBUG] Writing mod/syconn/swm/network/packets/clientside/RequestedHologramPacket with maxs=true frames=true
[Architectury Transformer DEBUG] Writing mod/syconn/swm/network/packets/clientside/NotifyPlayerPacket with maxs=true frames=true
[Architectury Transformer DEBUG] Writing mod/syconn/swm/network/packets/clientside/SyncResourceDataPacket with maxs=true frames=true
[Architectury Transformer DEBUG] Writing mod/syconn/swm/network/packets/serverside/HoloCallPacket$Type with maxs=true frames=true
[Architectury Transformer DEBUG] Writing mod/syconn/swm/network/packets/serverside/HoloCallPacket with maxs=true frames=true
[Architectury Transformer DEBUG] Writing mod/syconn/swm/network/packets/serverside/RequestHologramPacket with maxs=true frames=true
[Architectury Transformer DEBUG] Writing mod/syconn/swm/network/packets/serverside/ToggleEquipmentSlotPacket with maxs=true frames=true
[Architectury Transformer DEBUG] Writing mod/syconn/swm/server/StarWarsServer with maxs=true frames=true
[Architectury Transformer DEBUG] Writing mod/syconn/swm/server/containers/slot/EquipmentItemSlot with maxs=true frames=true
[Architectury Transformer DEBUG] Writing mod/syconn/swm/server/containers/slot/SpecificSlot with maxs=true frames=true
[Architectury Transformer DEBUG] Writing mod/syconn/swm/server/data/SWGear with maxs=true frames=true
[Architectury Transformer DEBUG] Writing mod/syconn/swm/server/data/SWGear$SWGearAccess with maxs=true frames=true
[Architectury Transformer DEBUG] Writing mod/syconn/swm/server/recipes/LightsaberRecipe with maxs=true frames=true
[Architectury Transformer DEBUG] Writing mod/syconn/swm/server/recipes/LightsaberRecipe$Serializer with maxs=true frames=true
[Architectury Transformer DEBUG] Writing mod/syconn/swm/server/savedata/HologramNetwork$Caller with maxs=true frames=true
[Architectury Transformer DEBUG] Writing mod/syconn/swm/server/savedata/HologramNetwork with maxs=true frames=true
[Architectury Transformer DEBUG] Writing mod/syconn/swm/server/savedata/HologramNetwork$Call with maxs=true frames=true
[Architectury Transformer DEBUG] Writing mod/syconn/swm/utils/Constants with maxs=true frames=true
[Architectury Transformer DEBUG] Writing mod/syconn/swm/utils/block/WorldPos with maxs=true frames=true
[Architectury Transformer DEBUG] Writing mod/syconn/swm/utils/block/TwoPart with maxs=true frames=true
[Architectury Transformer DEBUG] Writing mod/syconn/swm/utils/block/ModBlockStateProperties with maxs=true frames=true
[Architectury Transformer DEBUG] Writing mod/syconn/swm/utils/client/HologramData$HologramTag with maxs=true frames=true
[Architectury Transformer DEBUG] Writing mod/syconn/swm/utils/client/PlasmaBuffer with maxs=true frames=true
[Architectury Transformer DEBUG] Writing mod/syconn/swm/utils/client/NodeVec3 with maxs=true frames=true
[Architectury Transformer DEBUG] Writing mod/syconn/swm/utils/client/HologramData with maxs=true frames=true
[Architectury Transformer DEBUG] Writing mod/syconn/swm/utils/client/HologramData$1 with maxs=true frames=true
[Architectury Transformer DEBUG] Writing mod/syconn/swm/utils/client/IngredientRenderer with maxs=true frames=true
[Architectury Transformer DEBUG] Writing mod/syconn/swm/utils/generic/GraphicsUtil with maxs=true frames=true
[Architectury Transformer DEBUG] Writing mod/syconn/swm/utils/generic/MapUtil with maxs=true frames=true
[Architectury Transformer DEBUG] Writing mod/syconn/swm/utils/generic/MathUtil with maxs=true frames=true
[Architectury Transformer DEBUG] Writing mod/syconn/swm/utils/generic/DirectionUtil with maxs=true frames=true
[Architectury Transformer DEBUG] Writing mod/syconn/swm/utils/generic/ColorUtil$1 with maxs=true frames=true
[Architectury Transformer DEBUG] Writing mod/syconn/swm/utils/generic/ColorUtil$TintMode with maxs=true frames=true
[Architectury Transformer DEBUG] Writing mod/syconn/swm/utils/generic/ColorUtil with maxs=true frames=true
[Architectury Transformer DEBUG] Writing mod/syconn/swm/utils/generic/ListUtil with maxs=true frames=true
[Architectury Transformer DEBUG] Writing mod/syconn/swm/utils/generic/ModelUtil with maxs=true frames=true
[Architectury Transformer DEBUG] Writing mod/syconn/swm/utils/generic/RenderUtil with maxs=true frames=true
[Architectury Transformer DEBUG] Writing mod/syconn/swm/utils/generic/StringUtil with maxs=true frames=true
[Architectury Transformer DEBUG] Writing mod/syconn/swm/utils/generic/NBTUtil with maxs=true frames=true
[Architectury Transformer DEBUG] Writing mod/syconn/swm/utils/generic/AnimationUtil with maxs=true frames=true
[Architectury Transformer DEBUG] Writing mod/syconn/swm/utils/generic/JsonUtil with maxs=true frames=true
[Architectury Transformer DEBUG] Writing mod/syconn/swm/utils/generic/ResourceUtil with maxs=true frames=true
[Architectury Transformer DEBUG] Writing mod/syconn/swm/utils/generic/FontUtil with maxs=true frames=true
[Architectury Transformer DEBUG] Writing mod/syconn/swm/utils/generic/ItemStackUtil with maxs=true frames=true
[Architectury Transformer DEBUG] Writing mod/syconn/swm/utils/generic/MathUtil$1 with maxs=true frames=true
[Architectury Transformer DEBUG] Writing mod/syconn/swm/utils/interfaces/IEntityBlock with maxs=true frames=true
[Architectury Transformer DEBUG] Writing mod/syconn/swm/utils/interfaces/IModifiedPoseRenderer with maxs=true frames=true
[Architectury Transformer DEBUG] Writing mod/syconn/swm/utils/interfaces/IEquipmentItem$SWEquipmentSlot with maxs=true frames=true
[Architectury Transformer DEBUG] Writing mod/syconn/swm/utils/interfaces/IEquipmentItem with maxs=true frames=true
[Architectury Transformer DEBUG] Writing mod/syconn/swm/utils/interfaces/ISerializable with maxs=true frames=true
[Architectury Transformer DEBUG] Writing mod/syconn/swm/utils/interfaces/IModifiedItemRenderer with maxs=true frames=true
[Architectury Transformer DEBUG] Writing mod/syconn/swm/utils/interfaces/IWidgetComponent with maxs=true frames=true
[Architectury Transformer DEBUG] Writing mod/syconn/swm/utils/interfaces/IItemExtensions with maxs=true frames=true
[Architectury Transformer DEBUG] Writing mod/syconn/swm/utils/server/JsonResourceReloader with maxs=true frames=true
[Architectury Transformer DEBUG] Writing mod/syconn/swm/utils/server/SyncedResourceManager with maxs=true frames=true
[Architectury Transformer DEBUG] Writing mod/syconn/swm/utils/server/SyncedResourceManager$ISyncedData with maxs=true frames=true
[Architectury Transformer DEBUG] Writing mod/syconn/swm/utils/server/StackedIngredient with maxs=true frames=true
[Architectury Transformer DEBUG] Checking whether /swm-common-common-refmap.json is a mixin config.
[Architectury Transformer DEBUG] Checking whether /swm.mixins.json is a mixin config.
[Architectury Transformer DEBUG] Checking whether /swm-common-common-refmap.json is a mixin config.
[Architectury Transformer DEBUG] Checking whether /swm.mixins.json is a mixin config.
[Architectury Transformer DEBUG] Found mixin config(s): swm.mixins.json
[Architectury Transformer DEBUG] Appended Launch Argument: [--mixin.config, swm.mixins.json]
[Architectury Transformer DEBUG] Remapping refmap from intermediary to srg: swm-forge-forge-refmap.json
[Architectury Transformer DEBUG] Closed File Systems for C:\Users\Aidan\AppData\Local\Temp\8976393500639166737.jar
[Architectury Transformer] Listening at C:\Users\Aidan\IdeaProjects\StarWarsMod\1.20.1\common\build\devlibs\swm-common-2.1.5-dev.jar
[Architectury Transformer DEBUG] Temporary jar [C:\Users\Aidan\AppData\Local\Temp\8976393500639166737.jar] contains packages: mod.syconn.swm.server.savedata, mod.syconn.swm.client.screen, mod.syconn.swm.server.data, mod.syconn.swm.features.lightsaber.blockentity, mod.syconn.swm.features.lightsaber.data, mod.syconn.swm.network.packets.clientside, mod.syconn.swm.integration.jei.category, mod.syconn.swm.client.render.block, mod.syconn.swm.network, mod.syconn.swm.features.addons, mod.syconn.swm.utils.interfaces, mod.syconn.swm.features.lightsaber.client.entity, mod.syconn.swm.features.updater, mod.syconn.swm.network.packets.serverside, mod.syconn.swm.block, mod.syconn.swm.features.blaster.client.entity, mod.syconn.swm.integration.jei, mod.syconn.swm.utils.server, mod.syconn.swm.core, mod.syconn.swm.features.blaster.data, mod.syconn.swm.server, mod.syconn.swm.client.screen.components.buttons, mod.syconn.swm.client.render.entity.layers, mod.syconn.swm.features.blaster.client, mod.syconn.swm.item, mod.syconn.swm.features.lightsaber.client.item, mod.syconn.swm.client.sounds, mod.syconn.swm.client.render.entity, mod.syconn.swm.features.lightsaber.server.menu, mod.syconn.swm.server.recipes, mod.syconn.swm.features.lightsaber.network, mod.syconn.swm, mod.syconn.swm.mixin.client, mod.syconn.swm.utils.block, mod.syconn.swm.utils.generic, mod.syconn.swm.features.blaster.item, mod.syconn.swm.features.lightsaber.sound, mod.syconn.swm.utils.client, mod.syconn.swm.server.containers.slot, mod.syconn.swm.features.lightsaber.entity, mod.syconn.swm.features.blaster.entity, mod.syconn.swm.utils, mod.syconn.swm.client.render.item, mod.syconn.swm.client.screen.components, mod.syconn.swm.mixin, mod.syconn.swm.features.lightsaber.block, mod.syconn.swm.client.keys, mod.syconn.swm.features.lightsaber.item, mod.syconn.swm.blockentity, mod.syconn.swm.client, mod.syconn.swm.features.lightsaber.client.screen
[Architectury Transformer DEBUG] Closed File Systems for C:\Users\Aidan\IdeaProjects\StarWarsMod\1.20.1\common\build\devlibs\swm-common-2.1.5-dev.jar
[Architectury Transformer DEBUG] Classpath entry [C:\Users\Aidan\IdeaProjects\StarWarsMod\1.20.1\forge\build\resources\main] contains packages: 
[Architectury Transformer DEBUG] Transforming from mod/syconn/swm/server/data/SWGear$SWGearAccess.class to mod/syconn/swm/server/data/SWGear$SWGearAccess.class with 8 transformer(s) on dev.architectury.transformer.handler.TinyRemapperPreparedTransformerHandler
[Architectury Transformer DEBUG] Remapping with 1 mapping provider(s):
[Architectury Transformer DEBUG]  - dev.architectury.transformer.transformers.TransformForgeEnvironment$$Lambda/0x0000017cd409f168@718c7433
[Architectury Transformer DEBUG] Remapping with Dirty Mappings...
[Architectury Transformer DEBUG] Remapping Classes:
[Architectury Transformer DEBUG] net/fabricmc/api/EnvType -> net/minecraftforge/api/distmarker/Dist
[Architectury Transformer DEBUG] net/fabricmc/api/Environment -> net/minecraftforge/api/distmarker/OnlyIn
[Architectury Transformer DEBUG] Found class transformer
[Architectury Transformer DEBUG] Writing mod/syconn/swm/server/data/SWGear$SWGearAccess with maxs=true frames=true
[Architectury Transformer DEBUG] Remapping refmap from intermediary to srg: swm-forge-forge-refmap.json
[Architectury Transformer DEBUG] Transformed mod/syconn/swm/server/data/SWGear$SWGearAccess in 54.30 ms
[Architectury Transformer DEBUG] Transforming from mod/syconn/swm/client/render/entity/layers/SWGearLayer.class to mod/syconn/swm/client/render/entity/layers/SWGearLayer.class with 8 transformer(s) on dev.architectury.transformer.handler.TinyRemapperPreparedTransformerHandler
[Architectury Transformer DEBUG] Remapping with 1 mapping provider(s):
[Architectury Transformer DEBUG]  - dev.architectury.transformer.transformers.TransformForgeEnvironment$$Lambda/0x0000017cd409f168@718c7433
[Architectury Transformer DEBUG] Remapping Classes:
[Architectury Transformer DEBUG] net/fabricmc/api/EnvType -> net/minecraftforge/api/distmarker/Dist
[Architectury Transformer DEBUG] net/fabricmc/api/Environment -> net/minecraftforge/api/distmarker/OnlyIn
[Architectury Transformer DEBUG] Found class transformer
[Architectury Transformer DEBUG] Writing mod/syconn/swm/client/render/entity/layers/SWGearLayer with maxs=true frames=true
[Architectury Transformer DEBUG] Remapping refmap from intermediary to srg: swm-forge-forge-refmap.json
[Architectury Transformer DEBUG] Transformed mod/syconn/swm/client/render/entity/layers/SWGearLayer in 21.79 ms
[Architectury Transformer DEBUG] Transforming from mod/syconn/swm/StarWars.class to mod/syconn/swm/StarWars.class with 8 transformer(s) on dev.architectury.transformer.handler.TinyRemapperPreparedTransformerHandler
[Architectury Transformer DEBUG] Remapping with 1 mapping provider(s):
[Architectury Transformer DEBUG]  - dev.architectury.transformer.transformers.TransformForgeEnvironment$$Lambda/0x0000017cd409f168@718c7433
[Architectury Transformer DEBUG] Remapping Classes:
[Architectury Transformer DEBUG] net/fabricmc/api/EnvType -> net/minecraftforge/api/distmarker/Dist
[Architectury Transformer DEBUG] net/fabricmc/api/Environment -> net/minecraftforge/api/distmarker/OnlyIn
[Architectury Transformer DEBUG] Found class transformer
[Architectury Transformer DEBUG] Writing mod/syconn/swm/StarWars with maxs=true frames=true
[Architectury Transformer DEBUG] Remapping refmap from intermediary to srg: swm-forge-forge-refmap.json
[Architectury Transformer DEBUG] Transformed mod/syconn/swm/StarWars in 22.30 ms
[Architectury Transformer DEBUG] Transforming from mod/syconn/swm/core/ModBlocks.class to mod/syconn/swm/core/ModBlocks.class with 8 transformer(s) on dev.architectury.transformer.handler.TinyRemapperPreparedTransformerHandler
[Architectury Transformer DEBUG] Remapping with 1 mapping provider(s):
[Architectury Transformer DEBUG]  - dev.architectury.transformer.transformers.TransformForgeEnvironment$$Lambda/0x0000017cd409f168@718c7433
[Architectury Transformer DEBUG] Remapping Classes:
[Architectury Transformer DEBUG] net/fabricmc/api/EnvType -> net/minecraftforge/api/distmarker/Dist
[Architectury Transformer DEBUG] net/fabricmc/api/Environment -> net/minecraftforge/api/distmarker/OnlyIn
[Architectury Transformer DEBUG] Found class transformer
[Architectury Transformer DEBUG] Writing mod/syconn/swm/core/ModBlocks with maxs=true frames=true
[Architectury Transformer DEBUG] Remapping refmap from intermediary to srg: swm-forge-forge-refmap.json
[Architectury Transformer DEBUG] Transformed mod/syconn/swm/core/ModBlocks in 22.57 ms
[Architectury Transformer DEBUG] Transforming from mod/syconn/swm/block/TwoPartBlock.class to mod/syconn/swm/block/TwoPartBlock.class with 8 transformer(s) on dev.architectury.transformer.handler.TinyRemapperPreparedTransformerHandler
[Architectury Transformer DEBUG] Remapping with 1 mapping provider(s):
[Architectury Transformer DEBUG]  - dev.architectury.transformer.transformers.TransformForgeEnvironment$$Lambda/0x0000017cd409f168@718c7433
[Architectury Transformer DEBUG] Remapping Classes:
[Architectury Transformer DEBUG] net/fabricmc/api/EnvType -> net/minecraftforge/api/distmarker/Dist
[Architectury Transformer DEBUG] net/fabricmc/api/Environment -> net/minecraftforge/api/distmarker/OnlyIn
[Architectury Transformer DEBUG] Found class transformer
[Architectury Transformer DEBUG] Writing mod/syconn/swm/block/TwoPartBlock with maxs=true frames=true
[Architectury Transformer DEBUG] Remapping refmap from intermediary to srg: swm-forge-forge-refmap.json
[Architectury Transformer DEBUG] Transformed mod/syconn/swm/block/TwoPartBlock in 23.33 ms
[Architectury Transformer DEBUG] Transforming from mod/syconn/swm/features/lightsaber/block/LightsaberWorkbenchBlock.class to mod/syconn/swm/features/lightsaber/block/LightsaberWorkbenchBlock.class with 8 transformer(s) on dev.architectury.transformer.handler.TinyRemapperPreparedTransformerHandler
[Architectury Transformer DEBUG] Remapping with 1 mapping provider(s):
[Architectury Transformer DEBUG]  - dev.architectury.transformer.transformers.TransformForgeEnvironment$$Lambda/0x0000017cd409f168@718c7433
[Architectury Transformer DEBUG] Remapping Classes:
[Architectury Transformer DEBUG] net/fabricmc/api/EnvType -> net/minecraftforge/api/distmarker/Dist
[Architectury Transformer DEBUG] net/fabricmc/api/Environment -> net/minecraftforge/api/distmarker/OnlyIn
[Architectury Transformer DEBUG] Found class transformer
[Architectury Transformer DEBUG] Writing mod/syconn/swm/features/lightsaber/block/LightsaberWorkbenchBlock with maxs=true frames=true
[Architectury Transformer DEBUG] Remapping refmap from intermediary to srg: swm-forge-forge-refmap.json
[Architectury Transformer DEBUG] Transformed mod/syconn/swm/features/lightsaber/block/LightsaberWorkbenchBlock in 25.29 ms
[Architectury Transformer DEBUG] Transforming from mod/syconn/swm/utils/interfaces/IEntityBlock.class to mod/syconn/swm/utils/interfaces/IEntityBlock.class with 8 transformer(s) on dev.architectury.transformer.handler.TinyRemapperPreparedTransformerHandler
[Architectury Transformer DEBUG] Remapping with 1 mapping provider(s):
[Architectury Transformer DEBUG]  - dev.architectury.transformer.transformers.TransformForgeEnvironment$$Lambda/0x0000017cd409f168@718c7433
[Architectury Transformer DEBUG] Remapping Classes:
[Architectury Transformer DEBUG] net/fabricmc/api/EnvType -> net/minecraftforge/api/distmarker/Dist
[Architectury Transformer DEBUG] net/fabricmc/api/Environment -> net/minecraftforge/api/distmarker/OnlyIn
[Architectury Transformer DEBUG] Found class transformer
[Architectury Transformer DEBUG] Writing mod/syconn/swm/utils/interfaces/IEntityBlock with maxs=true frames=true
[Architectury Transformer DEBUG] Remapping refmap from intermediary to srg: swm-forge-forge-refmap.json
[Architectury Transformer DEBUG] Transformed mod/syconn/swm/utils/interfaces/IEntityBlock in 22.16 ms
[Architectury Transformer DEBUG] Transforming from mod/syconn/swm/blockentity/SyncedBlockEntity.class to mod/syconn/swm/blockentity/SyncedBlockEntity.class with 8 transformer(s) on dev.architectury.transformer.handler.TinyRemapperPreparedTransformerHandler
[Architectury Transformer DEBUG] Remapping with 1 mapping provider(s):
[Architectury Transformer DEBUG]  - dev.architectury.transformer.transformers.TransformForgeEnvironment$$Lambda/0x0000017cd409f168@718c7433
[Architectury Transformer DEBUG] Remapping Classes:
[Architectury Transformer DEBUG] net/fabricmc/api/EnvType -> net/minecraftforge/api/distmarker/Dist
[Architectury Transformer DEBUG] net/fabricmc/api/Environment -> net/minecraftforge/api/distmarker/OnlyIn
[Architectury Transformer DEBUG] Found class transformer
[Architectury Transformer DEBUG] Writing mod/syconn/swm/blockentity/SyncedBlockEntity with maxs=true frames=true
[Architectury Transformer DEBUG] Remapping refmap from intermediary to srg: swm-forge-forge-refmap.json
[Architectury Transformer DEBUG] Transformed mod/syconn/swm/blockentity/SyncedBlockEntity in 21.02 ms
[Architectury Transformer DEBUG] Transforming from mod/syconn/swm/features/lightsaber/blockentity/LightsaberWorkbenchBlockEntity.class to mod/syconn/swm/features/lightsaber/blockentity/LightsaberWorkbenchBlockEntity.class with 8 transformer(s) on dev.architectury.transformer.handler.TinyRemapperPreparedTransformerHandler
[Architectury Transformer DEBUG] Remapping with 1 mapping provider(s):
[Architectury Transformer DEBUG]  - dev.architectury.transformer.transformers.TransformForgeEnvironment$$Lambda/0x0000017cd409f168@718c7433
[Architectury Transformer DEBUG] Remapping Classes:
[Architectury Transformer DEBUG] net/fabricmc/api/EnvType -> net/minecraftforge/api/distmarker/Dist
[Architectury Transformer DEBUG] net/fabricmc/api/Environment -> net/minecraftforge/api/distmarker/OnlyIn
[Architectury Transformer DEBUG] Found class transformer
[Architectury Transformer DEBUG] Writing mod/syconn/swm/features/lightsaber/blockentity/LightsaberWorkbenchBlockEntity with maxs=true frames=true
[Architectury Transformer DEBUG] Remapping refmap from intermediary to srg: swm-forge-forge-refmap.json
[Architectury Transformer DEBUG] Transformed mod/syconn/swm/features/lightsaber/blockentity/LightsaberWorkbenchBlockEntity in 13.88 ms
[Architectury Transformer DEBUG] Transforming from mod/syconn/swm/core/ModItems.class to mod/syconn/swm/core/ModItems.class with 8 transformer(s) on dev.architectury.transformer.handler.TinyRemapperPreparedTransformerHandler
[Architectury Transformer DEBUG] Remapping with 1 mapping provider(s):
[Architectury Transformer DEBUG]  - dev.architectury.transformer.transformers.TransformForgeEnvironment$$Lambda/0x0000017cd409f168@718c7433
[Architectury Transformer DEBUG] Remapping Classes:
[Architectury Transformer DEBUG] net/fabricmc/api/EnvType -> net/minecraftforge/api/distmarker/Dist
[Architectury Transformer DEBUG] net/fabricmc/api/Environment -> net/minecraftforge/api/distmarker/OnlyIn
[Architectury Transformer DEBUG] Found class transformer
[Architectury Transformer DEBUG] Writing mod/syconn/swm/core/ModItems with maxs=true frames=true
[Architectury Transformer DEBUG] Remapping refmap from intermediary to srg: swm-forge-forge-refmap.json
[Architectury Transformer DEBUG] Transformed mod/syconn/swm/core/ModItems in 8.021 ms
[Architectury Transformer DEBUG] Transforming from mod/syconn/swm/features/lightsaber/item/LightsaberItem.class to mod/syconn/swm/features/lightsaber/item/LightsaberItem.class with 8 transformer(s) on dev.architectury.transformer.handler.TinyRemapperPreparedTransformerHandler
[Architectury Transformer DEBUG] Remapping with 1 mapping provider(s):
[Architectury Transformer DEBUG]  - dev.architectury.transformer.transformers.TransformForgeEnvironment$$Lambda/0x0000017cd409f168@718c7433
[Architectury Transformer DEBUG] Remapping Classes:
[Architectury Transformer DEBUG] net/fabricmc/api/EnvType -> net/minecraftforge/api/distmarker/Dist
[Architectury Transformer DEBUG] net/fabricmc/api/Environment -> net/minecraftforge/api/distmarker/OnlyIn
[Architectury Transformer DEBUG] Found class transformer
[Architectury Transformer DEBUG] Writing mod/syconn/swm/features/lightsaber/item/LightsaberItem with maxs=true frames=true
[Architectury Transformer DEBUG] Remapping refmap from intermediary to srg: swm-forge-forge-refmap.json
[Architectury Transformer DEBUG] Transformed mod/syconn/swm/features/lightsaber/item/LightsaberItem in 7.047 ms
[Architectury Transformer DEBUG] Transforming from mod/syconn/swm/utils/interfaces/IItemExtensions.class to mod/syconn/swm/utils/interfaces/IItemExtensions.class with 8 transformer(s) on dev.architectury.transformer.handler.TinyRemapperPreparedTransformerHandler
[Architectury Transformer DEBUG] Remapping with 1 mapping provider(s):
[Architectury Transformer DEBUG]  - dev.architectury.transformer.transformers.TransformForgeEnvironment$$Lambda/0x0000017cd409f168@718c7433
[Architectury Transformer DEBUG] Remapping Classes:
[Architectury Transformer DEBUG] net/fabricmc/api/EnvType -> net/minecraftforge/api/distmarker/Dist
[Architectury Transformer DEBUG] net/fabricmc/api/Environment -> net/minecraftforge/api/distmarker/OnlyIn
[Architectury Transformer DEBUG] Found class transformer
[Architectury Transformer DEBUG] Writing mod/syconn/swm/utils/interfaces/IItemExtensions with maxs=true frames=true
[Architectury Transformer DEBUG] Remapping refmap from intermediary to srg: swm-forge-forge-refmap.json
[Architectury Transformer DEBUG] Transformed mod/syconn/swm/utils/interfaces/IItemExtensions in 4.611 ms
[Architectury Transformer DEBUG] Transforming from mod/syconn/swm/utils/interfaces/IEquipmentItem.class to mod/syconn/swm/utils/interfaces/IEquipmentItem.class with 8 transformer(s) on dev.architectury.transformer.handler.TinyRemapperPreparedTransformerHandler
[Architectury Transformer DEBUG] Remapping with 1 mapping provider(s):
[Architectury Transformer DEBUG]  - dev.architectury.transformer.transformers.TransformForgeEnvironment$$Lambda/0x0000017cd409f168@718c7433
[Architectury Transformer DEBUG] Remapping Classes:
[Architectury Transformer DEBUG] net/fabricmc/api/EnvType -> net/minecraftforge/api/distmarker/Dist
[Architectury Transformer DEBUG] net/fabricmc/api/Environment -> net/minecraftforge/api/distmarker/OnlyIn
[Architectury Transformer DEBUG] Found class transformer
[Architectury Transformer DEBUG] Writing mod/syconn/swm/utils/interfaces/IEquipmentItem with maxs=true frames=true
[Architectury Transformer DEBUG] Remapping refmap from intermediary to srg: swm-forge-forge-refmap.json
[Architectury Transformer DEBUG] Transformed mod/syconn/swm/utils/interfaces/IEquipmentItem in 5.070 ms
[Architectury Transformer DEBUG] Transforming from mod/syconn/swm/features/blaster/item/BlasterItem.class to mod/syconn/swm/features/blaster/item/BlasterItem.class with 8 transformer(s) on dev.architectury.transformer.handler.TinyRemapperPreparedTransformerHandler
[Architectury Transformer DEBUG] Remapping with 1 mapping provider(s):
[Architectury Transformer DEBUG]  - dev.architectury.transformer.transformers.TransformForgeEnvironment$$Lambda/0x0000017cd409f168@718c7433
[Architectury Transformer DEBUG] Remapping Classes:
[Architectury Transformer DEBUG] net/fabricmc/api/EnvType -> net/minecraftforge/api/distmarker/Dist
[Architectury Transformer DEBUG] net/fabricmc/api/Environment -> net/minecraftforge/api/distmarker/OnlyIn
[Architectury Transformer DEBUG] Found class transformer
[Architectury Transformer DEBUG] Writing mod/syconn/swm/features/blaster/item/BlasterItem with maxs=true frames=true
[Architectury Transformer DEBUG] Remapping refmap from intermediary to srg: swm-forge-forge-refmap.json
[Architectury Transformer DEBUG] Transformed mod/syconn/swm/features/blaster/item/BlasterItem in 6.591 ms
[Architectury Transformer DEBUG] Transforming from mod/syconn/swm/features/blaster/entity/BlasterBoltEntity.class to mod/syconn/swm/features/blaster/entity/BlasterBoltEntity.class with 8 transformer(s) on dev.architectury.transformer.handler.TinyRemapperPreparedTransformerHandler
[Architectury Transformer DEBUG] Remapping with 1 mapping provider(s):
[Architectury Transformer DEBUG]  - dev.architectury.transformer.transformers.TransformForgeEnvironment$$Lambda/0x0000017cd409f168@718c7433
[Architectury Transformer DEBUG] Remapping Classes:
[Architectury Transformer DEBUG] net/fabricmc/api/EnvType -> net/minecraftforge/api/distmarker/Dist
[Architectury Transformer DEBUG] net/fabricmc/api/Environment -> net/minecraftforge/api/distmarker/OnlyIn
[Architectury Transformer DEBUG] Found class transformer
[Architectury Transformer DEBUG] Writing mod/syconn/swm/features/blaster/entity/BlasterBoltEntity with maxs=true frames=true
[Architectury Transformer DEBUG] Remapping refmap from intermediary to srg: swm-forge-forge-refmap.json
[Architectury Transformer DEBUG] Transformed mod/syconn/swm/features/blaster/entity/BlasterBoltEntity in 5.539 ms
[Architectury Transformer DEBUG] Transforming from mod/syconn/swm/block/HoloProjectorBlock.class to mod/syconn/swm/block/HoloProjectorBlock.class with 8 transformer(s) on dev.architectury.transformer.handler.TinyRemapperPreparedTransformerHandler
[Architectury Transformer DEBUG] Remapping with 1 mapping provider(s):
[Architectury Transformer DEBUG]  - dev.architectury.transformer.transformers.TransformForgeEnvironment$$Lambda/0x0000017cd409f168@718c7433
[Architectury Transformer DEBUG] Remapping Classes:
[Architectury Transformer DEBUG] net/fabricmc/api/EnvType -> net/minecraftforge/api/distmarker/Dist
[Architectury Transformer DEBUG] net/fabricmc/api/Environment -> net/minecraftforge/api/distmarker/OnlyIn
[Architectury Transformer DEBUG] Found class transformer
[Architectury Transformer DEBUG] Writing mod/syconn/swm/block/HoloProjectorBlock with maxs=true frames=true
[Architectury Transformer DEBUG] Remapping refmap from intermediary to srg: swm-forge-forge-refmap.json
[Architectury Transformer DEBUG] Transformed mod/syconn/swm/block/HoloProjectorBlock in 9.205 ms
[Architectury Transformer DEBUG] Transforming from mod/syconn/swm/blockentity/HoloProjectorBlockEntity.class to mod/syconn/swm/blockentity/HoloProjectorBlockEntity.class with 8 transformer(s) on dev.architectury.transformer.handler.TinyRemapperPreparedTransformerHandler
[Architectury Transformer DEBUG] Remapping with 1 mapping provider(s):
[Architectury Transformer DEBUG]  - dev.architectury.transformer.transformers.TransformForgeEnvironment$$Lambda/0x0000017cd409f168@718c7433
[Architectury Transformer DEBUG] Remapping Classes:
[Architectury Transformer DEBUG] net/fabricmc/api/EnvType -> net/minecraftforge/api/distmarker/Dist
[Architectury Transformer DEBUG] net/fabricmc/api/Environment -> net/minecraftforge/api/distmarker/OnlyIn
[Architectury Transformer DEBUG] Found class transformer
[Architectury Transformer DEBUG] Writing mod/syconn/swm/blockentity/HoloProjectorBlockEntity with maxs=true frames=true
[Architectury Transformer DEBUG] Remapping refmap from intermediary to srg: swm-forge-forge-refmap.json
[Architectury Transformer DEBUG] Transformed mod/syconn/swm/blockentity/HoloProjectorBlockEntity in 7.973 ms
[Architectury Transformer DEBUG] Transforming from mod/syconn/swm/item/HoloProjectorItem.class to mod/syconn/swm/item/HoloProjectorItem.class with 8 transformer(s) on dev.architectury.transformer.handler.TinyRemapperPreparedTransformerHandler
[Architectury Transformer DEBUG] Remapping with 1 mapping provider(s):
[Architectury Transformer DEBUG]  - dev.architectury.transformer.transformers.TransformForgeEnvironment$$Lambda/0x0000017cd409f168@718c7433
[Architectury Transformer DEBUG] Remapping Classes:
[Architectury Transformer DEBUG] net/fabricmc/api/EnvType -> net/minecraftforge/api/distmarker/Dist
[Architectury Transformer DEBUG] net/fabricmc/api/Environment -> net/minecraftforge/api/distmarker/OnlyIn
[Architectury Transformer DEBUG] Found class transformer
[Architectury Transformer DEBUG] Writing mod/syconn/swm/item/HoloProjectorItem with maxs=true frames=true
[Architectury Transformer DEBUG] Remapping refmap from intermediary to srg: swm-forge-forge-refmap.json
[Architectury Transformer DEBUG] Transformed mod/syconn/swm/item/HoloProjectorItem in 8.211 ms
[Architectury Transformer DEBUG] Transforming from mod/syconn/swm/core/ModSounds.class to mod/syconn/swm/core/ModSounds.class with 8 transformer(s) on dev.architectury.transformer.handler.TinyRemapperPreparedTransformerHandler
[Architectury Transformer DEBUG] Remapping with 1 mapping provider(s):
[Architectury Transformer DEBUG]  - dev.architectury.transformer.transformers.TransformForgeEnvironment$$Lambda/0x0000017cd409f168@718c7433
[Architectury Transformer DEBUG] Remapping Classes:
[Architectury Transformer DEBUG] net/fabricmc/api/EnvType -> net/minecraftforge/api/distmarker/Dist
[Architectury Transformer DEBUG] net/fabricmc/api/Environment -> net/minecraftforge/api/distmarker/OnlyIn
[Architectury Transformer DEBUG] Found class transformer
[Architectury Transformer DEBUG] Writing mod/syconn/swm/core/ModSounds with maxs=true frames=true
[Architectury Transformer DEBUG] Remapping refmap from intermediary to srg: swm-forge-forge-refmap.json
[Architectury Transformer DEBUG] Transformed mod/syconn/swm/core/ModSounds in 7.507 ms
[Architectury Transformer DEBUG] Transforming from mod/syconn/swm/core/ModBlockEntities.class to mod/syconn/swm/core/ModBlockEntities.class with 8 transformer(s) on dev.architectury.transformer.handler.TinyRemapperPreparedTransformerHandler
[Architectury Transformer DEBUG] Remapping with 1 mapping provider(s):
[Architectury Transformer DEBUG]  - dev.architectury.transformer.transformers.TransformForgeEnvironment$$Lambda/0x0000017cd409f168@718c7433
[Architectury Transformer DEBUG] Remapping Classes:
[Architectury Transformer DEBUG] net/fabricmc/api/EnvType -> net/minecraftforge/api/distmarker/Dist
[Architectury Transformer DEBUG] net/fabricmc/api/Environment -> net/minecraftforge/api/distmarker/OnlyIn
[Architectury Transformer DEBUG] Found class transformer
[Architectury Transformer DEBUG] Writing mod/syconn/swm/core/ModBlockEntities with maxs=true frames=true
[Architectury Transformer DEBUG] Remapping refmap from intermediary to srg: swm-forge-forge-refmap.json
[Architectury Transformer DEBUG] Transformed mod/syconn/swm/core/ModBlockEntities in 11.96 ms
[Architectury Transformer DEBUG] Transforming from mod/syconn/swm/core/ModEntities.class to mod/syconn/swm/core/ModEntities.class with 8 transformer(s) on dev.architectury.transformer.handler.TinyRemapperPreparedTransformerHandler
[Architectury Transformer DEBUG] Remapping with 1 mapping provider(s):
[Architectury Transformer DEBUG]  - dev.architectury.transformer.transformers.TransformForgeEnvironment$$Lambda/0x0000017cd409f168@718c7433
[Architectury Transformer DEBUG] Remapping Classes:
[Architectury Transformer DEBUG] net/fabricmc/api/EnvType -> net/minecraftforge/api/distmarker/Dist
[Architectury Transformer DEBUG] net/fabricmc/api/Environment -> net/minecraftforge/api/distmarker/OnlyIn
[Architectury Transformer DEBUG] Found class transformer
[Architectury Transformer DEBUG] Writing mod/syconn/swm/core/ModEntities with maxs=true frames=true
[Architectury Transformer DEBUG] Remapping refmap from intermediary to srg: swm-forge-forge-refmap.json
[Architectury Transformer DEBUG] Transformed mod/syconn/swm/core/ModEntities in 8.181 ms
[Architectury Transformer DEBUG] Transforming from mod/syconn/swm/features/lightsaber/entity/ThrownLightsaberEntity.class to mod/syconn/swm/features/lightsaber/entity/ThrownLightsaberEntity.class with 8 transformer(s) on dev.architectury.transformer.handler.TinyRemapperPreparedTransformerHandler
[Architectury Transformer DEBUG] Remapping with 1 mapping provider(s):
[Architectury Transformer DEBUG]  - dev.architectury.transformer.transformers.TransformForgeEnvironment$$Lambda/0x0000017cd409f168@718c7433
[Architectury Transformer DEBUG] Remapping Classes:
[Architectury Transformer DEBUG] net/fabricmc/api/EnvType -> net/minecraftforge/api/distmarker/Dist
[Architectury Transformer DEBUG] net/fabricmc/api/Environment -> net/minecraftforge/api/distmarker/OnlyIn
[Architectury Transformer DEBUG] Found class transformer
[Architectury Transformer DEBUG] Writing mod/syconn/swm/features/lightsaber/entity/ThrownLightsaberEntity with maxs=true frames=true
[Architectury Transformer DEBUG] Remapping refmap from intermediary to srg: swm-forge-forge-refmap.json
[Architectury Transformer DEBUG] Transformed mod/syconn/swm/features/lightsaber/entity/ThrownLightsaberEntity in 5.669 ms
[Architectury Transformer DEBUG] Transforming from mod/syconn/swm/core/ModMenus.class to mod/syconn/swm/core/ModMenus.class with 8 transformer(s) on dev.architectury.transformer.handler.TinyRemapperPreparedTransformerHandler
[Architectury Transformer DEBUG] Remapping with 1 mapping provider(s):
[Architectury Transformer DEBUG]  - dev.architectury.transformer.transformers.TransformForgeEnvironment$$Lambda/0x0000017cd409f168@718c7433
[Architectury Transformer DEBUG] Remapping Classes:
[Architectury Transformer DEBUG] net/fabricmc/api/EnvType -> net/minecraftforge/api/distmarker/Dist
[Architectury Transformer DEBUG] net/fabricmc/api/Environment -> net/minecraftforge/api/distmarker/OnlyIn
[Architectury Transformer DEBUG] Found class transformer
[Architectury Transformer DEBUG] Writing mod/syconn/swm/core/ModMenus with maxs=true frames=true
[Architectury Transformer DEBUG] Remapping refmap from intermediary to srg: swm-forge-forge-refmap.json
[Architectury Transformer DEBUG] Transformed mod/syconn/swm/core/ModMenus in 3.803 ms
[Architectury Transformer DEBUG] Transforming from mod/syconn/swm/core/ModRecipes.class to mod/syconn/swm/core/ModRecipes.class with 8 transformer(s) on dev.architectury.transformer.handler.TinyRemapperPreparedTransformerHandler
[Architectury Transformer DEBUG] Remapping with 1 mapping provider(s):
[Architectury Transformer DEBUG]  - dev.architectury.transformer.transformers.TransformForgeEnvironment$$Lambda/0x0000017cd409f168@718c7433
[Architectury Transformer DEBUG] Remapping Classes:
[Architectury Transformer DEBUG] net/fabricmc/api/EnvType -> net/minecraftforge/api/distmarker/Dist
[Architectury Transformer DEBUG] net/fabricmc/api/Environment -> net/minecraftforge/api/distmarker/OnlyIn
[Architectury Transformer DEBUG] Found class transformer
[Architectury Transformer DEBUG] Writing mod/syconn/swm/core/ModRecipes with maxs=true frames=true
[Architectury Transformer DEBUG] Remapping refmap from intermediary to srg: swm-forge-forge-refmap.json
[Architectury Transformer DEBUG] Transformed mod/syconn/swm/core/ModRecipes in 3.563 ms
[Architectury Transformer DEBUG] Transforming from mod/syconn/swm/server/recipes/LightsaberRecipe$Serializer.class to mod/syconn/swm/server/recipes/LightsaberRecipe$Serializer.class with 8 transformer(s) on dev.architectury.transformer.handler.TinyRemapperPreparedTransformerHandler
[Architectury Transformer DEBUG] Remapping with 1 mapping provider(s):
[Architectury Transformer DEBUG]  - dev.architectury.transformer.transformers.TransformForgeEnvironment$$Lambda/0x0000017cd409f168@718c7433
[Architectury Transformer DEBUG] Remapping Classes:
[Architectury Transformer DEBUG] net/fabricmc/api/EnvType -> net/minecraftforge/api/distmarker/Dist
[Architectury Transformer DEBUG] net/fabricmc/api/Environment -> net/minecraftforge/api/distmarker/OnlyIn
[Architectury Transformer DEBUG] Found class transformer
[Architectury Transformer DEBUG] Writing mod/syconn/swm/server/recipes/LightsaberRecipe$Serializer with maxs=true frames=true
[Architectury Transformer DEBUG] Remapping refmap from intermediary to srg: swm-forge-forge-refmap.json
[Architectury Transformer DEBUG] Transformed mod/syconn/swm/server/recipes/LightsaberRecipe$Serializer in 6.434 ms
[Architectury Transformer DEBUG] Transforming from mod/syconn/swm/network/Network.class to mod/syconn/swm/network/Network.class with 8 transformer(s) on dev.architectury.transformer.handler.TinyRemapperPreparedTransformerHandler
[Architectury Transformer DEBUG] Remapping with 1 mapping provider(s):
[Architectury Transformer DEBUG]  - dev.architectury.transformer.transformers.TransformForgeEnvironment$$Lambda/0x0000017cd409f168@718c7433
[Architectury Transformer DEBUG] Remapping Classes:
[Architectury Transformer DEBUG] net/fabricmc/api/EnvType -> net/minecraftforge/api/distmarker/Dist
[Architectury Transformer DEBUG] net/fabricmc/api/Environment -> net/minecraftforge/api/distmarker/OnlyIn
[Architectury Transformer DEBUG] Found class transformer
[Architectury Transformer DEBUG] Writing mod/syconn/swm/network/Network with maxs=true frames=true
[Architectury Transformer DEBUG] Remapping refmap from intermediary to srg: swm-forge-forge-refmap.json
[Architectury Transformer DEBUG] Transformed mod/syconn/swm/network/Network in 4.324 ms
[Architectury Transformer DEBUG] Transforming from mod/syconn/swm/utils/Constants.class to mod/syconn/swm/utils/Constants.class with 8 transformer(s) on dev.architectury.transformer.handler.TinyRemapperPreparedTransformerHandler
[Architectury Transformer DEBUG] Remapping with 1 mapping provider(s):
[Architectury Transformer DEBUG]  - dev.architectury.transformer.transformers.TransformForgeEnvironment$$Lambda/0x0000017cd409f168@718c7433
[Architectury Transformer DEBUG] Remapping Classes:
[Architectury Transformer DEBUG] net/fabricmc/api/EnvType -> net/minecraftforge/api/distmarker/Dist
[Architectury Transformer DEBUG] net/fabricmc/api/Environment -> net/minecraftforge/api/distmarker/OnlyIn
[Architectury Transformer DEBUG] Found class transformer
[Architectury Transformer DEBUG] Writing mod/syconn/swm/utils/Constants with maxs=true frames=true
[Architectury Transformer DEBUG] Remapping refmap from intermediary to srg: swm-forge-forge-refmap.json
[Architectury Transformer DEBUG] Transformed mod/syconn/swm/utils/Constants in 2.847 ms
[Architectury Transformer DEBUG] Transforming from mod/syconn/swm/features/lightsaber/network/ToggleLightsaberPacket.class to mod/syconn/swm/features/lightsaber/network/ToggleLightsaberPacket.class with 8 transformer(s) on dev.architectury.transformer.handler.TinyRemapperPreparedTransformerHandler
[Architectury Transformer DEBUG] Remapping with 1 mapping provider(s):
[Architectury Transformer DEBUG]  - dev.architectury.transformer.transformers.TransformForgeEnvironment$$Lambda/0x0000017cd409f168@718c7433
[Architectury Transformer DEBUG] Remapping Classes:
[Architectury Transformer DEBUG] net/fabricmc/api/EnvType -> net/minecraftforge/api/distmarker/Dist
[Architectury Transformer DEBUG] net/fabricmc/api/Environment -> net/minecraftforge/api/distmarker/OnlyIn
[Architectury Transformer DEBUG] Found class transformer
[Architectury Transformer DEBUG] Writing mod/syconn/swm/features/lightsaber/network/ToggleLightsaberPacket with maxs=true frames=true
[Architectury Transformer DEBUG] Remapping refmap from intermediary to srg: swm-forge-forge-refmap.json
[Architectury Transformer DEBUG] Transformed mod/syconn/swm/features/lightsaber/network/ToggleLightsaberPacket in 3.868 ms
[Architectury Transformer DEBUG] Transforming from mod/syconn/swm/features/lightsaber/network/ThrowLightsaberPacket.class to mod/syconn/swm/features/lightsaber/network/ThrowLightsaberPacket.class with 8 transformer(s) on dev.architectury.transformer.handler.TinyRemapperPreparedTransformerHandler
[Architectury Transformer DEBUG] Remapping with 1 mapping provider(s):
[Architectury Transformer DEBUG]  - dev.architectury.transformer.transformers.TransformForgeEnvironment$$Lambda/0x0000017cd409f168@718c7433
[Architectury Transformer DEBUG] Remapping Classes:
[Architectury Transformer DEBUG] net/fabricmc/api/EnvType -> net/minecraftforge/api/distmarker/Dist
[Architectury Transformer DEBUG] net/fabricmc/api/Environment -> net/minecraftforge/api/distmarker/OnlyIn
[Architectury Transformer DEBUG] Found class transformer
[Architectury Transformer DEBUG] Writing mod/syconn/swm/features/lightsaber/network/ThrowLightsaberPacket with maxs=true frames=true
[Architectury Transformer DEBUG] Remapping refmap from intermediary to srg: swm-forge-forge-refmap.json
[Architectury Transformer DEBUG] Transformed mod/syconn/swm/features/lightsaber/network/ThrowLightsaberPacket in 3.618 ms
[Architectury Transformer DEBUG] Transforming from mod/syconn/swm/network/packets/clientside/SyncResourceDataPacket.class to mod/syconn/swm/network/packets/clientside/SyncResourceDataPacket.class with 8 transformer(s) on dev.architectury.transformer.handler.TinyRemapperPreparedTransformerHandler
[Architectury Transformer DEBUG] Remapping with 1 mapping provider(s):
[Architectury Transformer DEBUG]  - dev.architectury.transformer.transformers.TransformForgeEnvironment$$Lambda/0x0000017cd409f168@718c7433
[Architectury Transformer DEBUG] Remapping Classes:
[Architectury Transformer DEBUG] net/fabricmc/api/EnvType -> net/minecraftforge/api/distmarker/Dist
[Architectury Transformer DEBUG] net/fabricmc/api/Environment -> net/minecraftforge/api/distmarker/OnlyIn
[Architectury Transformer DEBUG] Found class transformer
[Architectury Transformer DEBUG] Writing mod/syconn/swm/network/packets/clientside/SyncResourceDataPacket with maxs=true frames=true
[Architectury Transformer DEBUG] Remapping refmap from intermediary to srg: swm-forge-forge-refmap.json
[Architectury Transformer DEBUG] Transformed mod/syconn/swm/network/packets/clientside/SyncResourceDataPacket in 5.697 ms
[Architectury Transformer DEBUG] Transforming from mod/syconn/swm/features/lightsaber/network/ChangeLightsaberHSVPacket.class to mod/syconn/swm/features/lightsaber/network/ChangeLightsaberHSVPacket.class with 8 transformer(s) on dev.architectury.transformer.handler.TinyRemapperPreparedTransformerHandler
[Architectury Transformer DEBUG] Remapping with 1 mapping provider(s):
[Architectury Transformer DEBUG]  - dev.architectury.transformer.transformers.TransformForgeEnvironment$$Lambda/0x0000017cd409f168@718c7433
[Architectury Transformer DEBUG] Remapping Classes:
[Architectury Transformer DEBUG] net/fabricmc/api/EnvType -> net/minecraftforge/api/distmarker/Dist
[Architectury Transformer DEBUG] net/fabricmc/api/Environment -> net/minecraftforge/api/distmarker/OnlyIn
[Architectury Transformer DEBUG] Found class transformer
[Architectury Transformer DEBUG] Writing mod/syconn/swm/features/lightsaber/network/ChangeLightsaberHSVPacket with maxs=true frames=true
[Architectury Transformer DEBUG] Remapping refmap from intermediary to srg: swm-forge-forge-refmap.json
[Architectury Transformer DEBUG] Transformed mod/syconn/swm/features/lightsaber/network/ChangeLightsaberHSVPacket in 4.491 ms
[Architectury Transformer DEBUG] Transforming from mod/syconn/swm/features/lightsaber/network/CraftHiltPacket.class to mod/syconn/swm/features/lightsaber/network/CraftHiltPacket.class with 8 transformer(s) on dev.architectury.transformer.handler.TinyRemapperPreparedTransformerHandler
[Architectury Transformer DEBUG] Remapping with 1 mapping provider(s):
[Architectury Transformer DEBUG]  - dev.architectury.transformer.transformers.TransformForgeEnvironment$$Lambda/0x0000017cd409f168@718c7433
[Architectury Transformer DEBUG] Remapping Classes:
[Architectury Transformer DEBUG] net/fabricmc/api/EnvType -> net/minecraftforge/api/distmarker/Dist
[Architectury Transformer DEBUG] net/fabricmc/api/Environment -> net/minecraftforge/api/distmarker/OnlyIn
[Architectury Transformer DEBUG] Found class transformer
[Architectury Transformer DEBUG] Writing mod/syconn/swm/features/lightsaber/network/CraftHiltPacket with maxs=true frames=true
[Architectury Transformer DEBUG] Remapping refmap from intermediary to srg: swm-forge-forge-refmap.json
[Architectury Transformer DEBUG] Transformed mod/syconn/swm/features/lightsaber/network/CraftHiltPacket in 4.681 ms
[Architectury Transformer DEBUG] Transforming from mod/syconn/swm/network/packets/serverside/HoloCallPacket.class to mod/syconn/swm/network/packets/serverside/HoloCallPacket.class with 8 transformer(s) on dev.architectury.transformer.handler.TinyRemapperPreparedTransformerHandler
[Architectury Transformer DEBUG] Remapping with 1 mapping provider(s):
[Architectury Transformer DEBUG]  - dev.architectury.transformer.transformers.TransformForgeEnvironment$$Lambda/0x0000017cd409f168@718c7433
[Architectury Transformer DEBUG] Remapping Classes:
[Architectury Transformer DEBUG] net/fabricmc/api/EnvType -> net/minecraftforge/api/distmarker/Dist
[Architectury Transformer DEBUG] net/fabricmc/api/Environment -> net/minecraftforge/api/distmarker/OnlyIn
[Architectury Transformer DEBUG] Found class transformer
[Architectury Transformer DEBUG] Writing mod/syconn/swm/network/packets/serverside/HoloCallPacket with maxs=true frames=true
[Architectury Transformer DEBUG] Remapping refmap from intermediary to srg: swm-forge-forge-refmap.json
[Architectury Transformer DEBUG] Transformed mod/syconn/swm/network/packets/serverside/HoloCallPacket in 5.829 ms
[Architectury Transformer DEBUG] Transforming from mod/syconn/swm/network/packets/serverside/HoloCallPacket$Type.class to mod/syconn/swm/network/packets/serverside/HoloCallPacket$Type.class with 8 transformer(s) on dev.architectury.transformer.handler.TinyRemapperPreparedTransformerHandler
[Architectury Transformer DEBUG] Remapping with 1 mapping provider(s):
[Architectury Transformer DEBUG]  - dev.architectury.transformer.transformers.TransformForgeEnvironment$$Lambda/0x0000017cd409f168@718c7433
[Architectury Transformer DEBUG] Remapping Classes:
[Architectury Transformer DEBUG] net/fabricmc/api/EnvType -> net/minecraftforge/api/distmarker/Dist
[Architectury Transformer DEBUG] net/fabricmc/api/Environment -> net/minecraftforge/api/distmarker/OnlyIn
[Architectury Transformer DEBUG] Found class transformer
[Architectury Transformer DEBUG] Writing mod/syconn/swm/network/packets/serverside/HoloCallPacket$Type with maxs=true frames=true
[Architectury Transformer DEBUG] Remapping refmap from intermediary to srg: swm-forge-forge-refmap.json
[Architectury Transformer DEBUG] Transformed mod/syconn/swm/network/packets/serverside/HoloCallPacket$Type in 4.137 ms
[Architectury Transformer DEBUG] Transforming from mod/syconn/swm/network/packets/clientside/RequestedHologramPacket.class to mod/syconn/swm/network/packets/clientside/RequestedHologramPacket.class with 8 transformer(s) on dev.architectury.transformer.handler.TinyRemapperPreparedTransformerHandler
[Architectury Transformer DEBUG] Remapping with 1 mapping provider(s):
[Architectury Transformer DEBUG]  - dev.architectury.transformer.transformers.TransformForgeEnvironment$$Lambda/0x0000017cd409f168@718c7433
[Architectury Transformer DEBUG] Remapping Classes:
[Architectury Transformer DEBUG] net/fabricmc/api/EnvType -> net/minecraftforge/api/distmarker/Dist
[Architectury Transformer DEBUG] net/fabricmc/api/Environment -> net/minecraftforge/api/distmarker/OnlyIn
[Architectury Transformer DEBUG] Found class transformer
[Architectury Transformer DEBUG] Writing mod/syconn/swm/network/packets/clientside/RequestedHologramPacket with maxs=true frames=true
[Architectury Transformer DEBUG] Remapping refmap from intermediary to srg: swm-forge-forge-refmap.json
[Architectury Transformer DEBUG] Transformed mod/syconn/swm/network/packets/clientside/RequestedHologramPacket in 5.152 ms
[Architectury Transformer DEBUG] Transforming from mod/syconn/swm/network/packets/serverside/RequestHologramPacket.class to mod/syconn/swm/network/packets/serverside/RequestHologramPacket.class with 8 transformer(s) on dev.architectury.transformer.handler.TinyRemapperPreparedTransformerHandler
[Architectury Transformer DEBUG] Remapping with 1 mapping provider(s):
[Architectury Transformer DEBUG]  - dev.architectury.transformer.transformers.TransformForgeEnvironment$$Lambda/0x0000017cd409f168@718c7433
[Architectury Transformer DEBUG] Remapping Classes:
[Architectury Transformer DEBUG] net/fabricmc/api/EnvType -> net/minecraftforge/api/distmarker/Dist
[Architectury Transformer DEBUG] net/fabricmc/api/Environment -> net/minecraftforge/api/distmarker/OnlyIn
[Architectury Transformer DEBUG] Found class transformer
[Architectury Transformer DEBUG] Writing mod/syconn/swm/network/packets/serverside/RequestHologramPacket with maxs=true frames=true
[Architectury Transformer DEBUG] Remapping refmap from intermediary to srg: swm-forge-forge-refmap.json
[Architectury Transformer DEBUG] Transformed mod/syconn/swm/network/packets/serverside/RequestHologramPacket in 4.800 ms
[Architectury Transformer DEBUG] Transforming from mod/syconn/swm/network/packets/clientside/NotifyPlayerPacket.class to mod/syconn/swm/network/packets/clientside/NotifyPlayerPacket.class with 8 transformer(s) on dev.architectury.transformer.handler.TinyRemapperPreparedTransformerHandler
[Architectury Transformer DEBUG] Remapping with 1 mapping provider(s):
[Architectury Transformer DEBUG]  - dev.architectury.transformer.transformers.TransformForgeEnvironment$$Lambda/0x0000017cd409f168@718c7433
[Architectury Transformer DEBUG] Remapping Classes:
[Architectury Transformer DEBUG] net/fabricmc/api/EnvType -> net/minecraftforge/api/distmarker/Dist
[Architectury Transformer DEBUG] net/fabricmc/api/Environment -> net/minecraftforge/api/distmarker/OnlyIn
[Architectury Transformer DEBUG] Found class transformer
[Architectury Transformer DEBUG] Writing mod/syconn/swm/network/packets/clientside/NotifyPlayerPacket with maxs=true frames=true
[Architectury Transformer DEBUG] Remapping refmap from intermediary to srg: swm-forge-forge-refmap.json
[Architectury Transformer DEBUG] Transformed mod/syconn/swm/network/packets/clientside/NotifyPlayerPacket in 2.839 ms
[Architectury Transformer DEBUG] Transforming from mod/syconn/swm/features/lightsaber/network/PlayAmbientLightsaberSoundPacket.class to mod/syconn/swm/features/lightsaber/network/PlayAmbientLightsaberSoundPacket.class with 8 transformer(s) on dev.architectury.transformer.handler.TinyRemapperPreparedTransformerHandler
[Architectury Transformer DEBUG] Remapping with 1 mapping provider(s):
[Architectury Transformer DEBUG]  - dev.architectury.transformer.transformers.TransformForgeEnvironment$$Lambda/0x0000017cd409f168@718c7433
[Architectury Transformer DEBUG] Remapping Classes:
[Architectury Transformer DEBUG] net/fabricmc/api/EnvType -> net/minecraftforge/api/distmarker/Dist
[Architectury Transformer DEBUG] net/fabricmc/api/Environment -> net/minecraftforge/api/distmarker/OnlyIn
[Architectury Transformer DEBUG] Found class transformer
[Architectury Transformer DEBUG] Writing mod/syconn/swm/features/lightsaber/network/PlayAmbientLightsaberSoundPacket with maxs=true frames=true
[Architectury Transformer DEBUG] Remapping refmap from intermediary to srg: swm-forge-forge-refmap.json
[Architectury Transformer DEBUG] Transformed mod/syconn/swm/features/lightsaber/network/PlayAmbientLightsaberSoundPacket in 3.215 ms
[Architectury Transformer DEBUG] Transforming from mod/syconn/swm/network/packets/serverside/ToggleEquipmentSlotPacket.class to mod/syconn/swm/network/packets/serverside/ToggleEquipmentSlotPacket.class with 8 transformer(s) on dev.architectury.transformer.handler.TinyRemapperPreparedTransformerHandler
[Architectury Transformer DEBUG] Remapping with 1 mapping provider(s):
[Architectury Transformer DEBUG]  - dev.architectury.transformer.transformers.TransformForgeEnvironment$$Lambda/0x0000017cd409f168@718c7433
[Architectury Transformer DEBUG] Remapping Classes:
[Architectury Transformer DEBUG] net/fabricmc/api/EnvType -> net/minecraftforge/api/distmarker/Dist
[Architectury Transformer DEBUG] net/fabricmc/api/Environment -> net/minecraftforge/api/distmarker/OnlyIn
[Architectury Transformer DEBUG] Found class transformer
[Architectury Transformer DEBUG] Writing mod/syconn/swm/network/packets/serverside/ToggleEquipmentSlotPacket with maxs=true frames=true
[Architectury Transformer DEBUG] Remapping refmap from intermediary to srg: swm-forge-forge-refmap.json
[Architectury Transformer DEBUG] Transformed mod/syconn/swm/network/packets/serverside/ToggleEquipmentSlotPacket in 3.242 ms
[Architectury Transformer DEBUG] Transforming from mod/syconn/swm/utils/interfaces/IEquipmentItem$SWEquipmentSlot.class to mod/syconn/swm/utils/interfaces/IEquipmentItem$SWEquipmentSlot.class with 8 transformer(s) on dev.architectury.transformer.handler.TinyRemapperPreparedTransformerHandler
[Architectury Transformer DEBUG] Remapping with 1 mapping provider(s):
[Architectury Transformer DEBUG]  - dev.architectury.transformer.transformers.TransformForgeEnvironment$$Lambda/0x0000017cd409f168@718c7433
[Architectury Transformer DEBUG] Remapping Classes:
[Architectury Transformer DEBUG] net/fabricmc/api/EnvType -> net/minecraftforge/api/distmarker/Dist
[Architectury Transformer DEBUG] net/fabricmc/api/Environment -> net/minecraftforge/api/distmarker/OnlyIn
[Architectury Transformer DEBUG] Found class transformer
[Architectury Transformer DEBUG] Writing mod/syconn/swm/utils/interfaces/IEquipmentItem$SWEquipmentSlot with maxs=true frames=true
[Architectury Transformer DEBUG] Remapping refmap from intermediary to srg: swm-forge-forge-refmap.json
[Architectury Transformer DEBUG] Transformed mod/syconn/swm/utils/interfaces/IEquipmentItem$SWEquipmentSlot in 2.382 ms
[Architectury Transformer DEBUG] Transforming from mod/syconn/swm/features/addons/LightsaberContent.class to mod/syconn/swm/features/addons/LightsaberContent.class with 8 transformer(s) on dev.architectury.transformer.handler.TinyRemapperPreparedTransformerHandler
[Architectury Transformer DEBUG] Remapping with 1 mapping provider(s):
[Architectury Transformer DEBUG]  - dev.architectury.transformer.transformers.TransformForgeEnvironment$$Lambda/0x0000017cd409f168@718c7433
[Architectury Transformer DEBUG] Remapping Classes:
[Architectury Transformer DEBUG] net/fabricmc/api/EnvType -> net/minecraftforge/api/distmarker/Dist
[Architectury Transformer DEBUG] net/fabricmc/api/Environment -> net/minecraftforge/api/distmarker/OnlyIn
[Architectury Transformer DEBUG] Found class transformer
[Architectury Transformer DEBUG] Writing mod/syconn/swm/features/addons/LightsaberContent with maxs=true frames=true
[Architectury Transformer DEBUG] Remapping refmap from intermediary to srg: swm-forge-forge-refmap.json
[Architectury Transformer DEBUG] Transformed mod/syconn/swm/features/addons/LightsaberContent in 3.053 ms
[Architectury Transformer DEBUG] Transforming from mod/syconn/swm/utils/generic/ColorUtil.class to mod/syconn/swm/utils/generic/ColorUtil.class with 8 transformer(s) on dev.architectury.transformer.handler.TinyRemapperPreparedTransformerHandler
[Architectury Transformer DEBUG] Remapping with 1 mapping provider(s):
[Architectury Transformer DEBUG]  - dev.architectury.transformer.transformers.TransformForgeEnvironment$$Lambda/0x0000017cd409f168@718c7433
[Architectury Transformer DEBUG] Remapping Classes:
[Architectury Transformer DEBUG] net/fabricmc/api/EnvType -> net/minecraftforge/api/distmarker/Dist
[Architectury Transformer DEBUG] net/fabricmc/api/Environment -> net/minecraftforge/api/distmarker/OnlyIn
[Architectury Transformer DEBUG] Found class transformer
[Architectury Transformer DEBUG] Writing mod/syconn/swm/utils/generic/ColorUtil with maxs=true frames=true
[Architectury Transformer DEBUG] Remapping refmap from intermediary to srg: swm-forge-forge-refmap.json
[Architectury Transformer DEBUG] Transformed mod/syconn/swm/utils/generic/ColorUtil in 4.941 ms
[Architectury Transformer DEBUG] Transforming from mod/syconn/swm/utils/server/JsonResourceReloader.class to mod/syconn/swm/utils/server/JsonResourceReloader.class with 8 transformer(s) on dev.architectury.transformer.handler.TinyRemapperPreparedTransformerHandler
[Architectury Transformer DEBUG] Remapping with 1 mapping provider(s):
[Architectury Transformer DEBUG]  - dev.architectury.transformer.transformers.TransformForgeEnvironment$$Lambda/0x0000017cd409f168@718c7433
[Architectury Transformer DEBUG] Remapping Classes:
[Architectury Transformer DEBUG] net/fabricmc/api/EnvType -> net/minecraftforge/api/distmarker/Dist
[Architectury Transformer DEBUG] net/fabricmc/api/Environment -> net/minecraftforge/api/distmarker/OnlyIn
[Architectury Transformer DEBUG] Found class transformer
[Architectury Transformer DEBUG] Writing mod/syconn/swm/utils/server/JsonResourceReloader with maxs=true frames=true
[Architectury Transformer DEBUG] Remapping refmap from intermediary to srg: swm-forge-forge-refmap.json
[Architectury Transformer DEBUG] Transformed mod/syconn/swm/utils/server/JsonResourceReloader in 3.328 ms
[Architectury Transformer DEBUG] Transforming from mod/syconn/swm/utils/server/SyncedResourceManager$ISyncedData.class to mod/syconn/swm/utils/server/SyncedResourceManager$ISyncedData.class with 8 transformer(s) on dev.architectury.transformer.handler.TinyRemapperPreparedTransformerHandler
[Architectury Transformer DEBUG] Remapping with 1 mapping provider(s):
[Architectury Transformer DEBUG]  - dev.architectury.transformer.transformers.TransformForgeEnvironment$$Lambda/0x0000017cd409f168@718c7433
[Architectury Transformer DEBUG] Remapping Classes:
[Architectury Transformer DEBUG] net/fabricmc/api/EnvType -> net/minecraftforge/api/distmarker/Dist
[Architectury Transformer DEBUG] net/fabricmc/api/Environment -> net/minecraftforge/api/distmarker/OnlyIn
[Architectury Transformer DEBUG] Found class transformer
[Architectury Transformer DEBUG] Writing mod/syconn/swm/utils/server/SyncedResourceManager$ISyncedData with maxs=true frames=true
[Architectury Transformer DEBUG] Remapping refmap from intermediary to srg: swm-forge-forge-refmap.json
[Architectury Transformer DEBUG] Transformed mod/syconn/swm/utils/server/SyncedResourceManager$ISyncedData in 2.594 ms
[Architectury Transformer DEBUG] Transforming from mod/syconn/swm/features/lightsaber/data/LightsaberData.class to mod/syconn/swm/features/lightsaber/data/LightsaberData.class with 8 transformer(s) on dev.architectury.transformer.handler.TinyRemapperPreparedTransformerHandler
[Architectury Transformer DEBUG] Remapping with 1 mapping provider(s):
[Architectury Transformer DEBUG]  - dev.architectury.transformer.transformers.TransformForgeEnvironment$$Lambda/0x0000017cd409f168@718c7433
[Architectury Transformer DEBUG] Remapping Classes:
[Architectury Transformer DEBUG] net/fabricmc/api/EnvType -> net/minecraftforge/api/distmarker/Dist
[Architectury Transformer DEBUG] net/fabricmc/api/Environment -> net/minecraftforge/api/distmarker/OnlyIn
[Architectury Transformer DEBUG] Found class transformer
[Architectury Transformer DEBUG] Writing mod/syconn/swm/features/lightsaber/data/LightsaberData with maxs=true frames=true
[Architectury Transformer DEBUG] Remapping refmap from intermediary to srg: swm-forge-forge-refmap.json
[Architectury Transformer DEBUG] Transformed mod/syconn/swm/features/lightsaber/data/LightsaberData in 3.299 ms
[Architectury Transformer DEBUG] Transforming from mod/syconn/swm/utils/interfaces/ISerializable.class to mod/syconn/swm/utils/interfaces/ISerializable.class with 8 transformer(s) on dev.architectury.transformer.handler.TinyRemapperPreparedTransformerHandler
[Architectury Transformer DEBUG] Remapping with 1 mapping provider(s):
[Architectury Transformer DEBUG]  - dev.architectury.transformer.transformers.TransformForgeEnvironment$$Lambda/0x0000017cd409f168@718c7433
[Architectury Transformer DEBUG] Remapping Classes:
[Architectury Transformer DEBUG] net/fabricmc/api/EnvType -> net/minecraftforge/api/distmarker/Dist
[Architectury Transformer DEBUG] net/fabricmc/api/Environment -> net/minecraftforge/api/distmarker/OnlyIn
[Architectury Transformer DEBUG] Found class transformer
[Architectury Transformer DEBUG] Writing mod/syconn/swm/utils/interfaces/ISerializable with maxs=true frames=true
[Architectury Transformer DEBUG] Remapping refmap from intermediary to srg: swm-forge-forge-refmap.json
[Architectury Transformer DEBUG] Transformed mod/syconn/swm/utils/interfaces/ISerializable in 2.838 ms
[Architectury Transformer DEBUG] Transforming from mod/syconn/swm/client/StarWarsClient.class to mod/syconn/swm/client/StarWarsClient.class with 8 transformer(s) on dev.architectury.transformer.handler.TinyRemapperPreparedTransformerHandler
[Architectury Transformer DEBUG] Remapping with 1 mapping provider(s):
[Architectury Transformer DEBUG]  - dev.architectury.transformer.transformers.TransformForgeEnvironment$$Lambda/0x0000017cd409f168@718c7433
[Architectury Transformer DEBUG] Remapping Classes:
[Architectury Transformer DEBUG] net/fabricmc/api/EnvType -> net/minecraftforge/api/distmarker/Dist
[Architectury Transformer DEBUG] net/fabricmc/api/Environment -> net/minecraftforge/api/distmarker/OnlyIn
[Architectury Transformer DEBUG] Found class transformer
[Architectury Transformer DEBUG] Writing mod/syconn/swm/client/StarWarsClient with maxs=true frames=true
[Architectury Transformer DEBUG] Remapping refmap from intermediary to srg: swm-forge-forge-refmap.json
[Architectury Transformer DEBUG] Transformed mod/syconn/swm/client/StarWarsClient in 3.583 ms
[Architectury Transformer DEBUG] Transforming from mod/syconn/swm/utils/interfaces/IModifiedItemRenderer.class to mod/syconn/swm/utils/interfaces/IModifiedItemRenderer.class with 8 transformer(s) on dev.architectury.transformer.handler.TinyRemapperPreparedTransformerHandler
[Architectury Transformer DEBUG] Remapping with 1 mapping provider(s):
[Architectury Transformer DEBUG]  - dev.architectury.transformer.transformers.TransformForgeEnvironment$$Lambda/0x0000017cd409f168@718c7433
[Architectury Transformer DEBUG] Remapping Classes:
[Architectury Transformer DEBUG] net/fabricmc/api/EnvType -> net/minecraftforge/api/distmarker/Dist
[Architectury Transformer DEBUG] net/fabricmc/api/Environment -> net/minecraftforge/api/distmarker/OnlyIn
[Architectury Transformer DEBUG] Found class transformer
[Architectury Transformer DEBUG] Writing mod/syconn/swm/utils/interfaces/IModifiedItemRenderer with maxs=true frames=true
[Architectury Transformer DEBUG] Remapping refmap from intermediary to srg: swm-forge-forge-refmap.json
[Architectury Transformer DEBUG] Transformed mod/syconn/swm/utils/interfaces/IModifiedItemRenderer in 2.475 ms
[Architectury Transformer DEBUG] Transforming from mod/syconn/swm/utils/interfaces/IModifiedPoseRenderer.class to mod/syconn/swm/utils/interfaces/IModifiedPoseRenderer.class with 8 transformer(s) on dev.architectury.transformer.handler.TinyRemapperPreparedTransformerHandler
[Architectury Transformer DEBUG] Remapping with 1 mapping provider(s):
[Architectury Transformer DEBUG]  - dev.architectury.transformer.transformers.TransformForgeEnvironment$$Lambda/0x0000017cd409f168@718c7433
[Architectury Transformer DEBUG] Remapping Classes:
[Architectury Transformer DEBUG] net/fabricmc/api/EnvType -> net/minecraftforge/api/distmarker/Dist
[Architectury Transformer DEBUG] net/fabricmc/api/Environment -> net/minecraftforge/api/distmarker/OnlyIn
[Architectury Transformer DEBUG] Found class transformer
[Architectury Transformer DEBUG] Writing mod/syconn/swm/utils/interfaces/IModifiedPoseRenderer with maxs=true frames=true
[Architectury Transformer DEBUG] Remapping refmap from intermediary to srg: swm-forge-forge-refmap.json
[Architectury Transformer DEBUG] Transformed mod/syconn/swm/utils/interfaces/IModifiedPoseRenderer in 2.482 ms
[Architectury Transformer DEBUG] Transforming from mod/syconn/swm/features/lightsaber/client/item/LightsaberItemRender.class to mod/syconn/swm/features/lightsaber/client/item/LightsaberItemRender.class with 8 transformer(s) on dev.architectury.transformer.handler.TinyRemapperPreparedTransformerHandler
[Architectury Transformer DEBUG] Remapping with 1 mapping provider(s):
[Architectury Transformer DEBUG]  - dev.architectury.transformer.transformers.TransformForgeEnvironment$$Lambda/0x0000017cd409f168@718c7433
[Architectury Transformer DEBUG] Remapping Classes:
[Architectury Transformer DEBUG] net/fabricmc/api/EnvType -> net/minecraftforge/api/distmarker/Dist
[Architectury Transformer DEBUG] net/fabricmc/api/Environment -> net/minecraftforge/api/distmarker/OnlyIn
[Architectury Transformer DEBUG] Found class transformer
[Architectury Transformer DEBUG] Writing mod/syconn/swm/features/lightsaber/client/item/LightsaberItemRender with maxs=true frames=true
[Architectury Transformer DEBUG] Remapping refmap from intermediary to srg: swm-forge-forge-refmap.json
[Architectury Transformer DEBUG] Transformed mod/syconn/swm/features/lightsaber/client/item/LightsaberItemRender in 2.713 ms
[Architectury Transformer DEBUG] Transforming from mod/syconn/swm/client/render/item/HoloProjectorItemRenderer.class to mod/syconn/swm/client/render/item/HoloProjectorItemRenderer.class with 8 transformer(s) on dev.architectury.transformer.handler.TinyRemapperPreparedTransformerHandler
[Architectury Transformer DEBUG] Remapping with 1 mapping provider(s):
[Architectury Transformer DEBUG]  - dev.architectury.transformer.transformers.TransformForgeEnvironment$$Lambda/0x0000017cd409f168@718c7433
[Architectury Transformer DEBUG] Remapping Classes:
[Architectury Transformer DEBUG] net/fabricmc/api/EnvType -> net/minecraftforge/api/distmarker/Dist
[Architectury Transformer DEBUG] net/fabricmc/api/Environment -> net/minecraftforge/api/distmarker/OnlyIn
[Architectury Transformer DEBUG] Found class transformer
[Architectury Transformer DEBUG] Writing mod/syconn/swm/client/render/item/HoloProjectorItemRenderer with maxs=true frames=true
[Architectury Transformer DEBUG] Remapping refmap from intermediary to srg: swm-forge-forge-refmap.json
[Architectury Transformer DEBUG] Transformed mod/syconn/swm/client/render/item/HoloProjectorItemRenderer in 3.636 ms
[Architectury Transformer DEBUG] Transforming from mod/syconn/swm/features/blaster/client/BlasterItemRenderer.class to mod/syconn/swm/features/blaster/client/BlasterItemRenderer.class with 8 transformer(s) on dev.architectury.transformer.handler.TinyRemapperPreparedTransformerHandler
[Architectury Transformer DEBUG] Remapping with 1 mapping provider(s):
[Architectury Transformer DEBUG]  - dev.architectury.transformer.transformers.TransformForgeEnvironment$$Lambda/0x0000017cd409f168@718c7433
[Architectury Transformer DEBUG] Remapping Classes:
[Architectury Transformer DEBUG] net/fabricmc/api/EnvType -> net/minecraftforge/api/distmarker/Dist
[Architectury Transformer DEBUG] net/fabricmc/api/Environment -> net/minecraftforge/api/distmarker/OnlyIn
[Architectury Transformer DEBUG] Found class transformer
[Architectury Transformer DEBUG] Writing mod/syconn/swm/features/blaster/client/BlasterItemRenderer with maxs=true frames=true
[Architectury Transformer DEBUG] Remapping refmap from intermediary to srg: swm-forge-forge-refmap.json
[Architectury Transformer DEBUG] Transformed mod/syconn/swm/features/blaster/client/BlasterItemRenderer in 2.798 ms
[Architectury Transformer DEBUG] Transforming from mod/syconn/swm/core/ModKeys.class to mod/syconn/swm/core/ModKeys.class with 8 transformer(s) on dev.architectury.transformer.handler.TinyRemapperPreparedTransformerHandler
[Architectury Transformer DEBUG] Remapping with 1 mapping provider(s):
[Architectury Transformer DEBUG]  - dev.architectury.transformer.transformers.TransformForgeEnvironment$$Lambda/0x0000017cd409f168@718c7433
[Architectury Transformer DEBUG] Remapping Classes:
[Architectury Transformer DEBUG] net/fabricmc/api/EnvType -> net/minecraftforge/api/distmarker/Dist
[Architectury Transformer DEBUG] net/fabricmc/api/Environment -> net/minecraftforge/api/distmarker/OnlyIn
[Architectury Transformer DEBUG] Found class transformer
[Architectury Transformer DEBUG] Writing mod/syconn/swm/core/ModKeys with maxs=true frames=true
[Architectury Transformer DEBUG] Remapping refmap from intermediary to srg: swm-forge-forge-refmap.json
[Architectury Transformer DEBUG] Transformed mod/syconn/swm/core/ModKeys in 2.225 ms
[Architectury Transformer DEBUG] Transforming from mod/syconn/swm/features/lightsaber/client/entity/ThrownLightsaberRenderer.class to mod/syconn/swm/features/lightsaber/client/entity/ThrownLightsaberRenderer.class with 8 transformer(s) on dev.architectury.transformer.handler.TinyRemapperPreparedTransformerHandler
[Architectury Transformer DEBUG] Remapping with 1 mapping provider(s):
[Architectury Transformer DEBUG]  - dev.architectury.transformer.transformers.TransformForgeEnvironment$$Lambda/0x0000017cd409f168@718c7433
[Architectury Transformer DEBUG] Remapping Classes:
[Architectury Transformer DEBUG] net/fabricmc/api/EnvType -> net/minecraftforge/api/distmarker/Dist
[Architectury Transformer DEBUG] net/fabricmc/api/Environment -> net/minecraftforge/api/distmarker/OnlyIn
[Architectury Transformer DEBUG] Found class transformer
[Architectury Transformer DEBUG] Writing mod/syconn/swm/features/lightsaber/client/entity/ThrownLightsaberRenderer with maxs=true frames=true
[Architectury Transformer DEBUG] Remapping refmap from intermediary to srg: swm-forge-forge-refmap.json
[Architectury Transformer DEBUG] Transformed mod/syconn/swm/features/lightsaber/client/entity/ThrownLightsaberRenderer in 4.587 ms
[Architectury Transformer DEBUG] Transforming from mod/syconn/swm/features/blaster/client/entity/BlasterBoltRenderer.class to mod/syconn/swm/features/blaster/client/entity/BlasterBoltRenderer.class with 8 transformer(s) on dev.architectury.transformer.handler.TinyRemapperPreparedTransformerHandler
[Architectury Transformer DEBUG] Remapping with 1 mapping provider(s):
[Architectury Transformer DEBUG]  - dev.architectury.transformer.transformers.TransformForgeEnvironment$$Lambda/0x0000017cd409f168@718c7433
[Architectury Transformer DEBUG] Remapping Classes:
[Architectury Transformer DEBUG] net/fabricmc/api/EnvType -> net/minecraftforge/api/distmarker/Dist
[Architectury Transformer DEBUG] net/fabricmc/api/Environment -> net/minecraftforge/api/distmarker/OnlyIn
[Architectury Transformer DEBUG] Found class transformer
[Architectury Transformer DEBUG] Writing mod/syconn/swm/features/blaster/client/entity/BlasterBoltRenderer with maxs=true frames=true
[Architectury Transformer DEBUG] Remapping refmap from intermediary to srg: swm-forge-forge-refmap.json
[Architectury Transformer DEBUG] Transformed mod/syconn/swm/features/blaster/client/entity/BlasterBoltRenderer in 3.996 ms
[Architectury Transformer DEBUG] Transforming from mod/syconn/swm/client/ClientHooks.class to mod/syconn/swm/client/ClientHooks.class with 8 transformer(s) on dev.architectury.transformer.handler.TinyRemapperPreparedTransformerHandler
[Architectury Transformer DEBUG] Remapping with 1 mapping provider(s):
[Architectury Transformer DEBUG]  - dev.architectury.transformer.transformers.TransformForgeEnvironment$$Lambda/0x0000017cd409f168@718c7433
[Architectury Transformer DEBUG] Remapping Classes:
[Architectury Transformer DEBUG] net/fabricmc/api/EnvType -> net/minecraftforge/api/distmarker/Dist
[Architectury Transformer DEBUG] net/fabricmc/api/Environment -> net/minecraftforge/api/distmarker/OnlyIn
[Architectury Transformer DEBUG] Found class transformer
[Architectury Transformer DEBUG] Writing mod/syconn/swm/client/ClientHooks with maxs=true frames=true
[Architectury Transformer DEBUG] Remapping refmap from intermediary to srg: swm-forge-forge-refmap.json
[Architectury Transformer DEBUG] Transformed mod/syconn/swm/client/ClientHooks in 7.136 ms
[Architectury Transformer DEBUG] Transforming from mod/syconn/swm/client/screen/HologramScreen.class to mod/syconn/swm/client/screen/HologramScreen.class with 8 transformer(s) on dev.architectury.transformer.handler.TinyRemapperPreparedTransformerHandler
[Architectury Transformer DEBUG] Remapping with 1 mapping provider(s):
[Architectury Transformer DEBUG]  - dev.architectury.transformer.transformers.TransformForgeEnvironment$$Lambda/0x0000017cd409f168@718c7433
[Architectury Transformer DEBUG] Remapping Classes:
[Architectury Transformer DEBUG] net/fabricmc/api/EnvType -> net/minecraftforge/api/distmarker/Dist
[Architectury Transformer DEBUG] net/fabricmc/api/Environment -> net/minecraftforge/api/distmarker/OnlyIn
[Architectury Transformer DEBUG] Found class transformer
[Architectury Transformer DEBUG] Writing mod/syconn/swm/client/screen/HologramScreen with maxs=true frames=true
[Architectury Transformer DEBUG] Remapping refmap from intermediary to srg: swm-forge-forge-refmap.json
[Architectury Transformer DEBUG] Transformed mod/syconn/swm/client/screen/HologramScreen in 4.543 ms
[Architectury Transformer DEBUG] Transforming from mod/syconn/swm/server/StarWarsServer.class to mod/syconn/swm/server/StarWarsServer.class with 8 transformer(s) on dev.architectury.transformer.handler.TinyRemapperPreparedTransformerHandler
[Architectury Transformer DEBUG] Remapping with 1 mapping provider(s):
[Architectury Transformer DEBUG]  - dev.architectury.transformer.transformers.TransformForgeEnvironment$$Lambda/0x0000017cd409f168@718c7433
[Architectury Transformer DEBUG] Remapping Classes:
[Architectury Transformer DEBUG] net/fabricmc/api/EnvType -> net/minecraftforge/api/distmarker/Dist
[Architectury Transformer DEBUG] net/fabricmc/api/Environment -> net/minecraftforge/api/distmarker/OnlyIn
[Architectury Transformer DEBUG] Found class transformer
[Architectury Transformer DEBUG] Writing mod/syconn/swm/server/StarWarsServer with maxs=true frames=true
[Architectury Transformer DEBUG] Remapping refmap from intermediary to srg: swm-forge-forge-refmap.json
[Architectury Transformer DEBUG] Transformed mod/syconn/swm/server/StarWarsServer in 4.415 ms
[Architectury Transformer DEBUG] Transforming from mod/syconn/swm/utils/block/ModBlockStateProperties.class to mod/syconn/swm/utils/block/ModBlockStateProperties.class with 8 transformer(s) on dev.architectury.transformer.handler.TinyRemapperPreparedTransformerHandler
[Architectury Transformer DEBUG] Remapping with 1 mapping provider(s):
[Architectury Transformer DEBUG]  - dev.architectury.transformer.transformers.TransformForgeEnvironment$$Lambda/0x0000017cd409f168@718c7433
[Architectury Transformer DEBUG] Remapping Classes:
[Architectury Transformer DEBUG] net/fabricmc/api/EnvType -> net/minecraftforge/api/distmarker/Dist
[Architectury Transformer DEBUG] net/fabricmc/api/Environment -> net/minecraftforge/api/distmarker/OnlyIn
[Architectury Transformer DEBUG] Found class transformer
[Architectury Transformer DEBUG] Writing mod/syconn/swm/utils/block/ModBlockStateProperties with maxs=true frames=true
[Architectury Transformer DEBUG] Remapping refmap from intermediary to srg: swm-forge-forge-refmap.json
[Architectury Transformer DEBUG] Transformed mod/syconn/swm/utils/block/ModBlockStateProperties in 5.532 ms
[Architectury Transformer DEBUG] Transforming from mod/syconn/swm/utils/block/TwoPart.class to mod/syconn/swm/utils/block/TwoPart.class with 8 transformer(s) on dev.architectury.transformer.handler.TinyRemapperPreparedTransformerHandler
[Architectury Transformer DEBUG] Remapping with 1 mapping provider(s):
[Architectury Transformer DEBUG]  - dev.architectury.transformer.transformers.TransformForgeEnvironment$$Lambda/0x0000017cd409f168@718c7433
[Architectury Transformer DEBUG] Remapping Classes:
[Architectury Transformer DEBUG] net/fabricmc/api/EnvType -> net/minecraftforge/api/distmarker/Dist
[Architectury Transformer DEBUG] net/fabricmc/api/Environment -> net/minecraftforge/api/distmarker/OnlyIn
[Architectury Transformer DEBUG] Found class transformer
[Architectury Transformer DEBUG] Writing mod/syconn/swm/utils/block/TwoPart with maxs=true frames=true
[Architectury Transformer DEBUG] Remapping refmap from intermediary to srg: swm-forge-forge-refmap.json
[Architectury Transformer DEBUG] Transformed mod/syconn/swm/utils/block/TwoPart in 2.775 ms
[Architectury Transformer DEBUG] Transforming from mod/syconn/swm/features/lightsaber/server/menu/LightsaberWorkbenchMenu.class to mod/syconn/swm/features/lightsaber/server/menu/LightsaberWorkbenchMenu.class with 8 transformer(s) on dev.architectury.transformer.handler.TinyRemapperPreparedTransformerHandler
[Architectury Transformer DEBUG] Remapping with 1 mapping provider(s):
[Architectury Transformer DEBUG]  - dev.architectury.transformer.transformers.TransformForgeEnvironment$$Lambda/0x0000017cd409f168@718c7433
[Architectury Transformer DEBUG] Remapping Classes:
[Architectury Transformer DEBUG] net/fabricmc/api/EnvType -> net/minecraftforge/api/distmarker/Dist
[Architectury Transformer DEBUG] net/fabricmc/api/Environment -> net/minecraftforge/api/distmarker/OnlyIn
[Architectury Transformer DEBUG] Found class transformer
[Architectury Transformer DEBUG] Writing mod/syconn/swm/features/lightsaber/server/menu/LightsaberWorkbenchMenu with maxs=true frames=true
[Architectury Transformer DEBUG] Remapping refmap from intermediary to srg: swm-forge-forge-refmap.json
[Architectury Transformer DEBUG] Transformed mod/syconn/swm/features/lightsaber/server/menu/LightsaberWorkbenchMenu in 4.820 ms
[Architectury Transformer DEBUG] Transforming from mod/syconn/swm/server/containers/slot/SpecificSlot.class to mod/syconn/swm/server/containers/slot/SpecificSlot.class with 8 transformer(s) on dev.architectury.transformer.handler.TinyRemapperPreparedTransformerHandler
[Architectury Transformer DEBUG] Remapping with 1 mapping provider(s):
[Architectury Transformer DEBUG]  - dev.architectury.transformer.transformers.TransformForgeEnvironment$$Lambda/0x0000017cd409f168@718c7433
[Architectury Transformer DEBUG] Remapping Classes:
[Architectury Transformer DEBUG] net/fabricmc/api/EnvType -> net/minecraftforge/api/distmarker/Dist
[Architectury Transformer DEBUG] net/fabricmc/api/Environment -> net/minecraftforge/api/distmarker/OnlyIn
[Architectury Transformer DEBUG] Found class transformer
[Architectury Transformer DEBUG] Writing mod/syconn/swm/server/containers/slot/SpecificSlot with maxs=true frames=true
[Architectury Transformer DEBUG] Remapping refmap from intermediary to srg: swm-forge-forge-refmap.json
[Architectury Transformer DEBUG] Transformed mod/syconn/swm/server/containers/slot/SpecificSlot in 3.310 ms
[Architectury Transformer DEBUG] Transforming from mod/syconn/swm/features/lightsaber/server/menu/LightsaberAssemblerMenu.class to mod/syconn/swm/features/lightsaber/server/menu/LightsaberAssemblerMenu.class with 8 transformer(s) on dev.architectury.transformer.handler.TinyRemapperPreparedTransformerHandler
[Architectury Transformer DEBUG] Remapping with 1 mapping provider(s):
[Architectury Transformer DEBUG]  - dev.architectury.transformer.transformers.TransformForgeEnvironment$$Lambda/0x0000017cd409f168@718c7433
[Architectury Transformer DEBUG] Remapping Classes:
[Architectury Transformer DEBUG] net/fabricmc/api/EnvType -> net/minecraftforge/api/distmarker/Dist
[Architectury Transformer DEBUG] net/fabricmc/api/Environment -> net/minecraftforge/api/distmarker/OnlyIn
[Architectury Transformer DEBUG] Found class transformer
[Architectury Transformer DEBUG] Writing mod/syconn/swm/features/lightsaber/server/menu/LightsaberAssemblerMenu with maxs=true frames=true
[Architectury Transformer DEBUG] Remapping refmap from intermediary to srg: swm-forge-forge-refmap.json
[Architectury Transformer DEBUG] Transformed mod/syconn/swm/features/lightsaber/server/menu/LightsaberAssemblerMenu in 4.348 ms
[Architectury Transformer DEBUG] Transforming from mod/syconn/swm/core/ModRecipes$1.class to mod/syconn/swm/core/ModRecipes$1.class with 8 transformer(s) on dev.architectury.transformer.handler.TinyRemapperPreparedTransformerHandler
[Architectury Transformer DEBUG] Remapping with 1 mapping provider(s):
[Architectury Transformer DEBUG]  - dev.architectury.transformer.transformers.TransformForgeEnvironment$$Lambda/0x0000017cd409f168@718c7433
[Architectury Transformer DEBUG] Remapping Classes:
[Architectury Transformer DEBUG] net/fabricmc/api/EnvType -> net/minecraftforge/api/distmarker/Dist
[Architectury Transformer DEBUG] net/fabricmc/api/Environment -> net/minecraftforge/api/distmarker/OnlyIn
[Architectury Transformer DEBUG] Found class transformer
[Architectury Transformer DEBUG] Writing mod/syconn/swm/core/ModRecipes$1 with maxs=true frames=true
[Architectury Transformer DEBUG] Remapping refmap from intermediary to srg: swm-forge-forge-refmap.json
[Architectury Transformer DEBUG] Transformed mod/syconn/swm/core/ModRecipes$1 in 4.464 ms
[Architectury Transformer DEBUG] Transforming from mod/syconn/swm/server/containers/slot/EquipmentItemSlot.class to mod/syconn/swm/server/containers/slot/EquipmentItemSlot.class with 8 transformer(s) on dev.architectury.transformer.handler.TinyRemapperPreparedTransformerHandler
[Architectury Transformer DEBUG] Remapping with 1 mapping provider(s):
[Architectury Transformer DEBUG]  - dev.architectury.transformer.transformers.TransformForgeEnvironment$$Lambda/0x0000017cd409f168@718c7433
[Architectury Transformer DEBUG] Remapping Classes:
[Architectury Transformer DEBUG] net/fabricmc/api/EnvType -> net/minecraftforge/api/distmarker/Dist
[Architectury Transformer DEBUG] net/fabricmc/api/Environment -> net/minecraftforge/api/distmarker/OnlyIn
[Architectury Transformer DEBUG] Found class transformer
[Architectury Transformer DEBUG] Writing mod/syconn/swm/server/containers/slot/EquipmentItemSlot with maxs=true frames=true
[Architectury Transformer DEBUG] Remapping refmap from intermediary to srg: swm-forge-forge-refmap.json
[Architectury Transformer DEBUG] Transformed mod/syconn/swm/server/containers/slot/EquipmentItemSlot in 4.612 ms
[Architectury Transformer DEBUG] Transforming from mod/syconn/swm/utils/server/SyncedResourceManager.class to mod/syconn/swm/utils/server/SyncedResourceManager.class with 8 transformer(s) on dev.architectury.transformer.handler.TinyRemapperPreparedTransformerHandler
[Architectury Transformer DEBUG] Remapping with 1 mapping provider(s):
[Architectury Transformer DEBUG]  - dev.architectury.transformer.transformers.TransformForgeEnvironment$$Lambda/0x0000017cd409f168@718c7433
[Architectury Transformer DEBUG] Remapping Classes:
[Architectury Transformer DEBUG] net/fabricmc/api/EnvType -> net/minecraftforge/api/distmarker/Dist
[Architectury Transformer DEBUG] net/fabricmc/api/Environment -> net/minecraftforge/api/distmarker/OnlyIn
[Architectury Transformer DEBUG] Found class transformer
[Architectury Transformer DEBUG] Writing mod/syconn/swm/utils/server/SyncedResourceManager with maxs=true frames=true
[Architectury Transformer DEBUG] Remapping refmap from intermediary to srg: swm-forge-forge-refmap.json
[Architectury Transformer DEBUG] Transformed mod/syconn/swm/utils/server/SyncedResourceManager in 48.12 ms
[Architectury Transformer DEBUG] Transforming from mod/syconn/swm/features/lightsaber/client/entity/LightsaberWorkbenchRenderer.class to mod/syconn/swm/features/lightsaber/client/entity/LightsaberWorkbenchRenderer.class with 8 transformer(s) on dev.architectury.transformer.handler.TinyRemapperPreparedTransformerHandler
[Architectury Transformer DEBUG] Remapping with 1 mapping provider(s):
[Architectury Transformer DEBUG]  - dev.architectury.transformer.transformers.TransformForgeEnvironment$$Lambda/0x0000017cd409f168@718c7433
[Architectury Transformer DEBUG] Remapping Classes:
[Architectury Transformer DEBUG] net/fabricmc/api/EnvType -> net/minecraftforge/api/distmarker/Dist
[Architectury Transformer DEBUG] net/fabricmc/api/Environment -> net/minecraftforge/api/distmarker/OnlyIn
[Architectury Transformer DEBUG] Found class transformer
[Architectury Transformer DEBUG] Writing mod/syconn/swm/features/lightsaber/client/entity/LightsaberWorkbenchRenderer with maxs=true frames=true
[Architectury Transformer DEBUG] Remapping refmap from intermediary to srg: swm-forge-forge-refmap.json
[Architectury Transformer DEBUG] Transformed mod/syconn/swm/features/lightsaber/client/entity/LightsaberWorkbenchRenderer in 5.977 ms
[Architectury Transformer DEBUG] Transforming from mod/syconn/swm/client/render/block/HoloProjectorBlockEntityRenderer.class to mod/syconn/swm/client/render/block/HoloProjectorBlockEntityRenderer.class with 8 transformer(s) on dev.architectury.transformer.handler.TinyRemapperPreparedTransformerHandler
[Architectury Transformer DEBUG] Remapping with 1 mapping provider(s):
[Architectury Transformer DEBUG]  - dev.architectury.transformer.transformers.TransformForgeEnvironment$$Lambda/0x0000017cd409f168@718c7433
[Architectury Transformer DEBUG] Remapping Classes:
[Architectury Transformer DEBUG] net/fabricmc/api/EnvType -> net/minecraftforge/api/distmarker/Dist
[Architectury Transformer DEBUG] net/fabricmc/api/Environment -> net/minecraftforge/api/distmarker/OnlyIn
[Architectury Transformer DEBUG] Found class transformer
[Architectury Transformer DEBUG] Writing mod/syconn/swm/client/render/block/HoloProjectorBlockEntityRenderer with maxs=true frames=true
[Architectury Transformer DEBUG] Remapping refmap from intermediary to srg: swm-forge-forge-refmap.json
[Architectury Transformer DEBUG] Transformed mod/syconn/swm/client/render/block/HoloProjectorBlockEntityRenderer in 7.954 ms
[Architectury Transformer DEBUG] Transforming from mod/syconn/swm/features/lightsaber/client/screen/LightsaberWorkbenchScreen.class to mod/syconn/swm/features/lightsaber/client/screen/LightsaberWorkbenchScreen.class with 8 transformer(s) on dev.architectury.transformer.handler.TinyRemapperPreparedTransformerHandler
[Architectury Transformer DEBUG] Remapping with 1 mapping provider(s):
[Architectury Transformer DEBUG]  - dev.architectury.transformer.transformers.TransformForgeEnvironment$$Lambda/0x0000017cd409f168@718c7433
[Architectury Transformer DEBUG] Remapping Classes:
[Architectury Transformer DEBUG] net/fabricmc/api/EnvType -> net/minecraftforge/api/distmarker/Dist
[Architectury Transformer DEBUG] net/fabricmc/api/Environment -> net/minecraftforge/api/distmarker/OnlyIn
[Architectury Transformer DEBUG] Found class transformer
[Architectury Transformer DEBUG] Writing mod/syconn/swm/features/lightsaber/client/screen/LightsaberWorkbenchScreen with maxs=true frames=true
[Architectury Transformer DEBUG] Remapping refmap from intermediary to srg: swm-forge-forge-refmap.json
[Architectury Transformer DEBUG] Transformed mod/syconn/swm/features/lightsaber/client/screen/LightsaberWorkbenchScreen in 5.733 ms
[Architectury Transformer DEBUG] Transforming from mod/syconn/swm/features/lightsaber/client/screen/LightsaberAssemblerScreen.class to mod/syconn/swm/features/lightsaber/client/screen/LightsaberAssemblerScreen.class with 8 transformer(s) on dev.architectury.transformer.handler.TinyRemapperPreparedTransformerHandler
[Architectury Transformer DEBUG] Remapping with 1 mapping provider(s):
[Architectury Transformer DEBUG]  - dev.architectury.transformer.transformers.TransformForgeEnvironment$$Lambda/0x0000017cd409f168@718c7433
[Architectury Transformer DEBUG] Remapping Classes:
[Architectury Transformer DEBUG] net/fabricmc/api/EnvType -> net/minecraftforge/api/distmarker/Dist
[Architectury Transformer DEBUG] net/fabricmc/api/Environment -> net/minecraftforge/api/distmarker/OnlyIn
[Architectury Transformer DEBUG] Found class transformer
[Architectury Transformer DEBUG] Writing mod/syconn/swm/features/lightsaber/client/screen/LightsaberAssemblerScreen with maxs=true frames=true
[Architectury Transformer DEBUG] Remapping refmap from intermediary to srg: swm-forge-forge-refmap.json
[Architectury Transformer DEBUG] Transformed mod/syconn/swm/features/lightsaber/client/screen/LightsaberAssemblerScreen in 7.443 ms
[Architectury Transformer DEBUG] Transforming from mod/syconn/swm/utils/server/StackedIngredient.class to mod/syconn/swm/utils/server/StackedIngredient.class with 8 transformer(s) on dev.architectury.transformer.handler.TinyRemapperPreparedTransformerHandler
[Architectury Transformer DEBUG] Remapping with 1 mapping provider(s):
[Architectury Transformer DEBUG]  - dev.architectury.transformer.transformers.TransformForgeEnvironment$$Lambda/0x0000017cd409f168@718c7433
[Architectury Transformer DEBUG] Remapping Classes:
[Architectury Transformer DEBUG] net/fabricmc/api/EnvType -> net/minecraftforge/api/distmarker/Dist
[Architectury Transformer DEBUG] net/fabricmc/api/Environment -> net/minecraftforge/api/distmarker/OnlyIn
[Architectury Transformer DEBUG] Found class transformer
[Architectury Transformer DEBUG] Writing mod/syconn/swm/utils/server/StackedIngredient with maxs=true frames=true
[Architectury Transformer DEBUG] Remapping refmap from intermediary to srg: swm-forge-forge-refmap.json
[Architectury Transformer DEBUG] Transformed mod/syconn/swm/utils/server/StackedIngredient in 7.855 ms
[Architectury Transformer DEBUG] Transforming from mod/syconn/swm/utils/generic/JsonUtil.class to mod/syconn/swm/utils/generic/JsonUtil.class with 8 transformer(s) on dev.architectury.transformer.handler.TinyRemapperPreparedTransformerHandler
[Architectury Transformer DEBUG] Remapping with 1 mapping provider(s):
[Architectury Transformer DEBUG]  - dev.architectury.transformer.transformers.TransformForgeEnvironment$$Lambda/0x0000017cd409f168@718c7433
[Architectury Transformer DEBUG] Remapping Classes:
[Architectury Transformer DEBUG] net/fabricmc/api/EnvType -> net/minecraftforge/api/distmarker/Dist
[Architectury Transformer DEBUG] net/fabricmc/api/Environment -> net/minecraftforge/api/distmarker/OnlyIn
[Architectury Transformer DEBUG] Found class transformer
[Architectury Transformer DEBUG] Writing mod/syconn/swm/utils/generic/JsonUtil with maxs=true frames=true
[Architectury Transformer DEBUG] Remapping refmap from intermediary to srg: swm-forge-forge-refmap.json
[Architectury Transformer DEBUG] Transformed mod/syconn/swm/utils/generic/JsonUtil in 3.291 ms
[Architectury Transformer DEBUG] Transforming from mod/syconn/swm/server/recipes/LightsaberRecipe.class to mod/syconn/swm/server/recipes/LightsaberRecipe.class with 8 transformer(s) on dev.architectury.transformer.handler.TinyRemapperPreparedTransformerHandler
[Architectury Transformer DEBUG] Remapping with 1 mapping provider(s):
[Architectury Transformer DEBUG]  - dev.architectury.transformer.transformers.TransformForgeEnvironment$$Lambda/0x0000017cd409f168@718c7433
[Architectury Transformer DEBUG] Remapping Classes:
[Architectury Transformer DEBUG] net/fabricmc/api/EnvType -> net/minecraftforge/api/distmarker/Dist
[Architectury Transformer DEBUG] net/fabricmc/api/Environment -> net/minecraftforge/api/distmarker/OnlyIn
[Architectury Transformer DEBUG] Found class transformer
[Architectury Transformer DEBUG] Writing mod/syconn/swm/server/recipes/LightsaberRecipe with maxs=true frames=true
[Architectury Transformer DEBUG] Remapping refmap from intermediary to srg: swm-forge-forge-refmap.json
[Architectury Transformer DEBUG] Transformed mod/syconn/swm/server/recipes/LightsaberRecipe in 3.277 ms
[Architectury Transformer DEBUG] Transforming from mod/syconn/swm/utils/client/NodeVec3.class to mod/syconn/swm/utils/client/NodeVec3.class with 8 transformer(s) on dev.architectury.transformer.handler.TinyRemapperPreparedTransformerHandler
[Architectury Transformer DEBUG] Remapping with 1 mapping provider(s):
[Architectury Transformer DEBUG]  - dev.architectury.transformer.transformers.TransformForgeEnvironment$$Lambda/0x0000017cd409f168@718c7433
[Architectury Transformer DEBUG] Remapping Classes:
[Architectury Transformer DEBUG] net/fabricmc/api/EnvType -> net/minecraftforge/api/distmarker/Dist
[Architectury Transformer DEBUG] net/fabricmc/api/Environment -> net/minecraftforge/api/distmarker/OnlyIn
[Architectury Transformer DEBUG] Found class transformer
[Architectury Transformer DEBUG] Writing mod/syconn/swm/utils/client/NodeVec3 with maxs=true frames=true
[Architectury Transformer DEBUG] Remapping refmap from intermediary to srg: swm-forge-forge-refmap.json
[Architectury Transformer DEBUG] Transformed mod/syconn/swm/utils/client/NodeVec3 in 4.794 ms
[Architectury Transformer DEBUG] Transforming from mod/syconn/swm/server/savedata/HologramNetwork.class to mod/syconn/swm/server/savedata/HologramNetwork.class with 8 transformer(s) on dev.architectury.transformer.handler.TinyRemapperPreparedTransformerHandler
[Architectury Transformer DEBUG] Remapping with 1 mapping provider(s):
[Architectury Transformer DEBUG]  - dev.architectury.transformer.transformers.TransformForgeEnvironment$$Lambda/0x0000017cd409f168@718c7433
[Architectury Transformer DEBUG] Remapping Classes:
[Architectury Transformer DEBUG] net/fabricmc/api/EnvType -> net/minecraftforge/api/distmarker/Dist
[Architectury Transformer DEBUG] net/fabricmc/api/Environment -> net/minecraftforge/api/distmarker/OnlyIn
[Architectury Transformer DEBUG] Found class transformer
[Architectury Transformer DEBUG] Writing mod/syconn/swm/server/savedata/HologramNetwork with maxs=true frames=true
[Architectury Transformer DEBUG] Remapping refmap from intermediary to srg: swm-forge-forge-refmap.json
[Architectury Transformer DEBUG] Transformed mod/syconn/swm/server/savedata/HologramNetwork in 6.502 ms
[Architectury Transformer DEBUG] Transforming from mod/syconn/swm/server/savedata/HologramNetwork$Call.class to mod/syconn/swm/server/savedata/HologramNetwork$Call.class with 8 transformer(s) on dev.architectury.transformer.handler.TinyRemapperPreparedTransformerHandler
[Architectury Transformer DEBUG] Remapping with 1 mapping provider(s):
[Architectury Transformer DEBUG]  - dev.architectury.transformer.transformers.TransformForgeEnvironment$$Lambda/0x0000017cd409f168@718c7433
[Architectury Transformer DEBUG] Remapping Classes:
[Architectury Transformer DEBUG] net/fabricmc/api/EnvType -> net/minecraftforge/api/distmarker/Dist
[Architectury Transformer DEBUG] net/fabricmc/api/Environment -> net/minecraftforge/api/distmarker/OnlyIn
[Architectury Transformer DEBUG] Found class transformer
[Architectury Transformer DEBUG] Writing mod/syconn/swm/server/savedata/HologramNetwork$Call with maxs=true frames=true
[Architectury Transformer DEBUG] Remapping refmap from intermediary to srg: swm-forge-forge-refmap.json
[Architectury Transformer DEBUG] Transformed mod/syconn/swm/server/savedata/HologramNetwork$Call in 2.876 ms
[Architectury Transformer DEBUG] Transforming from mod/syconn/swm/server/data/SWGear.class to mod/syconn/swm/server/data/SWGear.class with 8 transformer(s) on dev.architectury.transformer.handler.TinyRemapperPreparedTransformerHandler
[Architectury Transformer DEBUG] Remapping with 1 mapping provider(s):
[Architectury Transformer DEBUG]  - dev.architectury.transformer.transformers.TransformForgeEnvironment$$Lambda/0x0000017cd409f168@718c7433
[Architectury Transformer DEBUG] Remapping Classes:
[Architectury Transformer DEBUG] net/fabricmc/api/EnvType -> net/minecraftforge/api/distmarker/Dist
[Architectury Transformer DEBUG] net/fabricmc/api/Environment -> net/minecraftforge/api/distmarker/OnlyIn
[Architectury Transformer DEBUG] Found class transformer
[Architectury Transformer DEBUG] Writing mod/syconn/swm/server/data/SWGear with maxs=true frames=true
[Architectury Transformer DEBUG] Remapping refmap from intermediary to srg: swm-forge-forge-refmap.json
[Architectury Transformer DEBUG] Transformed mod/syconn/swm/server/data/SWGear in 3.628 ms
[Architectury Transformer DEBUG] Transforming from mod/syconn/swm/utils/generic/NBTUtil.class to mod/syconn/swm/utils/generic/NBTUtil.class with 8 transformer(s) on dev.architectury.transformer.handler.TinyRemapperPreparedTransformerHandler
[Architectury Transformer DEBUG] Remapping with 1 mapping provider(s):
[Architectury Transformer DEBUG]  - dev.architectury.transformer.transformers.TransformForgeEnvironment$$Lambda/0x0000017cd409f168@718c7433
[Architectury Transformer DEBUG] Remapping Classes:
[Architectury Transformer DEBUG] net/fabricmc/api/EnvType -> net/minecraftforge/api/distmarker/Dist
[Architectury Transformer DEBUG] net/fabricmc/api/Environment -> net/minecraftforge/api/distmarker/OnlyIn
[Architectury Transformer DEBUG] Found class transformer
[Architectury Transformer DEBUG] Writing mod/syconn/swm/utils/generic/NBTUtil with maxs=true frames=true
[Architectury Transformer DEBUG] Remapping refmap from intermediary to srg: swm-forge-forge-refmap.json
[Architectury Transformer DEBUG] Transformed mod/syconn/swm/utils/generic/NBTUtil in 5.173 ms
[Architectury Transformer DEBUG] Transforming from mod/syconn/swm/client/render/entity/PlasmaRenderer.class to mod/syconn/swm/client/render/entity/PlasmaRenderer.class with 8 transformer(s) on dev.architectury.transformer.handler.TinyRemapperPreparedTransformerHandler
[Architectury Transformer DEBUG] Remapping with 1 mapping provider(s):
[Architectury Transformer DEBUG]  - dev.architectury.transformer.transformers.TransformForgeEnvironment$$Lambda/0x0000017cd409f168@718c7433
[Architectury Transformer DEBUG] Remapping Classes:
[Architectury Transformer DEBUG] net/fabricmc/api/EnvType -> net/minecraftforge/api/distmarker/Dist
[Architectury Transformer DEBUG] net/fabricmc/api/Environment -> net/minecraftforge/api/distmarker/OnlyIn
[Architectury Transformer DEBUG] Found class transformer
[Architectury Transformer DEBUG] Writing mod/syconn/swm/client/render/entity/PlasmaRenderer with maxs=true frames=true
[Architectury Transformer DEBUG] Remapping refmap from intermediary to srg: swm-forge-forge-refmap.json
[Architectury Transformer DEBUG] Transformed mod/syconn/swm/client/render/entity/PlasmaRenderer in 13.28 ms
[Architectury Transformer DEBUG] Transforming from mod/syconn/swm/features/lightsaber/data/LightsaberTag.class to mod/syconn/swm/features/lightsaber/data/LightsaberTag.class with 8 transformer(s) on dev.architectury.transformer.handler.TinyRemapperPreparedTransformerHandler
[Architectury Transformer DEBUG] Remapping with 1 mapping provider(s):
[Architectury Transformer DEBUG]  - dev.architectury.transformer.transformers.TransformForgeEnvironment$$Lambda/0x0000017cd409f168@718c7433
[Architectury Transformer DEBUG] Remapping Classes:
[Architectury Transformer DEBUG] net/fabricmc/api/EnvType -> net/minecraftforge/api/distmarker/Dist
[Architectury Transformer DEBUG] net/fabricmc/api/Environment -> net/minecraftforge/api/distmarker/OnlyIn
[Architectury Transformer DEBUG] Found class transformer
[Architectury Transformer DEBUG] Writing mod/syconn/swm/features/lightsaber/data/LightsaberTag with maxs=true frames=true
[Architectury Transformer DEBUG] Remapping refmap from intermediary to srg: swm-forge-forge-refmap.json
[Architectury Transformer DEBUG] Transformed mod/syconn/swm/features/lightsaber/data/LightsaberTag in 14.52 ms
[Architectury Transformer DEBUG] Transforming from mod/syconn/swm/client/keys/KeyHandler.class to mod/syconn/swm/client/keys/KeyHandler.class with 8 transformer(s) on dev.architectury.transformer.handler.TinyRemapperPreparedTransformerHandler
[Architectury Transformer DEBUG] Remapping with 1 mapping provider(s):
[Architectury Transformer DEBUG]  - dev.architectury.transformer.transformers.TransformForgeEnvironment$$Lambda/0x0000017cd409f168@718c7433
[Architectury Transformer DEBUG] Remapping Classes:
[Architectury Transformer DEBUG] net/fabricmc/api/EnvType -> net/minecraftforge/api/distmarker/Dist
[Architectury Transformer DEBUG] net/fabricmc/api/Environment -> net/minecraftforge/api/distmarker/OnlyIn
[Architectury Transformer DEBUG] Found class transformer
[Architectury Transformer DEBUG] Writing mod/syconn/swm/client/keys/KeyHandler with maxs=true frames=true
[Architectury Transformer DEBUG] Remapping refmap from intermediary to srg: swm-forge-forge-refmap.json
[Architectury Transformer DEBUG] Transformed mod/syconn/swm/client/keys/KeyHandler in 4.503 ms
[Architectury Transformer DEBUG] Transforming from mod/syconn/swm/utils/generic/RenderUtil.class to mod/syconn/swm/utils/generic/RenderUtil.class with 8 transformer(s) on dev.architectury.transformer.handler.TinyRemapperPreparedTransformerHandler
[Architectury Transformer DEBUG] Remapping with 1 mapping provider(s):
[Architectury Transformer DEBUG]  - dev.architectury.transformer.transformers.TransformForgeEnvironment$$Lambda/0x0000017cd409f168@718c7433
[Architectury Transformer DEBUG] Remapping Classes:
[Architectury Transformer DEBUG] net/fabricmc/api/EnvType -> net/minecraftforge/api/distmarker/Dist
[Architectury Transformer DEBUG] net/fabricmc/api/Environment -> net/minecraftforge/api/distmarker/OnlyIn
[Architectury Transformer DEBUG] Found class transformer
[Architectury Transformer DEBUG] Writing mod/syconn/swm/utils/generic/RenderUtil with maxs=true frames=true
[Architectury Transformer DEBUG] Remapping refmap from intermediary to srg: swm-forge-forge-refmap.json
[Architectury Transformer DEBUG] Transformed mod/syconn/swm/utils/generic/RenderUtil in 3.660 ms
[Architectury Transformer DEBUG] Transforming from mod/syconn/swm/utils/client/PlasmaBuffer.class to mod/syconn/swm/utils/client/PlasmaBuffer.class with 8 transformer(s) on dev.architectury.transformer.handler.TinyRemapperPreparedTransformerHandler
[Architectury Transformer DEBUG] Remapping with 1 mapping provider(s):
[Architectury Transformer DEBUG]  - dev.architectury.transformer.transformers.TransformForgeEnvironment$$Lambda/0x0000017cd409f168@718c7433
[Architectury Transformer DEBUG] Remapping Classes:
[Architectury Transformer DEBUG] net/fabricmc/api/EnvType -> net/minecraftforge/api/distmarker/Dist
[Architectury Transformer DEBUG] net/fabricmc/api/Environment -> net/minecraftforge/api/distmarker/OnlyIn
[Architectury Transformer DEBUG] Found class transformer
[Architectury Transformer DEBUG] Writing mod/syconn/swm/utils/client/PlasmaBuffer with maxs=true frames=true
[Architectury Transformer DEBUG] Remapping refmap from intermediary to srg: swm-forge-forge-refmap.json
[Architectury Transformer DEBUG] Transformed mod/syconn/swm/utils/client/PlasmaBuffer in 3.120 ms
[Architectury Transformer DEBUG] Transforming from mod/syconn/swm/utils/generic/MathUtil.class to mod/syconn/swm/utils/generic/MathUtil.class with 8 transformer(s) on dev.architectury.transformer.handler.TinyRemapperPreparedTransformerHandler
[Architectury Transformer DEBUG] Remapping with 1 mapping provider(s):
[Architectury Transformer DEBUG]  - dev.architectury.transformer.transformers.TransformForgeEnvironment$$Lambda/0x0000017cd409f168@718c7433
[Architectury Transformer DEBUG] Remapping Classes:
[Architectury Transformer DEBUG] net/fabricmc/api/EnvType -> net/minecraftforge/api/distmarker/Dist
[Architectury Transformer DEBUG] net/fabricmc/api/Environment -> net/minecraftforge/api/distmarker/OnlyIn
[Architectury Transformer DEBUG] Found class transformer
[Architectury Transformer DEBUG] Writing mod/syconn/swm/utils/generic/MathUtil with maxs=true frames=true
[Architectury Transformer DEBUG] Remapping refmap from intermediary to srg: swm-forge-forge-refmap.json
[Architectury Transformer DEBUG] Transformed mod/syconn/swm/utils/generic/MathUtil in 2.533 ms
[Architectury Transformer DEBUG] Transforming from mod/syconn/swm/utils/generic/AnimationUtil.class to mod/syconn/swm/utils/generic/AnimationUtil.class with 8 transformer(s) on dev.architectury.transformer.handler.TinyRemapperPreparedTransformerHandler
[Architectury Transformer DEBUG] Remapping with 1 mapping provider(s):
[Architectury Transformer DEBUG]  - dev.architectury.transformer.transformers.TransformForgeEnvironment$$Lambda/0x0000017cd409f168@718c7433
[Architectury Transformer DEBUG] Remapping Classes:
[Architectury Transformer DEBUG] net/fabricmc/api/EnvType -> net/minecraftforge/api/distmarker/Dist
[Architectury Transformer DEBUG] net/fabricmc/api/Environment -> net/minecraftforge/api/distmarker/OnlyIn
[Architectury Transformer DEBUG] Found class transformer
[Architectury Transformer DEBUG] Writing mod/syconn/swm/utils/generic/AnimationUtil with maxs=true frames=true
[Architectury Transformer DEBUG] Remapping refmap from intermediary to srg: swm-forge-forge-refmap.json
[Architectury Transformer DEBUG] Transformed mod/syconn/swm/utils/generic/AnimationUtil in 2.083 ms
[Architectury Transformer DEBUG] Transforming from mod/syconn/swm/utils/generic/ItemStackUtil.class to mod/syconn/swm/utils/generic/ItemStackUtil.class with 8 transformer(s) on dev.architectury.transformer.handler.TinyRemapperPreparedTransformerHandler
[Architectury Transformer DEBUG] Remapping with 1 mapping provider(s):
[Architectury Transformer DEBUG]  - dev.architectury.transformer.transformers.TransformForgeEnvironment$$Lambda/0x0000017cd409f168@718c7433
[Architectury Transformer DEBUG] Remapping Classes:
[Architectury Transformer DEBUG] net/fabricmc/api/EnvType -> net/minecraftforge/api/distmarker/Dist
[Architectury Transformer DEBUG] net/fabricmc/api/Environment -> net/minecraftforge/api/distmarker/OnlyIn
[Architectury Transformer DEBUG] Found class transformer
[Architectury Transformer DEBUG] Writing mod/syconn/swm/utils/generic/ItemStackUtil with maxs=true frames=true
[Architectury Transformer DEBUG] Remapping refmap from intermediary to srg: swm-forge-forge-refmap.json
[Architectury Transformer DEBUG] Transformed mod/syconn/swm/utils/generic/ItemStackUtil in 2.986 ms
[Architectury Transformer DEBUG] Transforming from mod/syconn/swm/features/lightsaber/sound/LightsaberAudio.class to mod/syconn/swm/features/lightsaber/sound/LightsaberAudio.class with 8 transformer(s) on dev.architectury.transformer.handler.TinyRemapperPreparedTransformerHandler
[Architectury Transformer DEBUG] Remapping with 1 mapping provider(s):
[Architectury Transformer DEBUG]  - dev.architectury.transformer.transformers.TransformForgeEnvironment$$Lambda/0x0000017cd409f168@718c7433
[Architectury Transformer DEBUG] Remapping Classes:
[Architectury Transformer DEBUG] net/fabricmc/api/EnvType -> net/minecraftforge/api/distmarker/Dist
[Architectury Transformer DEBUG] net/fabricmc/api/Environment -> net/minecraftforge/api/distmarker/OnlyIn
[Architectury Transformer DEBUG] Found class transformer
[Architectury Transformer DEBUG] Writing mod/syconn/swm/features/lightsaber/sound/LightsaberAudio with maxs=true frames=true
[Architectury Transformer DEBUG] Remapping refmap from intermediary to srg: swm-forge-forge-refmap.json
[Architectury Transformer DEBUG] Transformed mod/syconn/swm/features/lightsaber/sound/LightsaberAudio in 3.098 ms
[Architectury Transformer DEBUG] Transforming from mod/syconn/swm/features/lightsaber/sound/LightsaberAmbientSoundInstance.class to mod/syconn/swm/features/lightsaber/sound/LightsaberAmbientSoundInstance.class with 8 transformer(s) on dev.architectury.transformer.handler.TinyRemapperPreparedTransformerHandler
[Architectury Transformer DEBUG] Remapping with 1 mapping provider(s):
[Architectury Transformer DEBUG]  - dev.architectury.transformer.transformers.TransformForgeEnvironment$$Lambda/0x0000017cd409f168@718c7433
[Architectury Transformer DEBUG] Remapping Classes:
[Architectury Transformer DEBUG] net/fabricmc/api/EnvType -> net/minecraftforge/api/distmarker/Dist
[Architectury Transformer DEBUG] net/fabricmc/api/Environment -> net/minecraftforge/api/distmarker/OnlyIn
[Architectury Transformer DEBUG] Found class transformer
[Architectury Transformer DEBUG] Writing mod/syconn/swm/features/lightsaber/sound/LightsaberAmbientSoundInstance with maxs=true frames=true
[Architectury Transformer DEBUG] Remapping refmap from intermediary to srg: swm-forge-forge-refmap.json
[Architectury Transformer DEBUG] Transformed mod/syconn/swm/features/lightsaber/sound/LightsaberAmbientSoundInstance in 2.023 ms
[Architectury Transformer DEBUG] Transforming from mod/syconn/swm/utils/client/HologramData$HologramTag.class to mod/syconn/swm/utils/client/HologramData$HologramTag.class with 8 transformer(s) on dev.architectury.transformer.handler.TinyRemapperPreparedTransformerHandler
[Architectury Transformer DEBUG] Remapping with 1 mapping provider(s):
[Architectury Transformer DEBUG]  - dev.architectury.transformer.transformers.TransformForgeEnvironment$$Lambda/0x0000017cd409f168@718c7433
[Architectury Transformer DEBUG] Remapping Classes:
[Architectury Transformer DEBUG] net/fabricmc/api/EnvType -> net/minecraftforge/api/distmarker/Dist
[Architectury Transformer DEBUG] net/fabricmc/api/Environment -> net/minecraftforge/api/distmarker/OnlyIn
[Architectury Transformer DEBUG] Found class transformer
[Architectury Transformer DEBUG] Writing mod/syconn/swm/utils/client/HologramData$HologramTag with maxs=true frames=true
[Architectury Transformer DEBUG] Remapping refmap from intermediary to srg: swm-forge-forge-refmap.json
[Architectury Transformer DEBUG] Transformed mod/syconn/swm/utils/client/HologramData$HologramTag in 4.179 ms
[Architectury Transformer DEBUG] Transforming from mod/syconn/swm/utils/generic/ModelUtil.class to mod/syconn/swm/utils/generic/ModelUtil.class with 8 transformer(s) on dev.architectury.transformer.handler.TinyRemapperPreparedTransformerHandler
[Architectury Transformer DEBUG] Remapping with 1 mapping provider(s):
[Architectury Transformer DEBUG]  - dev.architectury.transformer.transformers.TransformForgeEnvironment$$Lambda/0x0000017cd409f168@718c7433
[Architectury Transformer DEBUG] Remapping Classes:
[Architectury Transformer DEBUG] net/fabricmc/api/EnvType -> net/minecraftforge/api/distmarker/Dist
[Architectury Transformer DEBUG] net/fabricmc/api/Environment -> net/minecraftforge/api/distmarker/OnlyIn
[Architectury Transformer DEBUG] Found class transformer
[Architectury Transformer DEBUG] Writing mod/syconn/swm/utils/generic/ModelUtil with maxs=true frames=true
[Architectury Transformer DEBUG] Remapping refmap from intermediary to srg: swm-forge-forge-refmap.json
[Architectury Transformer DEBUG] Transformed mod/syconn/swm/utils/generic/ModelUtil in 3.429 ms
[Architectury Transformer DEBUG] Transforming from mod/syconn/swm/features/blaster/item/BlasterItem.class to mod/syconn/swm/features/blaster/item/BlasterItem.class with 8 transformer(s) on dev.architectury.transformer.handler.TinyRemapperPreparedTransformerHandler
[Architectury Transformer DEBUG] Remapping with 1 mapping provider(s):
[Architectury Transformer DEBUG]  - dev.architectury.transformer.transformers.TransformForgeEnvironment$$Lambda/0x0000017cd409f168@718c7433
[Architectury Transformer DEBUG] Remapping Classes:
[Architectury Transformer DEBUG] net/fabricmc/api/EnvType -> net/minecraftforge/api/distmarker/Dist
[Architectury Transformer DEBUG] net/fabricmc/api/Environment -> net/minecraftforge/api/distmarker/OnlyIn
[Architectury Transformer DEBUG] Found class transformer
[Architectury Transformer DEBUG] Writing mod/syconn/swm/features/blaster/item/BlasterItem with maxs=true frames=true
[Architectury Transformer DEBUG] Remapping refmap from intermediary to srg: swm-forge-forge-refmap.json
[Architectury Transformer DEBUG] Transformed mod/syconn/swm/features/blaster/item/BlasterItem in 4.905 ms
[Architectury Transformer DEBUG] Transforming from mod/syconn/swm/features/lightsaber/client/entity/ThrownLightsaberRenderer.class to mod/syconn/swm/features/lightsaber/client/entity/ThrownLightsaberRenderer.class with 8 transformer(s) on dev.architectury.transformer.handler.TinyRemapperPreparedTransformerHandler
[Architectury Transformer DEBUG] Remapping with 1 mapping provider(s):
[Architectury Transformer DEBUG]  - dev.architectury.transformer.transformers.TransformForgeEnvironment$$Lambda/0x0000017cd409f168@718c7433
[Architectury Transformer DEBUG] Remapping Classes:
[Architectury Transformer DEBUG] net/fabricmc/api/EnvType -> net/minecraftforge/api/distmarker/Dist
[Architectury Transformer DEBUG] net/fabricmc/api/Environment -> net/minecraftforge/api/distmarker/OnlyIn
[Architectury Transformer DEBUG] Found class transformer
[Architectury Transformer DEBUG] Writing mod/syconn/swm/features/lightsaber/client/entity/ThrownLightsaberRenderer with maxs=true frames=true
[Architectury Transformer DEBUG] Remapping refmap from intermediary to srg: swm-forge-forge-refmap.json
[Architectury Transformer DEBUG] Transformed mod/syconn/swm/features/lightsaber/client/entity/ThrownLightsaberRenderer in 1.992 ms
[Architectury Transformer DEBUG] Transforming from mod/syconn/swm/block/HoloProjectorBlock.class to mod/syconn/swm/block/HoloProjectorBlock.class with 8 transformer(s) on dev.architectury.transformer.handler.TinyRemapperPreparedTransformerHandler
[Architectury Transformer DEBUG] Remapping with 1 mapping provider(s):
[Architectury Transformer DEBUG]  - dev.architectury.transformer.transformers.TransformForgeEnvironment$$Lambda/0x0000017cd409f168@718c7433
[Architectury Transformer DEBUG] Remapping Classes:
[Architectury Transformer DEBUG] net/fabricmc/api/EnvType -> net/minecraftforge/api/distmarker/Dist
[Architectury Transformer DEBUG] net/fabricmc/api/Environment -> net/minecraftforge/api/distmarker/OnlyIn
[Architectury Transformer DEBUG] Found class transformer
[Architectury Transformer DEBUG] Writing mod/syconn/swm/block/HoloProjectorBlock with maxs=true frames=true
[Architectury Transformer DEBUG] Remapping refmap from intermediary to srg: swm-forge-forge-refmap.json
[Architectury Transformer DEBUG] Transformed mod/syconn/swm/block/HoloProjectorBlock in 2.674 ms
[Architectury Transformer DEBUG] Transforming from mod/syconn/swm/item/HoloProjectorItem.class to mod/syconn/swm/item/HoloProjectorItem.class with 8 transformer(s) on dev.architectury.transformer.handler.TinyRemapperPreparedTransformerHandler
[Architectury Transformer DEBUG] Remapping with 1 mapping provider(s):
[Architectury Transformer DEBUG]  - dev.architectury.transformer.transformers.TransformForgeEnvironment$$Lambda/0x0000017cd409f168@718c7433
[Architectury Transformer DEBUG] Remapping Classes:
[Architectury Transformer DEBUG] net/fabricmc/api/EnvType -> net/minecraftforge/api/distmarker/Dist
[Architectury Transformer DEBUG] net/fabricmc/api/Environment -> net/minecraftforge/api/distmarker/OnlyIn
[Architectury Transformer DEBUG] Found class transformer
[Architectury Transformer DEBUG] Writing mod/syconn/swm/item/HoloProjectorItem with maxs=true frames=true
[Architectury Transformer DEBUG] Remapping refmap from intermediary to srg: swm-forge-forge-refmap.json
[Architectury Transformer DEBUG] Transformed mod/syconn/swm/item/HoloProjectorItem in 2.736 ms
[Architectury Transformer DEBUG] Transforming from mod/syconn/swm/utils/generic/ModelUtil.class to mod/syconn/swm/utils/generic/ModelUtil.class with 8 transformer(s) on dev.architectury.transformer.handler.TinyRemapperPreparedTransformerHandler
[Architectury Transformer DEBUG] Remapping with 1 mapping provider(s):
[Architectury Transformer DEBUG]  - dev.architectury.transformer.transformers.TransformForgeEnvironment$$Lambda/0x0000017cd409f168@718c7433
[Architectury Transformer DEBUG] Remapping Classes:
[Architectury Transformer DEBUG] net/fabricmc/api/EnvType -> net/minecraftforge/api/distmarker/Dist
[Architectury Transformer DEBUG] net/fabricmc/api/Environment -> net/minecraftforge/api/distmarker/OnlyIn
[Architectury Transformer DEBUG] Found class transformer
[Architectury Transformer DEBUG] Writing mod/syconn/swm/utils/generic/ModelUtil with maxs=true frames=true
[Architectury Transformer DEBUG] Remapping refmap from intermediary to srg: swm-forge-forge-refmap.json
[Architectury Transformer DEBUG] Transformed mod/syconn/swm/utils/generic/ModelUtil in 2.327 ms
[Architectury Transformer DEBUG] Transforming from mod/syconn/swm/features/blaster/client/entity/BlasterBoltRenderer.class to mod/syconn/swm/features/blaster/client/entity/BlasterBoltRenderer.class with 8 transformer(s) on dev.architectury.transformer.handler.TinyRemapperPreparedTransformerHandler
[Architectury Transformer DEBUG] Remapping with 1 mapping provider(s):
[Architectury Transformer DEBUG]  - dev.architectury.transformer.transformers.TransformForgeEnvironment$$Lambda/0x0000017cd409f168@718c7433
[Architectury Transformer DEBUG] Remapping Classes:
[Architectury Transformer DEBUG] net/fabricmc/api/EnvType -> net/minecraftforge/api/distmarker/Dist
[Architectury Transformer DEBUG] net/fabricmc/api/Environment -> net/minecraftforge/api/distmarker/OnlyIn
[Architectury Transformer DEBUG] Found class transformer
[Architectury Transformer DEBUG] Writing mod/syconn/swm/features/blaster/client/entity/BlasterBoltRenderer with maxs=true frames=true
[Architectury Transformer DEBUG] Remapping refmap from intermediary to srg: swm-forge-forge-refmap.json
[Architectury Transformer DEBUG] Transformed mod/syconn/swm/features/blaster/client/entity/BlasterBoltRenderer in 3.656 ms
[Architectury Transformer DEBUG] Transforming from mod/syconn/swm/server/savedata/HologramNetwork.class to mod/syconn/swm/server/savedata/HologramNetwork.class with 8 transformer(s) on dev.architectury.transformer.handler.TinyRemapperPreparedTransformerHandler
[Architectury Transformer DEBUG] Remapping with 1 mapping provider(s):
[Architectury Transformer DEBUG]  - dev.architectury.transformer.transformers.TransformForgeEnvironment$$Lambda/0x0000017cd409f168@718c7433
[Architectury Transformer DEBUG] Remapping Classes:
[Architectury Transformer DEBUG] net/fabricmc/api/EnvType -> net/minecraftforge/api/distmarker/Dist
[Architectury Transformer DEBUG] net/fabricmc/api/Environment -> net/minecraftforge/api/distmarker/OnlyIn
[Architectury Transformer DEBUG] Found class transformer
[Architectury Transformer DEBUG] Writing mod/syconn/swm/server/savedata/HologramNetwork with maxs=true frames=true
[Architectury Transformer DEBUG] Remapping refmap from intermediary to srg: swm-forge-forge-refmap.json
[Architectury Transformer DEBUG] Transformed mod/syconn/swm/server/savedata/HologramNetwork in 6.661 ms
[Architectury Transformer DEBUG] Transforming from mod/syconn/swm/client/render/block/HoloProjectorBlockEntityRenderer.class to mod/syconn/swm/client/render/block/HoloProjectorBlockEntityRenderer.class with 8 transformer(s) on dev.architectury.transformer.handler.TinyRemapperPreparedTransformerHandler
[Architectury Transformer DEBUG] Remapping with 1 mapping provider(s):
[Architectury Transformer DEBUG]  - dev.architectury.transformer.transformers.TransformForgeEnvironment$$Lambda/0x0000017cd409f168@718c7433
[Architectury Transformer DEBUG] Remapping Classes:
[Architectury Transformer DEBUG] net/fabricmc/api/EnvType -> net/minecraftforge/api/distmarker/Dist
[Architectury Transformer DEBUG] net/fabricmc/api/Environment -> net/minecraftforge/api/distmarker/OnlyIn
[Architectury Transformer DEBUG] Found class transformer
[Architectury Transformer DEBUG] Writing mod/syconn/swm/client/render/block/HoloProjectorBlockEntityRenderer with maxs=true frames=true
[Architectury Transformer DEBUG] Remapping refmap from intermediary to srg: swm-forge-forge-refmap.json
[Architectury Transformer DEBUG] Transformed mod/syconn/swm/client/render/block/HoloProjectorBlockEntityRenderer in 3.490 ms
[Architectury Transformer DEBUG] Transforming from mod/syconn/swm/features/lightsaber/client/entity/LightsaberWorkbenchRenderer.class to mod/syconn/swm/features/lightsaber/client/entity/LightsaberWorkbenchRenderer.class with 8 transformer(s) on dev.architectury.transformer.handler.TinyRemapperPreparedTransformerHandler
[Architectury Transformer DEBUG] Remapping with 1 mapping provider(s):
[Architectury Transformer DEBUG]  - dev.architectury.transformer.transformers.TransformForgeEnvironment$$Lambda/0x0000017cd409f168@718c7433
[Architectury Transformer DEBUG] Remapping Classes:
[Architectury Transformer DEBUG] net/fabricmc/api/EnvType -> net/minecraftforge/api/distmarker/Dist
[Architectury Transformer DEBUG] net/fabricmc/api/Environment -> net/minecraftforge/api/distmarker/OnlyIn
[Architectury Transformer DEBUG] Found class transformer
[Architectury Transformer DEBUG] Writing mod/syconn/swm/features/lightsaber/client/entity/LightsaberWorkbenchRenderer with maxs=true frames=true
[Architectury Transformer DEBUG] Remapping refmap from intermediary to srg: swm-forge-forge-refmap.json
[Architectury Transformer DEBUG] Transformed mod/syconn/swm/features/lightsaber/client/entity/LightsaberWorkbenchRenderer in 3.445 ms
[Architectury Transformer DEBUG] Transforming from mod/syconn/swm/utils/server/StackedIngredient.class to mod/syconn/swm/utils/server/StackedIngredient.class with 8 transformer(s) on dev.architectury.transformer.handler.TinyRemapperPreparedTransformerHandler
[Architectury Transformer DEBUG] Remapping with 1 mapping provider(s):
[Architectury Transformer DEBUG]  - dev.architectury.transformer.transformers.TransformForgeEnvironment$$Lambda/0x0000017cd409f168@718c7433
[Architectury Transformer DEBUG] Remapping Classes:
[Architectury Transformer DEBUG] net/fabricmc/api/EnvType -> net/minecraftforge/api/distmarker/Dist
[Architectury Transformer DEBUG] net/fabricmc/api/Environment -> net/minecraftforge/api/distmarker/OnlyIn
[Architectury Transformer DEBUG] Found class transformer
[Architectury Transformer DEBUG] Writing mod/syconn/swm/utils/server/StackedIngredient with maxs=true frames=true
[Architectury Transformer DEBUG] Remapping refmap from intermediary to srg: swm-forge-forge-refmap.json
[Architectury Transformer DEBUG] Transformed mod/syconn/swm/utils/server/StackedIngredient in 2.614 ms
[Architectury Transformer DEBUG] Transforming from mod/syconn/swm/client/ClientHooks.class to mod/syconn/swm/client/ClientHooks.class with 8 transformer(s) on dev.architectury.transformer.handler.TinyRemapperPreparedTransformerHandler
[Architectury Transformer DEBUG] Remapping with 1 mapping provider(s):
[Architectury Transformer DEBUG]  - dev.architectury.transformer.transformers.TransformForgeEnvironment$$Lambda/0x0000017cd409f168@718c7433
[Architectury Transformer DEBUG] Remapping Classes:
[Architectury Transformer DEBUG] net/fabricmc/api/EnvType -> net/minecraftforge/api/distmarker/Dist
[Architectury Transformer DEBUG] net/fabricmc/api/Environment -> net/minecraftforge/api/distmarker/OnlyIn
[Architectury Transformer DEBUG] Found class transformer
[Architectury Transformer DEBUG] Writing mod/syconn/swm/client/ClientHooks with maxs=true frames=true
[Architectury Transformer DEBUG] Remapping refmap from intermediary to srg: swm-forge-forge-refmap.json
[Architectury Transformer DEBUG] Transformed mod/syconn/swm/client/ClientHooks in 2.855 ms
[Architectury Transformer DEBUG] Transforming from mod/syconn/swm/utils/generic/JsonUtil.class to mod/syconn/swm/utils/generic/JsonUtil.class with 8 transformer(s) on dev.architectury.transformer.handler.TinyRemapperPreparedTransformerHandler
[Architectury Transformer DEBUG] Remapping with 1 mapping provider(s):
[Architectury Transformer DEBUG]  - dev.architectury.transformer.transformers.TransformForgeEnvironment$$Lambda/0x0000017cd409f168@718c7433
[Architectury Transformer DEBUG] Remapping Classes:
[Architectury Transformer DEBUG] net/fabricmc/api/EnvType -> net/minecraftforge/api/distmarker/Dist
[Architectury Transformer DEBUG] net/fabricmc/api/Environment -> net/minecraftforge/api/distmarker/OnlyIn
[Architectury Transformer DEBUG] Found class transformer
[Architectury Transformer DEBUG] Writing mod/syconn/swm/utils/generic/JsonUtil with maxs=true frames=true
[Architectury Transformer DEBUG] Remapping refmap from intermediary to srg: swm-forge-forge-refmap.json
[Architectury Transformer DEBUG] Transformed mod/syconn/swm/utils/generic/JsonUtil in 3.670 ms
[Architectury Transformer DEBUG] Transforming from mod/syconn/swm/server/recipes/LightsaberRecipe.class to mod/syconn/swm/server/recipes/LightsaberRecipe.class with 8 transformer(s) on dev.architectury.transformer.handler.TinyRemapperPreparedTransformerHandler
[Architectury Transformer DEBUG] Remapping with 1 mapping provider(s):
[Architectury Transformer DEBUG]  - dev.architectury.transformer.transformers.TransformForgeEnvironment$$Lambda/0x0000017cd409f168@718c7433
[Architectury Transformer DEBUG] Remapping Classes:
[Architectury Transformer DEBUG] net/fabricmc/api/EnvType -> net/minecraftforge/api/distmarker/Dist
[Architectury Transformer DEBUG] net/fabricmc/api/Environment -> net/minecraftforge/api/distmarker/OnlyIn
[Architectury Transformer DEBUG] Found class transformer
[Architectury Transformer DEBUG] Writing mod/syconn/swm/server/recipes/LightsaberRecipe with maxs=true frames=true
[Architectury Transformer DEBUG] Remapping refmap from intermediary to srg: swm-forge-forge-refmap.json
[Architectury Transformer DEBUG] Transformed mod/syconn/swm/server/recipes/LightsaberRecipe in 4.124 ms
[Architectury Transformer DEBUG] Transforming from mod/syconn/swm/features/lightsaber/client/screen/LightsaberWorkbenchScreen.class to mod/syconn/swm/features/lightsaber/client/screen/LightsaberWorkbenchScreen.class with 8 transformer(s) on dev.architectury.transformer.handler.TinyRemapperPreparedTransformerHandler
[Architectury Transformer DEBUG] Remapping with 1 mapping provider(s):
[Architectury Transformer DEBUG]  - dev.architectury.transformer.transformers.TransformForgeEnvironment$$Lambda/0x0000017cd409f168@718c7433
[Architectury Transformer DEBUG] Remapping Classes:
[Architectury Transformer DEBUG] net/fabricmc/api/EnvType -> net/minecraftforge/api/distmarker/Dist
[Architectury Transformer DEBUG] net/fabricmc/api/Environment -> net/minecraftforge/api/distmarker/OnlyIn
[Architectury Transformer DEBUG] Found class transformer
[Architectury Transformer DEBUG] Writing mod/syconn/swm/features/lightsaber/client/screen/LightsaberWorkbenchScreen with maxs=true frames=true
[Architectury Transformer DEBUG] Remapping refmap from intermediary to srg: swm-forge-forge-refmap.json
[Architectury Transformer DEBUG] Transformed mod/syconn/swm/features/lightsaber/client/screen/LightsaberWorkbenchScreen in 3.639 ms
[Architectury Transformer DEBUG] Transforming from mod/syconn/swm/core/ModSounds.class to mod/syconn/swm/core/ModSounds.class with 8 transformer(s) on dev.architectury.transformer.handler.TinyRemapperPreparedTransformerHandler
[Architectury Transformer DEBUG] Remapping with 1 mapping provider(s):
[Architectury Transformer DEBUG]  - dev.architectury.transformer.transformers.TransformForgeEnvironment$$Lambda/0x0000017cd409f168@718c7433
[Architectury Transformer DEBUG] Remapping Classes:
[Architectury Transformer DEBUG] net/fabricmc/api/EnvType -> net/minecraftforge/api/distmarker/Dist
[Architectury Transformer DEBUG] net/fabricmc/api/Environment -> net/minecraftforge/api/distmarker/OnlyIn
[Architectury Transformer DEBUG] Found class transformer
[Architectury Transformer DEBUG] Writing mod/syconn/swm/core/ModSounds with maxs=true frames=true
[Architectury Transformer DEBUG] Remapping refmap from intermediary to srg: swm-forge-forge-refmap.json
[Architectury Transformer DEBUG] Transformed mod/syconn/swm/core/ModSounds in 2.879 ms
[Architectury Transformer DEBUG] Transforming from mod/syconn/swm/server/StarWarsServer.class to mod/syconn/swm/server/StarWarsServer.class with 8 transformer(s) on dev.architectury.transformer.handler.TinyRemapperPreparedTransformerHandler
[Architectury Transformer DEBUG] Remapping with 1 mapping provider(s):
[Architectury Transformer DEBUG]  - dev.architectury.transformer.transformers.TransformForgeEnvironment$$Lambda/0x0000017cd409f168@718c7433
[Architectury Transformer DEBUG] Remapping Classes:
[Architectury Transformer DEBUG] net/fabricmc/api/EnvType -> net/minecraftforge/api/distmarker/Dist
[Architectury Transformer DEBUG] net/fabricmc/api/Environment -> net/minecraftforge/api/distmarker/OnlyIn
[Architectury Transformer DEBUG] Found class transformer
[Architectury Transformer DEBUG] Writing mod/syconn/swm/server/StarWarsServer with maxs=true frames=true
[Architectury Transformer DEBUG] Remapping refmap from intermediary to srg: swm-forge-forge-refmap.json
[Architectury Transformer DEBUG] Transformed mod/syconn/swm/server/StarWarsServer in 2.695 ms
[Architectury Transformer DEBUG] Transforming from mod/syconn/swm/utils/server/SyncedResourceManager.class to mod/syconn/swm/utils/server/SyncedResourceManager.class with 8 transformer(s) on dev.architectury.transformer.handler.TinyRemapperPreparedTransformerHandler
[Architectury Transformer DEBUG] Remapping with 1 mapping provider(s):
[Architectury Transformer DEBUG]  - dev.architectury.transformer.transformers.TransformForgeEnvironment$$Lambda/0x0000017cd409f168@718c7433
[Architectury Transformer DEBUG] Remapping Classes:
[Architectury Transformer DEBUG] net/fabricmc/api/EnvType -> net/minecraftforge/api/distmarker/Dist
[Architectury Transformer DEBUG] net/fabricmc/api/Environment -> net/minecraftforge/api/distmarker/OnlyIn
[Architectury Transformer DEBUG] Found class transformer
[Architectury Transformer DEBUG] Writing mod/syconn/swm/utils/server/SyncedResourceManager with maxs=true frames=true
[Architectury Transformer DEBUG] Remapping refmap from intermediary to srg: swm-forge-forge-refmap.json
[Architectury Transformer DEBUG] Transformed mod/syconn/swm/utils/server/SyncedResourceManager in 2.213 ms
[Architectury Transformer DEBUG] Transforming from mod/syconn/swm/block/TwoPartBlock.class to mod/syconn/swm/block/TwoPartBlock.class with 8 transformer(s) on dev.architectury.transformer.handler.TinyRemapperPreparedTransformerHandler
[Architectury Transformer DEBUG] Remapping with 1 mapping provider(s):
[Architectury Transformer DEBUG]  - dev.architectury.transformer.transformers.TransformForgeEnvironment$$Lambda/0x0000017cd409f168@718c7433
[Architectury Transformer DEBUG] Remapping Classes:
[Architectury Transformer DEBUG] net/fabricmc/api/EnvType -> net/minecraftforge/api/distmarker/Dist
[Architectury Transformer DEBUG] net/fabricmc/api/Environment -> net/minecraftforge/api/distmarker/OnlyIn
[Architectury Transformer DEBUG] Found class transformer
[Architectury Transformer DEBUG] Writing mod/syconn/swm/block/TwoPartBlock with maxs=true frames=true
[Architectury Transformer DEBUG] Remapping refmap from intermediary to srg: swm-forge-forge-refmap.json
[Architectury Transformer DEBUG] Transformed mod/syconn/swm/block/TwoPartBlock in 3.095 ms
[Architectury Transformer DEBUG] Transforming from mod/syconn/swm/utils/interfaces/IEntityBlock.class to mod/syconn/swm/utils/interfaces/IEntityBlock.class with 8 transformer(s) on dev.architectury.transformer.handler.TinyRemapperPreparedTransformerHandler
[Architectury Transformer DEBUG] Remapping with 1 mapping provider(s):
[Architectury Transformer DEBUG]  - dev.architectury.transformer.transformers.TransformForgeEnvironment$$Lambda/0x0000017cd409f168@718c7433
[Architectury Transformer DEBUG] Remapping Classes:
[Architectury Transformer DEBUG] net/fabricmc/api/EnvType -> net/minecraftforge/api/distmarker/Dist
[Architectury Transformer DEBUG] net/fabricmc/api/Environment -> net/minecraftforge/api/distmarker/OnlyIn
[Architectury Transformer DEBUG] Found class transformer
[Architectury Transformer DEBUG] Writing mod/syconn/swm/utils/interfaces/IEntityBlock with maxs=true frames=true
[Architectury Transformer DEBUG] Remapping refmap from intermediary to srg: swm-forge-forge-refmap.json
[Architectury Transformer DEBUG] Transformed mod/syconn/swm/utils/interfaces/IEntityBlock in 3.825 ms
[Architectury Transformer DEBUG] Transforming from mod/syconn/swm/core/ModBlockEntities.class to mod/syconn/swm/core/ModBlockEntities.class with 8 transformer(s) on dev.architectury.transformer.handler.TinyRemapperPreparedTransformerHandler
[Architectury Transformer DEBUG] Remapping with 1 mapping provider(s):
[Architectury Transformer DEBUG]  - dev.architectury.transformer.transformers.TransformForgeEnvironment$$Lambda/0x0000017cd409f168@718c7433
[Architectury Transformer DEBUG] Remapping Classes:
[Architectury Transformer DEBUG] net/fabricmc/api/EnvType -> net/minecraftforge/api/distmarker/Dist
[Architectury Transformer DEBUG] net/fabricmc/api/Environment -> net/minecraftforge/api/distmarker/OnlyIn
[Architectury Transformer DEBUG] Found class transformer
[Architectury Transformer DEBUG] Writing mod/syconn/swm/core/ModBlockEntities with maxs=true frames=true
[Architectury Transformer DEBUG] Remapping refmap from intermediary to srg: swm-forge-forge-refmap.json
[Architectury Transformer DEBUG] Transformed mod/syconn/swm/core/ModBlockEntities in 3.096 ms
[Architectury Transformer DEBUG] Transforming from mod/syconn/swm/client/render/entity/PlasmaRenderer.class to mod/syconn/swm/client/render/entity/PlasmaRenderer.class with 8 transformer(s) on dev.architectury.transformer.handler.TinyRemapperPreparedTransformerHandler
[Architectury Transformer DEBUG] Remapping with 1 mapping provider(s):
[Architectury Transformer DEBUG]  - dev.architectury.transformer.transformers.TransformForgeEnvironment$$Lambda/0x0000017cd409f168@718c7433
[Architectury Transformer DEBUG] Remapping Classes:
[Architectury Transformer DEBUG] net/fabricmc/api/EnvType -> net/minecraftforge/api/distmarker/Dist
[Architectury Transformer DEBUG] net/fabricmc/api/Environment -> net/minecraftforge/api/distmarker/OnlyIn
[Architectury Transformer DEBUG] Found class transformer
[Architectury Transformer DEBUG] Writing mod/syconn/swm/client/render/entity/PlasmaRenderer with maxs=true frames=true
[Architectury Transformer DEBUG] Remapping refmap from intermediary to srg: swm-forge-forge-refmap.json
[Architectury Transformer DEBUG] Transformed mod/syconn/swm/client/render/entity/PlasmaRenderer in 4.111 ms
[Architectury Transformer DEBUG] Transforming from mod/syconn/swm/utils/client/NodeVec3.class to mod/syconn/swm/utils/client/NodeVec3.class with 8 transformer(s) on dev.architectury.transformer.handler.TinyRemapperPreparedTransformerHandler
[Architectury Transformer DEBUG] Remapping with 1 mapping provider(s):
[Architectury Transformer DEBUG]  - dev.architectury.transformer.transformers.TransformForgeEnvironment$$Lambda/0x0000017cd409f168@718c7433
[Architectury Transformer DEBUG] Remapping Classes:
[Architectury Transformer DEBUG] net/fabricmc/api/EnvType -> net/minecraftforge/api/distmarker/Dist
[Architectury Transformer DEBUG] net/fabricmc/api/Environment -> net/minecraftforge/api/distmarker/OnlyIn
[Architectury Transformer DEBUG] Found class transformer
[Architectury Transformer DEBUG] Writing mod/syconn/swm/utils/client/NodeVec3 with maxs=true frames=true
[Architectury Transformer DEBUG] Remapping refmap from intermediary to srg: swm-forge-forge-refmap.json
[Architectury Transformer DEBUG] Transformed mod/syconn/swm/utils/client/NodeVec3 in 3.253 ms
[Architectury Transformer DEBUG] Transforming from mod/syconn/swm/core/ModEntities.class to mod/syconn/swm/core/ModEntities.class with 8 transformer(s) on dev.architectury.transformer.handler.TinyRemapperPreparedTransformerHandler
[Architectury Transformer DEBUG] Remapping with 1 mapping provider(s):
[Architectury Transformer DEBUG]  - dev.architectury.transformer.transformers.TransformForgeEnvironment$$Lambda/0x0000017cd409f168@718c7433
[Architectury Transformer DEBUG] Remapping Classes:
[Architectury Transformer DEBUG] net/fabricmc/api/EnvType -> net/minecraftforge/api/distmarker/Dist
[Architectury Transformer DEBUG] net/fabricmc/api/Environment -> net/minecraftforge/api/distmarker/OnlyIn
[Architectury Transformer DEBUG] Found class transformer
[Architectury Transformer DEBUG] Writing mod/syconn/swm/core/ModEntities with maxs=true frames=true
[Architectury Transformer DEBUG] Remapping refmap from intermediary to srg: swm-forge-forge-refmap.json
[Architectury Transformer DEBUG] Transformed mod/syconn/swm/core/ModEntities in 3.445 ms
[Architectury Transformer DEBUG] Transforming from mod/syconn/swm/utils/generic/RenderUtil.class to mod/syconn/swm/utils/generic/RenderUtil.class with 8 transformer(s) on dev.architectury.transformer.handler.TinyRemapperPreparedTransformerHandler
[Architectury Transformer DEBUG] Remapping with 1 mapping provider(s):
[Architectury Transformer DEBUG]  - dev.architectury.transformer.transformers.TransformForgeEnvironment$$Lambda/0x0000017cd409f168@718c7433
[Architectury Transformer DEBUG] Remapping Classes:
[Architectury Transformer DEBUG] net/fabricmc/api/EnvType -> net/minecraftforge/api/distmarker/Dist
[Architectury Transformer DEBUG] net/fabricmc/api/Environment -> net/minecraftforge/api/distmarker/OnlyIn
[Architectury Transformer DEBUG] Found class transformer
[Architectury Transformer DEBUG] Writing mod/syconn/swm/utils/generic/RenderUtil with maxs=true frames=true
[Architectury Transformer DEBUG] Remapping refmap from intermediary to srg: swm-forge-forge-refmap.json
[Architectury Transformer DEBUG] Transformed mod/syconn/swm/utils/generic/RenderUtil in 3.302 ms
[Architectury Transformer DEBUG] Transforming from mod/syconn/swm/features/lightsaber/entity/ThrownLightsaberEntity.class to mod/syconn/swm/features/lightsaber/entity/ThrownLightsaberEntity.class with 8 transformer(s) on dev.architectury.transformer.handler.TinyRemapperPreparedTransformerHandler
[Architectury Transformer DEBUG] Remapping with 1 mapping provider(s):
[Architectury Transformer DEBUG]  - dev.architectury.transformer.transformers.TransformForgeEnvironment$$Lambda/0x0000017cd409f168@718c7433
[Architectury Transformer DEBUG] Remapping Classes:
[Architectury Transformer DEBUG] net/fabricmc/api/EnvType -> net/minecraftforge/api/distmarker/Dist
[Architectury Transformer DEBUG] net/fabricmc/api/Environment -> net/minecraftforge/api/distmarker/OnlyIn
[Architectury Transformer DEBUG] Found class transformer
[Architectury Transformer DEBUG] Writing mod/syconn/swm/features/lightsaber/entity/ThrownLightsaberEntity with maxs=true frames=true
[Architectury Transformer DEBUG] Remapping refmap from intermediary to srg: swm-forge-forge-refmap.json
[Architectury Transformer DEBUG] Transformed mod/syconn/swm/features/lightsaber/entity/ThrownLightsaberEntity in 4.352 ms
[Architectury Transformer DEBUG] Transforming from mod/syconn/swm/utils/block/ModBlockStateProperties.class to mod/syconn/swm/utils/block/ModBlockStateProperties.class with 8 transformer(s) on dev.architectury.transformer.handler.TinyRemapperPreparedTransformerHandler
[Architectury Transformer DEBUG] Remapping with 1 mapping provider(s):
[Architectury Transformer DEBUG]  - dev.architectury.transformer.transformers.TransformForgeEnvironment$$Lambda/0x0000017cd409f168@718c7433
[Architectury Transformer DEBUG] Remapping Classes:
[Architectury Transformer DEBUG] net/fabricmc/api/EnvType -> net/minecraftforge/api/distmarker/Dist
[Architectury Transformer DEBUG] net/fabricmc/api/Environment -> net/minecraftforge/api/distmarker/OnlyIn
[Architectury Transformer DEBUG] Found class transformer
[Architectury Transformer DEBUG] Writing mod/syconn/swm/utils/block/ModBlockStateProperties with maxs=true frames=true
[Architectury Transformer DEBUG] Remapping refmap from intermediary to srg: swm-forge-forge-refmap.json
[Architectury Transformer DEBUG] Transformed mod/syconn/swm/utils/block/ModBlockStateProperties in 3.751 ms
[Architectury Transformer DEBUG] Transforming from mod/syconn/swm/utils/block/TwoPart.class to mod/syconn/swm/utils/block/TwoPart.class with 8 transformer(s) on dev.architectury.transformer.handler.TinyRemapperPreparedTransformerHandler
[Architectury Transformer DEBUG] Remapping with 1 mapping provider(s):
[Architectury Transformer DEBUG]  - dev.architectury.transformer.transformers.TransformForgeEnvironment$$Lambda/0x0000017cd409f168@718c7433
[Architectury Transformer DEBUG] Remapping Classes:
[Architectury Transformer DEBUG] net/fabricmc/api/EnvType -> net/minecraftforge/api/distmarker/Dist
[Architectury Transformer DEBUG] net/fabricmc/api/Environment -> net/minecraftforge/api/distmarker/OnlyIn
[Architectury Transformer DEBUG] Found class transformer
[Architectury Transformer DEBUG] Writing mod/syconn/swm/utils/block/TwoPart with maxs=true frames=true
[Architectury Transformer DEBUG] Remapping refmap from intermediary to srg: swm-forge-forge-refmap.json
[Architectury Transformer DEBUG] Transformed mod/syconn/swm/utils/block/TwoPart in 3.295 ms
[Architectury Transformer DEBUG] Transforming from mod/syconn/swm/features/blaster/entity/BlasterBoltEntity.class to mod/syconn/swm/features/blaster/entity/BlasterBoltEntity.class with 8 transformer(s) on dev.architectury.transformer.handler.TinyRemapperPreparedTransformerHandler
[Architectury Transformer DEBUG] Remapping with 1 mapping provider(s):
[Architectury Transformer DEBUG]  - dev.architectury.transformer.transformers.TransformForgeEnvironment$$Lambda/0x0000017cd409f168@718c7433
[Architectury Transformer DEBUG] Remapping Classes:
[Architectury Transformer DEBUG] net/fabricmc/api/EnvType -> net/minecraftforge/api/distmarker/Dist
[Architectury Transformer DEBUG] net/fabricmc/api/Environment -> net/minecraftforge/api/distmarker/OnlyIn
[Architectury Transformer DEBUG] Found class transformer
[Architectury Transformer DEBUG] Writing mod/syconn/swm/features/blaster/entity/BlasterBoltEntity with maxs=true frames=true
[Architectury Transformer DEBUG] Remapping refmap from intermediary to srg: swm-forge-forge-refmap.json
[Architectury Transformer DEBUG] Transformed mod/syconn/swm/features/blaster/entity/BlasterBoltEntity in 3.511 ms
[Architectury Transformer DEBUG] Transforming from mod/syconn/swm/utils/client/PlasmaBuffer.class to mod/syconn/swm/utils/client/PlasmaBuffer.class with 8 transformer(s) on dev.architectury.transformer.handler.TinyRemapperPreparedTransformerHandler
[Architectury Transformer DEBUG] Remapping with 1 mapping provider(s):
[Architectury Transformer DEBUG]  - dev.architectury.transformer.transformers.TransformForgeEnvironment$$Lambda/0x0000017cd409f168@718c7433
[Architectury Transformer DEBUG] Remapping Classes:
[Architectury Transformer DEBUG] net/fabricmc/api/EnvType -> net/minecraftforge/api/distmarker/Dist
[Architectury Transformer DEBUG] net/fabricmc/api/Environment -> net/minecraftforge/api/distmarker/OnlyIn
[Architectury Transformer DEBUG] Found class transformer
[Architectury Transformer DEBUG] Writing mod/syconn/swm/utils/client/PlasmaBuffer with maxs=true frames=true
[Architectury Transformer DEBUG] Remapping refmap from intermediary to srg: swm-forge-forge-refmap.json
[Architectury Transformer DEBUG] Transformed mod/syconn/swm/utils/client/PlasmaBuffer in 4.420 ms
[Architectury Transformer DEBUG] Transforming from mod/syconn/swm/utils/generic/MathUtil.class to mod/syconn/swm/utils/generic/MathUtil.class with 8 transformer(s) on dev.architectury.transformer.handler.TinyRemapperPreparedTransformerHandler
[Architectury Transformer DEBUG] Remapping with 1 mapping provider(s):
[Architectury Transformer DEBUG]  - dev.architectury.transformer.transformers.TransformForgeEnvironment$$Lambda/0x0000017cd409f168@718c7433
[Architectury Transformer DEBUG] Remapping Classes:
[Architectury Transformer DEBUG] net/fabricmc/api/EnvType -> net/minecraftforge/api/distmarker/Dist
[Architectury Transformer DEBUG] net/fabricmc/api/Environment -> net/minecraftforge/api/distmarker/OnlyIn
[Architectury Transformer DEBUG] Found class transformer
[Architectury Transformer DEBUG] Writing mod/syconn/swm/utils/generic/MathUtil with maxs=true frames=true
[Architectury Transformer DEBUG] Remapping refmap from intermediary to srg: swm-forge-forge-refmap.json
[Architectury Transformer DEBUG] Transformed mod/syconn/swm/utils/generic/MathUtil in 3.637 ms
[Architectury Transformer DEBUG] Transforming from mod/syconn/swm/core/ModMenus.class to mod/syconn/swm/core/ModMenus.class with 8 transformer(s) on dev.architectury.transformer.handler.TinyRemapperPreparedTransformerHandler
[Architectury Transformer DEBUG] Remapping with 1 mapping provider(s):
[Architectury Transformer DEBUG]  - dev.architectury.transformer.transformers.TransformForgeEnvironment$$Lambda/0x0000017cd409f168@718c7433
[Architectury Transformer DEBUG] Remapping Classes:
[Architectury Transformer DEBUG] net/fabricmc/api/EnvType -> net/minecraftforge/api/distmarker/Dist
[Architectury Transformer DEBUG] net/fabricmc/api/Environment -> net/minecraftforge/api/distmarker/OnlyIn
[Architectury Transformer DEBUG] Found class transformer
[Architectury Transformer DEBUG] Writing mod/syconn/swm/core/ModMenus with maxs=true frames=true
[Architectury Transformer DEBUG] Remapping refmap from intermediary to srg: swm-forge-forge-refmap.json
[Architectury Transformer DEBUG] Transformed mod/syconn/swm/core/ModMenus in 3.473 ms
[Architectury Transformer DEBUG] Transforming from mod/syconn/swm/utils/generic/AnimationUtil.class to mod/syconn/swm/utils/generic/AnimationUtil.class with 8 transformer(s) on dev.architectury.transformer.handler.TinyRemapperPreparedTransformerHandler
[Architectury Transformer DEBUG] Remapping with 1 mapping provider(s):
[Architectury Transformer DEBUG]  - dev.architectury.transformer.transformers.TransformForgeEnvironment$$Lambda/0x0000017cd409f168@718c7433
[Architectury Transformer DEBUG] Remapping Classes:
[Architectury Transformer DEBUG] net/fabricmc/api/EnvType -> net/minecraftforge/api/distmarker/Dist
[Architectury Transformer DEBUG] net/fabricmc/api/Environment -> net/minecraftforge/api/distmarker/OnlyIn
[Architectury Transformer DEBUG] Found class transformer
[Architectury Transformer DEBUG] Writing mod/syconn/swm/utils/generic/AnimationUtil with maxs=true frames=true
[Architectury Transformer DEBUG] Remapping refmap from intermediary to srg: swm-forge-forge-refmap.json
[Architectury Transformer DEBUG] Transformed mod/syconn/swm/utils/generic/AnimationUtil in 3.269 ms
[Architectury Transformer DEBUG] Transforming from mod/syconn/swm/core/ModRecipes.class to mod/syconn/swm/core/ModRecipes.class with 8 transformer(s) on dev.architectury.transformer.handler.TinyRemapperPreparedTransformerHandler
[Architectury Transformer DEBUG] Remapping with 1 mapping provider(s):
[Architectury Transformer DEBUG]  - dev.architectury.transformer.transformers.TransformForgeEnvironment$$Lambda/0x0000017cd409f168@718c7433
[Architectury Transformer DEBUG] Remapping Classes:
[Architectury Transformer DEBUG] net/fabricmc/api/EnvType -> net/minecraftforge/api/distmarker/Dist
[Architectury Transformer DEBUG] net/fabricmc/api/Environment -> net/minecraftforge/api/distmarker/OnlyIn
[Architectury Transformer DEBUG] Found class transformer
[Architectury Transformer DEBUG] Writing mod/syconn/swm/core/ModRecipes with maxs=true frames=true
[Architectury Transformer DEBUG] Remapping refmap from intermediary to srg: swm-forge-forge-refmap.json
[Architectury Transformer DEBUG] Transformed mod/syconn/swm/core/ModRecipes in 3.154 ms
[Architectury Transformer DEBUG] Transforming from mod/syconn/swm/blockentity/SyncedBlockEntity.class to mod/syconn/swm/blockentity/SyncedBlockEntity.class with 8 transformer(s) on dev.architectury.transformer.handler.TinyRemapperPreparedTransformerHandler
[Architectury Transformer DEBUG] Remapping with 1 mapping provider(s):
[Architectury Transformer DEBUG]  - dev.architectury.transformer.transformers.TransformForgeEnvironment$$Lambda/0x0000017cd409f168@718c7433
[Architectury Transformer DEBUG] Remapping Classes:
[Architectury Transformer DEBUG] net/fabricmc/api/EnvType -> net/minecraftforge/api/distmarker/Dist
[Architectury Transformer DEBUG] net/fabricmc/api/Environment -> net/minecraftforge/api/distmarker/OnlyIn
[Architectury Transformer DEBUG] Found class transformer
[Architectury Transformer DEBUG] Writing mod/syconn/swm/blockentity/SyncedBlockEntity with maxs=true frames=true
[Architectury Transformer DEBUG] Remapping refmap from intermediary to srg: swm-forge-forge-refmap.json
[Architectury Transformer DEBUG] Transformed mod/syconn/swm/blockentity/SyncedBlockEntity in 3.696 ms
[Architectury Transformer DEBUG] Transforming from mod/syconn/swm/server/recipes/LightsaberRecipe$Serializer.class to mod/syconn/swm/server/recipes/LightsaberRecipe$Serializer.class with 8 transformer(s) on dev.architectury.transformer.handler.TinyRemapperPreparedTransformerHandler
[Architectury Transformer DEBUG] Remapping with 1 mapping provider(s):
[Architectury Transformer DEBUG]  - dev.architectury.transformer.transformers.TransformForgeEnvironment$$Lambda/0x0000017cd409f168@718c7433
[Architectury Transformer DEBUG] Remapping Classes:
[Architectury Transformer DEBUG] net/fabricmc/api/EnvType -> net/minecraftforge/api/distmarker/Dist
[Architectury Transformer DEBUG] net/fabricmc/api/Environment -> net/minecraftforge/api/distmarker/OnlyIn
[Architectury Transformer DEBUG] Found class transformer
[Architectury Transformer DEBUG] Writing mod/syconn/swm/server/recipes/LightsaberRecipe$Serializer with maxs=true frames=true
[Architectury Transformer DEBUG] Remapping refmap from intermediary to srg: swm-forge-forge-refmap.json
[Architectury Transformer DEBUG] Transformed mod/syconn/swm/server/recipes/LightsaberRecipe$Serializer in 2.555 ms
[Architectury Transformer DEBUG] Transforming from mod/syconn/swm/utils/generic/ItemStackUtil.class to mod/syconn/swm/utils/generic/ItemStackUtil.class with 8 transformer(s) on dev.architectury.transformer.handler.TinyRemapperPreparedTransformerHandler
[Architectury Transformer DEBUG] Remapping with 1 mapping provider(s):
[Architectury Transformer DEBUG]  - dev.architectury.transformer.transformers.TransformForgeEnvironment$$Lambda/0x0000017cd409f168@718c7433
[Architectury Transformer DEBUG] Remapping Classes:
[Architectury Transformer DEBUG] net/fabricmc/api/EnvType -> net/minecraftforge/api/distmarker/Dist
[Architectury Transformer DEBUG] net/fabricmc/api/Environment -> net/minecraftforge/api/distmarker/OnlyIn
[Architectury Transformer DEBUG] Found class transformer
[Architectury Transformer DEBUG] Writing mod/syconn/swm/utils/generic/ItemStackUtil with maxs=true frames=true
[Architectury Transformer DEBUG] Remapping refmap from intermediary to srg: swm-forge-forge-refmap.json
[Architectury Transformer DEBUG] Transformed mod/syconn/swm/utils/generic/ItemStackUtil in 2.778 ms
[Architectury Transformer DEBUG] Transforming from mod/syconn/swm/features/lightsaber/blockentity/LightsaberWorkbenchBlockEntity.class to mod/syconn/swm/features/lightsaber/blockentity/LightsaberWorkbenchBlockEntity.class with 8 transformer(s) on dev.architectury.transformer.handler.TinyRemapperPreparedTransformerHandler
[Architectury Transformer DEBUG] Remapping with 1 mapping provider(s):
[Architectury Transformer DEBUG]  - dev.architectury.transformer.transformers.TransformForgeEnvironment$$Lambda/0x0000017cd409f168@718c7433
[Architectury Transformer DEBUG] Remapping Classes:
[Architectury Transformer DEBUG] net/fabricmc/api/EnvType -> net/minecraftforge/api/distmarker/Dist
[Architectury Transformer DEBUG] net/fabricmc/api/Environment -> net/minecraftforge/api/distmarker/OnlyIn
[Architectury Transformer DEBUG] Found class transformer
[Architectury Transformer DEBUG] Writing mod/syconn/swm/features/lightsaber/blockentity/LightsaberWorkbenchBlockEntity with maxs=true frames=true
[Architectury Transformer DEBUG] Remapping refmap from intermediary to srg: swm-forge-forge-refmap.json
[Architectury Transformer DEBUG] Transformed mod/syconn/swm/features/lightsaber/blockentity/LightsaberWorkbenchBlockEntity in 3.801 ms
[Architectury Transformer DEBUG] Transforming from mod/syconn/swm/features/lightsaber/client/screen/LightsaberAssemblerScreen.class to mod/syconn/swm/features/lightsaber/client/screen/LightsaberAssemblerScreen.class with 8 transformer(s) on dev.architectury.transformer.handler.TinyRemapperPreparedTransformerHandler
[Architectury Transformer DEBUG] Remapping with 1 mapping provider(s):
[Architectury Transformer DEBUG]  - dev.architectury.transformer.transformers.TransformForgeEnvironment$$Lambda/0x0000017cd409f168@718c7433
[Architectury Transformer DEBUG] Remapping Classes:
[Architectury Transformer DEBUG] net/fabricmc/api/EnvType -> net/minecraftforge/api/distmarker/Dist
[Architectury Transformer DEBUG] net/fabricmc/api/Environment -> net/minecraftforge/api/distmarker/OnlyIn
[Architectury Transformer DEBUG] Found class transformer
[Architectury Transformer DEBUG] Writing mod/syconn/swm/features/lightsaber/client/screen/LightsaberAssemblerScreen with maxs=true frames=true
[Architectury Transformer DEBUG] Remapping refmap from intermediary to srg: swm-forge-forge-refmap.json
[Architectury Transformer DEBUG] Transformed mod/syconn/swm/features/lightsaber/client/screen/LightsaberAssemblerScreen in 4.616 ms
[Architectury Transformer DEBUG] Transforming from mod/syconn/swm/blockentity/HoloProjectorBlockEntity.class to mod/syconn/swm/blockentity/HoloProjectorBlockEntity.class with 8 transformer(s) on dev.architectury.transformer.handler.TinyRemapperPreparedTransformerHandler
[Architectury Transformer DEBUG] Remapping with 1 mapping provider(s):
[Architectury Transformer DEBUG]  - dev.architectury.transformer.transformers.TransformForgeEnvironment$$Lambda/0x0000017cd409f168@718c7433
[Architectury Transformer DEBUG] Remapping Classes:
[Architectury Transformer DEBUG] net/fabricmc/api/EnvType -> net/minecraftforge/api/distmarker/Dist
[Architectury Transformer DEBUG] net/fabricmc/api/Environment -> net/minecraftforge/api/distmarker/OnlyIn
[Architectury Transformer DEBUG] Found class transformer
[Architectury Transformer DEBUG] Writing mod/syconn/swm/blockentity/HoloProjectorBlockEntity with maxs=true frames=true
[Architectury Transformer DEBUG] Remapping refmap from intermediary to srg: swm-forge-forge-refmap.json
[Architectury Transformer DEBUG] Transformed mod/syconn/swm/blockentity/HoloProjectorBlockEntity in 5.257 ms
[Architectury Transformer DEBUG] Transforming from mod/syconn/swm/network/Network.class to mod/syconn/swm/network/Network.class with 8 transformer(s) on dev.architectury.transformer.handler.TinyRemapperPreparedTransformerHandler
[Architectury Transformer DEBUG] Remapping with 1 mapping provider(s):
[Architectury Transformer DEBUG]  - dev.architectury.transformer.transformers.TransformForgeEnvironment$$Lambda/0x0000017cd409f168@718c7433
[Architectury Transformer DEBUG] Remapping Classes:
[Architectury Transformer DEBUG] net/fabricmc/api/EnvType -> net/minecraftforge/api/distmarker/Dist
[Architectury Transformer DEBUG] net/fabricmc/api/Environment -> net/minecraftforge/api/distmarker/OnlyIn
[Architectury Transformer DEBUG] Found class transformer
[Architectury Transformer DEBUG] Writing mod/syconn/swm/network/Network with maxs=true frames=true
[Architectury Transformer DEBUG] Remapping refmap from intermediary to srg: swm-forge-forge-refmap.json
[Architectury Transformer DEBUG] Transformed mod/syconn/swm/network/Network in 4.598 ms
[Architectury Transformer DEBUG] Transforming from mod/syconn/swm/utils/Constants.class to mod/syconn/swm/utils/Constants.class with 8 transformer(s) on dev.architectury.transformer.handler.TinyRemapperPreparedTransformerHandler
[Architectury Transformer DEBUG] Remapping with 1 mapping provider(s):
[Architectury Transformer DEBUG]  - dev.architectury.transformer.transformers.TransformForgeEnvironment$$Lambda/0x0000017cd409f168@718c7433
[Architectury Transformer DEBUG] Remapping Classes:
[Architectury Transformer DEBUG] net/fabricmc/api/EnvType -> net/minecraftforge/api/distmarker/Dist
[Architectury Transformer DEBUG] net/fabricmc/api/Environment -> net/minecraftforge/api/distmarker/OnlyIn
[Architectury Transformer DEBUG] Found class transformer
[Architectury Transformer DEBUG] Writing mod/syconn/swm/utils/Constants with maxs=true frames=true
[Architectury Transformer DEBUG] Remapping refmap from intermediary to srg: swm-forge-forge-refmap.json
[Architectury Transformer DEBUG] Transformed mod/syconn/swm/utils/Constants in 3.468 ms
[Architectury Transformer DEBUG] Transforming from mod/syconn/swm/features/lightsaber/sound/LightsaberAudio.class to mod/syconn/swm/features/lightsaber/sound/LightsaberAudio.class with 8 transformer(s) on dev.architectury.transformer.handler.TinyRemapperPreparedTransformerHandler
[Architectury Transformer DEBUG] Remapping with 1 mapping provider(s):
[Architectury Transformer DEBUG]  - dev.architectury.transformer.transformers.TransformForgeEnvironment$$Lambda/0x0000017cd409f168@718c7433
[Architectury Transformer DEBUG] Remapping Classes:
[Architectury Transformer DEBUG] net/fabricmc/api/EnvType -> net/minecraftforge/api/distmarker/Dist
[Architectury Transformer DEBUG] net/fabricmc/api/Environment -> net/minecraftforge/api/distmarker/OnlyIn
[Architectury Transformer DEBUG] Found class transformer
[Architectury Transformer DEBUG] Writing mod/syconn/swm/features/lightsaber/sound/LightsaberAudio with maxs=true frames=true
[Architectury Transformer DEBUG] Remapping refmap from intermediary to srg: swm-forge-forge-refmap.json
[Architectury Transformer DEBUG] Transformed mod/syconn/swm/features/lightsaber/sound/LightsaberAudio in 3.292 ms
[Architectury Transformer DEBUG] Transforming from mod/syconn/swm/features/lightsaber/sound/LightsaberAmbientSoundInstance.class to mod/syconn/swm/features/lightsaber/sound/LightsaberAmbientSoundInstance.class with 8 transformer(s) on dev.architectury.transformer.handler.TinyRemapperPreparedTransformerHandler
[Architectury Transformer DEBUG] Remapping with 1 mapping provider(s):
[Architectury Transformer DEBUG]  - dev.architectury.transformer.transformers.TransformForgeEnvironment$$Lambda/0x0000017cd409f168@718c7433
[Architectury Transformer DEBUG] Remapping Classes:
[Architectury Transformer DEBUG] net/fabricmc/api/EnvType -> net/minecraftforge/api/distmarker/Dist
[Architectury Transformer DEBUG] net/fabricmc/api/Environment -> net/minecraftforge/api/distmarker/OnlyIn
[Architectury Transformer DEBUG] Found class transformer
[Architectury Transformer DEBUG] Writing mod/syconn/swm/features/lightsaber/sound/LightsaberAmbientSoundInstance with maxs=true frames=true
[Architectury Transformer DEBUG] Remapping refmap from intermediary to srg: swm-forge-forge-refmap.json
[Architectury Transformer DEBUG] Transformed mod/syconn/swm/features/lightsaber/sound/LightsaberAmbientSoundInstance in 3.887 ms
[Architectury Transformer DEBUG] Transforming from mod/syconn/swm/features/lightsaber/server/menu/LightsaberWorkbenchMenu.class to mod/syconn/swm/features/lightsaber/server/menu/LightsaberWorkbenchMenu.class with 8 transformer(s) on dev.architectury.transformer.handler.TinyRemapperPreparedTransformerHandler
[Architectury Transformer DEBUG] Remapping with 1 mapping provider(s):
[Architectury Transformer DEBUG]  - dev.architectury.transformer.transformers.TransformForgeEnvironment$$Lambda/0x0000017cd409f168@718c7433
[Architectury Transformer DEBUG] Remapping Classes:
[Architectury Transformer DEBUG] net/fabricmc/api/EnvType -> net/minecraftforge/api/distmarker/Dist
[Architectury Transformer DEBUG] net/fabricmc/api/Environment -> net/minecraftforge/api/distmarker/OnlyIn
[Architectury Transformer DEBUG] Found class transformer
[Architectury Transformer DEBUG] Writing mod/syconn/swm/features/lightsaber/server/menu/LightsaberWorkbenchMenu with maxs=true frames=true
[Architectury Transformer DEBUG] Remapping refmap from intermediary to srg: swm-forge-forge-refmap.json
[Architectury Transformer DEBUG] Transformed mod/syconn/swm/features/lightsaber/server/menu/LightsaberWorkbenchMenu in 4.278 ms
[Architectury Transformer DEBUG] Transforming from mod/syconn/swm/features/lightsaber/network/ToggleLightsaberPacket.class to mod/syconn/swm/features/lightsaber/network/ToggleLightsaberPacket.class with 8 transformer(s) on dev.architectury.transformer.handler.TinyRemapperPreparedTransformerHandler
[Architectury Transformer DEBUG] Remapping with 1 mapping provider(s):
[Architectury Transformer DEBUG]  - dev.architectury.transformer.transformers.TransformForgeEnvironment$$Lambda/0x0000017cd409f168@718c7433
[Architectury Transformer DEBUG] Remapping Classes:
[Architectury Transformer DEBUG] net/fabricmc/api/EnvType -> net/minecraftforge/api/distmarker/Dist
[Architectury Transformer DEBUG] net/fabricmc/api/Environment -> net/minecraftforge/api/distmarker/OnlyIn
[Architectury Transformer DEBUG] Found class transformer
[Architectury Transformer DEBUG] Writing mod/syconn/swm/features/lightsaber/network/ToggleLightsaberPacket with maxs=true frames=true
[Architectury Transformer DEBUG] Remapping refmap from intermediary to srg: swm-forge-forge-refmap.json
[Architectury Transformer DEBUG] Transformed mod/syconn/swm/features/lightsaber/network/ToggleLightsaberPacket in 3.020 ms
[Architectury Transformer DEBUG] Transforming from mod/syconn/swm/features/lightsaber/server/menu/LightsaberAssemblerMenu.class to mod/syconn/swm/features/lightsaber/server/menu/LightsaberAssemblerMenu.class with 8 transformer(s) on dev.architectury.transformer.handler.TinyRemapperPreparedTransformerHandler
[Architectury Transformer DEBUG] Remapping with 1 mapping provider(s):
[Architectury Transformer DEBUG]  - dev.architectury.transformer.transformers.TransformForgeEnvironment$$Lambda/0x0000017cd409f168@718c7433
[Architectury Transformer DEBUG] Remapping Classes:
[Architectury Transformer DEBUG] net/fabricmc/api/EnvType -> net/minecraftforge/api/distmarker/Dist
[Architectury Transformer DEBUG] net/fabricmc/api/Environment -> net/minecraftforge/api/distmarker/OnlyIn
[Architectury Transformer DEBUG] Found class transformer
[Architectury Transformer DEBUG] Writing mod/syconn/swm/features/lightsaber/server/menu/LightsaberAssemblerMenu with maxs=true frames=true
[Architectury Transformer DEBUG] Remapping refmap from intermediary to srg: swm-forge-forge-refmap.json
[Architectury Transformer DEBUG] Transformed mod/syconn/swm/features/lightsaber/server/menu/LightsaberAssemblerMenu in 3.354 ms
[Architectury Transformer DEBUG] Transforming from mod/syconn/swm/core/ModRecipes$1.class to mod/syconn/swm/core/ModRecipes$1.class with 8 transformer(s) on dev.architectury.transformer.handler.TinyRemapperPreparedTransformerHandler
[Architectury Transformer DEBUG] Remapping with 1 mapping provider(s):
[Architectury Transformer DEBUG]  - dev.architectury.transformer.transformers.TransformForgeEnvironment$$Lambda/0x0000017cd409f168@718c7433
[Architectury Transformer DEBUG] Remapping Classes:
[Architectury Transformer DEBUG] net/fabricmc/api/EnvType -> net/minecraftforge/api/distmarker/Dist
[Architectury Transformer DEBUG] net/fabricmc/api/Environment -> net/minecraftforge/api/distmarker/OnlyIn
[Architectury Transformer DEBUG] Found class transformer
[Architectury Transformer DEBUG] Writing mod/syconn/swm/core/ModRecipes$1 with maxs=true frames=true
[Architectury Transformer DEBUG] Remapping refmap from intermediary to srg: swm-forge-forge-refmap.json
[Architectury Transformer DEBUG] Transformed mod/syconn/swm/core/ModRecipes$1 in 4.673 ms
[Architectury Transformer DEBUG] Transforming from mod/syconn/swm/features/lightsaber/data/LightsaberTag.class to mod/syconn/swm/features/lightsaber/data/LightsaberTag.class with 8 transformer(s) on dev.architectury.transformer.handler.TinyRemapperPreparedTransformerHandler
[Architectury Transformer DEBUG] Remapping with 1 mapping provider(s):
[Architectury Transformer DEBUG]  - dev.architectury.transformer.transformers.TransformForgeEnvironment$$Lambda/0x0000017cd409f168@718c7433
[Architectury Transformer DEBUG] Remapping Classes:
[Architectury Transformer DEBUG] net/fabricmc/api/EnvType -> net/minecraftforge/api/distmarker/Dist
[Architectury Transformer DEBUG] net/fabricmc/api/Environment -> net/minecraftforge/api/distmarker/OnlyIn
[Architectury Transformer DEBUG] Found class transformer
[Architectury Transformer DEBUG] Writing mod/syconn/swm/features/lightsaber/data/LightsaberTag with maxs=true frames=true
[Architectury Transformer DEBUG] Remapping refmap from intermediary to srg: swm-forge-forge-refmap.json
[Architectury Transformer DEBUG] Transformed mod/syconn/swm/features/lightsaber/data/LightsaberTag in 5.960 ms
[Architectury Transformer DEBUG] Transforming from mod/syconn/swm/features/lightsaber/network/ThrowLightsaberPacket.class to mod/syconn/swm/features/lightsaber/network/ThrowLightsaberPacket.class with 8 transformer(s) on dev.architectury.transformer.handler.TinyRemapperPreparedTransformerHandler
[Architectury Transformer DEBUG] Remapping with 1 mapping provider(s):
[Architectury Transformer DEBUG]  - dev.architectury.transformer.transformers.TransformForgeEnvironment$$Lambda/0x0000017cd409f168@718c7433
[Architectury Transformer DEBUG] Remapping Classes:
[Architectury Transformer DEBUG] net/fabricmc/api/EnvType -> net/minecraftforge/api/distmarker/Dist
[Architectury Transformer DEBUG] net/fabricmc/api/Environment -> net/minecraftforge/api/distmarker/OnlyIn
[Architectury Transformer DEBUG] Found class transformer
[Architectury Transformer DEBUG] Writing mod/syconn/swm/features/lightsaber/network/ThrowLightsaberPacket with maxs=true frames=true
[Architectury Transformer DEBUG] Remapping refmap from intermediary to srg: swm-forge-forge-refmap.json
[Architectury Transformer DEBUG] Transformed mod/syconn/swm/features/lightsaber/network/ThrowLightsaberPacket in 7.927 ms
[Architectury Transformer DEBUG] Transforming from mod/syconn/swm/network/packets/clientside/SyncResourceDataPacket.class to mod/syconn/swm/network/packets/clientside/SyncResourceDataPacket.class with 8 transformer(s) on dev.architectury.transformer.handler.TinyRemapperPreparedTransformerHandler
[Architectury Transformer DEBUG] Remapping with 1 mapping provider(s):
[Architectury Transformer DEBUG]  - dev.architectury.transformer.transformers.TransformForgeEnvironment$$Lambda/0x0000017cd409f168@718c7433
[Architectury Transformer DEBUG] Remapping Classes:
[Architectury Transformer DEBUG] net/fabricmc/api/EnvType -> net/minecraftforge/api/distmarker/Dist
[Architectury Transformer DEBUG] net/fabricmc/api/Environment -> net/minecraftforge/api/distmarker/OnlyIn
[Architectury Transformer DEBUG] Found class transformer
[Architectury Transformer DEBUG] Writing mod/syconn/swm/network/packets/clientside/SyncResourceDataPacket with maxs=true frames=true
[Architectury Transformer DEBUG] Remapping refmap from intermediary to srg: swm-forge-forge-refmap.json
[Architectury Transformer DEBUG] Transformed mod/syconn/swm/network/packets/clientside/SyncResourceDataPacket in 16.25 ms
[Architectury Transformer DEBUG] Transforming from mod/syconn/swm/StarWars.class to mod/syconn/swm/StarWars.class with 8 transformer(s) on dev.architectury.transformer.handler.TinyRemapperPreparedTransformerHandler
[Architectury Transformer DEBUG] Remapping with 1 mapping provider(s):
[Architectury Transformer DEBUG]  - dev.architectury.transformer.transformers.TransformForgeEnvironment$$Lambda/0x0000017cd409f168@718c7433
[Architectury Transformer DEBUG] Remapping Classes:
[Architectury Transformer DEBUG] net/fabricmc/api/EnvType -> net/minecraftforge/api/distmarker/Dist
[Architectury Transformer DEBUG] net/fabricmc/api/Environment -> net/minecraftforge/api/distmarker/OnlyIn
[Architectury Transformer DEBUG] Found class transformer
[Architectury Transformer DEBUG] Writing mod/syconn/swm/StarWars with maxs=true frames=true
[Architectury Transformer DEBUG] Remapping refmap from intermediary to srg: swm-forge-forge-refmap.json
[Architectury Transformer DEBUG] Transformed mod/syconn/swm/StarWars in 17.97 ms
[Architectury Transformer DEBUG] Transforming from mod/syconn/swm/features/lightsaber/network/ChangeLightsaberHSVPacket.class to mod/syconn/swm/features/lightsaber/network/ChangeLightsaberHSVPacket.class with 8 transformer(s) on dev.architectury.transformer.handler.TinyRemapperPreparedTransformerHandler
[Architectury Transformer DEBUG] Remapping with 1 mapping provider(s):
[Architectury Transformer DEBUG]  - dev.architectury.transformer.transformers.TransformForgeEnvironment$$Lambda/0x0000017cd409f168@718c7433
[Architectury Transformer DEBUG] Remapping Classes:
[Architectury Transformer DEBUG] net/fabricmc/api/EnvType -> net/minecraftforge/api/distmarker/Dist
[Architectury Transformer DEBUG] net/fabricmc/api/Environment -> net/minecraftforge/api/distmarker/OnlyIn
[Architectury Transformer DEBUG] Found class transformer
[Architectury Transformer DEBUG] Writing mod/syconn/swm/features/lightsaber/network/ChangeLightsaberHSVPacket with maxs=true frames=true
[Architectury Transformer DEBUG] Remapping refmap from intermediary to srg: swm-forge-forge-refmap.json
[Architectury Transformer DEBUG] Transformed mod/syconn/swm/features/lightsaber/network/ChangeLightsaberHSVPacket in 13.14 ms
[Architectury Transformer DEBUG] Transforming from mod/syconn/swm/server/data/SWGear$SWGearAccess.class to mod/syconn/swm/server/data/SWGear$SWGearAccess.class with 8 transformer(s) on dev.architectury.transformer.handler.TinyRemapperPreparedTransformerHandler
[Architectury Transformer DEBUG] Remapping with 1 mapping provider(s):
[Architectury Transformer DEBUG]  - dev.architectury.transformer.transformers.TransformForgeEnvironment$$Lambda/0x0000017cd409f168@718c7433
[Architectury Transformer DEBUG] Remapping Classes:
[Architectury Transformer DEBUG] net/fabricmc/api/EnvType -> net/minecraftforge/api/distmarker/Dist
[Architectury Transformer DEBUG] net/fabricmc/api/Environment -> net/minecraftforge/api/distmarker/OnlyIn
[Architectury Transformer DEBUG] Found class transformer
[Architectury Transformer DEBUG] Writing mod/syconn/swm/server/data/SWGear$SWGearAccess with maxs=true frames=true
[Architectury Transformer DEBUG] Remapping refmap from intermediary to srg: swm-forge-forge-refmap.json
[Architectury Transformer DEBUG] Transformed mod/syconn/swm/server/data/SWGear$SWGearAccess in 14.20 ms
[Architectury Transformer DEBUG] Transforming from mod/syconn/swm/client/keys/KeyHandler.class to mod/syconn/swm/client/keys/KeyHandler.class with 8 transformer(s) on dev.architectury.transformer.handler.TinyRemapperPreparedTransformerHandler
[Architectury Transformer DEBUG] Remapping with 1 mapping provider(s):
[Architectury Transformer DEBUG]  - dev.architectury.transformer.transformers.TransformForgeEnvironment$$Lambda/0x0000017cd409f168@718c7433
[Architectury Transformer DEBUG] Remapping Classes:
[Architectury Transformer DEBUG] net/fabricmc/api/EnvType -> net/minecraftforge/api/distmarker/Dist
[Architectury Transformer DEBUG] net/fabricmc/api/Environment -> net/minecraftforge/api/distmarker/OnlyIn
[Architectury Transformer DEBUG] Found class transformer
[Architectury Transformer DEBUG] Writing mod/syconn/swm/client/keys/KeyHandler with maxs=true frames=true
[Architectury Transformer DEBUG] Remapping refmap from intermediary to srg: swm-forge-forge-refmap.json
[Architectury Transformer DEBUG] Transformed mod/syconn/swm/client/keys/KeyHandler in 20.03 ms
[Architectury Transformer DEBUG] Transforming from mod/syconn/swm/features/lightsaber/network/CraftHiltPacket.class to mod/syconn/swm/features/lightsaber/network/CraftHiltPacket.class with 8 transformer(s) on dev.architectury.transformer.handler.TinyRemapperPreparedTransformerHandler
[Architectury Transformer DEBUG] Remapping with 1 mapping provider(s):
[Architectury Transformer DEBUG]  - dev.architectury.transformer.transformers.TransformForgeEnvironment$$Lambda/0x0000017cd409f168@718c7433
[Architectury Transformer DEBUG] Remapping Classes:
[Architectury Transformer DEBUG] net/fabricmc/api/EnvType -> net/minecraftforge/api/distmarker/Dist
[Architectury Transformer DEBUG] net/fabricmc/api/Environment -> net/minecraftforge/api/distmarker/OnlyIn
[Architectury Transformer DEBUG] Found class transformer
[Architectury Transformer DEBUG] Writing mod/syconn/swm/features/lightsaber/network/CraftHiltPacket with maxs=true frames=true
[Architectury Transformer DEBUG] Remapping refmap from intermediary to srg: swm-forge-forge-refmap.json
[Architectury Transformer DEBUG] Transformed mod/syconn/swm/features/lightsaber/network/CraftHiltPacket in 12.51 ms
[Architectury Transformer DEBUG] Transforming from mod/syconn/swm/network/packets/serverside/HoloCallPacket.class to mod/syconn/swm/network/packets/serverside/HoloCallPacket.class with 8 transformer(s) on dev.architectury.transformer.handler.TinyRemapperPreparedTransformerHandler
[Architectury Transformer DEBUG] Remapping with 1 mapping provider(s):
[Architectury Transformer DEBUG]  - dev.architectury.transformer.transformers.TransformForgeEnvironment$$Lambda/0x0000017cd409f168@718c7433
[Architectury Transformer DEBUG] Remapping Classes:
[Architectury Transformer DEBUG] net/fabricmc/api/EnvType -> net/minecraftforge/api/distmarker/Dist
[Architectury Transformer DEBUG] net/fabricmc/api/Environment -> net/minecraftforge/api/distmarker/OnlyIn
[Architectury Transformer DEBUG] Found class transformer
[Architectury Transformer DEBUG] Writing mod/syconn/swm/network/packets/serverside/HoloCallPacket with maxs=true frames=true
[Architectury Transformer DEBUG] Remapping refmap from intermediary to srg: swm-forge-forge-refmap.json
[Architectury Transformer DEBUG] Transformed mod/syconn/swm/network/packets/serverside/HoloCallPacket in 16.21 ms
[Architectury Transformer DEBUG] Transforming from mod/syconn/swm/core/ModBlocks.class to mod/syconn/swm/core/ModBlocks.class with 8 transformer(s) on dev.architectury.transformer.handler.TinyRemapperPreparedTransformerHandler
[Architectury Transformer DEBUG] Remapping with 1 mapping provider(s):
[Architectury Transformer DEBUG]  - dev.architectury.transformer.transformers.TransformForgeEnvironment$$Lambda/0x0000017cd409f168@718c7433
[Architectury Transformer DEBUG] Remapping Classes:
[Architectury Transformer DEBUG] net/fabricmc/api/EnvType -> net/minecraftforge/api/distmarker/Dist
[Architectury Transformer DEBUG] net/fabricmc/api/Environment -> net/minecraftforge/api/distmarker/OnlyIn
[Architectury Transformer DEBUG] Found class transformer
[Architectury Transformer DEBUG] Writing mod/syconn/swm/core/ModBlocks with maxs=true frames=true
[Architectury Transformer DEBUG] Remapping refmap from intermediary to srg: swm-forge-forge-refmap.json
[Architectury Transformer DEBUG] Transformed mod/syconn/swm/core/ModBlocks in 7.255 ms
[Architectury Transformer DEBUG] Transforming from mod/syconn/swm/network/packets/clientside/RequestedHologramPacket.class to mod/syconn/swm/network/packets/clientside/RequestedHologramPacket.class with 8 transformer(s) on dev.architectury.transformer.handler.TinyRemapperPreparedTransformerHandler
[Architectury Transformer DEBUG] Remapping with 1 mapping provider(s):
[Architectury Transformer DEBUG]  - dev.architectury.transformer.transformers.TransformForgeEnvironment$$Lambda/0x0000017cd409f168@718c7433
[Architectury Transformer DEBUG] Remapping Classes:
[Architectury Transformer DEBUG] net/fabricmc/api/EnvType -> net/minecraftforge/api/distmarker/Dist
[Architectury Transformer DEBUG] net/fabricmc/api/Environment -> net/minecraftforge/api/distmarker/OnlyIn
[Architectury Transformer DEBUG] Found class transformer
[Architectury Transformer DEBUG] Writing mod/syconn/swm/network/packets/clientside/RequestedHologramPacket with maxs=true frames=true
[Architectury Transformer DEBUG] Remapping refmap from intermediary to srg: swm-forge-forge-refmap.json
[Architectury Transformer DEBUG] Transformed mod/syconn/swm/network/packets/clientside/RequestedHologramPacket in 3.782 ms
[Architectury Transformer DEBUG] Transforming from mod/syconn/swm/network/packets/serverside/RequestHologramPacket.class to mod/syconn/swm/network/packets/serverside/RequestHologramPacket.class with 8 transformer(s) on dev.architectury.transformer.handler.TinyRemapperPreparedTransformerHandler
[Architectury Transformer DEBUG] Remapping with 1 mapping provider(s):
[Architectury Transformer DEBUG]  - dev.architectury.transformer.transformers.TransformForgeEnvironment$$Lambda/0x0000017cd409f168@718c7433
[Architectury Transformer DEBUG] Remapping Classes:
[Architectury Transformer DEBUG] net/fabricmc/api/EnvType -> net/minecraftforge/api/distmarker/Dist
[Architectury Transformer DEBUG] net/fabricmc/api/Environment -> net/minecraftforge/api/distmarker/OnlyIn
[Architectury Transformer DEBUG] Found class transformer
[Architectury Transformer DEBUG] Writing mod/syconn/swm/network/packets/serverside/RequestHologramPacket with maxs=true frames=true
[Architectury Transformer DEBUG] Remapping refmap from intermediary to srg: swm-forge-forge-refmap.json
[Architectury Transformer DEBUG] Transformed mod/syconn/swm/network/packets/serverside/RequestHologramPacket in 3.181 ms
[Architectury Transformer DEBUG] Transforming from mod/syconn/swm/network/packets/clientside/NotifyPlayerPacket.class to mod/syconn/swm/network/packets/clientside/NotifyPlayerPacket.class with 8 transformer(s) on dev.architectury.transformer.handler.TinyRemapperPreparedTransformerHandler
[Architectury Transformer DEBUG] Remapping with 1 mapping provider(s):
[Architectury Transformer DEBUG]  - dev.architectury.transformer.transformers.TransformForgeEnvironment$$Lambda/0x0000017cd409f168@718c7433
[Architectury Transformer DEBUG] Remapping Classes:
[Architectury Transformer DEBUG] net/fabricmc/api/EnvType -> net/minecraftforge/api/distmarker/Dist
[Architectury Transformer DEBUG] net/fabricmc/api/Environment -> net/minecraftforge/api/distmarker/OnlyIn
[Architectury Transformer DEBUG] Found class transformer
[Architectury Transformer DEBUG] Writing mod/syconn/swm/network/packets/clientside/NotifyPlayerPacket with maxs=true frames=true
[Architectury Transformer DEBUG] Remapping refmap from intermediary to srg: swm-forge-forge-refmap.json
[Architectury Transformer DEBUG] Transformed mod/syconn/swm/network/packets/clientside/NotifyPlayerPacket in 2.458 ms
[Architectury Transformer DEBUG] Transforming from mod/syconn/swm/features/lightsaber/network/PlayAmbientLightsaberSoundPacket.class to mod/syconn/swm/features/lightsaber/network/PlayAmbientLightsaberSoundPacket.class with 8 transformer(s) on dev.architectury.transformer.handler.TinyRemapperPreparedTransformerHandler
[Architectury Transformer DEBUG] Remapping with 1 mapping provider(s):
[Architectury Transformer DEBUG]  - dev.architectury.transformer.transformers.TransformForgeEnvironment$$Lambda/0x0000017cd409f168@718c7433
[Architectury Transformer DEBUG] Remapping Classes:
[Architectury Transformer DEBUG] net/fabricmc/api/EnvType -> net/minecraftforge/api/distmarker/Dist
[Architectury Transformer DEBUG] net/fabricmc/api/Environment -> net/minecraftforge/api/distmarker/OnlyIn
[Architectury Transformer DEBUG] Found class transformer
[Architectury Transformer DEBUG] Writing mod/syconn/swm/features/lightsaber/network/PlayAmbientLightsaberSoundPacket with maxs=true frames=true
[Architectury Transformer DEBUG] Remapping refmap from intermediary to srg: swm-forge-forge-refmap.json
[Architectury Transformer DEBUG] Transformed mod/syconn/swm/features/lightsaber/network/PlayAmbientLightsaberSoundPacket in 3.389 ms
[Architectury Transformer DEBUG] Transforming from mod/syconn/swm/network/packets/serverside/ToggleEquipmentSlotPacket.class to mod/syconn/swm/network/packets/serverside/ToggleEquipmentSlotPacket.class with 8 transformer(s) on dev.architectury.transformer.handler.TinyRemapperPreparedTransformerHandler
[Architectury Transformer DEBUG] Remapping with 1 mapping provider(s):
[Architectury Transformer DEBUG]  - dev.architectury.transformer.transformers.TransformForgeEnvironment$$Lambda/0x0000017cd409f168@718c7433
[Architectury Transformer DEBUG] Remapping Classes:
[Architectury Transformer DEBUG] net/fabricmc/api/EnvType -> net/minecraftforge/api/distmarker/Dist
[Architectury Transformer DEBUG] net/fabricmc/api/Environment -> net/minecraftforge/api/distmarker/OnlyIn
[Architectury Transformer DEBUG] Found class transformer
[Architectury Transformer DEBUG] Writing mod/syconn/swm/network/packets/serverside/ToggleEquipmentSlotPacket with maxs=true frames=true
[Architectury Transformer DEBUG] Remapping refmap from intermediary to srg: swm-forge-forge-refmap.json
[Architectury Transformer DEBUG] Transformed mod/syconn/swm/network/packets/serverside/ToggleEquipmentSlotPacket in 3.878 ms
[Architectury Transformer DEBUG] Transforming from mod/syconn/swm/utils/client/HologramData$HologramTag.class to mod/syconn/swm/utils/client/HologramData$HologramTag.class with 8 transformer(s) on dev.architectury.transformer.handler.TinyRemapperPreparedTransformerHandler
[Architectury Transformer DEBUG] Remapping with 1 mapping provider(s):
[Architectury Transformer DEBUG]  - dev.architectury.transformer.transformers.TransformForgeEnvironment$$Lambda/0x0000017cd409f168@718c7433
[Architectury Transformer DEBUG] Remapping Classes:
[Architectury Transformer DEBUG] net/fabricmc/api/EnvType -> net/minecraftforge/api/distmarker/Dist
[Architectury Transformer DEBUG] net/fabricmc/api/Environment -> net/minecraftforge/api/distmarker/OnlyIn
[Architectury Transformer DEBUG] Found class transformer
[Architectury Transformer DEBUG] Writing mod/syconn/swm/utils/client/HologramData$HologramTag with maxs=true frames=true
[Architectury Transformer DEBUG] Remapping refmap from intermediary to srg: swm-forge-forge-refmap.json
[Architectury Transformer DEBUG] Transformed mod/syconn/swm/utils/client/HologramData$HologramTag in 3.839 ms
[Architectury Transformer DEBUG] Transforming from mod/syconn/swm/features/addons/LightsaberContent.class to mod/syconn/swm/features/addons/LightsaberContent.class with 8 transformer(s) on dev.architectury.transformer.handler.TinyRemapperPreparedTransformerHandler
[Architectury Transformer DEBUG] Remapping with 1 mapping provider(s):
[Architectury Transformer DEBUG]  - dev.architectury.transformer.transformers.TransformForgeEnvironment$$Lambda/0x0000017cd409f168@718c7433
[Architectury Transformer DEBUG] Remapping Classes:
[Architectury Transformer DEBUG] net/fabricmc/api/EnvType -> net/minecraftforge/api/distmarker/Dist
[Architectury Transformer DEBUG] net/fabricmc/api/Environment -> net/minecraftforge/api/distmarker/OnlyIn
[Architectury Transformer DEBUG] Found class transformer
[Architectury Transformer DEBUG] Writing mod/syconn/swm/features/addons/LightsaberContent with maxs=true frames=true
[Architectury Transformer DEBUG] Remapping refmap from intermediary to srg: swm-forge-forge-refmap.json
[Architectury Transformer DEBUG] Transformed mod/syconn/swm/features/addons/LightsaberContent in 5.281 ms
[Architectury Transformer DEBUG] Transforming from mod/syconn/swm/utils/generic/ColorUtil.class to mod/syconn/swm/utils/generic/ColorUtil.class with 8 transformer(s) on dev.architectury.transformer.handler.TinyRemapperPreparedTransformerHandler
[Architectury Transformer DEBUG] Remapping with 1 mapping provider(s):
[Architectury Transformer DEBUG]  - dev.architectury.transformer.transformers.TransformForgeEnvironment$$Lambda/0x0000017cd409f168@718c7433
[Architectury Transformer DEBUG] Remapping Classes:
[Architectury Transformer DEBUG] net/fabricmc/api/EnvType -> net/minecraftforge/api/distmarker/Dist
[Architectury Transformer DEBUG] net/fabricmc/api/Environment -> net/minecraftforge/api/distmarker/OnlyIn
[Architectury Transformer DEBUG] Found class transformer
[Architectury Transformer DEBUG] Writing mod/syconn/swm/utils/generic/ColorUtil with maxs=true frames=true
[Architectury Transformer DEBUG] Remapping refmap from intermediary to srg: swm-forge-forge-refmap.json
[Architectury Transformer DEBUG] Transformed mod/syconn/swm/utils/generic/ColorUtil in 3.744 ms
[Architectury Transformer DEBUG] Transforming from mod/syconn/swm/utils/server/SyncedResourceManager$ISyncedData.class to mod/syconn/swm/utils/server/SyncedResourceManager$ISyncedData.class with 8 transformer(s) on dev.architectury.transformer.handler.TinyRemapperPreparedTransformerHandler
[Architectury Transformer DEBUG] Remapping with 1 mapping provider(s):
[Architectury Transformer DEBUG]  - dev.architectury.transformer.transformers.TransformForgeEnvironment$$Lambda/0x0000017cd409f168@718c7433
[Architectury Transformer DEBUG] Remapping Classes:
[Architectury Transformer DEBUG] net/fabricmc/api/EnvType -> net/minecraftforge/api/distmarker/Dist
[Architectury Transformer DEBUG] net/fabricmc/api/Environment -> net/minecraftforge/api/distmarker/OnlyIn
[Architectury Transformer DEBUG] Found class transformer
[Architectury Transformer DEBUG] Writing mod/syconn/swm/utils/server/SyncedResourceManager$ISyncedData with maxs=true frames=true
[Architectury Transformer DEBUG] Remapping refmap from intermediary to srg: swm-forge-forge-refmap.json
[Architectury Transformer DEBUG] Transformed mod/syconn/swm/utils/server/SyncedResourceManager$ISyncedData in 2.596 ms
[Architectury Transformer DEBUG] Transforming from mod/syconn/swm/features/lightsaber/block/LightsaberWorkbenchBlock.class to mod/syconn/swm/features/lightsaber/block/LightsaberWorkbenchBlock.class with 8 transformer(s) on dev.architectury.transformer.handler.TinyRemapperPreparedTransformerHandler
[Architectury Transformer DEBUG] Remapping with 1 mapping provider(s):
[Architectury Transformer DEBUG]  - dev.architectury.transformer.transformers.TransformForgeEnvironment$$Lambda/0x0000017cd409f168@718c7433
[Architectury Transformer DEBUG] Remapping Classes:
[Architectury Transformer DEBUG] net/fabricmc/api/EnvType -> net/minecraftforge/api/distmarker/Dist
[Architectury Transformer DEBUG] net/fabricmc/api/Environment -> net/minecraftforge/api/distmarker/OnlyIn
[Architectury Transformer DEBUG] Found class transformer
[Architectury Transformer DEBUG] Writing mod/syconn/swm/features/lightsaber/block/LightsaberWorkbenchBlock with maxs=true frames=true
[Architectury Transformer DEBUG] Remapping refmap from intermediary to srg: swm-forge-forge-refmap.json
[Architectury Transformer DEBUG] Transformed mod/syconn/swm/features/lightsaber/block/LightsaberWorkbenchBlock in 3.328 ms
[Architectury Transformer DEBUG] Transforming from mod/syconn/swm/utils/server/JsonResourceReloader.class to mod/syconn/swm/utils/server/JsonResourceReloader.class with 8 transformer(s) on dev.architectury.transformer.handler.TinyRemapperPreparedTransformerHandler
[Architectury Transformer DEBUG] Remapping with 1 mapping provider(s):
[Architectury Transformer DEBUG]  - dev.architectury.transformer.transformers.TransformForgeEnvironment$$Lambda/0x0000017cd409f168@718c7433
[Architectury Transformer DEBUG] Remapping Classes:
[Architectury Transformer DEBUG] net/fabricmc/api/EnvType -> net/minecraftforge/api/distmarker/Dist
[Architectury Transformer DEBUG] net/fabricmc/api/Environment -> net/minecraftforge/api/distmarker/OnlyIn
[Architectury Transformer DEBUG] Found class transformer
[Architectury Transformer DEBUG] Writing mod/syconn/swm/utils/server/JsonResourceReloader with maxs=true frames=true
[Architectury Transformer DEBUG] Remapping refmap from intermediary to srg: swm-forge-forge-refmap.json
[Architectury Transformer DEBUG] Transformed mod/syconn/swm/utils/server/JsonResourceReloader in 2.785 ms
[Architectury Transformer DEBUG] Transforming from mod/syconn/swm/utils/interfaces/ISerializable.class to mod/syconn/swm/utils/interfaces/ISerializable.class with 8 transformer(s) on dev.architectury.transformer.handler.TinyRemapperPreparedTransformerHandler
[Architectury Transformer DEBUG] Remapping with 1 mapping provider(s):
[Architectury Transformer DEBUG]  - dev.architectury.transformer.transformers.TransformForgeEnvironment$$Lambda/0x0000017cd409f168@718c7433
[Architectury Transformer DEBUG] Remapping Classes:
[Architectury Transformer DEBUG] net/fabricmc/api/EnvType -> net/minecraftforge/api/distmarker/Dist
[Architectury Transformer DEBUG] net/fabricmc/api/Environment -> net/minecraftforge/api/distmarker/OnlyIn
[Architectury Transformer DEBUG] Found class transformer
[Architectury Transformer DEBUG] Writing mod/syconn/swm/utils/interfaces/ISerializable with maxs=true frames=true
[Architectury Transformer DEBUG] Remapping refmap from intermediary to srg: swm-forge-forge-refmap.json
[Architectury Transformer DEBUG] Transformed mod/syconn/swm/utils/interfaces/ISerializable in 2.525 ms
[Architectury Transformer DEBUG] Transforming from mod/syconn/swm/features/lightsaber/data/LightsaberData.class to mod/syconn/swm/features/lightsaber/data/LightsaberData.class with 8 transformer(s) on dev.architectury.transformer.handler.TinyRemapperPreparedTransformerHandler
[Architectury Transformer DEBUG] Remapping with 1 mapping provider(s):
[Architectury Transformer DEBUG]  - dev.architectury.transformer.transformers.TransformForgeEnvironment$$Lambda/0x0000017cd409f168@718c7433
[Architectury Transformer DEBUG] Remapping Classes:
[Architectury Transformer DEBUG] net/fabricmc/api/EnvType -> net/minecraftforge/api/distmarker/Dist
[Architectury Transformer DEBUG] net/fabricmc/api/Environment -> net/minecraftforge/api/distmarker/OnlyIn
[Architectury Transformer DEBUG] Found class transformer
[Architectury Transformer DEBUG] Writing mod/syconn/swm/features/lightsaber/data/LightsaberData with maxs=true frames=true
[Architectury Transformer DEBUG] Remapping refmap from intermediary to srg: swm-forge-forge-refmap.json
[Architectury Transformer DEBUG] Transformed mod/syconn/swm/features/lightsaber/data/LightsaberData in 3.784 ms
[Architectury Transformer DEBUG] Transforming from mod/syconn/swm/client/StarWarsClient.class to mod/syconn/swm/client/StarWarsClient.class with 8 transformer(s) on dev.architectury.transformer.handler.TinyRemapperPreparedTransformerHandler
[Architectury Transformer DEBUG] Remapping with 1 mapping provider(s):
[Architectury Transformer DEBUG]  - dev.architectury.transformer.transformers.TransformForgeEnvironment$$Lambda/0x0000017cd409f168@718c7433
[Architectury Transformer DEBUG] Remapping Classes:
[Architectury Transformer DEBUG] net/fabricmc/api/EnvType -> net/minecraftforge/api/distmarker/Dist
[Architectury Transformer DEBUG] net/fabricmc/api/Environment -> net/minecraftforge/api/distmarker/OnlyIn
[Architectury Transformer DEBUG] Found class transformer
[Architectury Transformer DEBUG] Writing mod/syconn/swm/client/StarWarsClient with maxs=true frames=true
[Architectury Transformer DEBUG] Remapping refmap from intermediary to srg: swm-forge-forge-refmap.json
[Architectury Transformer DEBUG] Transformed mod/syconn/swm/client/StarWarsClient in 3.077 ms
[Architectury Transformer DEBUG] Transforming from mod/syconn/swm/server/containers/slot/EquipmentItemSlot.class to mod/syconn/swm/server/containers/slot/EquipmentItemSlot.class with 8 transformer(s) on dev.architectury.transformer.handler.TinyRemapperPreparedTransformerHandler
[Architectury Transformer DEBUG] Remapping with 1 mapping provider(s):
[Architectury Transformer DEBUG]  - dev.architectury.transformer.transformers.TransformForgeEnvironment$$Lambda/0x0000017cd409f168@718c7433
[Architectury Transformer DEBUG] Remapping Classes:
[Architectury Transformer DEBUG] net/fabricmc/api/EnvType -> net/minecraftforge/api/distmarker/Dist
[Architectury Transformer DEBUG] net/fabricmc/api/Environment -> net/minecraftforge/api/distmarker/OnlyIn
[Architectury Transformer DEBUG] Found class transformer
[Architectury Transformer DEBUG] Writing mod/syconn/swm/server/containers/slot/EquipmentItemSlot with maxs=true frames=true
[Architectury Transformer DEBUG] Remapping refmap from intermediary to srg: swm-forge-forge-refmap.json
[Architectury Transformer DEBUG] Transformed mod/syconn/swm/server/containers/slot/EquipmentItemSlot in 2.306 ms
[Architectury Transformer DEBUG] Transforming from mod/syconn/swm/utils/interfaces/IEquipmentItem$SWEquipmentSlot.class to mod/syconn/swm/utils/interfaces/IEquipmentItem$SWEquipmentSlot.class with 8 transformer(s) on dev.architectury.transformer.handler.TinyRemapperPreparedTransformerHandler
[Architectury Transformer DEBUG] Remapping with 1 mapping provider(s):
[Architectury Transformer DEBUG]  - dev.architectury.transformer.transformers.TransformForgeEnvironment$$Lambda/0x0000017cd409f168@718c7433
[Architectury Transformer DEBUG] Remapping Classes:
[Architectury Transformer DEBUG] net/fabricmc/api/EnvType -> net/minecraftforge/api/distmarker/Dist
[Architectury Transformer DEBUG] net/fabricmc/api/Environment -> net/minecraftforge/api/distmarker/OnlyIn
[Architectury Transformer DEBUG] Found class transformer
[Architectury Transformer DEBUG] Writing mod/syconn/swm/utils/interfaces/IEquipmentItem$SWEquipmentSlot with maxs=true frames=true
[Architectury Transformer DEBUG] Remapping refmap from intermediary to srg: swm-forge-forge-refmap.json
[Architectury Transformer DEBUG] Transformed mod/syconn/swm/utils/interfaces/IEquipmentItem$SWEquipmentSlot in 1.879 ms
[Architectury Transformer DEBUG] Transforming from mod/syconn/swm/utils/interfaces/IModifiedItemRenderer.class to mod/syconn/swm/utils/interfaces/IModifiedItemRenderer.class with 8 transformer(s) on dev.architectury.transformer.handler.TinyRemapperPreparedTransformerHandler
[Architectury Transformer DEBUG] Remapping with 1 mapping provider(s):
[Architectury Transformer DEBUG]  - dev.architectury.transformer.transformers.TransformForgeEnvironment$$Lambda/0x0000017cd409f168@718c7433
[Architectury Transformer DEBUG] Remapping Classes:
[Architectury Transformer DEBUG] net/fabricmc/api/EnvType -> net/minecraftforge/api/distmarker/Dist
[Architectury Transformer DEBUG] net/fabricmc/api/Environment -> net/minecraftforge/api/distmarker/OnlyIn
[Architectury Transformer DEBUG] Found class transformer
[Architectury Transformer DEBUG] Writing mod/syconn/swm/utils/interfaces/IModifiedItemRenderer with maxs=true frames=true
[Architectury Transformer DEBUG] Remapping refmap from intermediary to srg: swm-forge-forge-refmap.json
[Architectury Transformer DEBUG] Transformed mod/syconn/swm/utils/interfaces/IModifiedItemRenderer in 2.793 ms
[Architectury Transformer DEBUG] Transforming from mod/syconn/swm/core/ModItems.class to mod/syconn/swm/core/ModItems.class with 8 transformer(s) on dev.architectury.transformer.handler.TinyRemapperPreparedTransformerHandler
[Architectury Transformer DEBUG] Remapping with 1 mapping provider(s):
[Architectury Transformer DEBUG]  - dev.architectury.transformer.transformers.TransformForgeEnvironment$$Lambda/0x0000017cd409f168@718c7433
[Architectury Transformer DEBUG] Remapping Classes:
[Architectury Transformer DEBUG] net/fabricmc/api/EnvType -> net/minecraftforge/api/distmarker/Dist
[Architectury Transformer DEBUG] net/fabricmc/api/Environment -> net/minecraftforge/api/distmarker/OnlyIn
[Architectury Transformer DEBUG] Found class transformer
[Architectury Transformer DEBUG] Writing mod/syconn/swm/core/ModItems with maxs=true frames=true
[Architectury Transformer DEBUG] Remapping refmap from intermediary to srg: swm-forge-forge-refmap.json
[Architectury Transformer DEBUG] Transformed mod/syconn/swm/core/ModItems in 3.309 ms
[Architectury Transformer DEBUG] Transforming from mod/syconn/swm/utils/interfaces/IModifiedPoseRenderer.class to mod/syconn/swm/utils/interfaces/IModifiedPoseRenderer.class with 8 transformer(s) on dev.architectury.transformer.handler.TinyRemapperPreparedTransformerHandler
[Architectury Transformer DEBUG] Remapping with 1 mapping provider(s):
[Architectury Transformer DEBUG]  - dev.architectury.transformer.transformers.TransformForgeEnvironment$$Lambda/0x0000017cd409f168@718c7433
[Architectury Transformer DEBUG] Remapping Classes:
[Architectury Transformer DEBUG] net/fabricmc/api/EnvType -> net/minecraftforge/api/distmarker/Dist
[Architectury Transformer DEBUG] net/fabricmc/api/Environment -> net/minecraftforge/api/distmarker/OnlyIn
[Architectury Transformer DEBUG] Found class transformer
[Architectury Transformer DEBUG] Writing mod/syconn/swm/utils/interfaces/IModifiedPoseRenderer with maxs=true frames=true
[Architectury Transformer DEBUG] Remapping refmap from intermediary to srg: swm-forge-forge-refmap.json
[Architectury Transformer DEBUG] Transformed mod/syconn/swm/utils/interfaces/IModifiedPoseRenderer in 4.589 ms
[Architectury Transformer DEBUG] Transforming from mod/syconn/swm/server/data/SWGear.class to mod/syconn/swm/server/data/SWGear.class with 8 transformer(s) on dev.architectury.transformer.handler.TinyRemapperPreparedTransformerHandler
[Architectury Transformer DEBUG] Remapping with 1 mapping provider(s):
[Architectury Transformer DEBUG]  - dev.architectury.transformer.transformers.TransformForgeEnvironment$$Lambda/0x0000017cd409f168@718c7433
[Architectury Transformer DEBUG] Remapping Classes:
[Architectury Transformer DEBUG] net/fabricmc/api/EnvType -> net/minecraftforge/api/distmarker/Dist
[Architectury Transformer DEBUG] net/fabricmc/api/Environment -> net/minecraftforge/api/distmarker/OnlyIn
[Architectury Transformer DEBUG] Found class transformer
[Architectury Transformer DEBUG] Writing mod/syconn/swm/server/data/SWGear with maxs=true frames=true
[Architectury Transformer DEBUG] Remapping refmap from intermediary to srg: swm-forge-forge-refmap.json
[Architectury Transformer DEBUG] Transformed mod/syconn/swm/server/data/SWGear in 3.170 ms
[Architectury Transformer DEBUG] Transforming from mod/syconn/swm/features/lightsaber/client/item/LightsaberItemRender.class to mod/syconn/swm/features/lightsaber/client/item/LightsaberItemRender.class with 8 transformer(s) on dev.architectury.transformer.handler.TinyRemapperPreparedTransformerHandler
[Architectury Transformer DEBUG] Remapping with 1 mapping provider(s):
[Architectury Transformer DEBUG]  - dev.architectury.transformer.transformers.TransformForgeEnvironment$$Lambda/0x0000017cd409f168@718c7433
[Architectury Transformer DEBUG] Remapping Classes:
[Architectury Transformer DEBUG] net/fabricmc/api/EnvType -> net/minecraftforge/api/distmarker/Dist
[Architectury Transformer DEBUG] net/fabricmc/api/Environment -> net/minecraftforge/api/distmarker/OnlyIn
[Architectury Transformer DEBUG] Found class transformer
[Architectury Transformer DEBUG] Writing mod/syconn/swm/features/lightsaber/client/item/LightsaberItemRender with maxs=true frames=true
[Architectury Transformer DEBUG] Remapping refmap from intermediary to srg: swm-forge-forge-refmap.json
[Architectury Transformer DEBUG] Transformed mod/syconn/swm/features/lightsaber/client/item/LightsaberItemRender in 3.935 ms
[Architectury Transformer DEBUG] Transforming from mod/syconn/swm/utils/interfaces/IItemExtensions.class to mod/syconn/swm/utils/interfaces/IItemExtensions.class with 8 transformer(s) on dev.architectury.transformer.handler.TinyRemapperPreparedTransformerHandler
[Architectury Transformer DEBUG] Remapping with 1 mapping provider(s):
[Architectury Transformer DEBUG]  - dev.architectury.transformer.transformers.TransformForgeEnvironment$$Lambda/0x0000017cd409f168@718c7433
[Architectury Transformer DEBUG] Remapping Classes:
[Architectury Transformer DEBUG] net/fabricmc/api/EnvType -> net/minecraftforge/api/distmarker/Dist
[Architectury Transformer DEBUG] net/fabricmc/api/Environment -> net/minecraftforge/api/distmarker/OnlyIn
[Architectury Transformer DEBUG] Found class transformer
[Architectury Transformer DEBUG] Writing mod/syconn/swm/utils/interfaces/IItemExtensions with maxs=true frames=true
[Architectury Transformer DEBUG] Remapping refmap from intermediary to srg: swm-forge-forge-refmap.json
[Architectury Transformer DEBUG] Transformed mod/syconn/swm/utils/interfaces/IItemExtensions in 3.431 ms
[Architectury Transformer DEBUG] Transforming from mod/syconn/swm/client/render/item/HoloProjectorItemRenderer.class to mod/syconn/swm/client/render/item/HoloProjectorItemRenderer.class with 8 transformer(s) on dev.architectury.transformer.handler.TinyRemapperPreparedTransformerHandler
[Architectury Transformer DEBUG] Remapping with 1 mapping provider(s):
[Architectury Transformer DEBUG]  - dev.architectury.transformer.transformers.TransformForgeEnvironment$$Lambda/0x0000017cd409f168@718c7433
[Architectury Transformer DEBUG] Remapping Classes:
[Architectury Transformer DEBUG] net/fabricmc/api/EnvType -> net/minecraftforge/api/distmarker/Dist
[Architectury Transformer DEBUG] net/fabricmc/api/Environment -> net/minecraftforge/api/distmarker/OnlyIn
[Architectury Transformer DEBUG] Found class transformer
[Architectury Transformer DEBUG] Writing mod/syconn/swm/client/render/item/HoloProjectorItemRenderer with maxs=true frames=true
[Architectury Transformer DEBUG] Remapping refmap from intermediary to srg: swm-forge-forge-refmap.json
[Architectury Transformer DEBUG] Transformed mod/syconn/swm/client/render/item/HoloProjectorItemRenderer in 2.514 ms
[Architectury Transformer DEBUG] Transforming from mod/syconn/swm/utils/interfaces/IEquipmentItem.class to mod/syconn/swm/utils/interfaces/IEquipmentItem.class with 8 transformer(s) on dev.architectury.transformer.handler.TinyRemapperPreparedTransformerHandler
[Architectury Transformer DEBUG] Remapping with 1 mapping provider(s):
[Architectury Transformer DEBUG]  - dev.architectury.transformer.transformers.TransformForgeEnvironment$$Lambda/0x0000017cd409f168@718c7433
[Architectury Transformer DEBUG] Remapping Classes:
[Architectury Transformer DEBUG] net/fabricmc/api/EnvType -> net/minecraftforge/api/distmarker/Dist
[Architectury Transformer DEBUG] net/fabricmc/api/Environment -> net/minecraftforge/api/distmarker/OnlyIn
[Architectury Transformer DEBUG] Found class transformer
[Architectury Transformer DEBUG] Writing mod/syconn/swm/utils/interfaces/IEquipmentItem with maxs=true frames=true
[Architectury Transformer DEBUG] Remapping refmap from intermediary to srg: swm-forge-forge-refmap.json
[Architectury Transformer DEBUG] Transformed mod/syconn/swm/utils/interfaces/IEquipmentItem in 2.925 ms
[Architectury Transformer DEBUG] Transforming from mod/syconn/swm/features/blaster/client/BlasterItemRenderer.class to mod/syconn/swm/features/blaster/client/BlasterItemRenderer.class with 8 transformer(s) on dev.architectury.transformer.handler.TinyRemapperPreparedTransformerHandler
[Architectury Transformer DEBUG] Remapping with 1 mapping provider(s):
[Architectury Transformer DEBUG]  - dev.architectury.transformer.transformers.TransformForgeEnvironment$$Lambda/0x0000017cd409f168@718c7433
[Architectury Transformer DEBUG] Remapping Classes:
[Architectury Transformer DEBUG] net/fabricmc/api/EnvType -> net/minecraftforge/api/distmarker/Dist
[Architectury Transformer DEBUG] net/fabricmc/api/Environment -> net/minecraftforge/api/distmarker/OnlyIn
[Architectury Transformer DEBUG] Found class transformer
[Architectury Transformer DEBUG] Writing mod/syconn/swm/features/blaster/client/BlasterItemRenderer with maxs=true frames=true
[Architectury Transformer DEBUG] Remapping refmap from intermediary to srg: swm-forge-forge-refmap.json
[Architectury Transformer DEBUG] Transformed mod/syconn/swm/features/blaster/client/BlasterItemRenderer in 2.284 ms
[Architectury Transformer DEBUG] Transforming from mod/syconn/swm/features/lightsaber/item/LightsaberItem.class to mod/syconn/swm/features/lightsaber/item/LightsaberItem.class with 8 transformer(s) on dev.architectury.transformer.handler.TinyRemapperPreparedTransformerHandler
[Architectury Transformer DEBUG] Remapping with 1 mapping provider(s):
[Architectury Transformer DEBUG]  - dev.architectury.transformer.transformers.TransformForgeEnvironment$$Lambda/0x0000017cd409f168@718c7433
[Architectury Transformer DEBUG] Remapping Classes:
[Architectury Transformer DEBUG] net/fabricmc/api/EnvType -> net/minecraftforge/api/distmarker/Dist
[Architectury Transformer DEBUG] net/fabricmc/api/Environment -> net/minecraftforge/api/distmarker/OnlyIn
[Architectury Transformer DEBUG] Found class transformer
[Architectury Transformer DEBUG] Writing mod/syconn/swm/features/lightsaber/item/LightsaberItem with maxs=true frames=true
[Architectury Transformer DEBUG] Remapping refmap from intermediary to srg: swm-forge-forge-refmap.json
[Architectury Transformer DEBUG] Transformed mod/syconn/swm/features/lightsaber/item/LightsaberItem in 3.664 ms
[Architectury Transformer DEBUG] Transforming from mod/syconn/swm/utils/generic/NBTUtil.class to mod/syconn/swm/utils/generic/NBTUtil.class with 8 transformer(s) on dev.architectury.transformer.handler.TinyRemapperPreparedTransformerHandler
[Architectury Transformer DEBUG] Remapping with 1 mapping provider(s):
[Architectury Transformer DEBUG]  - dev.architectury.transformer.transformers.TransformForgeEnvironment$$Lambda/0x0000017cd409f168@718c7433
[Architectury Transformer DEBUG] Remapping Classes:
[Architectury Transformer DEBUG] net/fabricmc/api/EnvType -> net/minecraftforge/api/distmarker/Dist
[Architectury Transformer DEBUG] net/fabricmc/api/Environment -> net/minecraftforge/api/distmarker/OnlyIn
[Architectury Transformer DEBUG] Found class transformer
[Architectury Transformer DEBUG] Writing mod/syconn/swm/utils/generic/NBTUtil with maxs=true frames=true
[Architectury Transformer DEBUG] Remapping refmap from intermediary to srg: swm-forge-forge-refmap.json
[Architectury Transformer DEBUG] Transformed mod/syconn/swm/utils/generic/NBTUtil in 4.359 ms
[Architectury Transformer DEBUG] Transforming from mod/syconn/swm/core/ModKeys.class to mod/syconn/swm/core/ModKeys.class with 8 transformer(s) on dev.architectury.transformer.handler.TinyRemapperPreparedTransformerHandler
[Architectury Transformer DEBUG] Remapping with 1 mapping provider(s):
[Architectury Transformer DEBUG]  - dev.architectury.transformer.transformers.TransformForgeEnvironment$$Lambda/0x0000017cd409f168@718c7433
[Architectury Transformer DEBUG] Remapping Classes:
[Architectury Transformer DEBUG] net/fabricmc/api/EnvType -> net/minecraftforge/api/distmarker/Dist
[Architectury Transformer DEBUG] net/fabricmc/api/Environment -> net/minecraftforge/api/distmarker/OnlyIn
[Architectury Transformer DEBUG] Found class transformer
[Architectury Transformer DEBUG] Writing mod/syconn/swm/core/ModKeys with maxs=true frames=true
[Architectury Transformer DEBUG] Remapping refmap from intermediary to srg: swm-forge-forge-refmap.json
[Architectury Transformer DEBUG] Transformed mod/syconn/swm/core/ModKeys in 2.845 ms
[Architectury Transformer DEBUG] Closed File Systems for C:\Users\Aidan\IdeaProjects\StarWarsMod\1.20.1\common\build\devlibs\swm-common-2.1.5-dev.jar
[Architectury Transformer] Detected File Modification at swm-common-2.1.5-dev.jar
[Architectury Transformer DEBUG] Transforming 8 transformer(s) from C:\Users\Aidan\IdeaProjects\StarWarsMod\1.20.1\common\build\devlibs\swm-common-2.1.5-dev.jar to C:\Users\Aidan\AppData\Local\Temp\8976393500639166737.jar: 
[Architectury Transformer DEBUG]  - dev.architectury.transformer.transformers.RuntimeMixinRefmapDetector@27d579b3
[Architectury Transformer DEBUG]  - dev.architectury.transformer.transformers.TransformExpectPlatform@c9c03ea
[Architectury Transformer DEBUG]  - dev.architectury.transformer.transformers.RemapInjectables@1c29eff1
[Architectury Transformer DEBUG]  - dev.architectury.transformer.transformers.TransformPlatformOnly@25f2962d
[Architectury Transformer DEBUG]  - dev.architectury.transformer.transformers.TransformForgeAnnotations@29e66bc1
[Architectury Transformer DEBUG]  - dev.architectury.transformer.transformers.TransformForgeEnvironment@4509be44
[Architectury Transformer DEBUG]  - dev.architectury.transformer.transformers.GenerateFakeForgeMod@168c8773
[Architectury Transformer DEBUG]  - dev.architectury.transformer.transformers.FixForgeMixin@277e2871
[Architectury Transformer DEBUG] Transforming from C:\Users\Aidan\IdeaProjects\StarWarsMod\1.20.1\common\build\devlibs\swm-common-2.1.5-dev.jar to C:\Users\Aidan\AppData\Local\Temp\8976393500639166737.jar with 8 transformer(s) on dev.architectury.transformer.handler.SimpleTransformerHandler
[Architectury Transformer DEBUG] Remapping with 1 mapping provider(s):
[Architectury Transformer DEBUG]  - dev.architectury.transformer.transformers.TransformForgeEnvironment$$Lambda/0x0000017cd409f168@718c7433
[Architectury Transformer DEBUG] Remapping Classes:
[Architectury Transformer DEBUG] net/fabricmc/api/EnvType -> net/minecraftforge/api/distmarker/Dist
[Architectury Transformer DEBUG] net/fabricmc/api/Environment -> net/minecraftforge/api/distmarker/OnlyIn
[Architectury Transformer DEBUG] Found class transformer
[Architectury Transformer DEBUG] Writing generatedgenerated_c154ac9/generated_c154ac9 with maxs=true frames=true
[Architectury Transformer DEBUG] Writing architectury_inject_StarWarsMod1201_forge_61f6c1d951f0447da19819dbdfd54a5e_2f1fec6fdab5e1c8ea4311274a4c00afbcc063ce21dbdbb5067a2170547a67d1swmcommon215devjar/PlatformMethods with maxs=true frames=true
[Architectury Transformer DEBUG] Writing mod/syconn/swm/StarWars with maxs=true frames=true
[Architectury Transformer DEBUG] Writing mod/syconn/swm/block/HoloProjectorBlock with maxs=true frames=true
[Architectury Transformer DEBUG] Writing mod/syconn/swm/block/TwoPartBlock with maxs=true frames=true
[Architectury Transformer DEBUG] Writing mod/syconn/swm/blockentity/SyncedBlockEntity with maxs=true frames=true
[Architectury Transformer DEBUG] Writing mod/syconn/swm/blockentity/HoloProjectorBlockEntity with maxs=true frames=true
[Architectury Transformer DEBUG] Writing mod/syconn/swm/client/ClientHooks with maxs=true frames=true
[Architectury Transformer DEBUG] Writing mod/syconn/swm/client/StarWarsClient with maxs=true frames=true
[Architectury Transformer DEBUG] Writing mod/syconn/swm/client/keys/KeyHandler with maxs=true frames=true
[Architectury Transformer DEBUG] Writing mod/syconn/swm/client/render/block/HoloProjectorBlockEntityRenderer with maxs=true frames=true
[Architectury Transformer DEBUG] Writing mod/syconn/swm/client/render/entity/PlasmaRenderer with maxs=true frames=true
[Architectury Transformer DEBUG] Writing mod/syconn/swm/client/render/entity/HologramRenderer with maxs=true frames=true
[Architectury Transformer DEBUG] Writing mod/syconn/swm/client/render/entity/layers/SWGearLayer with maxs=true frames=true
[Architectury Transformer DEBUG] Writing mod/syconn/swm/client/render/item/HoloProjectorItemRenderer with maxs=true frames=true
[Architectury Transformer DEBUG] Writing mod/syconn/swm/client/screen/CallMenuWidget with maxs=true frames=true
[Architectury Transformer DEBUG] Writing mod/syconn/swm/client/screen/HologramScreen$Page with maxs=true frames=true
[Architectury Transformer DEBUG] Writing mod/syconn/swm/client/screen/HologramScreen$1 with maxs=true frames=true
[Architectury Transformer DEBUG] Writing mod/syconn/swm/client/screen/HologramScreen with maxs=true frames=true
[Architectury Transformer DEBUG] Writing mod/syconn/swm/client/screen/CallMenuWidget$MenuData with maxs=true frames=true
[Architectury Transformer DEBUG] Writing mod/syconn/swm/client/screen/components/ErrorWidget with maxs=true frames=true
[Architectury Transformer DEBUG] Writing mod/syconn/swm/client/screen/components/SliderWidget$OnChange with maxs=true frames=true
[Architectury Transformer DEBUG] Writing mod/syconn/swm/client/screen/components/SliderWidget with maxs=true frames=true
[Architectury Transformer DEBUG] Writing mod/syconn/swm/client/screen/components/ScrollerWidget with maxs=true frames=true
[Architectury Transformer DEBUG] Writing mod/syconn/swm/client/screen/components/PlayerCountWidget with maxs=true frames=true
[Architectury Transformer DEBUG] Writing mod/syconn/swm/client/screen/components/ColoredSliderBar with maxs=true frames=true
[Architectury Transformer DEBUG] Writing mod/syconn/swm/client/screen/components/buttons/RefreshButton with maxs=true frames=true
[Architectury Transformer DEBUG] Writing mod/syconn/swm/client/screen/components/buttons/CallButton with maxs=true frames=true
[Architectury Transformer DEBUG] Writing mod/syconn/swm/client/screen/components/buttons/CallButton$Type with maxs=true frames=true
[Architectury Transformer DEBUG] Writing mod/syconn/swm/client/screen/components/buttons/ToggleButton$Color with maxs=true frames=true
[Architectury Transformer DEBUG] Writing mod/syconn/swm/client/screen/components/buttons/ToggleButton with maxs=true frames=true
[Architectury Transformer DEBUG] Writing mod/syconn/swm/client/screen/components/buttons/ExpandedButton with maxs=true frames=true
[Architectury Transformer DEBUG] Writing mod/syconn/swm/client/screen/components/buttons/ToggleButton$OnPress with maxs=true frames=true
[Architectury Transformer DEBUG] Writing mod/syconn/swm/client/screen/components/buttons/RefreshButton$OnPress with maxs=true frames=true
[Architectury Transformer DEBUG] Writing mod/syconn/swm/client/screen/components/buttons/ColoredLightsaberButton with maxs=true frames=true
[Architectury Transformer DEBUG] Writing mod/syconn/swm/client/sounds/HoloProjectorSoundInstance with maxs=true frames=true
[Architectury Transformer DEBUG] Writing mod/syconn/swm/core/ModBlockEntities with maxs=true frames=true
[Architectury Transformer DEBUG] Writing mod/syconn/swm/core/ModDamageSources with maxs=true frames=true
[Architectury Transformer DEBUG] Writing mod/syconn/swm/core/ModItems with maxs=true frames=true
[Architectury Transformer DEBUG] Writing mod/syconn/swm/core/ModRecipes with maxs=true frames=true
[Architectury Transformer DEBUG] Writing mod/syconn/swm/core/ModTags with maxs=true frames=true
[Architectury Transformer DEBUG] Writing mod/syconn/swm/core/ModBlocks with maxs=true frames=true
[Architectury Transformer DEBUG] Writing mod/syconn/swm/core/ModKeys with maxs=true frames=true
[Architectury Transformer DEBUG] Writing mod/syconn/swm/core/ModRecipes$1 with maxs=true frames=true
[Architectury Transformer DEBUG] Writing mod/syconn/swm/core/ModSounds with maxs=true frames=true
[Architectury Transformer DEBUG] Writing mod/syconn/swm/core/ModEntities with maxs=true frames=true
[Architectury Transformer DEBUG] Writing mod/syconn/swm/core/ModMenus with maxs=true frames=true
[Architectury Transformer DEBUG] Writing mod/syconn/swm/features/addons/LightsaberContent with maxs=true frames=true
[Architectury Transformer DEBUG] Writing mod/syconn/swm/features/blaster/client/BoltRendererHelper with maxs=true frames=true
[Architectury Transformer DEBUG] Writing mod/syconn/swm/features/blaster/client/BlasterItemRenderer with maxs=true frames=true
[Architectury Transformer DEBUG] Writing mod/syconn/swm/features/blaster/client/entity/BlasterBoltRenderer with maxs=true frames=true
[Architectury Transformer DEBUG] Writing mod/syconn/swm/features/blaster/data/BlasterTag with maxs=true frames=true
[Architectury Transformer DEBUG] Writing mod/syconn/swm/features/blaster/entity/BlasterBoltEntity with maxs=true frames=true
[Architectury Transformer DEBUG] Writing mod/syconn/swm/features/blaster/item/BlasterItem with maxs=true frames=true
[Architectury Transformer DEBUG] Writing mod/syconn/swm/features/lightsaber/block/LightsaberWorkbenchBlock with maxs=true frames=true
[Architectury Transformer DEBUG] Writing mod/syconn/swm/features/lightsaber/blockentity/LightsaberWorkbenchBlockEntity with maxs=true frames=true
[Architectury Transformer DEBUG] Writing mod/syconn/swm/features/lightsaber/client/entity/LightsaberWorkbenchRenderer with maxs=true frames=true
[Architectury Transformer DEBUG] Writing mod/syconn/swm/features/lightsaber/client/entity/ThrownLightsaberRenderer with maxs=true frames=true
[Architectury Transformer DEBUG] Writing mod/syconn/swm/features/lightsaber/client/item/LightsaberItemRender with maxs=true frames=true
[Architectury Transformer DEBUG] Writing mod/syconn/swm/features/lightsaber/client/screen/LightsaberAssemblerScreen with maxs=true frames=true
[Architectury Transformer DEBUG] Writing mod/syconn/swm/features/lightsaber/client/screen/LightsaberWorkbenchScreen with maxs=true frames=true
[Architectury Transformer DEBUG] Writing mod/syconn/swm/features/lightsaber/data/LightsaberTag with maxs=true frames=true
[Architectury Transformer DEBUG] Writing mod/syconn/swm/features/lightsaber/data/LightsaberData with maxs=true frames=true
[Architectury Transformer DEBUG] Writing mod/syconn/swm/features/lightsaber/entity/ThrownLightsaberEntity with maxs=true frames=true
[Architectury Transformer DEBUG] Writing mod/syconn/swm/features/lightsaber/item/LightsaberItem with maxs=true frames=true
[Architectury Transformer DEBUG] Writing mod/syconn/swm/features/lightsaber/network/ThrowLightsaberPacket with maxs=true frames=true
[Architectury Transformer DEBUG] Writing mod/syconn/swm/features/lightsaber/network/ChangeLightsaberHSVPacket with maxs=true frames=true
[Architectury Transformer DEBUG] Writing mod/syconn/swm/features/lightsaber/network/CraftHiltPacket with maxs=true frames=true
[Architectury Transformer DEBUG] Writing mod/syconn/swm/features/lightsaber/network/ToggleLightsaberPacket with maxs=true frames=true
[Architectury Transformer DEBUG] Writing mod/syconn/swm/features/lightsaber/network/PlayAmbientLightsaberSoundPacket with maxs=true frames=true
[Architectury Transformer DEBUG] Writing mod/syconn/swm/features/lightsaber/server/menu/LightsaberWorkbenchMenu with maxs=true frames=true
[Architectury Transformer DEBUG] Writing mod/syconn/swm/features/lightsaber/server/menu/LightsaberAssemblerMenu$1 with maxs=true frames=true
[Architectury Transformer DEBUG] Writing mod/syconn/swm/features/lightsaber/server/menu/LightsaberAssemblerMenu with maxs=true frames=true
[Architectury Transformer DEBUG] Writing mod/syconn/swm/features/lightsaber/server/menu/LightsaberWorkbenchMenu$1 with maxs=true frames=true
[Architectury Transformer DEBUG] Writing mod/syconn/swm/features/lightsaber/sound/LightsaberAmbientSoundInstance with maxs=true frames=true
[Architectury Transformer DEBUG] Writing mod/syconn/swm/features/lightsaber/sound/LightsaberAudio with maxs=true frames=true
[Architectury Transformer DEBUG] Writing mod/syconn/swm/features/lightsaber/sound/ThrownLightsaberSoundInstance with maxs=true frames=true
[Architectury Transformer DEBUG] Writing mod/syconn/swm/features/updater/GithubReleaseEntry with maxs=true frames=true
[Architectury Transformer DEBUG] Writing mod/syconn/swm/features/updater/UpdateChecker with maxs=true frames=true
[Architectury Transformer DEBUG] Writing mod/syconn/swm/integration/jei/Plugin with maxs=true frames=true
[Architectury Transformer DEBUG] Writing mod/syconn/swm/integration/jei/category/LightsaberAssemblerCategory with maxs=true frames=true
[Architectury Transformer DEBUG] Writing mod/syconn/swm/item/HoloProjectorItem with maxs=true frames=true
[Architectury Transformer DEBUG] Writing mod/syconn/swm/mixin/AbstractArrowMixin with maxs=true frames=true
[Architectury Transformer DEBUG] Writing mod/syconn/swm/mixin/PlayerMixin with maxs=true frames=true
[Architectury Transformer DEBUG] Writing mod/syconn/swm/mixin/ItemStackMixin with maxs=true frames=true
[Architectury Transformer DEBUG] Writing mod/syconn/swm/mixin/LivingEntityMixin with maxs=true frames=true
[Architectury Transformer DEBUG] Writing mod/syconn/swm/mixin/InventoryMixin with maxs=true frames=true
[Architectury Transformer DEBUG] Writing mod/syconn/swm/mixin/InventoryMenuMixin with maxs=true frames=true
[Architectury Transformer DEBUG] Writing mod/syconn/swm/mixin/client/ItemPickerMenuMixin with maxs=true frames=true
[Architectury Transformer DEBUG] Writing mod/syconn/swm/mixin/client/ItemInHandRendererMixin with maxs=true frames=true
[Architectury Transformer DEBUG] Writing mod/syconn/swm/mixin/client/HumanoidModelMixin with maxs=true frames=true
[Architectury Transformer DEBUG] Writing mod/syconn/swm/mixin/client/ItemRendererMixin with maxs=true frames=true
[Architectury Transformer DEBUG] Writing mod/syconn/swm/mixin/client/ClientPacketListenerMixin with maxs=true frames=true
[Architectury Transformer DEBUG] Writing mod/syconn/swm/mixin/client/HttpTextureMixin with maxs=true frames=true
[Architectury Transformer DEBUG] Writing mod/syconn/swm/mixin/client/LevelRendererMixin with maxs=true frames=true
[Architectury Transformer DEBUG] Writing mod/syconn/swm/network/Network with maxs=true frames=true
[Architectury Transformer DEBUG] Writing mod/syconn/swm/network/packets/clientside/RequestedHologramPacket with maxs=true frames=true
[Architectury Transformer DEBUG] Writing mod/syconn/swm/network/packets/clientside/SyncResourceDataPacket with maxs=true frames=true
[Architectury Transformer DEBUG] Writing mod/syconn/swm/network/packets/clientside/NotifyPlayerPacket with maxs=true frames=true
[Architectury Transformer DEBUG] Writing mod/syconn/swm/network/packets/serverside/HoloCallPacket$Type with maxs=true frames=true
[Architectury Transformer DEBUG] Writing mod/syconn/swm/network/packets/serverside/HoloCallPacket with maxs=true frames=true
[Architectury Transformer DEBUG] Writing mod/syconn/swm/network/packets/serverside/RequestHologramPacket with maxs=true frames=true
[Architectury Transformer DEBUG] Writing mod/syconn/swm/network/packets/serverside/ToggleEquipmentSlotPacket with maxs=true frames=true
[Architectury Transformer DEBUG] Writing mod/syconn/swm/server/StarWarsServer with maxs=true frames=true
[Architectury Transformer DEBUG] Writing mod/syconn/swm/server/containers/slot/EquipmentItemSlot with maxs=true frames=true
[Architectury Transformer DEBUG] Writing mod/syconn/swm/server/containers/slot/SpecificSlot with maxs=true frames=true
[Architectury Transformer DEBUG] Writing mod/syconn/swm/server/data/SWGear with maxs=true frames=true
[Architectury Transformer DEBUG] Writing mod/syconn/swm/server/data/SWGear$SWGearAccess with maxs=true frames=true
[Architectury Transformer DEBUG] Writing mod/syconn/swm/server/recipes/LightsaberRecipe with maxs=true frames=true
[Architectury Transformer DEBUG] Writing mod/syconn/swm/server/recipes/LightsaberRecipe$Serializer with maxs=true frames=true
[Architectury Transformer DEBUG] Writing mod/syconn/swm/server/savedata/HologramNetwork$Caller with maxs=true frames=true
[Architectury Transformer DEBUG] Writing mod/syconn/swm/server/savedata/HologramNetwork with maxs=true frames=true
[Architectury Transformer DEBUG] Writing mod/syconn/swm/server/savedata/HologramNetwork$Call with maxs=true frames=true
[Architectury Transformer DEBUG] Writing mod/syconn/swm/utils/Constants with maxs=true frames=true
[Architectury Transformer DEBUG] Writing mod/syconn/swm/utils/block/WorldPos with maxs=true frames=true
[Architectury Transformer DEBUG] Writing mod/syconn/swm/utils/block/TwoPart with maxs=true frames=true
[Architectury Transformer DEBUG] Writing mod/syconn/swm/utils/block/ModBlockStateProperties with maxs=true frames=true
[Architectury Transformer DEBUG] Writing mod/syconn/swm/utils/client/HologramData$HologramTag with maxs=true frames=true
[Architectury Transformer DEBUG] Writing mod/syconn/swm/utils/client/PlasmaBuffer with maxs=true frames=true
[Architectury Transformer DEBUG] Writing mod/syconn/swm/utils/client/HologramData with maxs=true frames=true
[Architectury Transformer DEBUG] Writing mod/syconn/swm/utils/client/NodeVec3 with maxs=true frames=true
[Architectury Transformer DEBUG] Writing mod/syconn/swm/utils/client/HologramData$1 with maxs=true frames=true
[Architectury Transformer DEBUG] Writing mod/syconn/swm/utils/client/IngredientRenderer with maxs=true frames=true
[Architectury Transformer DEBUG] Writing mod/syconn/swm/utils/generic/ColorUtil with maxs=true frames=true
[Architectury Transformer DEBUG] Writing mod/syconn/swm/utils/generic/MathUtil with maxs=true frames=true
[Architectury Transformer DEBUG] Writing mod/syconn/swm/utils/generic/ColorUtil$TintMode with maxs=true frames=true
[Architectury Transformer DEBUG] Writing mod/syconn/swm/utils/generic/MapUtil with maxs=true frames=true
[Architectury Transformer DEBUG] Writing mod/syconn/swm/utils/generic/DirectionUtil with maxs=true frames=true
[Architectury Transformer DEBUG] Writing mod/syconn/swm/utils/generic/ColorUtil$1 with maxs=true frames=true
[Architectury Transformer DEBUG] Writing mod/syconn/swm/utils/generic/GraphicsUtil with maxs=true frames=true
[Architectury Transformer DEBUG] Writing mod/syconn/swm/utils/generic/ListUtil with maxs=true frames=true
[Architectury Transformer DEBUG] Writing mod/syconn/swm/utils/generic/ModelUtil with maxs=true frames=true
[Architectury Transformer DEBUG] Writing mod/syconn/swm/utils/generic/RenderUtil with maxs=true frames=true
[Architectury Transformer DEBUG] Writing mod/syconn/swm/utils/generic/StringUtil with maxs=true frames=true
[Architectury Transformer DEBUG] Writing mod/syconn/swm/utils/generic/JsonUtil with maxs=true frames=true
[Architectury Transformer DEBUG] Writing mod/syconn/swm/utils/generic/NBTUtil with maxs=true frames=true
[Architectury Transformer DEBUG] Writing mod/syconn/swm/utils/generic/AnimationUtil with maxs=true frames=true
[Architectury Transformer DEBUG] Writing mod/syconn/swm/utils/generic/ResourceUtil with maxs=true frames=true
[Architectury Transformer DEBUG] Writing mod/syconn/swm/utils/generic/FontUtil with maxs=true frames=true
[Architectury Transformer DEBUG] Writing mod/syconn/swm/utils/generic/MathUtil$1 with maxs=true frames=true
[Architectury Transformer DEBUG] Writing mod/syconn/swm/utils/generic/ItemStackUtil with maxs=true frames=true
[Architectury Transformer DEBUG] Writing mod/syconn/swm/utils/interfaces/IEquipmentItem$SWEquipmentSlot with maxs=true frames=true
[Architectury Transformer DEBUG] Writing mod/syconn/swm/utils/interfaces/IEntityBlock with maxs=true frames=true
[Architectury Transformer DEBUG] Writing mod/syconn/swm/utils/interfaces/IModifiedPoseRenderer with maxs=true frames=true
[Architectury Transformer DEBUG] Writing mod/syconn/swm/utils/interfaces/ISerializable with maxs=true frames=true
[Architectury Transformer DEBUG] Writing mod/syconn/swm/utils/interfaces/IModifiedItemRenderer with maxs=true frames=true
[Architectury Transformer DEBUG] Writing mod/syconn/swm/utils/interfaces/IEquipmentItem with maxs=true frames=true
[Architectury Transformer DEBUG] Writing mod/syconn/swm/utils/interfaces/IWidgetComponent with maxs=true frames=true
[Architectury Transformer DEBUG] Writing mod/syconn/swm/utils/interfaces/IItemExtensions with maxs=true frames=true
[Architectury Transformer DEBUG] Writing mod/syconn/swm/utils/server/JsonResourceReloader with maxs=true frames=true
[Architectury Transformer DEBUG] Writing mod/syconn/swm/utils/server/SyncedResourceManager with maxs=true frames=true
[Architectury Transformer DEBUG] Writing mod/syconn/swm/utils/server/SyncedResourceManager$ISyncedData with maxs=true frames=true
[Architectury Transformer DEBUG] Writing mod/syconn/swm/utils/server/StackedIngredient with maxs=true frames=true
[Architectury Transformer DEBUG] Checking whether /swm-common-common-refmap.json is a mixin config.
[Architectury Transformer DEBUG] Checking whether /swm.mixins.json is a mixin config.
[Architectury Transformer DEBUG] Checking whether /swm-common-common-refmap.json is a mixin config.
[Architectury Transformer DEBUG] Checking whether /swm.mixins.json is a mixin config.
[Architectury Transformer DEBUG] Found mixin config(s): swm.mixins.json
[Architectury Transformer DEBUG] Injecting MixinConfigs into /META-INF/MANIFEST.MF
[Architectury Transformer DEBUG] Remapping refmap from intermediary to srg: swm-forge-forge-refmap.json
[Architectury Transformer DEBUG] Redefining mod.syconn.swm.features.lightsaber.client.item.LightsaberItemRender
[Architectury Transformer DEBUG] Transforming from mod/syconn/swm/features/lightsaber/client/item/LightsaberItemRender.class to mod/syconn/swm/features/lightsaber/client/item/LightsaberItemRender.class with 8 transformer(s) on dev.architectury.transformer.handler.TinyRemapperPreparedTransformerHandler
[Architectury Transformer DEBUG] Remapping with 1 mapping provider(s):
[Architectury Transformer DEBUG]  - dev.architectury.transformer.transformers.TransformForgeEnvironment$$Lambda/0x0000017cd409f168@718c7433
[Architectury Transformer DEBUG] Remapping Classes:
[Architectury Transformer DEBUG] net/fabricmc/api/EnvType -> net/minecraftforge/api/distmarker/Dist
[Architectury Transformer DEBUG] net/fabricmc/api/Environment -> net/minecraftforge/api/distmarker/OnlyIn
[Architectury Transformer DEBUG] Found class transformer
[Architectury Transformer DEBUG] Writing mod/syconn/swm/features/lightsaber/client/item/LightsaberItemRender with maxs=true frames=true
[Architectury Transformer DEBUG] Remapping refmap from intermediary to srg: swm-forge-forge-refmap.json
[Architectury Transformer DEBUG] Transformed mod/syconn/swm/features/lightsaber/client/item/LightsaberItemRender in 4.271 ms
[Architectury Transformer] Redefined 1 class(es) from C:\Users\Aidan\IdeaProjects\StarWarsMod\1.20.1\common\build\devlibs\swm-common-2.1.5-dev.jar in 55.08 ms
[Architectury Transformer DEBUG] Closed File Systems for C:\Users\Aidan\IdeaProjects\StarWarsMod\1.20.1\common\build\devlibs\swm-common-2.1.5-dev.jar
[Architectury Transformer DEBUG] Transforming from mod/syconn/swm/features/blaster/item/BlasterItem.class to mod/syconn/swm/features/blaster/item/BlasterItem.class with 8 transformer(s) on dev.architectury.transformer.handler.TinyRemapperPreparedTransformerHandler
[Architectury Transformer DEBUG] Remapping with 1 mapping provider(s):
[Architectury Transformer DEBUG]  - dev.architectury.transformer.transformers.TransformForgeEnvironment$$Lambda/0x0000017cd409f168@718c7433
[Architectury Transformer DEBUG] Remapping Classes:
[Architectury Transformer DEBUG] net/fabricmc/api/EnvType -> net/minecraftforge/api/distmarker/Dist
[Architectury Transformer DEBUG] net/fabricmc/api/Environment -> net/minecraftforge/api/distmarker/OnlyIn
[Architectury Transformer DEBUG] Found class transformer
[Architectury Transformer DEBUG] Writing mod/syconn/swm/features/blaster/item/BlasterItem with maxs=true frames=true
[Architectury Transformer DEBUG] Remapping refmap from intermediary to srg: swm-forge-forge-refmap.json
[Architectury Transformer DEBUG] Transformed mod/syconn/swm/features/blaster/item/BlasterItem in 22.35 ms
[Architectury Transformer DEBUG] Transforming from mod/syconn/swm/features/lightsaber/client/entity/ThrownLightsaberRenderer.class to mod/syconn/swm/features/lightsaber/client/entity/ThrownLightsaberRenderer.class with 8 transformer(s) on dev.architectury.transformer.handler.TinyRemapperPreparedTransformerHandler
[Architectury Transformer DEBUG] Remapping with 1 mapping provider(s):
[Architectury Transformer DEBUG]  - dev.architectury.transformer.transformers.TransformForgeEnvironment$$Lambda/0x0000017cd409f168@718c7433
[Architectury Transformer DEBUG] Remapping Classes:
[Architectury Transformer DEBUG] net/fabricmc/api/EnvType -> net/minecraftforge/api/distmarker/Dist
[Architectury Transformer DEBUG] net/fabricmc/api/Environment -> net/minecraftforge/api/distmarker/OnlyIn
[Architectury Transformer DEBUG] Found class transformer
[Architectury Transformer DEBUG] Writing mod/syconn/swm/features/lightsaber/client/entity/ThrownLightsaberRenderer with maxs=true frames=true
[Architectury Transformer DEBUG] Remapping refmap from intermediary to srg: swm-forge-forge-refmap.json
[Architectury Transformer DEBUG] Transformed mod/syconn/swm/features/lightsaber/client/entity/ThrownLightsaberRenderer in 16.83 ms
[Architectury Transformer DEBUG] Transforming from mod/syconn/swm/block/HoloProjectorBlock.class to mod/syconn/swm/block/HoloProjectorBlock.class with 8 transformer(s) on dev.architectury.transformer.handler.TinyRemapperPreparedTransformerHandler
[Architectury Transformer DEBUG] Remapping with 1 mapping provider(s):
[Architectury Transformer DEBUG]  - dev.architectury.transformer.transformers.TransformForgeEnvironment$$Lambda/0x0000017cd409f168@718c7433
[Architectury Transformer DEBUG] Remapping Classes:
[Architectury Transformer DEBUG] net/fabricmc/api/EnvType -> net/minecraftforge/api/distmarker/Dist
[Architectury Transformer DEBUG] net/fabricmc/api/Environment -> net/minecraftforge/api/distmarker/OnlyIn
[Architectury Transformer DEBUG] Found class transformer
[Architectury Transformer DEBUG] Writing mod/syconn/swm/block/HoloProjectorBlock with maxs=true frames=true
[Architectury Transformer DEBUG] Remapping refmap from intermediary to srg: swm-forge-forge-refmap.json
[Architectury Transformer DEBUG] Transformed mod/syconn/swm/block/HoloProjectorBlock in 19.87 ms
[Architectury Transformer DEBUG] Transforming from mod/syconn/swm/item/HoloProjectorItem.class to mod/syconn/swm/item/HoloProjectorItem.class with 8 transformer(s) on dev.architectury.transformer.handler.TinyRemapperPreparedTransformerHandler
[Architectury Transformer DEBUG] Remapping with 1 mapping provider(s):
[Architectury Transformer DEBUG]  - dev.architectury.transformer.transformers.TransformForgeEnvironment$$Lambda/0x0000017cd409f168@718c7433
[Architectury Transformer DEBUG] Remapping Classes:
[Architectury Transformer DEBUG] net/fabricmc/api/EnvType -> net/minecraftforge/api/distmarker/Dist
[Architectury Transformer DEBUG] net/fabricmc/api/Environment -> net/minecraftforge/api/distmarker/OnlyIn
[Architectury Transformer DEBUG] Found class transformer
[Architectury Transformer DEBUG] Writing mod/syconn/swm/item/HoloProjectorItem with maxs=true frames=true
[Architectury Transformer DEBUG] Remapping refmap from intermediary to srg: swm-forge-forge-refmap.json
[Architectury Transformer DEBUG] Transformed mod/syconn/swm/item/HoloProjectorItem in 16.10 ms
[Architectury Transformer DEBUG] Transforming from mod/syconn/swm/utils/generic/ModelUtil.class to mod/syconn/swm/utils/generic/ModelUtil.class with 8 transformer(s) on dev.architectury.transformer.handler.TinyRemapperPreparedTransformerHandler
[Architectury Transformer DEBUG] Remapping with 1 mapping provider(s):
[Architectury Transformer DEBUG]  - dev.architectury.transformer.transformers.TransformForgeEnvironment$$Lambda/0x0000017cd409f168@718c7433
[Architectury Transformer DEBUG] Remapping Classes:
[Architectury Transformer DEBUG] net/fabricmc/api/EnvType -> net/minecraftforge/api/distmarker/Dist
[Architectury Transformer DEBUG] net/fabricmc/api/Environment -> net/minecraftforge/api/distmarker/OnlyIn
[Architectury Transformer DEBUG] Found class transformer
[Architectury Transformer DEBUG] Writing mod/syconn/swm/utils/generic/ModelUtil with maxs=true frames=true
[Architectury Transformer DEBUG] Remapping refmap from intermediary to srg: swm-forge-forge-refmap.json
[Architectury Transformer DEBUG] Transformed mod/syconn/swm/utils/generic/ModelUtil in 14.26 ms
[Architectury Transformer DEBUG] Transforming from mod/syconn/swm/features/blaster/client/entity/BlasterBoltRenderer.class to mod/syconn/swm/features/blaster/client/entity/BlasterBoltRenderer.class with 8 transformer(s) on dev.architectury.transformer.handler.TinyRemapperPreparedTransformerHandler
[Architectury Transformer DEBUG] Remapping with 1 mapping provider(s):
[Architectury Transformer DEBUG]  - dev.architectury.transformer.transformers.TransformForgeEnvironment$$Lambda/0x0000017cd409f168@718c7433
[Architectury Transformer DEBUG] Remapping Classes:
[Architectury Transformer DEBUG] net/fabricmc/api/EnvType -> net/minecraftforge/api/distmarker/Dist
[Architectury Transformer DEBUG] net/fabricmc/api/Environment -> net/minecraftforge/api/distmarker/OnlyIn
[Architectury Transformer DEBUG] Found class transformer
[Architectury Transformer DEBUG] Writing mod/syconn/swm/features/blaster/client/entity/BlasterBoltRenderer with maxs=true frames=true
[Architectury Transformer DEBUG] Remapping refmap from intermediary to srg: swm-forge-forge-refmap.json
[Architectury Transformer DEBUG] Transformed mod/syconn/swm/features/blaster/client/entity/BlasterBoltRenderer in 14.01 ms
[Architectury Transformer DEBUG] Transforming from mod/syconn/swm/server/savedata/HologramNetwork.class to mod/syconn/swm/server/savedata/HologramNetwork.class with 8 transformer(s) on dev.architectury.transformer.handler.TinyRemapperPreparedTransformerHandler
[Architectury Transformer DEBUG] Remapping with 1 mapping provider(s):
[Architectury Transformer DEBUG]  - dev.architectury.transformer.transformers.TransformForgeEnvironment$$Lambda/0x0000017cd409f168@718c7433
[Architectury Transformer DEBUG] Remapping Classes:
[Architectury Transformer DEBUG] net/fabricmc/api/EnvType -> net/minecraftforge/api/distmarker/Dist
[Architectury Transformer DEBUG] net/fabricmc/api/Environment -> net/minecraftforge/api/distmarker/OnlyIn
[Architectury Transformer DEBUG] Found class transformer
[Architectury Transformer DEBUG] Writing mod/syconn/swm/server/savedata/HologramNetwork with maxs=true frames=true
[Architectury Transformer DEBUG] Remapping refmap from intermediary to srg: swm-forge-forge-refmap.json
[Architectury Transformer DEBUG] Transformed mod/syconn/swm/server/savedata/HologramNetwork in 22.42 ms
[Architectury Transformer DEBUG] Transforming from mod/syconn/swm/client/render/block/HoloProjectorBlockEntityRenderer.class to mod/syconn/swm/client/render/block/HoloProjectorBlockEntityRenderer.class with 8 transformer(s) on dev.architectury.transformer.handler.TinyRemapperPreparedTransformerHandler
[Architectury Transformer DEBUG] Remapping with 1 mapping provider(s):
[Architectury Transformer DEBUG]  - dev.architectury.transformer.transformers.TransformForgeEnvironment$$Lambda/0x0000017cd409f168@718c7433
[Architectury Transformer DEBUG] Remapping Classes:
[Architectury Transformer DEBUG] net/fabricmc/api/EnvType -> net/minecraftforge/api/distmarker/Dist
[Architectury Transformer DEBUG] net/fabricmc/api/Environment -> net/minecraftforge/api/distmarker/OnlyIn
[Architectury Transformer DEBUG] Found class transformer
[Architectury Transformer DEBUG] Writing mod/syconn/swm/client/render/block/HoloProjectorBlockEntityRenderer with maxs=true frames=true
[Architectury Transformer DEBUG] Remapping refmap from intermediary to srg: swm-forge-forge-refmap.json
[Architectury Transformer DEBUG] Transformed mod/syconn/swm/client/render/block/HoloProjectorBlockEntityRenderer in 12.37 ms
[Architectury Transformer DEBUG] Transforming from mod/syconn/swm/features/lightsaber/client/entity/LightsaberWorkbenchRenderer.class to mod/syconn/swm/features/lightsaber/client/entity/LightsaberWorkbenchRenderer.class with 8 transformer(s) on dev.architectury.transformer.handler.TinyRemapperPreparedTransformerHandler
[Architectury Transformer DEBUG] Remapping with 1 mapping provider(s):
[Architectury Transformer DEBUG]  - dev.architectury.transformer.transformers.TransformForgeEnvironment$$Lambda/0x0000017cd409f168@718c7433
[Architectury Transformer DEBUG] Remapping Classes:
[Architectury Transformer DEBUG] net/fabricmc/api/EnvType -> net/minecraftforge/api/distmarker/Dist
[Architectury Transformer DEBUG] net/fabricmc/api/Environment -> net/minecraftforge/api/distmarker/OnlyIn
[Architectury Transformer DEBUG] Found class transformer
[Architectury Transformer DEBUG] Writing mod/syconn/swm/features/lightsaber/client/entity/LightsaberWorkbenchRenderer with maxs=true frames=true
[Architectury Transformer DEBUG] Remapping refmap from intermediary to srg: swm-forge-forge-refmap.json
[Architectury Transformer DEBUG] Transformed mod/syconn/swm/features/lightsaber/client/entity/LightsaberWorkbenchRenderer in 11.28 ms
[Architectury Transformer DEBUG] Transforming from mod/syconn/swm/utils/server/StackedIngredient.class to mod/syconn/swm/utils/server/StackedIngredient.class with 8 transformer(s) on dev.architectury.transformer.handler.TinyRemapperPreparedTransformerHandler
[Architectury Transformer DEBUG] Remapping with 1 mapping provider(s):
[Architectury Transformer DEBUG]  - dev.architectury.transformer.transformers.TransformForgeEnvironment$$Lambda/0x0000017cd409f168@718c7433
[Architectury Transformer DEBUG] Remapping Classes:
[Architectury Transformer DEBUG] net/fabricmc/api/EnvType -> net/minecraftforge/api/distmarker/Dist
[Architectury Transformer DEBUG] net/fabricmc/api/Environment -> net/minecraftforge/api/distmarker/OnlyIn
[Architectury Transformer DEBUG] Found class transformer
[Architectury Transformer DEBUG] Writing mod/syconn/swm/utils/server/StackedIngredient with maxs=true frames=true
[Architectury Transformer DEBUG] Remapping refmap from intermediary to srg: swm-forge-forge-refmap.json
[Architectury Transformer DEBUG] Transformed mod/syconn/swm/utils/server/StackedIngredient in 9.826 ms
[Architectury Transformer DEBUG] Transforming from mod/syconn/swm/client/ClientHooks.class to mod/syconn/swm/client/ClientHooks.class with 8 transformer(s) on dev.architectury.transformer.handler.TinyRemapperPreparedTransformerHandler
[Architectury Transformer DEBUG] Remapping with 1 mapping provider(s):
[Architectury Transformer DEBUG]  - dev.architectury.transformer.transformers.TransformForgeEnvironment$$Lambda/0x0000017cd409f168@718c7433
[Architectury Transformer DEBUG] Remapping Classes:
[Architectury Transformer DEBUG] net/fabricmc/api/EnvType -> net/minecraftforge/api/distmarker/Dist
[Architectury Transformer DEBUG] net/fabricmc/api/Environment -> net/minecraftforge/api/distmarker/OnlyIn
[Architectury Transformer DEBUG] Found class transformer
[Architectury Transformer DEBUG] Writing mod/syconn/swm/client/ClientHooks with maxs=true frames=true
[Architectury Transformer DEBUG] Remapping refmap from intermediary to srg: swm-forge-forge-refmap.json
[Architectury Transformer DEBUG] Transformed mod/syconn/swm/client/ClientHooks in 8.903 ms
[Architectury Transformer DEBUG] Transforming from mod/syconn/swm/utils/generic/JsonUtil.class to mod/syconn/swm/utils/generic/JsonUtil.class with 8 transformer(s) on dev.architectury.transformer.handler.TinyRemapperPreparedTransformerHandler
[Architectury Transformer DEBUG] Remapping with 1 mapping provider(s):
[Architectury Transformer DEBUG]  - dev.architectury.transformer.transformers.TransformForgeEnvironment$$Lambda/0x0000017cd409f168@718c7433
[Architectury Transformer DEBUG] Remapping Classes:
[Architectury Transformer DEBUG] net/fabricmc/api/EnvType -> net/minecraftforge/api/distmarker/Dist
[Architectury Transformer DEBUG] net/fabricmc/api/Environment -> net/minecraftforge/api/distmarker/OnlyIn
[Architectury Transformer DEBUG] Found class transformer
[Architectury Transformer DEBUG] Writing mod/syconn/swm/utils/generic/JsonUtil with maxs=true frames=true
[Architectury Transformer DEBUG] Remapping refmap from intermediary to srg: swm-forge-forge-refmap.json
[Architectury Transformer DEBUG] Transformed mod/syconn/swm/utils/generic/JsonUtil in 10.23 ms
[Architectury Transformer DEBUG] Transforming from mod/syconn/swm/server/recipes/LightsaberRecipe.class to mod/syconn/swm/server/recipes/LightsaberRecipe.class with 8 transformer(s) on dev.architectury.transformer.handler.TinyRemapperPreparedTransformerHandler
[Architectury Transformer DEBUG] Remapping with 1 mapping provider(s):
[Architectury Transformer DEBUG]  - dev.architectury.transformer.transformers.TransformForgeEnvironment$$Lambda/0x0000017cd409f168@718c7433
[Architectury Transformer DEBUG] Remapping Classes:
[Architectury Transformer DEBUG] net/fabricmc/api/EnvType -> net/minecraftforge/api/distmarker/Dist
[Architectury Transformer DEBUG] net/fabricmc/api/Environment -> net/minecraftforge/api/distmarker/OnlyIn
[Architectury Transformer DEBUG] Found class transformer
[Architectury Transformer DEBUG] Writing mod/syconn/swm/server/recipes/LightsaberRecipe with maxs=true frames=true
[Architectury Transformer DEBUG] Remapping refmap from intermediary to srg: swm-forge-forge-refmap.json
[Architectury Transformer DEBUG] Transformed mod/syconn/swm/server/recipes/LightsaberRecipe in 10.56 ms
[Architectury Transformer DEBUG] Transforming from mod/syconn/swm/features/lightsaber/client/screen/LightsaberWorkbenchScreen.class to mod/syconn/swm/features/lightsaber/client/screen/LightsaberWorkbenchScreen.class with 8 transformer(s) on dev.architectury.transformer.handler.TinyRemapperPreparedTransformerHandler
[Architectury Transformer DEBUG] Remapping with 1 mapping provider(s):
[Architectury Transformer DEBUG]  - dev.architectury.transformer.transformers.TransformForgeEnvironment$$Lambda/0x0000017cd409f168@718c7433
[Architectury Transformer DEBUG] Remapping Classes:
[Architectury Transformer DEBUG] net/fabricmc/api/EnvType -> net/minecraftforge/api/distmarker/Dist
[Architectury Transformer DEBUG] net/fabricmc/api/Environment -> net/minecraftforge/api/distmarker/OnlyIn
[Architectury Transformer DEBUG] Found class transformer
[Architectury Transformer DEBUG] Writing mod/syconn/swm/features/lightsaber/client/screen/LightsaberWorkbenchScreen with maxs=true frames=true
[Architectury Transformer DEBUG] Remapping refmap from intermediary to srg: swm-forge-forge-refmap.json
[Architectury Transformer DEBUG] Transformed mod/syconn/swm/features/lightsaber/client/screen/LightsaberWorkbenchScreen in 11.85 ms
[Architectury Transformer DEBUG] Transforming from mod/syconn/swm/core/ModSounds.class to mod/syconn/swm/core/ModSounds.class with 8 transformer(s) on dev.architectury.transformer.handler.TinyRemapperPreparedTransformerHandler
[Architectury Transformer DEBUG] Remapping with 1 mapping provider(s):
[Architectury Transformer DEBUG]  - dev.architectury.transformer.transformers.TransformForgeEnvironment$$Lambda/0x0000017cd409f168@718c7433
[Architectury Transformer DEBUG] Remapping Classes:
[Architectury Transformer DEBUG] net/fabricmc/api/EnvType -> net/minecraftforge/api/distmarker/Dist
[Architectury Transformer DEBUG] net/fabricmc/api/Environment -> net/minecraftforge/api/distmarker/OnlyIn
[Architectury Transformer DEBUG] Found class transformer
[Architectury Transformer DEBUG] Writing mod/syconn/swm/core/ModSounds with maxs=true frames=true
[Architectury Transformer DEBUG] Remapping refmap from intermediary to srg: swm-forge-forge-refmap.json
[Architectury Transformer DEBUG] Transformed mod/syconn/swm/core/ModSounds in 8.768 ms
[Architectury Transformer DEBUG] Transforming from mod/syconn/swm/server/StarWarsServer.class to mod/syconn/swm/server/StarWarsServer.class with 8 transformer(s) on dev.architectury.transformer.handler.TinyRemapperPreparedTransformerHandler
[Architectury Transformer DEBUG] Remapping with 1 mapping provider(s):
[Architectury Transformer DEBUG]  - dev.architectury.transformer.transformers.TransformForgeEnvironment$$Lambda/0x0000017cd409f168@718c7433
[Architectury Transformer DEBUG] Remapping Classes:
[Architectury Transformer DEBUG] net/fabricmc/api/EnvType -> net/minecraftforge/api/distmarker/Dist
[Architectury Transformer DEBUG] net/fabricmc/api/Environment -> net/minecraftforge/api/distmarker/OnlyIn
[Architectury Transformer DEBUG] Found class transformer
[Architectury Transformer DEBUG] Writing mod/syconn/swm/server/StarWarsServer with maxs=true frames=true
[Architectury Transformer DEBUG] Remapping refmap from intermediary to srg: swm-forge-forge-refmap.json
[Architectury Transformer DEBUG] Transformed mod/syconn/swm/server/StarWarsServer in 8.603 ms
[Architectury Transformer DEBUG] Transforming from mod/syconn/swm/utils/server/SyncedResourceManager.class to mod/syconn/swm/utils/server/SyncedResourceManager.class with 8 transformer(s) on dev.architectury.transformer.handler.TinyRemapperPreparedTransformerHandler
[Architectury Transformer DEBUG] Remapping with 1 mapping provider(s):
[Architectury Transformer DEBUG]  - dev.architectury.transformer.transformers.TransformForgeEnvironment$$Lambda/0x0000017cd409f168@718c7433
[Architectury Transformer DEBUG] Remapping Classes:
[Architectury Transformer DEBUG] net/fabricmc/api/EnvType -> net/minecraftforge/api/distmarker/Dist
[Architectury Transformer DEBUG] net/fabricmc/api/Environment -> net/minecraftforge/api/distmarker/OnlyIn
[Architectury Transformer DEBUG] Found class transformer
[Architectury Transformer DEBUG] Writing mod/syconn/swm/utils/server/SyncedResourceManager with maxs=true frames=true
[Architectury Transformer DEBUG] Remapping refmap from intermediary to srg: swm-forge-forge-refmap.json
[Architectury Transformer DEBUG] Transformed mod/syconn/swm/utils/server/SyncedResourceManager in 5.927 ms
[Architectury Transformer DEBUG] Transforming from mod/syconn/swm/block/TwoPartBlock.class to mod/syconn/swm/block/TwoPartBlock.class with 8 transformer(s) on dev.architectury.transformer.handler.TinyRemapperPreparedTransformerHandler
[Architectury Transformer DEBUG] Remapping with 1 mapping provider(s):
[Architectury Transformer DEBUG]  - dev.architectury.transformer.transformers.TransformForgeEnvironment$$Lambda/0x0000017cd409f168@718c7433
[Architectury Transformer DEBUG] Remapping Classes:
[Architectury Transformer DEBUG] net/fabricmc/api/EnvType -> net/minecraftforge/api/distmarker/Dist
[Architectury Transformer DEBUG] net/fabricmc/api/Environment -> net/minecraftforge/api/distmarker/OnlyIn
[Architectury Transformer DEBUG] Found class transformer
[Architectury Transformer DEBUG] Writing mod/syconn/swm/block/TwoPartBlock with maxs=true frames=true
[Architectury Transformer DEBUG] Remapping refmap from intermediary to srg: swm-forge-forge-refmap.json
[Architectury Transformer DEBUG] Transformed mod/syconn/swm/block/TwoPartBlock in 6.949 ms
[Architectury Transformer DEBUG] Transforming from mod/syconn/swm/utils/interfaces/IEntityBlock.class to mod/syconn/swm/utils/interfaces/IEntityBlock.class with 8 transformer(s) on dev.architectury.transformer.handler.TinyRemapperPreparedTransformerHandler
[Architectury Transformer DEBUG] Remapping with 1 mapping provider(s):
[Architectury Transformer DEBUG]  - dev.architectury.transformer.transformers.TransformForgeEnvironment$$Lambda/0x0000017cd409f168@718c7433
[Architectury Transformer DEBUG] Remapping Classes:
[Architectury Transformer DEBUG] net/fabricmc/api/EnvType -> net/minecraftforge/api/distmarker/Dist
[Architectury Transformer DEBUG] net/fabricmc/api/Environment -> net/minecraftforge/api/distmarker/OnlyIn
[Architectury Transformer DEBUG] Found class transformer
[Architectury Transformer DEBUG] Writing mod/syconn/swm/utils/interfaces/IEntityBlock with maxs=true frames=true
[Architectury Transformer DEBUG] Remapping refmap from intermediary to srg: swm-forge-forge-refmap.json
[Architectury Transformer DEBUG] Transformed mod/syconn/swm/utils/interfaces/IEntityBlock in 6.145 ms
[Architectury Transformer DEBUG] Transforming from mod/syconn/swm/core/ModBlockEntities.class to mod/syconn/swm/core/ModBlockEntities.class with 8 transformer(s) on dev.architectury.transformer.handler.TinyRemapperPreparedTransformerHandler
[Architectury Transformer DEBUG] Remapping with 1 mapping provider(s):
[Architectury Transformer DEBUG]  - dev.architectury.transformer.transformers.TransformForgeEnvironment$$Lambda/0x0000017cd409f168@718c7433
[Architectury Transformer DEBUG] Remapping Classes:
[Architectury Transformer DEBUG] net/fabricmc/api/EnvType -> net/minecraftforge/api/distmarker/Dist
[Architectury Transformer DEBUG] net/fabricmc/api/Environment -> net/minecraftforge/api/distmarker/OnlyIn
[Architectury Transformer DEBUG] Found class transformer
[Architectury Transformer DEBUG] Writing mod/syconn/swm/core/ModBlockEntities with maxs=true frames=true
[Architectury Transformer DEBUG] Remapping refmap from intermediary to srg: swm-forge-forge-refmap.json
[Architectury Transformer DEBUG] Transformed mod/syconn/swm/core/ModBlockEntities in 6.431 ms
[Architectury Transformer DEBUG] Transforming from mod/syconn/swm/client/render/entity/PlasmaRenderer.class to mod/syconn/swm/client/render/entity/PlasmaRenderer.class with 8 transformer(s) on dev.architectury.transformer.handler.TinyRemapperPreparedTransformerHandler
[Architectury Transformer DEBUG] Remapping with 1 mapping provider(s):
[Architectury Transformer DEBUG]  - dev.architectury.transformer.transformers.TransformForgeEnvironment$$Lambda/0x0000017cd409f168@718c7433
[Architectury Transformer DEBUG] Remapping Classes:
[Architectury Transformer DEBUG] net/fabricmc/api/EnvType -> net/minecraftforge/api/distmarker/Dist
[Architectury Transformer DEBUG] net/fabricmc/api/Environment -> net/minecraftforge/api/distmarker/OnlyIn
[Architectury Transformer DEBUG] Found class transformer
[Architectury Transformer DEBUG] Writing mod/syconn/swm/client/render/entity/PlasmaRenderer with maxs=true frames=true
[Architectury Transformer DEBUG] Remapping refmap from intermediary to srg: swm-forge-forge-refmap.json
[Architectury Transformer DEBUG] Transformed mod/syconn/swm/client/render/entity/PlasmaRenderer in 10.34 ms
[Architectury Transformer DEBUG] Transforming from mod/syconn/swm/utils/client/NodeVec3.class to mod/syconn/swm/utils/client/NodeVec3.class with 8 transformer(s) on dev.architectury.transformer.handler.TinyRemapperPreparedTransformerHandler
[Architectury Transformer DEBUG] Remapping with 1 mapping provider(s):
[Architectury Transformer DEBUG]  - dev.architectury.transformer.transformers.TransformForgeEnvironment$$Lambda/0x0000017cd409f168@718c7433
[Architectury Transformer DEBUG] Remapping Classes:
[Architectury Transformer DEBUG] net/fabricmc/api/EnvType -> net/minecraftforge/api/distmarker/Dist
[Architectury Transformer DEBUG] net/fabricmc/api/Environment -> net/minecraftforge/api/distmarker/OnlyIn
[Architectury Transformer DEBUG] Found class transformer
[Architectury Transformer DEBUG] Writing mod/syconn/swm/utils/client/NodeVec3 with maxs=true frames=true
[Architectury Transformer DEBUG] Remapping refmap from intermediary to srg: swm-forge-forge-refmap.json
[Architectury Transformer DEBUG] Transformed mod/syconn/swm/utils/client/NodeVec3 in 8.265 ms
[Architectury Transformer DEBUG] Transforming from mod/syconn/swm/core/ModEntities.class to mod/syconn/swm/core/ModEntities.class with 8 transformer(s) on dev.architectury.transformer.handler.TinyRemapperPreparedTransformerHandler
[Architectury Transformer DEBUG] Remapping with 1 mapping provider(s):
[Architectury Transformer DEBUG]  - dev.architectury.transformer.transformers.TransformForgeEnvironment$$Lambda/0x0000017cd409f168@718c7433
[Architectury Transformer DEBUG] Remapping Classes:
[Architectury Transformer DEBUG] net/fabricmc/api/EnvType -> net/minecraftforge/api/distmarker/Dist
[Architectury Transformer DEBUG] net/fabricmc/api/Environment -> net/minecraftforge/api/distmarker/OnlyIn
[Architectury Transformer DEBUG] Found class transformer
[Architectury Transformer DEBUG] Writing mod/syconn/swm/core/ModEntities with maxs=true frames=true
[Architectury Transformer DEBUG] Remapping refmap from intermediary to srg: swm-forge-forge-refmap.json
[Architectury Transformer DEBUG] Transformed mod/syconn/swm/core/ModEntities in 10.78 ms
[Architectury Transformer DEBUG] Transforming from mod/syconn/swm/utils/generic/RenderUtil.class to mod/syconn/swm/utils/generic/RenderUtil.class with 8 transformer(s) on dev.architectury.transformer.handler.TinyRemapperPreparedTransformerHandler
[Architectury Transformer DEBUG] Remapping with 1 mapping provider(s):
[Architectury Transformer DEBUG]  - dev.architectury.transformer.transformers.TransformForgeEnvironment$$Lambda/0x0000017cd409f168@718c7433
[Architectury Transformer DEBUG] Remapping Classes:
[Architectury Transformer DEBUG] net/fabricmc/api/EnvType -> net/minecraftforge/api/distmarker/Dist
[Architectury Transformer DEBUG] net/fabricmc/api/Environment -> net/minecraftforge/api/distmarker/OnlyIn
[Architectury Transformer DEBUG] Found class transformer
[Architectury Transformer DEBUG] Writing mod/syconn/swm/utils/generic/RenderUtil with maxs=true frames=true
[Architectury Transformer DEBUG] Remapping refmap from intermediary to srg: swm-forge-forge-refmap.json
[Architectury Transformer DEBUG] Transformed mod/syconn/swm/utils/generic/RenderUtil in 12.69 ms
[Architectury Transformer DEBUG] Transforming from mod/syconn/swm/features/lightsaber/entity/ThrownLightsaberEntity.class to mod/syconn/swm/features/lightsaber/entity/ThrownLightsaberEntity.class with 8 transformer(s) on dev.architectury.transformer.handler.TinyRemapperPreparedTransformerHandler
[Architectury Transformer DEBUG] Remapping with 1 mapping provider(s):
[Architectury Transformer DEBUG]  - dev.architectury.transformer.transformers.TransformForgeEnvironment$$Lambda/0x0000017cd409f168@718c7433
[Architectury Transformer DEBUG] Remapping Classes:
[Architectury Transformer DEBUG] net/fabricmc/api/EnvType -> net/minecraftforge/api/distmarker/Dist
[Architectury Transformer DEBUG] net/fabricmc/api/Environment -> net/minecraftforge/api/distmarker/OnlyIn
[Architectury Transformer DEBUG] Found class transformer
[Architectury Transformer DEBUG] Writing mod/syconn/swm/features/lightsaber/entity/ThrownLightsaberEntity with maxs=true frames=true
[Architectury Transformer DEBUG] Remapping refmap from intermediary to srg: swm-forge-forge-refmap.json
[Architectury Transformer DEBUG] Transformed mod/syconn/swm/features/lightsaber/entity/ThrownLightsaberEntity in 12.13 ms
[Architectury Transformer DEBUG] Transforming from mod/syconn/swm/utils/block/ModBlockStateProperties.class to mod/syconn/swm/utils/block/ModBlockStateProperties.class with 8 transformer(s) on dev.architectury.transformer.handler.TinyRemapperPreparedTransformerHandler
[Architectury Transformer DEBUG] Remapping with 1 mapping provider(s):
[Architectury Transformer DEBUG]  - dev.architectury.transformer.transformers.TransformForgeEnvironment$$Lambda/0x0000017cd409f168@718c7433
[Architectury Transformer DEBUG] Remapping Classes:
[Architectury Transformer DEBUG] net/fabricmc/api/EnvType -> net/minecraftforge/api/distmarker/Dist
[Architectury Transformer DEBUG] net/fabricmc/api/Environment -> net/minecraftforge/api/distmarker/OnlyIn
[Architectury Transformer DEBUG] Found class transformer
[Architectury Transformer DEBUG] Writing mod/syconn/swm/utils/block/ModBlockStateProperties with maxs=true frames=true
[Architectury Transformer DEBUG] Remapping refmap from intermediary to srg: swm-forge-forge-refmap.json
[Architectury Transformer DEBUG] Transformed mod/syconn/swm/utils/block/ModBlockStateProperties in 7.233 ms
[Architectury Transformer DEBUG] Transforming from mod/syconn/swm/utils/block/TwoPart.class to mod/syconn/swm/utils/block/TwoPart.class with 8 transformer(s) on dev.architectury.transformer.handler.TinyRemapperPreparedTransformerHandler
[Architectury Transformer DEBUG] Remapping with 1 mapping provider(s):
[Architectury Transformer DEBUG]  - dev.architectury.transformer.transformers.TransformForgeEnvironment$$Lambda/0x0000017cd409f168@718c7433
[Architectury Transformer DEBUG] Remapping Classes:
[Architectury Transformer DEBUG] net/fabricmc/api/EnvType -> net/minecraftforge/api/distmarker/Dist
[Architectury Transformer DEBUG] net/fabricmc/api/Environment -> net/minecraftforge/api/distmarker/OnlyIn
[Architectury Transformer DEBUG] Found class transformer
[Architectury Transformer DEBUG] Writing mod/syconn/swm/utils/block/TwoPart with maxs=true frames=true
[Architectury Transformer DEBUG] Remapping refmap from intermediary to srg: swm-forge-forge-refmap.json
[Architectury Transformer DEBUG] Transformed mod/syconn/swm/utils/block/TwoPart in 8.703 ms
[Architectury Transformer DEBUG] Transforming from mod/syconn/swm/features/blaster/entity/BlasterBoltEntity.class to mod/syconn/swm/features/blaster/entity/BlasterBoltEntity.class with 8 transformer(s) on dev.architectury.transformer.handler.TinyRemapperPreparedTransformerHandler
[Architectury Transformer DEBUG] Remapping with 1 mapping provider(s):
[Architectury Transformer DEBUG]  - dev.architectury.transformer.transformers.TransformForgeEnvironment$$Lambda/0x0000017cd409f168@718c7433
[Architectury Transformer DEBUG] Remapping Classes:
[Architectury Transformer DEBUG] net/fabricmc/api/EnvType -> net/minecraftforge/api/distmarker/Dist
[Architectury Transformer DEBUG] net/fabricmc/api/Environment -> net/minecraftforge/api/distmarker/OnlyIn
[Architectury Transformer DEBUG] Found class transformer
[Architectury Transformer DEBUG] Writing mod/syconn/swm/features/blaster/entity/BlasterBoltEntity with maxs=true frames=true
[Architectury Transformer DEBUG] Remapping refmap from intermediary to srg: swm-forge-forge-refmap.json
[Architectury Transformer DEBUG] Transformed mod/syconn/swm/features/blaster/entity/BlasterBoltEntity in 7.188 ms
[Architectury Transformer DEBUG] Transforming from mod/syconn/swm/utils/client/PlasmaBuffer.class to mod/syconn/swm/utils/client/PlasmaBuffer.class with 8 transformer(s) on dev.architectury.transformer.handler.TinyRemapperPreparedTransformerHandler
[Architectury Transformer DEBUG] Remapping with 1 mapping provider(s):
[Architectury Transformer DEBUG]  - dev.architectury.transformer.transformers.TransformForgeEnvironment$$Lambda/0x0000017cd409f168@718c7433
[Architectury Transformer DEBUG] Remapping Classes:
[Architectury Transformer DEBUG] net/fabricmc/api/EnvType -> net/minecraftforge/api/distmarker/Dist
[Architectury Transformer DEBUG] net/fabricmc/api/Environment -> net/minecraftforge/api/distmarker/OnlyIn
[Architectury Transformer DEBUG] Found class transformer
[Architectury Transformer DEBUG] Writing mod/syconn/swm/utils/client/PlasmaBuffer with maxs=true frames=true
[Architectury Transformer DEBUG] Remapping refmap from intermediary to srg: swm-forge-forge-refmap.json
[Architectury Transformer DEBUG] Transformed mod/syconn/swm/utils/client/PlasmaBuffer in 9.988 ms
[Architectury Transformer DEBUG] Transforming from mod/syconn/swm/utils/generic/MathUtil.class to mod/syconn/swm/utils/generic/MathUtil.class with 8 transformer(s) on dev.architectury.transformer.handler.TinyRemapperPreparedTransformerHandler
[Architectury Transformer DEBUG] Remapping with 1 mapping provider(s):
[Architectury Transformer DEBUG]  - dev.architectury.transformer.transformers.TransformForgeEnvironment$$Lambda/0x0000017cd409f168@718c7433
[Architectury Transformer DEBUG] Remapping Classes:
[Architectury Transformer DEBUG] net/fabricmc/api/EnvType -> net/minecraftforge/api/distmarker/Dist
[Architectury Transformer DEBUG] net/fabricmc/api/Environment -> net/minecraftforge/api/distmarker/OnlyIn
[Architectury Transformer DEBUG] Found class transformer
[Architectury Transformer DEBUG] Writing mod/syconn/swm/utils/generic/MathUtil with maxs=true frames=true
[Architectury Transformer DEBUG] Remapping refmap from intermediary to srg: swm-forge-forge-refmap.json
[Architectury Transformer DEBUG] Transformed mod/syconn/swm/utils/generic/MathUtil in 11.71 ms
[Architectury Transformer DEBUG] Transforming from mod/syconn/swm/core/ModMenus.class to mod/syconn/swm/core/ModMenus.class with 8 transformer(s) on dev.architectury.transformer.handler.TinyRemapperPreparedTransformerHandler
[Architectury Transformer DEBUG] Remapping with 1 mapping provider(s):
[Architectury Transformer DEBUG]  - dev.architectury.transformer.transformers.TransformForgeEnvironment$$Lambda/0x0000017cd409f168@718c7433
[Architectury Transformer DEBUG] Remapping Classes:
[Architectury Transformer DEBUG] net/fabricmc/api/EnvType -> net/minecraftforge/api/distmarker/Dist
[Architectury Transformer DEBUG] net/fabricmc/api/Environment -> net/minecraftforge/api/distmarker/OnlyIn
[Architectury Transformer DEBUG] Found class transformer
[Architectury Transformer DEBUG] Writing mod/syconn/swm/core/ModMenus with maxs=true frames=true
[Architectury Transformer DEBUG] Remapping refmap from intermediary to srg: swm-forge-forge-refmap.json
[Architectury Transformer DEBUG] Transformed mod/syconn/swm/core/ModMenus in 6.889 ms
[Architectury Transformer DEBUG] Transforming from mod/syconn/swm/utils/generic/AnimationUtil.class to mod/syconn/swm/utils/generic/AnimationUtil.class with 8 transformer(s) on dev.architectury.transformer.handler.TinyRemapperPreparedTransformerHandler
[Architectury Transformer DEBUG] Remapping with 1 mapping provider(s):
[Architectury Transformer DEBUG]  - dev.architectury.transformer.transformers.TransformForgeEnvironment$$Lambda/0x0000017cd409f168@718c7433
[Architectury Transformer DEBUG] Remapping Classes:
[Architectury Transformer DEBUG] net/fabricmc/api/EnvType -> net/minecraftforge/api/distmarker/Dist
[Architectury Transformer DEBUG] net/fabricmc/api/Environment -> net/minecraftforge/api/distmarker/OnlyIn
[Architectury Transformer DEBUG] Found class transformer
[Architectury Transformer DEBUG] Writing mod/syconn/swm/utils/generic/AnimationUtil with maxs=true frames=true
[Architectury Transformer DEBUG] Remapping refmap from intermediary to srg: swm-forge-forge-refmap.json
[Architectury Transformer DEBUG] Transformed mod/syconn/swm/utils/generic/AnimationUtil in 7.419 ms
[Architectury Transformer DEBUG] Transforming from mod/syconn/swm/core/ModRecipes.class to mod/syconn/swm/core/ModRecipes.class with 8 transformer(s) on dev.architectury.transformer.handler.TinyRemapperPreparedTransformerHandler
[Architectury Transformer DEBUG] Remapping with 1 mapping provider(s):
[Architectury Transformer DEBUG]  - dev.architectury.transformer.transformers.TransformForgeEnvironment$$Lambda/0x0000017cd409f168@718c7433
[Architectury Transformer DEBUG] Remapping Classes:
[Architectury Transformer DEBUG] net/fabricmc/api/EnvType -> net/minecraftforge/api/distmarker/Dist
[Architectury Transformer DEBUG] net/fabricmc/api/Environment -> net/minecraftforge/api/distmarker/OnlyIn
[Architectury Transformer DEBUG] Found class transformer
[Architectury Transformer DEBUG] Writing mod/syconn/swm/core/ModRecipes with maxs=true frames=true
[Architectury Transformer DEBUG] Remapping refmap from intermediary to srg: swm-forge-forge-refmap.json
[Architectury Transformer DEBUG] Transformed mod/syconn/swm/core/ModRecipes in 7.078 ms
[Architectury Transformer DEBUG] Transforming from mod/syconn/swm/blockentity/SyncedBlockEntity.class to mod/syconn/swm/blockentity/SyncedBlockEntity.class with 8 transformer(s) on dev.architectury.transformer.handler.TinyRemapperPreparedTransformerHandler
[Architectury Transformer DEBUG] Remapping with 1 mapping provider(s):
[Architectury Transformer DEBUG]  - dev.architectury.transformer.transformers.TransformForgeEnvironment$$Lambda/0x0000017cd409f168@718c7433
[Architectury Transformer DEBUG] Remapping Classes:
[Architectury Transformer DEBUG] net/fabricmc/api/EnvType -> net/minecraftforge/api/distmarker/Dist
[Architectury Transformer DEBUG] net/fabricmc/api/Environment -> net/minecraftforge/api/distmarker/OnlyIn
[Architectury Transformer DEBUG] Found class transformer
[Architectury Transformer DEBUG] Writing mod/syconn/swm/blockentity/SyncedBlockEntity with maxs=true frames=true
[Architectury Transformer DEBUG] Remapping refmap from intermediary to srg: swm-forge-forge-refmap.json
[Architectury Transformer DEBUG] Transformed mod/syconn/swm/blockentity/SyncedBlockEntity in 8.253 ms
[Architectury Transformer DEBUG] Transforming from mod/syconn/swm/server/recipes/LightsaberRecipe$Serializer.class to mod/syconn/swm/server/recipes/LightsaberRecipe$Serializer.class with 8 transformer(s) on dev.architectury.transformer.handler.TinyRemapperPreparedTransformerHandler
[Architectury Transformer DEBUG] Remapping with 1 mapping provider(s):
[Architectury Transformer DEBUG]  - dev.architectury.transformer.transformers.TransformForgeEnvironment$$Lambda/0x0000017cd409f168@718c7433
[Architectury Transformer DEBUG] Remapping Classes:
[Architectury Transformer DEBUG] net/fabricmc/api/EnvType -> net/minecraftforge/api/distmarker/Dist
[Architectury Transformer DEBUG] net/fabricmc/api/Environment -> net/minecraftforge/api/distmarker/OnlyIn
[Architectury Transformer DEBUG] Found class transformer
[Architectury Transformer DEBUG] Writing mod/syconn/swm/server/recipes/LightsaberRecipe$Serializer with maxs=true frames=true
[Architectury Transformer DEBUG] Remapping refmap from intermediary to srg: swm-forge-forge-refmap.json
[Architectury Transformer DEBUG] Transformed mod/syconn/swm/server/recipes/LightsaberRecipe$Serializer in 12.83 ms
[Architectury Transformer DEBUG] Transforming from mod/syconn/swm/utils/generic/ItemStackUtil.class to mod/syconn/swm/utils/generic/ItemStackUtil.class with 8 transformer(s) on dev.architectury.transformer.handler.TinyRemapperPreparedTransformerHandler
[Architectury Transformer DEBUG] Remapping with 1 mapping provider(s):
[Architectury Transformer DEBUG]  - dev.architectury.transformer.transformers.TransformForgeEnvironment$$Lambda/0x0000017cd409f168@718c7433
[Architectury Transformer DEBUG] Remapping Classes:
[Architectury Transformer DEBUG] net/fabricmc/api/EnvType -> net/minecraftforge/api/distmarker/Dist
[Architectury Transformer DEBUG] net/fabricmc/api/Environment -> net/minecraftforge/api/distmarker/OnlyIn
[Architectury Transformer DEBUG] Found class transformer
[Architectury Transformer DEBUG] Writing mod/syconn/swm/utils/generic/ItemStackUtil with maxs=true frames=true
[Architectury Transformer DEBUG] Remapping refmap from intermediary to srg: swm-forge-forge-refmap.json
[Architectury Transformer DEBUG] Transformed mod/syconn/swm/utils/generic/ItemStackUtil in 7.619 ms
[Architectury Transformer DEBUG] Transforming from mod/syconn/swm/features/lightsaber/blockentity/LightsaberWorkbenchBlockEntity.class to mod/syconn/swm/features/lightsaber/blockentity/LightsaberWorkbenchBlockEntity.class with 8 transformer(s) on dev.architectury.transformer.handler.TinyRemapperPreparedTransformerHandler
[Architectury Transformer DEBUG] Remapping with 1 mapping provider(s):
[Architectury Transformer DEBUG]  - dev.architectury.transformer.transformers.TransformForgeEnvironment$$Lambda/0x0000017cd409f168@718c7433
[Architectury Transformer DEBUG] Remapping Classes:
[Architectury Transformer DEBUG] net/fabricmc/api/EnvType -> net/minecraftforge/api/distmarker/Dist
[Architectury Transformer DEBUG] net/fabricmc/api/Environment -> net/minecraftforge/api/distmarker/OnlyIn
[Architectury Transformer DEBUG] Found class transformer
[Architectury Transformer DEBUG] Writing mod/syconn/swm/features/lightsaber/blockentity/LightsaberWorkbenchBlockEntity with maxs=true frames=true
[Architectury Transformer DEBUG] Remapping refmap from intermediary to srg: swm-forge-forge-refmap.json
[Architectury Transformer DEBUG] Transformed mod/syconn/swm/features/lightsaber/blockentity/LightsaberWorkbenchBlockEntity in 8.686 ms
[Architectury Transformer DEBUG] Transforming from mod/syconn/swm/features/lightsaber/client/screen/LightsaberAssemblerScreen.class to mod/syconn/swm/features/lightsaber/client/screen/LightsaberAssemblerScreen.class with 8 transformer(s) on dev.architectury.transformer.handler.TinyRemapperPreparedTransformerHandler
[Architectury Transformer DEBUG] Remapping with 1 mapping provider(s):
[Architectury Transformer DEBUG]  - dev.architectury.transformer.transformers.TransformForgeEnvironment$$Lambda/0x0000017cd409f168@718c7433
[Architectury Transformer DEBUG] Remapping Classes:
[Architectury Transformer DEBUG] net/fabricmc/api/EnvType -> net/minecraftforge/api/distmarker/Dist
[Architectury Transformer DEBUG] net/fabricmc/api/Environment -> net/minecraftforge/api/distmarker/OnlyIn
[Architectury Transformer DEBUG] Found class transformer
[Architectury Transformer DEBUG] Writing mod/syconn/swm/features/lightsaber/client/screen/LightsaberAssemblerScreen with maxs=true frames=true
[Architectury Transformer DEBUG] Remapping refmap from intermediary to srg: swm-forge-forge-refmap.json
[Architectury Transformer DEBUG] Transformed mod/syconn/swm/features/lightsaber/client/screen/LightsaberAssemblerScreen in 11.19 ms
[Architectury Transformer DEBUG] Transforming from mod/syconn/swm/blockentity/HoloProjectorBlockEntity.class to mod/syconn/swm/blockentity/HoloProjectorBlockEntity.class with 8 transformer(s) on dev.architectury.transformer.handler.TinyRemapperPreparedTransformerHandler
[Architectury Transformer DEBUG] Remapping with 1 mapping provider(s):
[Architectury Transformer DEBUG]  - dev.architectury.transformer.transformers.TransformForgeEnvironment$$Lambda/0x0000017cd409f168@718c7433
[Architectury Transformer DEBUG] Remapping Classes:
[Architectury Transformer DEBUG] net/fabricmc/api/EnvType -> net/minecraftforge/api/distmarker/Dist
[Architectury Transformer DEBUG] net/fabricmc/api/Environment -> net/minecraftforge/api/distmarker/OnlyIn
[Architectury Transformer DEBUG] Found class transformer
[Architectury Transformer DEBUG] Writing mod/syconn/swm/blockentity/HoloProjectorBlockEntity with maxs=true frames=true
[Architectury Transformer DEBUG] Remapping refmap from intermediary to srg: swm-forge-forge-refmap.json
[Architectury Transformer DEBUG] Transformed mod/syconn/swm/blockentity/HoloProjectorBlockEntity in 10.81 ms
[Architectury Transformer DEBUG] Transforming from mod/syconn/swm/network/Network.class to mod/syconn/swm/network/Network.class with 8 transformer(s) on dev.architectury.transformer.handler.TinyRemapperPreparedTransformerHandler
[Architectury Transformer DEBUG] Remapping with 1 mapping provider(s):
[Architectury Transformer DEBUG]  - dev.architectury.transformer.transformers.TransformForgeEnvironment$$Lambda/0x0000017cd409f168@718c7433
[Architectury Transformer DEBUG] Remapping Classes:
[Architectury Transformer DEBUG] net/fabricmc/api/EnvType -> net/minecraftforge/api/distmarker/Dist
[Architectury Transformer DEBUG] net/fabricmc/api/Environment -> net/minecraftforge/api/distmarker/OnlyIn
[Architectury Transformer DEBUG] Found class transformer
[Architectury Transformer DEBUG] Writing mod/syconn/swm/network/Network with maxs=true frames=true
[Architectury Transformer DEBUG] Remapping refmap from intermediary to srg: swm-forge-forge-refmap.json
[Architectury Transformer DEBUG] Transformed mod/syconn/swm/network/Network in 9.747 ms
[Architectury Transformer DEBUG] Transforming from mod/syconn/swm/utils/Constants.class to mod/syconn/swm/utils/Constants.class with 8 transformer(s) on dev.architectury.transformer.handler.TinyRemapperPreparedTransformerHandler
[Architectury Transformer DEBUG] Remapping with 1 mapping provider(s):
[Architectury Transformer DEBUG]  - dev.architectury.transformer.transformers.TransformForgeEnvironment$$Lambda/0x0000017cd409f168@718c7433
[Architectury Transformer DEBUG] Remapping Classes:
[Architectury Transformer DEBUG] net/fabricmc/api/EnvType -> net/minecraftforge/api/distmarker/Dist
[Architectury Transformer DEBUG] net/fabricmc/api/Environment -> net/minecraftforge/api/distmarker/OnlyIn
[Architectury Transformer DEBUG] Found class transformer
[Architectury Transformer DEBUG] Writing mod/syconn/swm/utils/Constants with maxs=true frames=true
[Architectury Transformer DEBUG] Remapping refmap from intermediary to srg: swm-forge-forge-refmap.json
[Architectury Transformer DEBUG] Transformed mod/syconn/swm/utils/Constants in 8.796 ms
[Architectury Transformer DEBUG] Transforming from mod/syconn/swm/features/lightsaber/sound/LightsaberAudio.class to mod/syconn/swm/features/lightsaber/sound/LightsaberAudio.class with 8 transformer(s) on dev.architectury.transformer.handler.TinyRemapperPreparedTransformerHandler
[Architectury Transformer DEBUG] Remapping with 1 mapping provider(s):
[Architectury Transformer DEBUG]  - dev.architectury.transformer.transformers.TransformForgeEnvironment$$Lambda/0x0000017cd409f168@718c7433
[Architectury Transformer DEBUG] Remapping Classes:
[Architectury Transformer DEBUG] net/fabricmc/api/EnvType -> net/minecraftforge/api/distmarker/Dist
[Architectury Transformer DEBUG] net/fabricmc/api/Environment -> net/minecraftforge/api/distmarker/OnlyIn
[Architectury Transformer DEBUG] Found class transformer
[Architectury Transformer DEBUG] Writing mod/syconn/swm/features/lightsaber/sound/LightsaberAudio with maxs=true frames=true
[Architectury Transformer DEBUG] Remapping refmap from intermediary to srg: swm-forge-forge-refmap.json
[Architectury Transformer DEBUG] Transformed mod/syconn/swm/features/lightsaber/sound/LightsaberAudio in 6.645 ms
[Architectury Transformer DEBUG] Transforming from mod/syconn/swm/features/lightsaber/sound/LightsaberAmbientSoundInstance.class to mod/syconn/swm/features/lightsaber/sound/LightsaberAmbientSoundInstance.class with 8 transformer(s) on dev.architectury.transformer.handler.TinyRemapperPreparedTransformerHandler
[Architectury Transformer DEBUG] Remapping with 1 mapping provider(s):
[Architectury Transformer DEBUG]  - dev.architectury.transformer.transformers.TransformForgeEnvironment$$Lambda/0x0000017cd409f168@718c7433
[Architectury Transformer DEBUG] Remapping Classes:
[Architectury Transformer DEBUG] net/fabricmc/api/EnvType -> net/minecraftforge/api/distmarker/Dist
[Architectury Transformer DEBUG] net/fabricmc/api/Environment -> net/minecraftforge/api/distmarker/OnlyIn
[Architectury Transformer DEBUG] Found class transformer
[Architectury Transformer DEBUG] Writing mod/syconn/swm/features/lightsaber/sound/LightsaberAmbientSoundInstance with maxs=true frames=true
[Architectury Transformer DEBUG] Remapping refmap from intermediary to srg: swm-forge-forge-refmap.json
[Architectury Transformer DEBUG] Transformed mod/syconn/swm/features/lightsaber/sound/LightsaberAmbientSoundInstance in 7.467 ms
[Architectury Transformer DEBUG] Transforming from mod/syconn/swm/features/lightsaber/server/menu/LightsaberWorkbenchMenu.class to mod/syconn/swm/features/lightsaber/server/menu/LightsaberWorkbenchMenu.class with 8 transformer(s) on dev.architectury.transformer.handler.TinyRemapperPreparedTransformerHandler
[Architectury Transformer DEBUG] Remapping with 1 mapping provider(s):
[Architectury Transformer DEBUG]  - dev.architectury.transformer.transformers.TransformForgeEnvironment$$Lambda/0x0000017cd409f168@718c7433
[Architectury Transformer DEBUG] Remapping Classes:
[Architectury Transformer DEBUG] net/fabricmc/api/EnvType -> net/minecraftforge/api/distmarker/Dist
[Architectury Transformer DEBUG] net/fabricmc/api/Environment -> net/minecraftforge/api/distmarker/OnlyIn
[Architectury Transformer DEBUG] Found class transformer
[Architectury Transformer DEBUG] Writing mod/syconn/swm/features/lightsaber/server/menu/LightsaberWorkbenchMenu with maxs=true frames=true
[Architectury Transformer DEBUG] Remapping refmap from intermediary to srg: swm-forge-forge-refmap.json
[Architectury Transformer DEBUG] Transformed mod/syconn/swm/features/lightsaber/server/menu/LightsaberWorkbenchMenu in 6.767 ms
[Architectury Transformer DEBUG] Transforming from mod/syconn/swm/features/lightsaber/network/ToggleLightsaberPacket.class to mod/syconn/swm/features/lightsaber/network/ToggleLightsaberPacket.class with 8 transformer(s) on dev.architectury.transformer.handler.TinyRemapperPreparedTransformerHandler
[Architectury Transformer DEBUG] Remapping with 1 mapping provider(s):
[Architectury Transformer DEBUG]  - dev.architectury.transformer.transformers.TransformForgeEnvironment$$Lambda/0x0000017cd409f168@718c7433
[Architectury Transformer DEBUG] Remapping Classes:
[Architectury Transformer DEBUG] net/fabricmc/api/EnvType -> net/minecraftforge/api/distmarker/Dist
[Architectury Transformer DEBUG] net/fabricmc/api/Environment -> net/minecraftforge/api/distmarker/OnlyIn
[Architectury Transformer DEBUG] Found class transformer
[Architectury Transformer DEBUG] Writing mod/syconn/swm/features/lightsaber/network/ToggleLightsaberPacket with maxs=true frames=true
[Architectury Transformer DEBUG] Remapping refmap from intermediary to srg: swm-forge-forge-refmap.json
[Architectury Transformer DEBUG] Transformed mod/syconn/swm/features/lightsaber/network/ToggleLightsaberPacket in 8.261 ms
[Architectury Transformer DEBUG] Transforming from mod/syconn/swm/features/lightsaber/server/menu/LightsaberAssemblerMenu.class to mod/syconn/swm/features/lightsaber/server/menu/LightsaberAssemblerMenu.class with 8 transformer(s) on dev.architectury.transformer.handler.TinyRemapperPreparedTransformerHandler
[Architectury Transformer DEBUG] Remapping with 1 mapping provider(s):
[Architectury Transformer DEBUG]  - dev.architectury.transformer.transformers.TransformForgeEnvironment$$Lambda/0x0000017cd409f168@718c7433
[Architectury Transformer DEBUG] Remapping Classes:
[Architectury Transformer DEBUG] net/fabricmc/api/EnvType -> net/minecraftforge/api/distmarker/Dist
[Architectury Transformer DEBUG] net/fabricmc/api/Environment -> net/minecraftforge/api/distmarker/OnlyIn
[Architectury Transformer DEBUG] Found class transformer
[Architectury Transformer DEBUG] Writing mod/syconn/swm/features/lightsaber/server/menu/LightsaberAssemblerMenu with maxs=true frames=true
[Architectury Transformer DEBUG] Remapping refmap from intermediary to srg: swm-forge-forge-refmap.json
[Architectury Transformer DEBUG] Transformed mod/syconn/swm/features/lightsaber/server/menu/LightsaberAssemblerMenu in 6.715 ms
[Architectury Transformer DEBUG] Transforming from mod/syconn/swm/core/ModRecipes$1.class to mod/syconn/swm/core/ModRecipes$1.class with 8 transformer(s) on dev.architectury.transformer.handler.TinyRemapperPreparedTransformerHandler
[Architectury Transformer DEBUG] Remapping with 1 mapping provider(s):
[Architectury Transformer DEBUG]  - dev.architectury.transformer.transformers.TransformForgeEnvironment$$Lambda/0x0000017cd409f168@718c7433
[Architectury Transformer DEBUG] Remapping Classes:
[Architectury Transformer DEBUG] net/fabricmc/api/EnvType -> net/minecraftforge/api/distmarker/Dist
[Architectury Transformer DEBUG] net/fabricmc/api/Environment -> net/minecraftforge/api/distmarker/OnlyIn
[Architectury Transformer DEBUG] Found class transformer
[Architectury Transformer DEBUG] Writing mod/syconn/swm/core/ModRecipes$1 with maxs=true frames=true
[Architectury Transformer DEBUG] Remapping refmap from intermediary to srg: swm-forge-forge-refmap.json
[Architectury Transformer DEBUG] Transformed mod/syconn/swm/core/ModRecipes$1 in 4.127 ms
[Architectury Transformer DEBUG] Transforming from mod/syconn/swm/features/lightsaber/data/LightsaberTag.class to mod/syconn/swm/features/lightsaber/data/LightsaberTag.class with 8 transformer(s) on dev.architectury.transformer.handler.TinyRemapperPreparedTransformerHandler
[Architectury Transformer DEBUG] Remapping with 1 mapping provider(s):
[Architectury Transformer DEBUG]  - dev.architectury.transformer.transformers.TransformForgeEnvironment$$Lambda/0x0000017cd409f168@718c7433
[Architectury Transformer DEBUG] Remapping Classes:
[Architectury Transformer DEBUG] net/fabricmc/api/EnvType -> net/minecraftforge/api/distmarker/Dist
[Architectury Transformer DEBUG] net/fabricmc/api/Environment -> net/minecraftforge/api/distmarker/OnlyIn
[Architectury Transformer DEBUG] Found class transformer
[Architectury Transformer DEBUG] Writing mod/syconn/swm/features/lightsaber/data/LightsaberTag with maxs=true frames=true
[Architectury Transformer DEBUG] Remapping refmap from intermediary to srg: swm-forge-forge-refmap.json
[Architectury Transformer DEBUG] Transformed mod/syconn/swm/features/lightsaber/data/LightsaberTag in 5.981 ms
[Architectury Transformer DEBUG] Transforming from mod/syconn/swm/features/lightsaber/network/ThrowLightsaberPacket.class to mod/syconn/swm/features/lightsaber/network/ThrowLightsaberPacket.class with 8 transformer(s) on dev.architectury.transformer.handler.TinyRemapperPreparedTransformerHandler
[Architectury Transformer DEBUG] Remapping with 1 mapping provider(s):
[Architectury Transformer DEBUG]  - dev.architectury.transformer.transformers.TransformForgeEnvironment$$Lambda/0x0000017cd409f168@718c7433
[Architectury Transformer DEBUG] Remapping Classes:
[Architectury Transformer DEBUG] net/fabricmc/api/EnvType -> net/minecraftforge/api/distmarker/Dist
[Architectury Transformer DEBUG] net/fabricmc/api/Environment -> net/minecraftforge/api/distmarker/OnlyIn
[Architectury Transformer DEBUG] Found class transformer
[Architectury Transformer DEBUG] Writing mod/syconn/swm/features/lightsaber/network/ThrowLightsaberPacket with maxs=true frames=true
[Architectury Transformer DEBUG] Remapping refmap from intermediary to srg: swm-forge-forge-refmap.json
[Architectury Transformer DEBUG] Transformed mod/syconn/swm/features/lightsaber/network/ThrowLightsaberPacket in 4.510 ms
[Architectury Transformer DEBUG] Transforming from mod/syconn/swm/network/packets/clientside/SyncResourceDataPacket.class to mod/syconn/swm/network/packets/clientside/SyncResourceDataPacket.class with 8 transformer(s) on dev.architectury.transformer.handler.TinyRemapperPreparedTransformerHandler
[Architectury Transformer DEBUG] Remapping with 1 mapping provider(s):
[Architectury Transformer DEBUG]  - dev.architectury.transformer.transformers.TransformForgeEnvironment$$Lambda/0x0000017cd409f168@718c7433
[Architectury Transformer DEBUG] Remapping Classes:
[Architectury Transformer DEBUG] net/fabricmc/api/EnvType -> net/minecraftforge/api/distmarker/Dist
[Architectury Transformer DEBUG] net/fabricmc/api/Environment -> net/minecraftforge/api/distmarker/OnlyIn
[Architectury Transformer DEBUG] Found class transformer
[Architectury Transformer DEBUG] Writing mod/syconn/swm/network/packets/clientside/SyncResourceDataPacket with maxs=true frames=true
[Architectury Transformer DEBUG] Remapping refmap from intermediary to srg: swm-forge-forge-refmap.json
[Architectury Transformer DEBUG] Transformed mod/syconn/swm/network/packets/clientside/SyncResourceDataPacket in 4.860 ms
[Architectury Transformer DEBUG] Transforming from mod/syconn/swm/StarWars.class to mod/syconn/swm/StarWars.class with 8 transformer(s) on dev.architectury.transformer.handler.TinyRemapperPreparedTransformerHandler
[Architectury Transformer DEBUG] Remapping with 1 mapping provider(s):
[Architectury Transformer DEBUG]  - dev.architectury.transformer.transformers.TransformForgeEnvironment$$Lambda/0x0000017cd409f168@718c7433
[Architectury Transformer DEBUG] Remapping Classes:
[Architectury Transformer DEBUG] net/fabricmc/api/EnvType -> net/minecraftforge/api/distmarker/Dist
[Architectury Transformer DEBUG] net/fabricmc/api/Environment -> net/minecraftforge/api/distmarker/OnlyIn
[Architectury Transformer DEBUG] Found class transformer
[Architectury Transformer DEBUG] Writing mod/syconn/swm/StarWars with maxs=true frames=true
[Architectury Transformer DEBUG] Remapping refmap from intermediary to srg: swm-forge-forge-refmap.json
[Architectury Transformer DEBUG] Transformed mod/syconn/swm/StarWars in 5.694 ms
[Architectury Transformer DEBUG] Transforming from mod/syconn/swm/features/lightsaber/network/ChangeLightsaberHSVPacket.class to mod/syconn/swm/features/lightsaber/network/ChangeLightsaberHSVPacket.class with 8 transformer(s) on dev.architectury.transformer.handler.TinyRemapperPreparedTransformerHandler
[Architectury Transformer DEBUG] Remapping with 1 mapping provider(s):
[Architectury Transformer DEBUG]  - dev.architectury.transformer.transformers.TransformForgeEnvironment$$Lambda/0x0000017cd409f168@718c7433
[Architectury Transformer DEBUG] Remapping Classes:
[Architectury Transformer DEBUG] net/fabricmc/api/EnvType -> net/minecraftforge/api/distmarker/Dist
[Architectury Transformer DEBUG] net/fabricmc/api/Environment -> net/minecraftforge/api/distmarker/OnlyIn
[Architectury Transformer DEBUG] Found class transformer
[Architectury Transformer DEBUG] Writing mod/syconn/swm/features/lightsaber/network/ChangeLightsaberHSVPacket with maxs=true frames=true
[Architectury Transformer DEBUG] Remapping refmap from intermediary to srg: swm-forge-forge-refmap.json
[Architectury Transformer DEBUG] Transformed mod/syconn/swm/features/lightsaber/network/ChangeLightsaberHSVPacket in 6.151 ms
[Architectury Transformer DEBUG] Transforming from mod/syconn/swm/server/data/SWGear$SWGearAccess.class to mod/syconn/swm/server/data/SWGear$SWGearAccess.class with 8 transformer(s) on dev.architectury.transformer.handler.TinyRemapperPreparedTransformerHandler
[Architectury Transformer DEBUG] Remapping with 1 mapping provider(s):
[Architectury Transformer DEBUG]  - dev.architectury.transformer.transformers.TransformForgeEnvironment$$Lambda/0x0000017cd409f168@718c7433
[Architectury Transformer DEBUG] Remapping Classes:
[Architectury Transformer DEBUG] net/fabricmc/api/EnvType -> net/minecraftforge/api/distmarker/Dist
[Architectury Transformer DEBUG] net/fabricmc/api/Environment -> net/minecraftforge/api/distmarker/OnlyIn
[Architectury Transformer DEBUG] Found class transformer
[Architectury Transformer DEBUG] Writing mod/syconn/swm/server/data/SWGear$SWGearAccess with maxs=true frames=true
[Architectury Transformer DEBUG] Remapping refmap from intermediary to srg: swm-forge-forge-refmap.json
[Architectury Transformer DEBUG] Transformed mod/syconn/swm/server/data/SWGear$SWGearAccess in 4.299 ms
[Architectury Transformer DEBUG] Transforming from mod/syconn/swm/client/keys/KeyHandler.class to mod/syconn/swm/client/keys/KeyHandler.class with 8 transformer(s) on dev.architectury.transformer.handler.TinyRemapperPreparedTransformerHandler
[Architectury Transformer DEBUG] Remapping with 1 mapping provider(s):
[Architectury Transformer DEBUG]  - dev.architectury.transformer.transformers.TransformForgeEnvironment$$Lambda/0x0000017cd409f168@718c7433
[Architectury Transformer DEBUG] Remapping Classes:
[Architectury Transformer DEBUG] net/fabricmc/api/EnvType -> net/minecraftforge/api/distmarker/Dist
[Architectury Transformer DEBUG] net/fabricmc/api/Environment -> net/minecraftforge/api/distmarker/OnlyIn
[Architectury Transformer DEBUG] Found class transformer
[Architectury Transformer DEBUG] Writing mod/syconn/swm/client/keys/KeyHandler with maxs=true frames=true
[Architectury Transformer DEBUG] Remapping refmap from intermediary to srg: swm-forge-forge-refmap.json
[Architectury Transformer DEBUG] Transformed mod/syconn/swm/client/keys/KeyHandler in 5.527 ms
[Architectury Transformer DEBUG] Transforming from mod/syconn/swm/features/lightsaber/network/CraftHiltPacket.class to mod/syconn/swm/features/lightsaber/network/CraftHiltPacket.class with 8 transformer(s) on dev.architectury.transformer.handler.TinyRemapperPreparedTransformerHandler
[Architectury Transformer DEBUG] Remapping with 1 mapping provider(s):
[Architectury Transformer DEBUG]  - dev.architectury.transformer.transformers.TransformForgeEnvironment$$Lambda/0x0000017cd409f168@718c7433
[Architectury Transformer DEBUG] Remapping Classes:
[Architectury Transformer DEBUG] net/fabricmc/api/EnvType -> net/minecraftforge/api/distmarker/Dist
[Architectury Transformer DEBUG] net/fabricmc/api/Environment -> net/minecraftforge/api/distmarker/OnlyIn
[Architectury Transformer DEBUG] Found class transformer
[Architectury Transformer DEBUG] Writing mod/syconn/swm/features/lightsaber/network/CraftHiltPacket with maxs=true frames=true
[Architectury Transformer DEBUG] Remapping refmap from intermediary to srg: swm-forge-forge-refmap.json
[Architectury Transformer DEBUG] Transformed mod/syconn/swm/features/lightsaber/network/CraftHiltPacket in 6.115 ms
[Architectury Transformer DEBUG] Transforming from mod/syconn/swm/network/packets/serverside/HoloCallPacket.class to mod/syconn/swm/network/packets/serverside/HoloCallPacket.class with 8 transformer(s) on dev.architectury.transformer.handler.TinyRemapperPreparedTransformerHandler
[Architectury Transformer DEBUG] Remapping with 1 mapping provider(s):
[Architectury Transformer DEBUG]  - dev.architectury.transformer.transformers.TransformForgeEnvironment$$Lambda/0x0000017cd409f168@718c7433
[Architectury Transformer DEBUG] Remapping Classes:
[Architectury Transformer DEBUG] net/fabricmc/api/EnvType -> net/minecraftforge/api/distmarker/Dist
[Architectury Transformer DEBUG] net/fabricmc/api/Environment -> net/minecraftforge/api/distmarker/OnlyIn
[Architectury Transformer DEBUG] Found class transformer
[Architectury Transformer DEBUG] Writing mod/syconn/swm/network/packets/serverside/HoloCallPacket with maxs=true frames=true
[Architectury Transformer DEBUG] Remapping refmap from intermediary to srg: swm-forge-forge-refmap.json
[Architectury Transformer DEBUG] Transformed mod/syconn/swm/network/packets/serverside/HoloCallPacket in 6.701 ms
[Architectury Transformer DEBUG] Transforming from mod/syconn/swm/core/ModBlocks.class to mod/syconn/swm/core/ModBlocks.class with 8 transformer(s) on dev.architectury.transformer.handler.TinyRemapperPreparedTransformerHandler
[Architectury Transformer DEBUG] Remapping with 1 mapping provider(s):
[Architectury Transformer DEBUG]  - dev.architectury.transformer.transformers.TransformForgeEnvironment$$Lambda/0x0000017cd409f168@718c7433
[Architectury Transformer DEBUG] Remapping Classes:
[Architectury Transformer DEBUG] net/fabricmc/api/EnvType -> net/minecraftforge/api/distmarker/Dist
[Architectury Transformer DEBUG] net/fabricmc/api/Environment -> net/minecraftforge/api/distmarker/OnlyIn
[Architectury Transformer DEBUG] Found class transformer
[Architectury Transformer DEBUG] Writing mod/syconn/swm/core/ModBlocks with maxs=true frames=true
[Architectury Transformer DEBUG] Remapping refmap from intermediary to srg: swm-forge-forge-refmap.json
[Architectury Transformer DEBUG] Transformed mod/syconn/swm/core/ModBlocks in 5.551 ms
[Architectury Transformer DEBUG] Transforming from mod/syconn/swm/network/packets/clientside/RequestedHologramPacket.class to mod/syconn/swm/network/packets/clientside/RequestedHologramPacket.class with 8 transformer(s) on dev.architectury.transformer.handler.TinyRemapperPreparedTransformerHandler
[Architectury Transformer DEBUG] Remapping with 1 mapping provider(s):
[Architectury Transformer DEBUG]  - dev.architectury.transformer.transformers.TransformForgeEnvironment$$Lambda/0x0000017cd409f168@718c7433
[Architectury Transformer DEBUG] Remapping Classes:
[Architectury Transformer DEBUG] net/fabricmc/api/EnvType -> net/minecraftforge/api/distmarker/Dist
[Architectury Transformer DEBUG] net/fabricmc/api/Environment -> net/minecraftforge/api/distmarker/OnlyIn
[Architectury Transformer DEBUG] Found class transformer
[Architectury Transformer DEBUG] Writing mod/syconn/swm/network/packets/clientside/RequestedHologramPacket with maxs=true frames=true
[Architectury Transformer DEBUG] Remapping refmap from intermediary to srg: swm-forge-forge-refmap.json
[Architectury Transformer DEBUG] Transformed mod/syconn/swm/network/packets/clientside/RequestedHologramPacket in 4.585 ms
[Architectury Transformer DEBUG] Transforming from mod/syconn/swm/network/packets/serverside/RequestHologramPacket.class to mod/syconn/swm/network/packets/serverside/RequestHologramPacket.class with 8 transformer(s) on dev.architectury.transformer.handler.TinyRemapperPreparedTransformerHandler
[Architectury Transformer DEBUG] Remapping with 1 mapping provider(s):
[Architectury Transformer DEBUG]  - dev.architectury.transformer.transformers.TransformForgeEnvironment$$Lambda/0x0000017cd409f168@718c7433
[Architectury Transformer DEBUG] Remapping Classes:
[Architectury Transformer DEBUG] net/fabricmc/api/EnvType -> net/minecraftforge/api/distmarker/Dist
[Architectury Transformer DEBUG] net/fabricmc/api/Environment -> net/minecraftforge/api/distmarker/OnlyIn
[Architectury Transformer DEBUG] Found class transformer
[Architectury Transformer DEBUG] Writing mod/syconn/swm/network/packets/serverside/RequestHologramPacket with maxs=true frames=true
[Architectury Transformer DEBUG] Remapping refmap from intermediary to srg: swm-forge-forge-refmap.json
[Architectury Transformer DEBUG] Transformed mod/syconn/swm/network/packets/serverside/RequestHologramPacket in 5.202 ms
[Architectury Transformer DEBUG] Transforming from mod/syconn/swm/network/packets/clientside/NotifyPlayerPacket.class to mod/syconn/swm/network/packets/clientside/NotifyPlayerPacket.class with 8 transformer(s) on dev.architectury.transformer.handler.TinyRemapperPreparedTransformerHandler
[Architectury Transformer DEBUG] Remapping with 1 mapping provider(s):
[Architectury Transformer DEBUG]  - dev.architectury.transformer.transformers.TransformForgeEnvironment$$Lambda/0x0000017cd409f168@718c7433
[Architectury Transformer DEBUG] Remapping Classes:
[Architectury Transformer DEBUG] net/fabricmc/api/EnvType -> net/minecraftforge/api/distmarker/Dist
[Architectury Transformer DEBUG] net/fabricmc/api/Environment -> net/minecraftforge/api/distmarker/OnlyIn
[Architectury Transformer DEBUG] Found class transformer
[Architectury Transformer DEBUG] Writing mod/syconn/swm/network/packets/clientside/NotifyPlayerPacket with maxs=true frames=true
[Architectury Transformer DEBUG] Remapping refmap from intermediary to srg: swm-forge-forge-refmap.json
[Architectury Transformer DEBUG] Transformed mod/syconn/swm/network/packets/clientside/NotifyPlayerPacket in 4.341 ms
[Architectury Transformer DEBUG] Transforming from mod/syconn/swm/features/lightsaber/network/PlayAmbientLightsaberSoundPacket.class to mod/syconn/swm/features/lightsaber/network/PlayAmbientLightsaberSoundPacket.class with 8 transformer(s) on dev.architectury.transformer.handler.TinyRemapperPreparedTransformerHandler
[Architectury Transformer DEBUG] Remapping with 1 mapping provider(s):
[Architectury Transformer DEBUG]  - dev.architectury.transformer.transformers.TransformForgeEnvironment$$Lambda/0x0000017cd409f168@718c7433
[Architectury Transformer DEBUG] Remapping Classes:
[Architectury Transformer DEBUG] net/fabricmc/api/EnvType -> net/minecraftforge/api/distmarker/Dist
[Architectury Transformer DEBUG] net/fabricmc/api/Environment -> net/minecraftforge/api/distmarker/OnlyIn
[Architectury Transformer DEBUG] Found class transformer
[Architectury Transformer DEBUG] Writing mod/syconn/swm/features/lightsaber/network/PlayAmbientLightsaberSoundPacket with maxs=true frames=true
[Architectury Transformer DEBUG] Remapping refmap from intermediary to srg: swm-forge-forge-refmap.json
[Architectury Transformer DEBUG] Transformed mod/syconn/swm/features/lightsaber/network/PlayAmbientLightsaberSoundPacket in 4.237 ms
[Architectury Transformer DEBUG] Transforming from mod/syconn/swm/network/packets/serverside/ToggleEquipmentSlotPacket.class to mod/syconn/swm/network/packets/serverside/ToggleEquipmentSlotPacket.class with 8 transformer(s) on dev.architectury.transformer.handler.TinyRemapperPreparedTransformerHandler
[Architectury Transformer DEBUG] Remapping with 1 mapping provider(s):
[Architectury Transformer DEBUG]  - dev.architectury.transformer.transformers.TransformForgeEnvironment$$Lambda/0x0000017cd409f168@718c7433
[Architectury Transformer DEBUG] Remapping Classes:
[Architectury Transformer DEBUG] net/fabricmc/api/EnvType -> net/minecraftforge/api/distmarker/Dist
[Architectury Transformer DEBUG] net/fabricmc/api/Environment -> net/minecraftforge/api/distmarker/OnlyIn
[Architectury Transformer DEBUG] Found class transformer
[Architectury Transformer DEBUG] Writing mod/syconn/swm/network/packets/serverside/ToggleEquipmentSlotPacket with maxs=true frames=true
[Architectury Transformer DEBUG] Remapping refmap from intermediary to srg: swm-forge-forge-refmap.json
[Architectury Transformer DEBUG] Transformed mod/syconn/swm/network/packets/serverside/ToggleEquipmentSlotPacket in 5.516 ms
[Architectury Transformer DEBUG] Transforming from mod/syconn/swm/utils/client/HologramData$HologramTag.class to mod/syconn/swm/utils/client/HologramData$HologramTag.class with 8 transformer(s) on dev.architectury.transformer.handler.TinyRemapperPreparedTransformerHandler
[Architectury Transformer DEBUG] Remapping with 1 mapping provider(s):
[Architectury Transformer DEBUG]  - dev.architectury.transformer.transformers.TransformForgeEnvironment$$Lambda/0x0000017cd409f168@718c7433
[Architectury Transformer DEBUG] Remapping Classes:
[Architectury Transformer DEBUG] net/fabricmc/api/EnvType -> net/minecraftforge/api/distmarker/Dist
[Architectury Transformer DEBUG] net/fabricmc/api/Environment -> net/minecraftforge/api/distmarker/OnlyIn
[Architectury Transformer DEBUG] Found class transformer
[Architectury Transformer DEBUG] Writing mod/syconn/swm/utils/client/HologramData$HologramTag with maxs=true frames=true
[Architectury Transformer DEBUG] Remapping refmap from intermediary to srg: swm-forge-forge-refmap.json
[Architectury Transformer DEBUG] Transformed mod/syconn/swm/utils/client/HologramData$HologramTag in 9.520 ms
[Architectury Transformer DEBUG] Transforming from mod/syconn/swm/features/addons/LightsaberContent.class to mod/syconn/swm/features/addons/LightsaberContent.class with 8 transformer(s) on dev.architectury.transformer.handler.TinyRemapperPreparedTransformerHandler
[Architectury Transformer DEBUG] Remapping with 1 mapping provider(s):
[Architectury Transformer DEBUG]  - dev.architectury.transformer.transformers.TransformForgeEnvironment$$Lambda/0x0000017cd409f168@718c7433
[Architectury Transformer DEBUG] Remapping Classes:
[Architectury Transformer DEBUG] net/fabricmc/api/EnvType -> net/minecraftforge/api/distmarker/Dist
[Architectury Transformer DEBUG] net/fabricmc/api/Environment -> net/minecraftforge/api/distmarker/OnlyIn
[Architectury Transformer DEBUG] Found class transformer
[Architectury Transformer DEBUG] Writing mod/syconn/swm/features/addons/LightsaberContent with maxs=true frames=true
[Architectury Transformer DEBUG] Remapping refmap from intermediary to srg: swm-forge-forge-refmap.json
[Architectury Transformer DEBUG] Transformed mod/syconn/swm/features/addons/LightsaberContent in 9.310 ms
[Architectury Transformer DEBUG] Transforming from mod/syconn/swm/utils/generic/ColorUtil.class to mod/syconn/swm/utils/generic/ColorUtil.class with 8 transformer(s) on dev.architectury.transformer.handler.TinyRemapperPreparedTransformerHandler
[Architectury Transformer DEBUG] Remapping with 1 mapping provider(s):
[Architectury Transformer DEBUG]  - dev.architectury.transformer.transformers.TransformForgeEnvironment$$Lambda/0x0000017cd409f168@718c7433
[Architectury Transformer DEBUG] Remapping Classes:
[Architectury Transformer DEBUG] net/fabricmc/api/EnvType -> net/minecraftforge/api/distmarker/Dist
[Architectury Transformer DEBUG] net/fabricmc/api/Environment -> net/minecraftforge/api/distmarker/OnlyIn
[Architectury Transformer DEBUG] Found class transformer
[Architectury Transformer DEBUG] Writing mod/syconn/swm/utils/generic/ColorUtil with maxs=true frames=true
[Architectury Transformer DEBUG] Remapping refmap from intermediary to srg: swm-forge-forge-refmap.json
[Architectury Transformer DEBUG] Transformed mod/syconn/swm/utils/generic/ColorUtil in 8.060 ms
[Architectury Transformer DEBUG] Transforming from mod/syconn/swm/utils/server/SyncedResourceManager$ISyncedData.class to mod/syconn/swm/utils/server/SyncedResourceManager$ISyncedData.class with 8 transformer(s) on dev.architectury.transformer.handler.TinyRemapperPreparedTransformerHandler
[Architectury Transformer DEBUG] Remapping with 1 mapping provider(s):
[Architectury Transformer DEBUG]  - dev.architectury.transformer.transformers.TransformForgeEnvironment$$Lambda/0x0000017cd409f168@718c7433
[Architectury Transformer DEBUG] Remapping Classes:
[Architectury Transformer DEBUG] net/fabricmc/api/EnvType -> net/minecraftforge/api/distmarker/Dist
[Architectury Transformer DEBUG] net/fabricmc/api/Environment -> net/minecraftforge/api/distmarker/OnlyIn
[Architectury Transformer DEBUG] Found class transformer
[Architectury Transformer DEBUG] Writing mod/syconn/swm/utils/server/SyncedResourceManager$ISyncedData with maxs=true frames=true
[Architectury Transformer DEBUG] Remapping refmap from intermediary to srg: swm-forge-forge-refmap.json
[Architectury Transformer DEBUG] Transformed mod/syconn/swm/utils/server/SyncedResourceManager$ISyncedData in 6.977 ms
[Architectury Transformer DEBUG] Transforming from mod/syconn/swm/features/lightsaber/block/LightsaberWorkbenchBlock.class to mod/syconn/swm/features/lightsaber/block/LightsaberWorkbenchBlock.class with 8 transformer(s) on dev.architectury.transformer.handler.TinyRemapperPreparedTransformerHandler
[Architectury Transformer DEBUG] Remapping with 1 mapping provider(s):
[Architectury Transformer DEBUG]  - dev.architectury.transformer.transformers.TransformForgeEnvironment$$Lambda/0x0000017cd409f168@718c7433
[Architectury Transformer DEBUG] Remapping Classes:
[Architectury Transformer DEBUG] net/fabricmc/api/EnvType -> net/minecraftforge/api/distmarker/Dist
[Architectury Transformer DEBUG] net/fabricmc/api/Environment -> net/minecraftforge/api/distmarker/OnlyIn
[Architectury Transformer DEBUG] Found class transformer
[Architectury Transformer DEBUG] Writing mod/syconn/swm/features/lightsaber/block/LightsaberWorkbenchBlock with maxs=true frames=true
[Architectury Transformer DEBUG] Remapping refmap from intermediary to srg: swm-forge-forge-refmap.json
[Architectury Transformer DEBUG] Transformed mod/syconn/swm/features/lightsaber/block/LightsaberWorkbenchBlock in 9.871 ms
[Architectury Transformer DEBUG] Transforming from mod/syconn/swm/utils/server/JsonResourceReloader.class to mod/syconn/swm/utils/server/JsonResourceReloader.class with 8 transformer(s) on dev.architectury.transformer.handler.TinyRemapperPreparedTransformerHandler
[Architectury Transformer DEBUG] Remapping with 1 mapping provider(s):
[Architectury Transformer DEBUG]  - dev.architectury.transformer.transformers.TransformForgeEnvironment$$Lambda/0x0000017cd409f168@718c7433
[Architectury Transformer DEBUG] Remapping Classes:
[Architectury Transformer DEBUG] net/fabricmc/api/EnvType -> net/minecraftforge/api/distmarker/Dist
[Architectury Transformer DEBUG] net/fabricmc/api/Environment -> net/minecraftforge/api/distmarker/OnlyIn
[Architectury Transformer DEBUG] Found class transformer
[Architectury Transformer DEBUG] Writing mod/syconn/swm/utils/server/JsonResourceReloader with maxs=true frames=true
[Architectury Transformer DEBUG] Remapping refmap from intermediary to srg: swm-forge-forge-refmap.json
[Architectury Transformer DEBUG] Transformed mod/syconn/swm/utils/server/JsonResourceReloader in 8.815 ms
[Architectury Transformer DEBUG] Transforming from mod/syconn/swm/utils/interfaces/ISerializable.class to mod/syconn/swm/utils/interfaces/ISerializable.class with 8 transformer(s) on dev.architectury.transformer.handler.TinyRemapperPreparedTransformerHandler
[Architectury Transformer DEBUG] Remapping with 1 mapping provider(s):
[Architectury Transformer DEBUG]  - dev.architectury.transformer.transformers.TransformForgeEnvironment$$Lambda/0x0000017cd409f168@718c7433
[Architectury Transformer DEBUG] Remapping Classes:
[Architectury Transformer DEBUG] net/fabricmc/api/EnvType -> net/minecraftforge/api/distmarker/Dist
[Architectury Transformer DEBUG] net/fabricmc/api/Environment -> net/minecraftforge/api/distmarker/OnlyIn
[Architectury Transformer DEBUG] Found class transformer
[Architectury Transformer DEBUG] Writing mod/syconn/swm/utils/interfaces/ISerializable with maxs=true frames=true
[Architectury Transformer DEBUG] Remapping refmap from intermediary to srg: swm-forge-forge-refmap.json
[Architectury Transformer DEBUG] Transformed mod/syconn/swm/utils/interfaces/ISerializable in 7.568 ms
[Architectury Transformer DEBUG] Transforming from mod/syconn/swm/features/lightsaber/data/LightsaberData.class to mod/syconn/swm/features/lightsaber/data/LightsaberData.class with 8 transformer(s) on dev.architectury.transformer.handler.TinyRemapperPreparedTransformerHandler
[Architectury Transformer DEBUG] Remapping with 1 mapping provider(s):
[Architectury Transformer DEBUG]  - dev.architectury.transformer.transformers.TransformForgeEnvironment$$Lambda/0x0000017cd409f168@718c7433
[Architectury Transformer DEBUG] Remapping Classes:
[Architectury Transformer DEBUG] net/fabricmc/api/EnvType -> net/minecraftforge/api/distmarker/Dist
[Architectury Transformer DEBUG] net/fabricmc/api/Environment -> net/minecraftforge/api/distmarker/OnlyIn
[Architectury Transformer DEBUG] Found class transformer
[Architectury Transformer DEBUG] Writing mod/syconn/swm/features/lightsaber/data/LightsaberData with maxs=true frames=true
[Architectury Transformer DEBUG] Remapping refmap from intermediary to srg: swm-forge-forge-refmap.json
[Architectury Transformer DEBUG] Transformed mod/syconn/swm/features/lightsaber/data/LightsaberData in 6.900 ms
[Architectury Transformer DEBUG] Transforming from mod/syconn/swm/client/StarWarsClient.class to mod/syconn/swm/client/StarWarsClient.class with 8 transformer(s) on dev.architectury.transformer.handler.TinyRemapperPreparedTransformerHandler
[Architectury Transformer DEBUG] Remapping with 1 mapping provider(s):
[Architectury Transformer DEBUG]  - dev.architectury.transformer.transformers.TransformForgeEnvironment$$Lambda/0x0000017cd409f168@718c7433
[Architectury Transformer DEBUG] Remapping Classes:
[Architectury Transformer DEBUG] net/fabricmc/api/EnvType -> net/minecraftforge/api/distmarker/Dist
[Architectury Transformer DEBUG] net/fabricmc/api/Environment -> net/minecraftforge/api/distmarker/OnlyIn
[Architectury Transformer DEBUG] Found class transformer
[Architectury Transformer DEBUG] Writing mod/syconn/swm/client/StarWarsClient with maxs=true frames=true
[Architectury Transformer DEBUG] Remapping refmap from intermediary to srg: swm-forge-forge-refmap.json
[Architectury Transformer DEBUG] Transformed mod/syconn/swm/client/StarWarsClient in 6.868 ms
[Architectury Transformer DEBUG] Transforming from mod/syconn/swm/server/containers/slot/EquipmentItemSlot.class to mod/syconn/swm/server/containers/slot/EquipmentItemSlot.class with 8 transformer(s) on dev.architectury.transformer.handler.TinyRemapperPreparedTransformerHandler
[Architectury Transformer DEBUG] Remapping with 1 mapping provider(s):
[Architectury Transformer DEBUG]  - dev.architectury.transformer.transformers.TransformForgeEnvironment$$Lambda/0x0000017cd409f168@718c7433
[Architectury Transformer DEBUG] Remapping Classes:
[Architectury Transformer DEBUG] net/fabricmc/api/EnvType -> net/minecraftforge/api/distmarker/Dist
[Architectury Transformer DEBUG] net/fabricmc/api/Environment -> net/minecraftforge/api/distmarker/OnlyIn
[Architectury Transformer DEBUG] Found class transformer
[Architectury Transformer DEBUG] Writing mod/syconn/swm/server/containers/slot/EquipmentItemSlot with maxs=true frames=true
[Architectury Transformer DEBUG] Remapping refmap from intermediary to srg: swm-forge-forge-refmap.json
[Architectury Transformer DEBUG] Transformed mod/syconn/swm/server/containers/slot/EquipmentItemSlot in 6.230 ms
[Architectury Transformer DEBUG] Transforming from mod/syconn/swm/utils/interfaces/IEquipmentItem$SWEquipmentSlot.class to mod/syconn/swm/utils/interfaces/IEquipmentItem$SWEquipmentSlot.class with 8 transformer(s) on dev.architectury.transformer.handler.TinyRemapperPreparedTransformerHandler
[Architectury Transformer DEBUG] Remapping with 1 mapping provider(s):
[Architectury Transformer DEBUG]  - dev.architectury.transformer.transformers.TransformForgeEnvironment$$Lambda/0x0000017cd409f168@718c7433
[Architectury Transformer DEBUG] Remapping Classes:
[Architectury Transformer DEBUG] net/fabricmc/api/EnvType -> net/minecraftforge/api/distmarker/Dist
[Architectury Transformer DEBUG] net/fabricmc/api/Environment -> net/minecraftforge/api/distmarker/OnlyIn
[Architectury Transformer DEBUG] Found class transformer
[Architectury Transformer DEBUG] Writing mod/syconn/swm/utils/interfaces/IEquipmentItem$SWEquipmentSlot with maxs=true frames=true
[Architectury Transformer DEBUG] Remapping refmap from intermediary to srg: swm-forge-forge-refmap.json
[Architectury Transformer DEBUG] Transformed mod/syconn/swm/utils/interfaces/IEquipmentItem$SWEquipmentSlot in 6.052 ms
[Architectury Transformer DEBUG] Transforming from mod/syconn/swm/utils/interfaces/IModifiedItemRenderer.class to mod/syconn/swm/utils/interfaces/IModifiedItemRenderer.class with 8 transformer(s) on dev.architectury.transformer.handler.TinyRemapperPreparedTransformerHandler
[Architectury Transformer DEBUG] Remapping with 1 mapping provider(s):
[Architectury Transformer DEBUG]  - dev.architectury.transformer.transformers.TransformForgeEnvironment$$Lambda/0x0000017cd409f168@718c7433
[Architectury Transformer DEBUG] Remapping Classes:
[Architectury Transformer DEBUG] net/fabricmc/api/EnvType -> net/minecraftforge/api/distmarker/Dist
[Architectury Transformer DEBUG] net/fabricmc/api/Environment -> net/minecraftforge/api/distmarker/OnlyIn
[Architectury Transformer DEBUG] Found class transformer
[Architectury Transformer DEBUG] Writing mod/syconn/swm/utils/interfaces/IModifiedItemRenderer with maxs=true frames=true
[Architectury Transformer DEBUG] Remapping refmap from intermediary to srg: swm-forge-forge-refmap.json
[Architectury Transformer DEBUG] Transformed mod/syconn/swm/utils/interfaces/IModifiedItemRenderer in 5.245 ms
[Architectury Transformer DEBUG] Transforming from mod/syconn/swm/core/ModItems.class to mod/syconn/swm/core/ModItems.class with 8 transformer(s) on dev.architectury.transformer.handler.TinyRemapperPreparedTransformerHandler
[Architectury Transformer DEBUG] Remapping with 1 mapping provider(s):
[Architectury Transformer DEBUG]  - dev.architectury.transformer.transformers.TransformForgeEnvironment$$Lambda/0x0000017cd409f168@718c7433
[Architectury Transformer DEBUG] Remapping Classes:
[Architectury Transformer DEBUG] net/fabricmc/api/EnvType -> net/minecraftforge/api/distmarker/Dist
[Architectury Transformer DEBUG] net/fabricmc/api/Environment -> net/minecraftforge/api/distmarker/OnlyIn
[Architectury Transformer DEBUG] Found class transformer
[Architectury Transformer DEBUG] Writing mod/syconn/swm/core/ModItems with maxs=true frames=true
[Architectury Transformer DEBUG] Remapping refmap from intermediary to srg: swm-forge-forge-refmap.json
[Architectury Transformer DEBUG] Transformed mod/syconn/swm/core/ModItems in 5.675 ms
[Architectury Transformer DEBUG] Transforming from mod/syconn/swm/utils/interfaces/IModifiedPoseRenderer.class to mod/syconn/swm/utils/interfaces/IModifiedPoseRenderer.class with 8 transformer(s) on dev.architectury.transformer.handler.TinyRemapperPreparedTransformerHandler
[Architectury Transformer DEBUG] Remapping with 1 mapping provider(s):
[Architectury Transformer DEBUG]  - dev.architectury.transformer.transformers.TransformForgeEnvironment$$Lambda/0x0000017cd409f168@718c7433
[Architectury Transformer DEBUG] Remapping Classes:
[Architectury Transformer DEBUG] net/fabricmc/api/EnvType -> net/minecraftforge/api/distmarker/Dist
[Architectury Transformer DEBUG] net/fabricmc/api/Environment -> net/minecraftforge/api/distmarker/OnlyIn
[Architectury Transformer DEBUG] Found class transformer
[Architectury Transformer DEBUG] Writing mod/syconn/swm/utils/interfaces/IModifiedPoseRenderer with maxs=true frames=true
[Architectury Transformer DEBUG] Remapping refmap from intermediary to srg: swm-forge-forge-refmap.json
[Architectury Transformer DEBUG] Transformed mod/syconn/swm/utils/interfaces/IModifiedPoseRenderer in 6.811 ms
[Architectury Transformer DEBUG] Transforming from mod/syconn/swm/server/data/SWGear.class to mod/syconn/swm/server/data/SWGear.class with 8 transformer(s) on dev.architectury.transformer.handler.TinyRemapperPreparedTransformerHandler
[Architectury Transformer DEBUG] Remapping with 1 mapping provider(s):
[Architectury Transformer DEBUG]  - dev.architectury.transformer.transformers.TransformForgeEnvironment$$Lambda/0x0000017cd409f168@718c7433
[Architectury Transformer DEBUG] Remapping Classes:
[Architectury Transformer DEBUG] net/fabricmc/api/EnvType -> net/minecraftforge/api/distmarker/Dist
[Architectury Transformer DEBUG] net/fabricmc/api/Environment -> net/minecraftforge/api/distmarker/OnlyIn
[Architectury Transformer DEBUG] Found class transformer
[Architectury Transformer DEBUG] Writing mod/syconn/swm/server/data/SWGear with maxs=true frames=true
[Architectury Transformer DEBUG] Remapping refmap from intermediary to srg: swm-forge-forge-refmap.json
[Architectury Transformer DEBUG] Transformed mod/syconn/swm/server/data/SWGear in 8.449 ms
[Architectury Transformer DEBUG] Transforming from mod/syconn/swm/features/lightsaber/client/item/LightsaberItemRender.class to mod/syconn/swm/features/lightsaber/client/item/LightsaberItemRender.class with 8 transformer(s) on dev.architectury.transformer.handler.TinyRemapperPreparedTransformerHandler
[Architectury Transformer DEBUG] Remapping with 1 mapping provider(s):
[Architectury Transformer DEBUG]  - dev.architectury.transformer.transformers.TransformForgeEnvironment$$Lambda/0x0000017cd409f168@718c7433
[Architectury Transformer DEBUG] Remapping Classes:
[Architectury Transformer DEBUG] net/fabricmc/api/EnvType -> net/minecraftforge/api/distmarker/Dist
[Architectury Transformer DEBUG] net/fabricmc/api/Environment -> net/minecraftforge/api/distmarker/OnlyIn
[Architectury Transformer DEBUG] Found class transformer
[Architectury Transformer DEBUG] Writing mod/syconn/swm/features/lightsaber/client/item/LightsaberItemRender with maxs=true frames=true
[Architectury Transformer DEBUG] Remapping refmap from intermediary to srg: swm-forge-forge-refmap.json
[Architectury Transformer DEBUG] Transformed mod/syconn/swm/features/lightsaber/client/item/LightsaberItemRender in 5.689 ms
[Architectury Transformer DEBUG] Transforming from mod/syconn/swm/utils/interfaces/IItemExtensions.class to mod/syconn/swm/utils/interfaces/IItemExtensions.class with 8 transformer(s) on dev.architectury.transformer.handler.TinyRemapperPreparedTransformerHandler
[Architectury Transformer DEBUG] Remapping with 1 mapping provider(s):
[Architectury Transformer DEBUG]  - dev.architectury.transformer.transformers.TransformForgeEnvironment$$Lambda/0x0000017cd409f168@718c7433
[Architectury Transformer DEBUG] Remapping Classes:
[Architectury Transformer DEBUG] net/fabricmc/api/EnvType -> net/minecraftforge/api/distmarker/Dist
[Architectury Transformer DEBUG] net/fabricmc/api/Environment -> net/minecraftforge/api/distmarker/OnlyIn
[Architectury Transformer DEBUG] Found class transformer
[Architectury Transformer DEBUG] Writing mod/syconn/swm/utils/interfaces/IItemExtensions with maxs=true frames=true
[Architectury Transformer DEBUG] Remapping refmap from intermediary to srg: swm-forge-forge-refmap.json
[Architectury Transformer DEBUG] Transformed mod/syconn/swm/utils/interfaces/IItemExtensions in 5.811 ms
[Architectury Transformer DEBUG] Transforming from mod/syconn/swm/client/render/item/HoloProjectorItemRenderer.class to mod/syconn/swm/client/render/item/HoloProjectorItemRenderer.class with 8 transformer(s) on dev.architectury.transformer.handler.TinyRemapperPreparedTransformerHandler
[Architectury Transformer DEBUG] Remapping with 1 mapping provider(s):
[Architectury Transformer DEBUG]  - dev.architectury.transformer.transformers.TransformForgeEnvironment$$Lambda/0x0000017cd409f168@718c7433
[Architectury Transformer DEBUG] Remapping Classes:
[Architectury Transformer DEBUG] net/fabricmc/api/EnvType -> net/minecraftforge/api/distmarker/Dist
[Architectury Transformer DEBUG] net/fabricmc/api/Environment -> net/minecraftforge/api/distmarker/OnlyIn
[Architectury Transformer DEBUG] Found class transformer
[Architectury Transformer DEBUG] Writing mod/syconn/swm/client/render/item/HoloProjectorItemRenderer with maxs=true frames=true
[Architectury Transformer DEBUG] Remapping refmap from intermediary to srg: swm-forge-forge-refmap.json
[Architectury Transformer DEBUG] Transformed mod/syconn/swm/client/render/item/HoloProjectorItemRenderer in 6.511 ms
[Architectury Transformer DEBUG] Transforming from mod/syconn/swm/utils/interfaces/IEquipmentItem.class to mod/syconn/swm/utils/interfaces/IEquipmentItem.class with 8 transformer(s) on dev.architectury.transformer.handler.TinyRemapperPreparedTransformerHandler
[Architectury Transformer DEBUG] Remapping with 1 mapping provider(s):
[Architectury Transformer DEBUG]  - dev.architectury.transformer.transformers.TransformForgeEnvironment$$Lambda/0x0000017cd409f168@718c7433
[Architectury Transformer DEBUG] Remapping Classes:
[Architectury Transformer DEBUG] net/fabricmc/api/EnvType -> net/minecraftforge/api/distmarker/Dist
[Architectury Transformer DEBUG] net/fabricmc/api/Environment -> net/minecraftforge/api/distmarker/OnlyIn
[Architectury Transformer DEBUG] Found class transformer
[Architectury Transformer DEBUG] Writing mod/syconn/swm/utils/interfaces/IEquipmentItem with maxs=true frames=true
[Architectury Transformer DEBUG] Remapping refmap from intermediary to srg: swm-forge-forge-refmap.json
[Architectury Transformer DEBUG] Transformed mod/syconn/swm/utils/interfaces/IEquipmentItem in 5.523 ms
[Architectury Transformer DEBUG] Transforming from mod/syconn/swm/features/blaster/client/BlasterItemRenderer.class to mod/syconn/swm/features/blaster/client/BlasterItemRenderer.class with 8 transformer(s) on dev.architectury.transformer.handler.TinyRemapperPreparedTransformerHandler
[Architectury Transformer DEBUG] Remapping with 1 mapping provider(s):
[Architectury Transformer DEBUG]  - dev.architectury.transformer.transformers.TransformForgeEnvironment$$Lambda/0x0000017cd409f168@718c7433
[Architectury Transformer DEBUG] Remapping Classes:
[Architectury Transformer DEBUG] net/fabricmc/api/EnvType -> net/minecraftforge/api/distmarker/Dist
[Architectury Transformer DEBUG] net/fabricmc/api/Environment -> net/minecraftforge/api/distmarker/OnlyIn
[Architectury Transformer DEBUG] Found class transformer
[Architectury Transformer DEBUG] Writing mod/syconn/swm/features/blaster/client/BlasterItemRenderer with maxs=true frames=true
[Architectury Transformer DEBUG] Remapping refmap from intermediary to srg: swm-forge-forge-refmap.json
[Architectury Transformer DEBUG] Transformed mod/syconn/swm/features/blaster/client/BlasterItemRenderer in 4.840 ms
[Architectury Transformer DEBUG] Transforming from mod/syconn/swm/features/lightsaber/item/LightsaberItem.class to mod/syconn/swm/features/lightsaber/item/LightsaberItem.class with 8 transformer(s) on dev.architectury.transformer.handler.TinyRemapperPreparedTransformerHandler
[Architectury Transformer DEBUG] Remapping with 1 mapping provider(s):
[Architectury Transformer DEBUG]  - dev.architectury.transformer.transformers.TransformForgeEnvironment$$Lambda/0x0000017cd409f168@718c7433
[Architectury Transformer DEBUG] Remapping Classes:
[Architectury Transformer DEBUG] net/fabricmc/api/EnvType -> net/minecraftforge/api/distmarker/Dist
[Architectury Transformer DEBUG] net/fabricmc/api/Environment -> net/minecraftforge/api/distmarker/OnlyIn
[Architectury Transformer DEBUG] Found class transformer
[Architectury Transformer DEBUG] Writing mod/syconn/swm/features/lightsaber/item/LightsaberItem with maxs=true frames=true
[Architectury Transformer DEBUG] Remapping refmap from intermediary to srg: swm-forge-forge-refmap.json
[Architectury Transformer DEBUG] Transformed mod/syconn/swm/features/lightsaber/item/LightsaberItem in 7.763 ms
[Architectury Transformer DEBUG] Transforming from mod/syconn/swm/utils/generic/NBTUtil.class to mod/syconn/swm/utils/generic/NBTUtil.class with 8 transformer(s) on dev.architectury.transformer.handler.TinyRemapperPreparedTransformerHandler
[Architectury Transformer DEBUG] Remapping with 1 mapping provider(s):
[Architectury Transformer DEBUG]  - dev.architectury.transformer.transformers.TransformForgeEnvironment$$Lambda/0x0000017cd409f168@718c7433
[Architectury Transformer DEBUG] Remapping Classes:
[Architectury Transformer DEBUG] net/fabricmc/api/EnvType -> net/minecraftforge/api/distmarker/Dist
[Architectury Transformer DEBUG] net/fabricmc/api/Environment -> net/minecraftforge/api/distmarker/OnlyIn
[Architectury Transformer DEBUG] Found class transformer
[Architectury Transformer DEBUG] Writing mod/syconn/swm/utils/generic/NBTUtil with maxs=true frames=true
[Architectury Transformer DEBUG] Remapping refmap from intermediary to srg: swm-forge-forge-refmap.json
[Architectury Transformer DEBUG] Transformed mod/syconn/swm/utils/generic/NBTUtil in 7.697 ms
[Architectury Transformer DEBUG] Transforming from mod/syconn/swm/core/ModKeys.class to mod/syconn/swm/core/ModKeys.class with 8 transformer(s) on dev.architectury.transformer.handler.TinyRemapperPreparedTransformerHandler
[Architectury Transformer DEBUG] Remapping with 1 mapping provider(s):
[Architectury Transformer DEBUG]  - dev.architectury.transformer.transformers.TransformForgeEnvironment$$Lambda/0x0000017cd409f168@718c7433
[Architectury Transformer DEBUG] Remapping Classes:
[Architectury Transformer DEBUG] net/fabricmc/api/EnvType -> net/minecraftforge/api/distmarker/Dist
[Architectury Transformer DEBUG] net/fabricmc/api/Environment -> net/minecraftforge/api/distmarker/OnlyIn
[Architectury Transformer DEBUG] Found class transformer
[Architectury Transformer DEBUG] Writing mod/syconn/swm/core/ModKeys with maxs=true frames=true
[Architectury Transformer DEBUG] Remapping refmap from intermediary to srg: swm-forge-forge-refmap.json
[Architectury Transformer DEBUG] Transformed mod/syconn/swm/core/ModKeys in 7.317 ms
[Architectury Transformer DEBUG] Closed File Systems for C:\Users\Aidan\IdeaProjects\StarWarsMod\1.20.1\common\build\devlibs\swm-common-2.1.5-dev.jar
[Architectury Transformer DEBUG] Closed File Systems for C:\Users\Aidan\IdeaProjects\StarWarsMod\1.20.1\common\build\devlibs\swm-common-2.1.5-dev.jar
[Architectury Transformer DEBUG] Transforming from mod/syconn/swm/features/blaster/item/BlasterItem.class to mod/syconn/swm/features/blaster/item/BlasterItem.class with 8 transformer(s) on dev.architectury.transformer.handler.TinyRemapperPreparedTransformerHandler
[Architectury Transformer DEBUG] Remapping with 1 mapping provider(s):
[Architectury Transformer DEBUG]  - dev.architectury.transformer.transformers.TransformForgeEnvironment$$Lambda/0x0000017cd409f168@718c7433
[Architectury Transformer DEBUG] Remapping Classes:
[Architectury Transformer DEBUG] net/fabricmc/api/EnvType -> net/minecraftforge/api/distmarker/Dist
[Architectury Transformer DEBUG] net/fabricmc/api/Environment -> net/minecraftforge/api/distmarker/OnlyIn
[Architectury Transformer DEBUG] Found class transformer
[Architectury Transformer DEBUG] Writing mod/syconn/swm/features/blaster/item/BlasterItem with maxs=true frames=true
[Architectury Transformer DEBUG] Remapping refmap from intermediary to srg: swm-forge-forge-refmap.json
[Architectury Transformer DEBUG] Transformed mod/syconn/swm/features/blaster/item/BlasterItem in 9.275 ms
[Architectury Transformer DEBUG] Transforming from mod/syconn/swm/features/lightsaber/client/entity/ThrownLightsaberRenderer.class to mod/syconn/swm/features/lightsaber/client/entity/ThrownLightsaberRenderer.class with 8 transformer(s) on dev.architectury.transformer.handler.TinyRemapperPreparedTransformerHandler
[Architectury Transformer DEBUG] Remapping with 1 mapping provider(s):
[Architectury Transformer DEBUG]  - dev.architectury.transformer.transformers.TransformForgeEnvironment$$Lambda/0x0000017cd409f168@718c7433
[Architectury Transformer DEBUG] Remapping Classes:
[Architectury Transformer DEBUG] net/fabricmc/api/EnvType -> net/minecraftforge/api/distmarker/Dist
[Architectury Transformer DEBUG] net/fabricmc/api/Environment -> net/minecraftforge/api/distmarker/OnlyIn
[Architectury Transformer DEBUG] Found class transformer
[Architectury Transformer DEBUG] Writing mod/syconn/swm/features/lightsaber/client/entity/ThrownLightsaberRenderer with maxs=true frames=true
[Architectury Transformer DEBUG] Remapping refmap from intermediary to srg: swm-forge-forge-refmap.json
[Architectury Transformer DEBUG] Transformed mod/syconn/swm/features/lightsaber/client/entity/ThrownLightsaberRenderer in 2.659 ms
[Architectury Transformer DEBUG] Transforming from mod/syconn/swm/block/HoloProjectorBlock.class to mod/syconn/swm/block/HoloProjectorBlock.class with 8 transformer(s) on dev.architectury.transformer.handler.TinyRemapperPreparedTransformerHandler
[Architectury Transformer DEBUG] Remapping with 1 mapping provider(s):
[Architectury Transformer DEBUG]  - dev.architectury.transformer.transformers.TransformForgeEnvironment$$Lambda/0x0000017cd409f168@718c7433
[Architectury Transformer DEBUG] Remapping Classes:
[Architectury Transformer DEBUG] net/fabricmc/api/EnvType -> net/minecraftforge/api/distmarker/Dist
[Architectury Transformer DEBUG] net/fabricmc/api/Environment -> net/minecraftforge/api/distmarker/OnlyIn
[Architectury Transformer DEBUG] Found class transformer
[Architectury Transformer DEBUG] Writing mod/syconn/swm/block/HoloProjectorBlock with maxs=true frames=true
[Architectury Transformer DEBUG] Remapping refmap from intermediary to srg: swm-forge-forge-refmap.json
[Architectury Transformer DEBUG] Transformed mod/syconn/swm/block/HoloProjectorBlock in 3.025 ms
[Architectury Transformer DEBUG] Transforming from mod/syconn/swm/item/HoloProjectorItem.class to mod/syconn/swm/item/HoloProjectorItem.class with 8 transformer(s) on dev.architectury.transformer.handler.TinyRemapperPreparedTransformerHandler
[Architectury Transformer DEBUG] Remapping with 1 mapping provider(s):
[Architectury Transformer DEBUG]  - dev.architectury.transformer.transformers.TransformForgeEnvironment$$Lambda/0x0000017cd409f168@718c7433
[Architectury Transformer DEBUG] Remapping Classes:
[Architectury Transformer DEBUG] net/fabricmc/api/EnvType -> net/minecraftforge/api/distmarker/Dist
[Architectury Transformer DEBUG] net/fabricmc/api/Environment -> net/minecraftforge/api/distmarker/OnlyIn
[Architectury Transformer DEBUG] Found class transformer
[Architectury Transformer DEBUG] Writing mod/syconn/swm/item/HoloProjectorItem with maxs=true frames=true
[Architectury Transformer DEBUG] Remapping refmap from intermediary to srg: swm-forge-forge-refmap.json
[Architectury Transformer DEBUG] Transformed mod/syconn/swm/item/HoloProjectorItem in 4.215 ms
[Architectury Transformer DEBUG] Transforming from mod/syconn/swm/utils/generic/ModelUtil.class to mod/syconn/swm/utils/generic/ModelUtil.class with 8 transformer(s) on dev.architectury.transformer.handler.TinyRemapperPreparedTransformerHandler
[Architectury Transformer DEBUG] Remapping with 1 mapping provider(s):
[Architectury Transformer DEBUG]  - dev.architectury.transformer.transformers.TransformForgeEnvironment$$Lambda/0x0000017cd409f168@718c7433
[Architectury Transformer DEBUG] Remapping Classes:
[Architectury Transformer DEBUG] net/fabricmc/api/EnvType -> net/minecraftforge/api/distmarker/Dist
[Architectury Transformer DEBUG] net/fabricmc/api/Environment -> net/minecraftforge/api/distmarker/OnlyIn
[Architectury Transformer DEBUG] Found class transformer
[Architectury Transformer DEBUG] Writing mod/syconn/swm/utils/generic/ModelUtil with maxs=true frames=true
[Architectury Transformer DEBUG] Remapping refmap from intermediary to srg: swm-forge-forge-refmap.json
[Architectury Transformer DEBUG] Transformed mod/syconn/swm/utils/generic/ModelUtil in 11.31 ms
[Architectury Transformer DEBUG] Transforming from mod/syconn/swm/features/blaster/client/entity/BlasterBoltRenderer.class to mod/syconn/swm/features/blaster/client/entity/BlasterBoltRenderer.class with 8 transformer(s) on dev.architectury.transformer.handler.TinyRemapperPreparedTransformerHandler
[Architectury Transformer DEBUG] Remapping with 1 mapping provider(s):
[Architectury Transformer DEBUG]  - dev.architectury.transformer.transformers.TransformForgeEnvironment$$Lambda/0x0000017cd409f168@718c7433
[Architectury Transformer DEBUG] Remapping Classes:
[Architectury Transformer DEBUG] net/fabricmc/api/EnvType -> net/minecraftforge/api/distmarker/Dist
[Architectury Transformer DEBUG] net/fabricmc/api/Environment -> net/minecraftforge/api/distmarker/OnlyIn
[Architectury Transformer DEBUG] Found class transformer
[Architectury Transformer DEBUG] Writing mod/syconn/swm/features/blaster/client/entity/BlasterBoltRenderer with maxs=true frames=true
[Architectury Transformer DEBUG] Remapping refmap from intermediary to srg: swm-forge-forge-refmap.json
[Architectury Transformer DEBUG] Transformed mod/syconn/swm/features/blaster/client/entity/BlasterBoltRenderer in 2.878 ms
[Architectury Transformer DEBUG] Transforming from mod/syconn/swm/server/savedata/HologramNetwork.class to mod/syconn/swm/server/savedata/HologramNetwork.class with 8 transformer(s) on dev.architectury.transformer.handler.TinyRemapperPreparedTransformerHandler
[Architectury Transformer DEBUG] Remapping with 1 mapping provider(s):
[Architectury Transformer DEBUG]  - dev.architectury.transformer.transformers.TransformForgeEnvironment$$Lambda/0x0000017cd409f168@718c7433
[Architectury Transformer DEBUG] Remapping Classes:
[Architectury Transformer DEBUG] net/fabricmc/api/EnvType -> net/minecraftforge/api/distmarker/Dist
[Architectury Transformer DEBUG] net/fabricmc/api/Environment -> net/minecraftforge/api/distmarker/OnlyIn
[Architectury Transformer DEBUG] Found class transformer
[Architectury Transformer DEBUG] Writing mod/syconn/swm/server/savedata/HologramNetwork with maxs=true frames=true
[Architectury Transformer DEBUG] Remapping refmap from intermediary to srg: swm-forge-forge-refmap.json
[Architectury Transformer DEBUG] Transformed mod/syconn/swm/server/savedata/HologramNetwork in 11.49 ms
[Architectury Transformer DEBUG] Transforming from mod/syconn/swm/client/render/block/HoloProjectorBlockEntityRenderer.class to mod/syconn/swm/client/render/block/HoloProjectorBlockEntityRenderer.class with 8 transformer(s) on dev.architectury.transformer.handler.TinyRemapperPreparedTransformerHandler
[Architectury Transformer DEBUG] Remapping with 1 mapping provider(s):
[Architectury Transformer DEBUG]  - dev.architectury.transformer.transformers.TransformForgeEnvironment$$Lambda/0x0000017cd409f168@718c7433
[Architectury Transformer DEBUG] Remapping Classes:
[Architectury Transformer DEBUG] net/fabricmc/api/EnvType -> net/minecraftforge/api/distmarker/Dist
[Architectury Transformer DEBUG] net/fabricmc/api/Environment -> net/minecraftforge/api/distmarker/OnlyIn
[Architectury Transformer DEBUG] Found class transformer
[Architectury Transformer DEBUG] Writing mod/syconn/swm/client/render/block/HoloProjectorBlockEntityRenderer with maxs=true frames=true
[Architectury Transformer DEBUG] Remapping refmap from intermediary to srg: swm-forge-forge-refmap.json
[Architectury Transformer DEBUG] Transformed mod/syconn/swm/client/render/block/HoloProjectorBlockEntityRenderer in 4.549 ms
[Architectury Transformer DEBUG] Transforming from mod/syconn/swm/features/lightsaber/client/entity/LightsaberWorkbenchRenderer.class to mod/syconn/swm/features/lightsaber/client/entity/LightsaberWorkbenchRenderer.class with 8 transformer(s) on dev.architectury.transformer.handler.TinyRemapperPreparedTransformerHandler
[Architectury Transformer DEBUG] Remapping with 1 mapping provider(s):
[Architectury Transformer DEBUG]  - dev.architectury.transformer.transformers.TransformForgeEnvironment$$Lambda/0x0000017cd409f168@718c7433
[Architectury Transformer DEBUG] Remapping Classes:
[Architectury Transformer DEBUG] net/fabricmc/api/EnvType -> net/minecraftforge/api/distmarker/Dist
[Architectury Transformer DEBUG] net/fabricmc/api/Environment -> net/minecraftforge/api/distmarker/OnlyIn
[Architectury Transformer DEBUG] Found class transformer
[Architectury Transformer DEBUG] Writing mod/syconn/swm/features/lightsaber/client/entity/LightsaberWorkbenchRenderer with maxs=true frames=true
[Architectury Transformer DEBUG] Remapping refmap from intermediary to srg: swm-forge-forge-refmap.json
[Architectury Transformer DEBUG] Transformed mod/syconn/swm/features/lightsaber/client/entity/LightsaberWorkbenchRenderer in 5.717 ms
[Architectury Transformer DEBUG] Transforming from mod/syconn/swm/utils/server/StackedIngredient.class to mod/syconn/swm/utils/server/StackedIngredient.class with 8 transformer(s) on dev.architectury.transformer.handler.TinyRemapperPreparedTransformerHandler
[Architectury Transformer DEBUG] Remapping with 1 mapping provider(s):
[Architectury Transformer DEBUG]  - dev.architectury.transformer.transformers.TransformForgeEnvironment$$Lambda/0x0000017cd409f168@718c7433
[Architectury Transformer DEBUG] Remapping Classes:
[Architectury Transformer DEBUG] net/fabricmc/api/EnvType -> net/minecraftforge/api/distmarker/Dist
[Architectury Transformer DEBUG] net/fabricmc/api/Environment -> net/minecraftforge/api/distmarker/OnlyIn
[Architectury Transformer DEBUG] Found class transformer
[Architectury Transformer DEBUG] Writing mod/syconn/swm/utils/server/StackedIngredient with maxs=true frames=true
[Architectury Transformer DEBUG] Remapping refmap from intermediary to srg: swm-forge-forge-refmap.json
[Architectury Transformer DEBUG] Transformed mod/syconn/swm/utils/server/StackedIngredient in 3.665 ms
[Architectury Transformer DEBUG] Transforming from mod/syconn/swm/client/ClientHooks.class to mod/syconn/swm/client/ClientHooks.class with 8 transformer(s) on dev.architectury.transformer.handler.TinyRemapperPreparedTransformerHandler
[Architectury Transformer DEBUG] Remapping with 1 mapping provider(s):
[Architectury Transformer DEBUG]  - dev.architectury.transformer.transformers.TransformForgeEnvironment$$Lambda/0x0000017cd409f168@718c7433
[Architectury Transformer DEBUG] Remapping Classes:
[Architectury Transformer DEBUG] net/fabricmc/api/EnvType -> net/minecraftforge/api/distmarker/Dist
[Architectury Transformer DEBUG] net/fabricmc/api/Environment -> net/minecraftforge/api/distmarker/OnlyIn
[Architectury Transformer DEBUG] Found class transformer
[Architectury Transformer DEBUG] Writing mod/syconn/swm/client/ClientHooks with maxs=true frames=true
[Architectury Transformer DEBUG] Remapping refmap from intermediary to srg: swm-forge-forge-refmap.json
[Architectury Transformer DEBUG] Transformed mod/syconn/swm/client/ClientHooks in 5.641 ms
[Architectury Transformer DEBUG] Transforming from mod/syconn/swm/utils/generic/JsonUtil.class to mod/syconn/swm/utils/generic/JsonUtil.class with 8 transformer(s) on dev.architectury.transformer.handler.TinyRemapperPreparedTransformerHandler
[Architectury Transformer DEBUG] Remapping with 1 mapping provider(s):
[Architectury Transformer DEBUG]  - dev.architectury.transformer.transformers.TransformForgeEnvironment$$Lambda/0x0000017cd409f168@718c7433
[Architectury Transformer DEBUG] Remapping Classes:
[Architectury Transformer DEBUG] net/fabricmc/api/EnvType -> net/minecraftforge/api/distmarker/Dist
[Architectury Transformer DEBUG] net/fabricmc/api/Environment -> net/minecraftforge/api/distmarker/OnlyIn
[Architectury Transformer DEBUG] Found class transformer
[Architectury Transformer DEBUG] Writing mod/syconn/swm/utils/generic/JsonUtil with maxs=true frames=true
[Architectury Transformer DEBUG] Remapping refmap from intermediary to srg: swm-forge-forge-refmap.json
[Architectury Transformer DEBUG] Transformed mod/syconn/swm/utils/generic/JsonUtil in 4.313 ms
[Architectury Transformer DEBUG] Transforming from mod/syconn/swm/server/recipes/LightsaberRecipe.class to mod/syconn/swm/server/recipes/LightsaberRecipe.class with 8 transformer(s) on dev.architectury.transformer.handler.TinyRemapperPreparedTransformerHandler
[Architectury Transformer DEBUG] Remapping with 1 mapping provider(s):
[Architectury Transformer DEBUG]  - dev.architectury.transformer.transformers.TransformForgeEnvironment$$Lambda/0x0000017cd409f168@718c7433
[Architectury Transformer DEBUG] Remapping Classes:
[Architectury Transformer DEBUG] net/fabricmc/api/EnvType -> net/minecraftforge/api/distmarker/Dist
[Architectury Transformer DEBUG] net/fabricmc/api/Environment -> net/minecraftforge/api/distmarker/OnlyIn
[Architectury Transformer DEBUG] Found class transformer
[Architectury Transformer DEBUG] Writing mod/syconn/swm/server/recipes/LightsaberRecipe with maxs=true frames=true
[Architectury Transformer DEBUG] Remapping refmap from intermediary to srg: swm-forge-forge-refmap.json
[Architectury Transformer DEBUG] Transformed mod/syconn/swm/server/recipes/LightsaberRecipe in 3.088 ms
[Architectury Transformer DEBUG] Transforming from mod/syconn/swm/features/lightsaber/client/screen/LightsaberWorkbenchScreen.class to mod/syconn/swm/features/lightsaber/client/screen/LightsaberWorkbenchScreen.class with 8 transformer(s) on dev.architectury.transformer.handler.TinyRemapperPreparedTransformerHandler
[Architectury Transformer DEBUG] Remapping with 1 mapping provider(s):
[Architectury Transformer DEBUG]  - dev.architectury.transformer.transformers.TransformForgeEnvironment$$Lambda/0x0000017cd409f168@718c7433
[Architectury Transformer DEBUG] Remapping Classes:
[Architectury Transformer DEBUG] net/fabricmc/api/EnvType -> net/minecraftforge/api/distmarker/Dist
[Architectury Transformer DEBUG] net/fabricmc/api/Environment -> net/minecraftforge/api/distmarker/OnlyIn
[Architectury Transformer DEBUG] Found class transformer
[Architectury Transformer DEBUG] Writing mod/syconn/swm/features/lightsaber/client/screen/LightsaberWorkbenchScreen with maxs=true frames=true
[Architectury Transformer DEBUG] Remapping refmap from intermediary to srg: swm-forge-forge-refmap.json
[Architectury Transformer DEBUG] Transformed mod/syconn/swm/features/lightsaber/client/screen/LightsaberWorkbenchScreen in 5.663 ms
[Architectury Transformer DEBUG] Transforming from mod/syconn/swm/core/ModSounds.class to mod/syconn/swm/core/ModSounds.class with 8 transformer(s) on dev.architectury.transformer.handler.TinyRemapperPreparedTransformerHandler
[Architectury Transformer DEBUG] Remapping with 1 mapping provider(s):
[Architectury Transformer DEBUG]  - dev.architectury.transformer.transformers.TransformForgeEnvironment$$Lambda/0x0000017cd409f168@718c7433
[Architectury Transformer DEBUG] Remapping Classes:
[Architectury Transformer DEBUG] net/fabricmc/api/EnvType -> net/minecraftforge/api/distmarker/Dist
[Architectury Transformer DEBUG] net/fabricmc/api/Environment -> net/minecraftforge/api/distmarker/OnlyIn
[Architectury Transformer DEBUG] Found class transformer
[Architectury Transformer DEBUG] Writing mod/syconn/swm/core/ModSounds with maxs=true frames=true
[Architectury Transformer DEBUG] Remapping refmap from intermediary to srg: swm-forge-forge-refmap.json
[Architectury Transformer DEBUG] Transformed mod/syconn/swm/core/ModSounds in 5.501 ms
[Architectury Transformer DEBUG] Transforming from mod/syconn/swm/server/StarWarsServer.class to mod/syconn/swm/server/StarWarsServer.class with 8 transformer(s) on dev.architectury.transformer.handler.TinyRemapperPreparedTransformerHandler
[Architectury Transformer DEBUG] Remapping with 1 mapping provider(s):
[Architectury Transformer DEBUG]  - dev.architectury.transformer.transformers.TransformForgeEnvironment$$Lambda/0x0000017cd409f168@718c7433
[Architectury Transformer DEBUG] Remapping Classes:
[Architectury Transformer DEBUG] net/fabricmc/api/EnvType -> net/minecraftforge/api/distmarker/Dist
[Architectury Transformer DEBUG] net/fabricmc/api/Environment -> net/minecraftforge/api/distmarker/OnlyIn
[Architectury Transformer DEBUG] Found class transformer
[Architectury Transformer DEBUG] Writing mod/syconn/swm/server/StarWarsServer with maxs=true frames=true
[Architectury Transformer DEBUG] Remapping refmap from intermediary to srg: swm-forge-forge-refmap.json
[Architectury Transformer DEBUG] Transformed mod/syconn/swm/server/StarWarsServer in 3.497 ms
[Architectury Transformer DEBUG] Transforming from mod/syconn/swm/utils/server/SyncedResourceManager.class to mod/syconn/swm/utils/server/SyncedResourceManager.class with 8 transformer(s) on dev.architectury.transformer.handler.TinyRemapperPreparedTransformerHandler
[Architectury Transformer DEBUG] Remapping with 1 mapping provider(s):
[Architectury Transformer DEBUG]  - dev.architectury.transformer.transformers.TransformForgeEnvironment$$Lambda/0x0000017cd409f168@718c7433
[Architectury Transformer DEBUG] Remapping Classes:
[Architectury Transformer DEBUG] net/fabricmc/api/EnvType -> net/minecraftforge/api/distmarker/Dist
[Architectury Transformer DEBUG] net/fabricmc/api/Environment -> net/minecraftforge/api/distmarker/OnlyIn
[Architectury Transformer DEBUG] Found class transformer
[Architectury Transformer DEBUG] Writing mod/syconn/swm/utils/server/SyncedResourceManager with maxs=true frames=true
[Architectury Transformer DEBUG] Remapping refmap from intermediary to srg: swm-forge-forge-refmap.json
[Architectury Transformer DEBUG] Transformed mod/syconn/swm/utils/server/SyncedResourceManager in 2.247 ms
[Architectury Transformer DEBUG] Transforming from mod/syconn/swm/block/TwoPartBlock.class to mod/syconn/swm/block/TwoPartBlock.class with 8 transformer(s) on dev.architectury.transformer.handler.TinyRemapperPreparedTransformerHandler
[Architectury Transformer DEBUG] Remapping with 1 mapping provider(s):
[Architectury Transformer DEBUG]  - dev.architectury.transformer.transformers.TransformForgeEnvironment$$Lambda/0x0000017cd409f168@718c7433
[Architectury Transformer DEBUG] Remapping Classes:
[Architectury Transformer DEBUG] net/fabricmc/api/EnvType -> net/minecraftforge/api/distmarker/Dist
[Architectury Transformer DEBUG] net/fabricmc/api/Environment -> net/minecraftforge/api/distmarker/OnlyIn
[Architectury Transformer DEBUG] Found class transformer
[Architectury Transformer DEBUG] Writing mod/syconn/swm/block/TwoPartBlock with maxs=true frames=true
[Architectury Transformer DEBUG] Remapping refmap from intermediary to srg: swm-forge-forge-refmap.json
[Architectury Transformer DEBUG] Transformed mod/syconn/swm/block/TwoPartBlock in 2.598 ms
[Architectury Transformer DEBUG] Transforming from mod/syconn/swm/utils/interfaces/IEntityBlock.class to mod/syconn/swm/utils/interfaces/IEntityBlock.class with 8 transformer(s) on dev.architectury.transformer.handler.TinyRemapperPreparedTransformerHandler
[Architectury Transformer DEBUG] Remapping with 1 mapping provider(s):
[Architectury Transformer DEBUG]  - dev.architectury.transformer.transformers.TransformForgeEnvironment$$Lambda/0x0000017cd409f168@718c7433
[Architectury Transformer DEBUG] Remapping Classes:
[Architectury Transformer DEBUG] net/fabricmc/api/EnvType -> net/minecraftforge/api/distmarker/Dist
[Architectury Transformer DEBUG] net/fabricmc/api/Environment -> net/minecraftforge/api/distmarker/OnlyIn
[Architectury Transformer DEBUG] Found class transformer
[Architectury Transformer DEBUG] Writing mod/syconn/swm/utils/interfaces/IEntityBlock with maxs=true frames=true
[Architectury Transformer DEBUG] Remapping refmap from intermediary to srg: swm-forge-forge-refmap.json
[Architectury Transformer DEBUG] Transformed mod/syconn/swm/utils/interfaces/IEntityBlock in 3.163 ms
[Architectury Transformer DEBUG] Transforming from mod/syconn/swm/core/ModBlockEntities.class to mod/syconn/swm/core/ModBlockEntities.class with 8 transformer(s) on dev.architectury.transformer.handler.TinyRemapperPreparedTransformerHandler
[Architectury Transformer DEBUG] Remapping with 1 mapping provider(s):
[Architectury Transformer DEBUG]  - dev.architectury.transformer.transformers.TransformForgeEnvironment$$Lambda/0x0000017cd409f168@718c7433
[Architectury Transformer DEBUG] Remapping Classes:
[Architectury Transformer DEBUG] net/fabricmc/api/EnvType -> net/minecraftforge/api/distmarker/Dist
[Architectury Transformer DEBUG] net/fabricmc/api/Environment -> net/minecraftforge/api/distmarker/OnlyIn
[Architectury Transformer DEBUG] Found class transformer
[Architectury Transformer DEBUG] Writing mod/syconn/swm/core/ModBlockEntities with maxs=true frames=true
[Architectury Transformer DEBUG] Remapping refmap from intermediary to srg: swm-forge-forge-refmap.json
[Architectury Transformer DEBUG] Transformed mod/syconn/swm/core/ModBlockEntities in 3.194 ms
[Architectury Transformer DEBUG] Transforming from mod/syconn/swm/client/render/entity/PlasmaRenderer.class to mod/syconn/swm/client/render/entity/PlasmaRenderer.class with 8 transformer(s) on dev.architectury.transformer.handler.TinyRemapperPreparedTransformerHandler
[Architectury Transformer DEBUG] Remapping with 1 mapping provider(s):
[Architectury Transformer DEBUG]  - dev.architectury.transformer.transformers.TransformForgeEnvironment$$Lambda/0x0000017cd409f168@718c7433
[Architectury Transformer DEBUG] Remapping Classes:
[Architectury Transformer DEBUG] net/fabricmc/api/EnvType -> net/minecraftforge/api/distmarker/Dist
[Architectury Transformer DEBUG] net/fabricmc/api/Environment -> net/minecraftforge/api/distmarker/OnlyIn
[Architectury Transformer DEBUG] Found class transformer
[Architectury Transformer DEBUG] Writing mod/syconn/swm/client/render/entity/PlasmaRenderer with maxs=true frames=true
[Architectury Transformer DEBUG] Remapping refmap from intermediary to srg: swm-forge-forge-refmap.json
[Architectury Transformer DEBUG] Transformed mod/syconn/swm/client/render/entity/PlasmaRenderer in 3.162 ms
[Architectury Transformer DEBUG] Transforming from mod/syconn/swm/utils/client/NodeVec3.class to mod/syconn/swm/utils/client/NodeVec3.class with 8 transformer(s) on dev.architectury.transformer.handler.TinyRemapperPreparedTransformerHandler
[Architectury Transformer DEBUG] Remapping with 1 mapping provider(s):
[Architectury Transformer DEBUG]  - dev.architectury.transformer.transformers.TransformForgeEnvironment$$Lambda/0x0000017cd409f168@718c7433
[Architectury Transformer DEBUG] Remapping Classes:
[Architectury Transformer DEBUG] net/fabricmc/api/EnvType -> net/minecraftforge/api/distmarker/Dist
[Architectury Transformer DEBUG] net/fabricmc/api/Environment -> net/minecraftforge/api/distmarker/OnlyIn
[Architectury Transformer DEBUG] Found class transformer
[Architectury Transformer DEBUG] Writing mod/syconn/swm/utils/client/NodeVec3 with maxs=true frames=true
[Architectury Transformer DEBUG] Remapping refmap from intermediary to srg: swm-forge-forge-refmap.json
[Architectury Transformer DEBUG] Transformed mod/syconn/swm/utils/client/NodeVec3 in 2.684 ms
[Architectury Transformer DEBUG] Transforming from mod/syconn/swm/core/ModEntities.class to mod/syconn/swm/core/ModEntities.class with 8 transformer(s) on dev.architectury.transformer.handler.TinyRemapperPreparedTransformerHandler
[Architectury Transformer DEBUG] Remapping with 1 mapping provider(s):
[Architectury Transformer DEBUG]  - dev.architectury.transformer.transformers.TransformForgeEnvironment$$Lambda/0x0000017cd409f168@718c7433
[Architectury Transformer DEBUG] Remapping Classes:
[Architectury Transformer DEBUG] net/fabricmc/api/EnvType -> net/minecraftforge/api/distmarker/Dist
[Architectury Transformer DEBUG] net/fabricmc/api/Environment -> net/minecraftforge/api/distmarker/OnlyIn
[Architectury Transformer DEBUG] Found class transformer
[Architectury Transformer DEBUG] Writing mod/syconn/swm/core/ModEntities with maxs=true frames=true
[Architectury Transformer DEBUG] Remapping refmap from intermediary to srg: swm-forge-forge-refmap.json
[Architectury Transformer DEBUG] Transformed mod/syconn/swm/core/ModEntities in 2.978 ms
[Architectury Transformer DEBUG] Transforming from mod/syconn/swm/utils/generic/RenderUtil.class to mod/syconn/swm/utils/generic/RenderUtil.class with 8 transformer(s) on dev.architectury.transformer.handler.TinyRemapperPreparedTransformerHandler
[Architectury Transformer DEBUG] Remapping with 1 mapping provider(s):
[Architectury Transformer DEBUG]  - dev.architectury.transformer.transformers.TransformForgeEnvironment$$Lambda/0x0000017cd409f168@718c7433
[Architectury Transformer DEBUG] Remapping Classes:
[Architectury Transformer DEBUG] net/fabricmc/api/EnvType -> net/minecraftforge/api/distmarker/Dist
[Architectury Transformer DEBUG] net/fabricmc/api/Environment -> net/minecraftforge/api/distmarker/OnlyIn
[Architectury Transformer DEBUG] Found class transformer
[Architectury Transformer DEBUG] Writing mod/syconn/swm/utils/generic/RenderUtil with maxs=true frames=true
[Architectury Transformer DEBUG] Remapping refmap from intermediary to srg: swm-forge-forge-refmap.json
[Architectury Transformer DEBUG] Transformed mod/syconn/swm/utils/generic/RenderUtil in 2.918 ms
[Architectury Transformer DEBUG] Transforming from mod/syconn/swm/features/lightsaber/entity/ThrownLightsaberEntity.class to mod/syconn/swm/features/lightsaber/entity/ThrownLightsaberEntity.class with 8 transformer(s) on dev.architectury.transformer.handler.TinyRemapperPreparedTransformerHandler
[Architectury Transformer DEBUG] Remapping with 1 mapping provider(s):
[Architectury Transformer DEBUG]  - dev.architectury.transformer.transformers.TransformForgeEnvironment$$Lambda/0x0000017cd409f168@718c7433
[Architectury Transformer DEBUG] Remapping Classes:
[Architectury Transformer DEBUG] net/fabricmc/api/EnvType -> net/minecraftforge/api/distmarker/Dist
[Architectury Transformer DEBUG] net/fabricmc/api/Environment -> net/minecraftforge/api/distmarker/OnlyIn
[Architectury Transformer DEBUG] Found class transformer
[Architectury Transformer DEBUG] Writing mod/syconn/swm/features/lightsaber/entity/ThrownLightsaberEntity with maxs=true frames=true
[Architectury Transformer DEBUG] Remapping refmap from intermediary to srg: swm-forge-forge-refmap.json
[Architectury Transformer DEBUG] Transformed mod/syconn/swm/features/lightsaber/entity/ThrownLightsaberEntity in 3.574 ms
[Architectury Transformer DEBUG] Transforming from mod/syconn/swm/utils/block/ModBlockStateProperties.class to mod/syconn/swm/utils/block/ModBlockStateProperties.class with 8 transformer(s) on dev.architectury.transformer.handler.TinyRemapperPreparedTransformerHandler
[Architectury Transformer DEBUG] Remapping with 1 mapping provider(s):
[Architectury Transformer DEBUG]  - dev.architectury.transformer.transformers.TransformForgeEnvironment$$Lambda/0x0000017cd409f168@718c7433
[Architectury Transformer DEBUG] Remapping Classes:
[Architectury Transformer DEBUG] net/fabricmc/api/EnvType -> net/minecraftforge/api/distmarker/Dist
[Architectury Transformer DEBUG] net/fabricmc/api/Environment -> net/minecraftforge/api/distmarker/OnlyIn
[Architectury Transformer DEBUG] Found class transformer
[Architectury Transformer DEBUG] Writing mod/syconn/swm/utils/block/ModBlockStateProperties with maxs=true frames=true
[Architectury Transformer DEBUG] Remapping refmap from intermediary to srg: swm-forge-forge-refmap.json
[Architectury Transformer DEBUG] Transformed mod/syconn/swm/utils/block/ModBlockStateProperties in 3.050 ms
[Architectury Transformer DEBUG] Transforming from mod/syconn/swm/utils/block/TwoPart.class to mod/syconn/swm/utils/block/TwoPart.class with 8 transformer(s) on dev.architectury.transformer.handler.TinyRemapperPreparedTransformerHandler
[Architectury Transformer DEBUG] Remapping with 1 mapping provider(s):
[Architectury Transformer DEBUG]  - dev.architectury.transformer.transformers.TransformForgeEnvironment$$Lambda/0x0000017cd409f168@718c7433
[Architectury Transformer DEBUG] Remapping Classes:
[Architectury Transformer DEBUG] net/fabricmc/api/EnvType -> net/minecraftforge/api/distmarker/Dist
[Architectury Transformer DEBUG] net/fabricmc/api/Environment -> net/minecraftforge/api/distmarker/OnlyIn
[Architectury Transformer DEBUG] Found class transformer
[Architectury Transformer DEBUG] Writing mod/syconn/swm/utils/block/TwoPart with maxs=true frames=true
[Architectury Transformer DEBUG] Remapping refmap from intermediary to srg: swm-forge-forge-refmap.json
[Architectury Transformer DEBUG] Transformed mod/syconn/swm/utils/block/TwoPart in 2.578 ms
[Architectury Transformer DEBUG] Transforming from mod/syconn/swm/features/blaster/entity/BlasterBoltEntity.class to mod/syconn/swm/features/blaster/entity/BlasterBoltEntity.class with 8 transformer(s) on dev.architectury.transformer.handler.TinyRemapperPreparedTransformerHandler
[Architectury Transformer DEBUG] Remapping with 1 mapping provider(s):
[Architectury Transformer DEBUG]  - dev.architectury.transformer.transformers.TransformForgeEnvironment$$Lambda/0x0000017cd409f168@718c7433
[Architectury Transformer DEBUG] Remapping Classes:
[Architectury Transformer DEBUG] net/fabricmc/api/EnvType -> net/minecraftforge/api/distmarker/Dist
[Architectury Transformer DEBUG] net/fabricmc/api/Environment -> net/minecraftforge/api/distmarker/OnlyIn
[Architectury Transformer DEBUG] Found class transformer
[Architectury Transformer DEBUG] Writing mod/syconn/swm/features/blaster/entity/BlasterBoltEntity with maxs=true frames=true
[Architectury Transformer DEBUG] Remapping refmap from intermediary to srg: swm-forge-forge-refmap.json
[Architectury Transformer DEBUG] Transformed mod/syconn/swm/features/blaster/entity/BlasterBoltEntity in 2.570 ms
[Architectury Transformer DEBUG] Transforming from mod/syconn/swm/utils/client/PlasmaBuffer.class to mod/syconn/swm/utils/client/PlasmaBuffer.class with 8 transformer(s) on dev.architectury.transformer.handler.TinyRemapperPreparedTransformerHandler
[Architectury Transformer DEBUG] Remapping with 1 mapping provider(s):
[Architectury Transformer DEBUG]  - dev.architectury.transformer.transformers.TransformForgeEnvironment$$Lambda/0x0000017cd409f168@718c7433
[Architectury Transformer DEBUG] Remapping Classes:
[Architectury Transformer DEBUG] net/fabricmc/api/EnvType -> net/minecraftforge/api/distmarker/Dist
[Architectury Transformer DEBUG] net/fabricmc/api/Environment -> net/minecraftforge/api/distmarker/OnlyIn
[Architectury Transformer DEBUG] Found class transformer
[Architectury Transformer DEBUG] Writing mod/syconn/swm/utils/client/PlasmaBuffer with maxs=true frames=true
[Architectury Transformer DEBUG] Remapping refmap from intermediary to srg: swm-forge-forge-refmap.json
[Architectury Transformer DEBUG] Transformed mod/syconn/swm/utils/client/PlasmaBuffer in 3.628 ms
[Architectury Transformer DEBUG] Transforming from mod/syconn/swm/utils/generic/MathUtil.class to mod/syconn/swm/utils/generic/MathUtil.class with 8 transformer(s) on dev.architectury.transformer.handler.TinyRemapperPreparedTransformerHandler
[Architectury Transformer DEBUG] Remapping with 1 mapping provider(s):
[Architectury Transformer DEBUG]  - dev.architectury.transformer.transformers.TransformForgeEnvironment$$Lambda/0x0000017cd409f168@718c7433
[Architectury Transformer DEBUG] Remapping Classes:
[Architectury Transformer DEBUG] net/fabricmc/api/EnvType -> net/minecraftforge/api/distmarker/Dist
[Architectury Transformer DEBUG] net/fabricmc/api/Environment -> net/minecraftforge/api/distmarker/OnlyIn
[Architectury Transformer DEBUG] Found class transformer
[Architectury Transformer DEBUG] Writing mod/syconn/swm/utils/generic/MathUtil with maxs=true frames=true
[Architectury Transformer DEBUG] Remapping refmap from intermediary to srg: swm-forge-forge-refmap.json
[Architectury Transformer DEBUG] Transformed mod/syconn/swm/utils/generic/MathUtil in 5.761 ms
[Architectury Transformer DEBUG] Transforming from mod/syconn/swm/core/ModMenus.class to mod/syconn/swm/core/ModMenus.class with 8 transformer(s) on dev.architectury.transformer.handler.TinyRemapperPreparedTransformerHandler
[Architectury Transformer DEBUG] Remapping with 1 mapping provider(s):
[Architectury Transformer DEBUG]  - dev.architectury.transformer.transformers.TransformForgeEnvironment$$Lambda/0x0000017cd409f168@718c7433
[Architectury Transformer DEBUG] Remapping Classes:
[Architectury Transformer DEBUG] net/fabricmc/api/EnvType -> net/minecraftforge/api/distmarker/Dist
[Architectury Transformer DEBUG] net/fabricmc/api/Environment -> net/minecraftforge/api/distmarker/OnlyIn
[Architectury Transformer DEBUG] Found class transformer
[Architectury Transformer DEBUG] Writing mod/syconn/swm/core/ModMenus with maxs=true frames=true
[Architectury Transformer DEBUG] Remapping refmap from intermediary to srg: swm-forge-forge-refmap.json
[Architectury Transformer DEBUG] Transformed mod/syconn/swm/core/ModMenus in 10.39 ms
[Architectury Transformer DEBUG] Transforming from mod/syconn/swm/utils/generic/AnimationUtil.class to mod/syconn/swm/utils/generic/AnimationUtil.class with 8 transformer(s) on dev.architectury.transformer.handler.TinyRemapperPreparedTransformerHandler
[Architectury Transformer DEBUG] Remapping with 1 mapping provider(s):
[Architectury Transformer DEBUG]  - dev.architectury.transformer.transformers.TransformForgeEnvironment$$Lambda/0x0000017cd409f168@718c7433
[Architectury Transformer DEBUG] Remapping Classes:
[Architectury Transformer DEBUG] net/fabricmc/api/EnvType -> net/minecraftforge/api/distmarker/Dist
[Architectury Transformer DEBUG] net/fabricmc/api/Environment -> net/minecraftforge/api/distmarker/OnlyIn
[Architectury Transformer DEBUG] Found class transformer
[Architectury Transformer DEBUG] Writing mod/syconn/swm/utils/generic/AnimationUtil with maxs=true frames=true
[Architectury Transformer DEBUG] Remapping refmap from intermediary to srg: swm-forge-forge-refmap.json
[Architectury Transformer DEBUG] Transformed mod/syconn/swm/utils/generic/AnimationUtil in 3.514 ms
[Architectury Transformer DEBUG] Transforming from mod/syconn/swm/core/ModRecipes.class to mod/syconn/swm/core/ModRecipes.class with 8 transformer(s) on dev.architectury.transformer.handler.TinyRemapperPreparedTransformerHandler
[Architectury Transformer DEBUG] Remapping with 1 mapping provider(s):
[Architectury Transformer DEBUG]  - dev.architectury.transformer.transformers.TransformForgeEnvironment$$Lambda/0x0000017cd409f168@718c7433
[Architectury Transformer DEBUG] Remapping Classes:
[Architectury Transformer DEBUG] net/fabricmc/api/EnvType -> net/minecraftforge/api/distmarker/Dist
[Architectury Transformer DEBUG] net/fabricmc/api/Environment -> net/minecraftforge/api/distmarker/OnlyIn
[Architectury Transformer DEBUG] Found class transformer
[Architectury Transformer DEBUG] Writing mod/syconn/swm/core/ModRecipes with maxs=true frames=true
[Architectury Transformer DEBUG] Remapping refmap from intermediary to srg: swm-forge-forge-refmap.json
[Architectury Transformer DEBUG] Transformed mod/syconn/swm/core/ModRecipes in 3.107 ms
[Architectury Transformer DEBUG] Transforming from mod/syconn/swm/blockentity/SyncedBlockEntity.class to mod/syconn/swm/blockentity/SyncedBlockEntity.class with 8 transformer(s) on dev.architectury.transformer.handler.TinyRemapperPreparedTransformerHandler
[Architectury Transformer DEBUG] Remapping with 1 mapping provider(s):
[Architectury Transformer DEBUG]  - dev.architectury.transformer.transformers.TransformForgeEnvironment$$Lambda/0x0000017cd409f168@718c7433
[Architectury Transformer DEBUG] Remapping Classes:
[Architectury Transformer DEBUG] net/fabricmc/api/EnvType -> net/minecraftforge/api/distmarker/Dist
[Architectury Transformer DEBUG] net/fabricmc/api/Environment -> net/minecraftforge/api/distmarker/OnlyIn
[Architectury Transformer DEBUG] Found class transformer
[Architectury Transformer DEBUG] Writing mod/syconn/swm/blockentity/SyncedBlockEntity with maxs=true frames=true
[Architectury Transformer DEBUG] Remapping refmap from intermediary to srg: swm-forge-forge-refmap.json
[Architectury Transformer DEBUG] Transformed mod/syconn/swm/blockentity/SyncedBlockEntity in 3.007 ms
[Architectury Transformer DEBUG] Transforming from mod/syconn/swm/server/recipes/LightsaberRecipe$Serializer.class to mod/syconn/swm/server/recipes/LightsaberRecipe$Serializer.class with 8 transformer(s) on dev.architectury.transformer.handler.TinyRemapperPreparedTransformerHandler
[Architectury Transformer DEBUG] Remapping with 1 mapping provider(s):
[Architectury Transformer DEBUG]  - dev.architectury.transformer.transformers.TransformForgeEnvironment$$Lambda/0x0000017cd409f168@718c7433
[Architectury Transformer DEBUG] Remapping Classes:
[Architectury Transformer DEBUG] net/fabricmc/api/EnvType -> net/minecraftforge/api/distmarker/Dist
[Architectury Transformer DEBUG] net/fabricmc/api/Environment -> net/minecraftforge/api/distmarker/OnlyIn
[Architectury Transformer DEBUG] Found class transformer
[Architectury Transformer DEBUG] Writing mod/syconn/swm/server/recipes/LightsaberRecipe$Serializer with maxs=true frames=true
[Architectury Transformer DEBUG] Remapping refmap from intermediary to srg: swm-forge-forge-refmap.json
[Architectury Transformer DEBUG] Transformed mod/syconn/swm/server/recipes/LightsaberRecipe$Serializer in 3.478 ms
[Architectury Transformer DEBUG] Transforming from mod/syconn/swm/utils/generic/ItemStackUtil.class to mod/syconn/swm/utils/generic/ItemStackUtil.class with 8 transformer(s) on dev.architectury.transformer.handler.TinyRemapperPreparedTransformerHandler
[Architectury Transformer DEBUG] Remapping with 1 mapping provider(s):
[Architectury Transformer DEBUG]  - dev.architectury.transformer.transformers.TransformForgeEnvironment$$Lambda/0x0000017cd409f168@718c7433
[Architectury Transformer DEBUG] Remapping Classes:
[Architectury Transformer DEBUG] net/fabricmc/api/EnvType -> net/minecraftforge/api/distmarker/Dist
[Architectury Transformer DEBUG] net/fabricmc/api/Environment -> net/minecraftforge/api/distmarker/OnlyIn
[Architectury Transformer DEBUG] Found class transformer
[Architectury Transformer DEBUG] Writing mod/syconn/swm/utils/generic/ItemStackUtil with maxs=true frames=true
[Architectury Transformer DEBUG] Remapping refmap from intermediary to srg: swm-forge-forge-refmap.json
[Architectury Transformer DEBUG] Transformed mod/syconn/swm/utils/generic/ItemStackUtil in 3.383 ms
[Architectury Transformer DEBUG] Transforming from mod/syconn/swm/features/lightsaber/blockentity/LightsaberWorkbenchBlockEntity.class to mod/syconn/swm/features/lightsaber/blockentity/LightsaberWorkbenchBlockEntity.class with 8 transformer(s) on dev.architectury.transformer.handler.TinyRemapperPreparedTransformerHandler
[Architectury Transformer DEBUG] Remapping with 1 mapping provider(s):
[Architectury Transformer DEBUG]  - dev.architectury.transformer.transformers.TransformForgeEnvironment$$Lambda/0x0000017cd409f168@718c7433
[Architectury Transformer DEBUG] Remapping Classes:
[Architectury Transformer DEBUG] net/fabricmc/api/EnvType -> net/minecraftforge/api/distmarker/Dist
[Architectury Transformer DEBUG] net/fabricmc/api/Environment -> net/minecraftforge/api/distmarker/OnlyIn
[Architectury Transformer DEBUG] Found class transformer
[Architectury Transformer DEBUG] Writing mod/syconn/swm/features/lightsaber/blockentity/LightsaberWorkbenchBlockEntity with maxs=true frames=true
[Architectury Transformer DEBUG] Remapping refmap from intermediary to srg: swm-forge-forge-refmap.json
[Architectury Transformer DEBUG] Transformed mod/syconn/swm/features/lightsaber/blockentity/LightsaberWorkbenchBlockEntity in 3.848 ms
[Architectury Transformer DEBUG] Transforming from mod/syconn/swm/features/lightsaber/client/screen/LightsaberAssemblerScreen.class to mod/syconn/swm/features/lightsaber/client/screen/LightsaberAssemblerScreen.class with 8 transformer(s) on dev.architectury.transformer.handler.TinyRemapperPreparedTransformerHandler
[Architectury Transformer DEBUG] Remapping with 1 mapping provider(s):
[Architectury Transformer DEBUG]  - dev.architectury.transformer.transformers.TransformForgeEnvironment$$Lambda/0x0000017cd409f168@718c7433
[Architectury Transformer DEBUG] Remapping Classes:
[Architectury Transformer DEBUG] net/fabricmc/api/EnvType -> net/minecraftforge/api/distmarker/Dist
[Architectury Transformer DEBUG] net/fabricmc/api/Environment -> net/minecraftforge/api/distmarker/OnlyIn
[Architectury Transformer DEBUG] Found class transformer
[Architectury Transformer DEBUG] Writing mod/syconn/swm/features/lightsaber/client/screen/LightsaberAssemblerScreen with maxs=true frames=true
[Architectury Transformer DEBUG] Remapping refmap from intermediary to srg: swm-forge-forge-refmap.json
[Architectury Transformer DEBUG] Transformed mod/syconn/swm/features/lightsaber/client/screen/LightsaberAssemblerScreen in 5.779 ms
[Architectury Transformer DEBUG] Transforming from mod/syconn/swm/blockentity/HoloProjectorBlockEntity.class to mod/syconn/swm/blockentity/HoloProjectorBlockEntity.class with 8 transformer(s) on dev.architectury.transformer.handler.TinyRemapperPreparedTransformerHandler
[Architectury Transformer DEBUG] Remapping with 1 mapping provider(s):
[Architectury Transformer DEBUG]  - dev.architectury.transformer.transformers.TransformForgeEnvironment$$Lambda/0x0000017cd409f168@718c7433
[Architectury Transformer DEBUG] Remapping Classes:
[Architectury Transformer DEBUG] net/fabricmc/api/EnvType -> net/minecraftforge/api/distmarker/Dist
[Architectury Transformer DEBUG] net/fabricmc/api/Environment -> net/minecraftforge/api/distmarker/OnlyIn
[Architectury Transformer DEBUG] Found class transformer
[Architectury Transformer DEBUG] Writing mod/syconn/swm/blockentity/HoloProjectorBlockEntity with maxs=true frames=true
[Architectury Transformer DEBUG] Remapping refmap from intermediary to srg: swm-forge-forge-refmap.json
[Architectury Transformer DEBUG] Transformed mod/syconn/swm/blockentity/HoloProjectorBlockEntity in 4.630 ms
[Architectury Transformer DEBUG] Transforming from mod/syconn/swm/network/Network.class to mod/syconn/swm/network/Network.class with 8 transformer(s) on dev.architectury.transformer.handler.TinyRemapperPreparedTransformerHandler
[Architectury Transformer DEBUG] Remapping with 1 mapping provider(s):
[Architectury Transformer DEBUG]  - dev.architectury.transformer.transformers.TransformForgeEnvironment$$Lambda/0x0000017cd409f168@718c7433
[Architectury Transformer DEBUG] Remapping Classes:
[Architectury Transformer DEBUG] net/fabricmc/api/EnvType -> net/minecraftforge/api/distmarker/Dist
[Architectury Transformer DEBUG] net/fabricmc/api/Environment -> net/minecraftforge/api/distmarker/OnlyIn
[Architectury Transformer DEBUG] Found class transformer
[Architectury Transformer DEBUG] Writing mod/syconn/swm/network/Network with maxs=true frames=true
[Architectury Transformer DEBUG] Remapping refmap from intermediary to srg: swm-forge-forge-refmap.json
[Architectury Transformer DEBUG] Transformed mod/syconn/swm/network/Network in 4.338 ms
[Architectury Transformer DEBUG] Transforming from mod/syconn/swm/utils/Constants.class to mod/syconn/swm/utils/Constants.class with 8 transformer(s) on dev.architectury.transformer.handler.TinyRemapperPreparedTransformerHandler
[Architectury Transformer DEBUG] Remapping with 1 mapping provider(s):
[Architectury Transformer DEBUG]  - dev.architectury.transformer.transformers.TransformForgeEnvironment$$Lambda/0x0000017cd409f168@718c7433
[Architectury Transformer DEBUG] Remapping Classes:
[Architectury Transformer DEBUG] net/fabricmc/api/EnvType -> net/minecraftforge/api/distmarker/Dist
[Architectury Transformer DEBUG] net/fabricmc/api/Environment -> net/minecraftforge/api/distmarker/OnlyIn
[Architectury Transformer DEBUG] Found class transformer
[Architectury Transformer DEBUG] Writing mod/syconn/swm/utils/Constants with maxs=true frames=true
[Architectury Transformer DEBUG] Remapping refmap from intermediary to srg: swm-forge-forge-refmap.json
[Architectury Transformer DEBUG] Transformed mod/syconn/swm/utils/Constants in 2.508 ms
[Architectury Transformer DEBUG] Transforming from mod/syconn/swm/features/lightsaber/sound/LightsaberAudio.class to mod/syconn/swm/features/lightsaber/sound/LightsaberAudio.class with 8 transformer(s) on dev.architectury.transformer.handler.TinyRemapperPreparedTransformerHandler
[Architectury Transformer DEBUG] Remapping with 1 mapping provider(s):
[Architectury Transformer DEBUG]  - dev.architectury.transformer.transformers.TransformForgeEnvironment$$Lambda/0x0000017cd409f168@718c7433
[Architectury Transformer DEBUG] Remapping Classes:
[Architectury Transformer DEBUG] net/fabricmc/api/EnvType -> net/minecraftforge/api/distmarker/Dist
[Architectury Transformer DEBUG] net/fabricmc/api/Environment -> net/minecraftforge/api/distmarker/OnlyIn
[Architectury Transformer DEBUG] Found class transformer
[Architectury Transformer DEBUG] Writing mod/syconn/swm/features/lightsaber/sound/LightsaberAudio with maxs=true frames=true
[Architectury Transformer DEBUG] Remapping refmap from intermediary to srg: swm-forge-forge-refmap.json
[Architectury Transformer DEBUG] Transformed mod/syconn/swm/features/lightsaber/sound/LightsaberAudio in 2.484 ms
[Architectury Transformer DEBUG] Transforming from mod/syconn/swm/features/lightsaber/sound/LightsaberAmbientSoundInstance.class to mod/syconn/swm/features/lightsaber/sound/LightsaberAmbientSoundInstance.class with 8 transformer(s) on dev.architectury.transformer.handler.TinyRemapperPreparedTransformerHandler
[Architectury Transformer DEBUG] Remapping with 1 mapping provider(s):
[Architectury Transformer DEBUG]  - dev.architectury.transformer.transformers.TransformForgeEnvironment$$Lambda/0x0000017cd409f168@718c7433
[Architectury Transformer DEBUG] Remapping Classes:
[Architectury Transformer DEBUG] net/fabricmc/api/EnvType -> net/minecraftforge/api/distmarker/Dist
[Architectury Transformer DEBUG] net/fabricmc/api/Environment -> net/minecraftforge/api/distmarker/OnlyIn
[Architectury Transformer DEBUG] Found class transformer
[Architectury Transformer DEBUG] Writing mod/syconn/swm/features/lightsaber/sound/LightsaberAmbientSoundInstance with maxs=true frames=true
[Architectury Transformer DEBUG] Remapping refmap from intermediary to srg: swm-forge-forge-refmap.json
[Architectury Transformer DEBUG] Transformed mod/syconn/swm/features/lightsaber/sound/LightsaberAmbientSoundInstance in 2.356 ms
[Architectury Transformer DEBUG] Transforming from mod/syconn/swm/features/lightsaber/server/menu/LightsaberWorkbenchMenu.class to mod/syconn/swm/features/lightsaber/server/menu/LightsaberWorkbenchMenu.class with 8 transformer(s) on dev.architectury.transformer.handler.TinyRemapperPreparedTransformerHandler
[Architectury Transformer DEBUG] Remapping with 1 mapping provider(s):
[Architectury Transformer DEBUG]  - dev.architectury.transformer.transformers.TransformForgeEnvironment$$Lambda/0x0000017cd409f168@718c7433
[Architectury Transformer DEBUG] Remapping Classes:
[Architectury Transformer DEBUG] net/fabricmc/api/EnvType -> net/minecraftforge/api/distmarker/Dist
[Architectury Transformer DEBUG] net/fabricmc/api/Environment -> net/minecraftforge/api/distmarker/OnlyIn
[Architectury Transformer DEBUG] Found class transformer
[Architectury Transformer DEBUG] Writing mod/syconn/swm/features/lightsaber/server/menu/LightsaberWorkbenchMenu with maxs=true frames=true
[Architectury Transformer DEBUG] Remapping refmap from intermediary to srg: swm-forge-forge-refmap.json
[Architectury Transformer DEBUG] Transformed mod/syconn/swm/features/lightsaber/server/menu/LightsaberWorkbenchMenu in 2.519 ms
[Architectury Transformer DEBUG] Transforming from mod/syconn/swm/features/lightsaber/network/ToggleLightsaberPacket.class to mod/syconn/swm/features/lightsaber/network/ToggleLightsaberPacket.class with 8 transformer(s) on dev.architectury.transformer.handler.TinyRemapperPreparedTransformerHandler
[Architectury Transformer DEBUG] Remapping with 1 mapping provider(s):
[Architectury Transformer DEBUG]  - dev.architectury.transformer.transformers.TransformForgeEnvironment$$Lambda/0x0000017cd409f168@718c7433
[Architectury Transformer DEBUG] Remapping Classes:
[Architectury Transformer DEBUG] net/fabricmc/api/EnvType -> net/minecraftforge/api/distmarker/Dist
[Architectury Transformer DEBUG] net/fabricmc/api/Environment -> net/minecraftforge/api/distmarker/OnlyIn
[Architectury Transformer DEBUG] Found class transformer
[Architectury Transformer DEBUG] Writing mod/syconn/swm/features/lightsaber/network/ToggleLightsaberPacket with maxs=true frames=true
[Architectury Transformer DEBUG] Remapping refmap from intermediary to srg: swm-forge-forge-refmap.json
[Architectury Transformer DEBUG] Transformed mod/syconn/swm/features/lightsaber/network/ToggleLightsaberPacket in 2.488 ms
[Architectury Transformer DEBUG] Transforming from mod/syconn/swm/features/lightsaber/server/menu/LightsaberAssemblerMenu.class to mod/syconn/swm/features/lightsaber/server/menu/LightsaberAssemblerMenu.class with 8 transformer(s) on dev.architectury.transformer.handler.TinyRemapperPreparedTransformerHandler
[Architectury Transformer DEBUG] Remapping with 1 mapping provider(s):
[Architectury Transformer DEBUG]  - dev.architectury.transformer.transformers.TransformForgeEnvironment$$Lambda/0x0000017cd409f168@718c7433
[Architectury Transformer DEBUG] Remapping Classes:
[Architectury Transformer DEBUG] net/fabricmc/api/EnvType -> net/minecraftforge/api/distmarker/Dist
[Architectury Transformer DEBUG] net/fabricmc/api/Environment -> net/minecraftforge/api/distmarker/OnlyIn
[Architectury Transformer DEBUG] Found class transformer
[Architectury Transformer DEBUG] Writing mod/syconn/swm/features/lightsaber/server/menu/LightsaberAssemblerMenu with maxs=true frames=true
[Architectury Transformer DEBUG] Remapping refmap from intermediary to srg: swm-forge-forge-refmap.json
[Architectury Transformer DEBUG] Transformed mod/syconn/swm/features/lightsaber/server/menu/LightsaberAssemblerMenu in 2.225 ms
[Architectury Transformer DEBUG] Transforming from mod/syconn/swm/core/ModRecipes$1.class to mod/syconn/swm/core/ModRecipes$1.class with 8 transformer(s) on dev.architectury.transformer.handler.TinyRemapperPreparedTransformerHandler
[Architectury Transformer DEBUG] Remapping with 1 mapping provider(s):
[Architectury Transformer DEBUG]  - dev.architectury.transformer.transformers.TransformForgeEnvironment$$Lambda/0x0000017cd409f168@718c7433
[Architectury Transformer DEBUG] Remapping Classes:
[Architectury Transformer DEBUG] net/fabricmc/api/EnvType -> net/minecraftforge/api/distmarker/Dist
[Architectury Transformer DEBUG] net/fabricmc/api/Environment -> net/minecraftforge/api/distmarker/OnlyIn
[Architectury Transformer DEBUG] Found class transformer
[Architectury Transformer DEBUG] Writing mod/syconn/swm/core/ModRecipes$1 with maxs=true frames=true
[Architectury Transformer DEBUG] Remapping refmap from intermediary to srg: swm-forge-forge-refmap.json
[Architectury Transformer DEBUG] Transformed mod/syconn/swm/core/ModRecipes$1 in 2.027 ms
[Architectury Transformer DEBUG] Transforming from mod/syconn/swm/features/lightsaber/data/LightsaberTag.class to mod/syconn/swm/features/lightsaber/data/LightsaberTag.class with 8 transformer(s) on dev.architectury.transformer.handler.TinyRemapperPreparedTransformerHandler
[Architectury Transformer DEBUG] Remapping with 1 mapping provider(s):
[Architectury Transformer DEBUG]  - dev.architectury.transformer.transformers.TransformForgeEnvironment$$Lambda/0x0000017cd409f168@718c7433
[Architectury Transformer DEBUG] Remapping Classes:
[Architectury Transformer DEBUG] net/fabricmc/api/EnvType -> net/minecraftforge/api/distmarker/Dist
[Architectury Transformer DEBUG] net/fabricmc/api/Environment -> net/minecraftforge/api/distmarker/OnlyIn
[Architectury Transformer DEBUG] Found class transformer
[Architectury Transformer DEBUG] Writing mod/syconn/swm/features/lightsaber/data/LightsaberTag with maxs=true frames=true
[Architectury Transformer DEBUG] Remapping refmap from intermediary to srg: swm-forge-forge-refmap.json
[Architectury Transformer DEBUG] Transformed mod/syconn/swm/features/lightsaber/data/LightsaberTag in 2.847 ms
[Architectury Transformer DEBUG] Transforming from mod/syconn/swm/features/lightsaber/network/ThrowLightsaberPacket.class to mod/syconn/swm/features/lightsaber/network/ThrowLightsaberPacket.class with 8 transformer(s) on dev.architectury.transformer.handler.TinyRemapperPreparedTransformerHandler
[Architectury Transformer DEBUG] Remapping with 1 mapping provider(s):
[Architectury Transformer DEBUG]  - dev.architectury.transformer.transformers.TransformForgeEnvironment$$Lambda/0x0000017cd409f168@718c7433
[Architectury Transformer DEBUG] Remapping Classes:
[Architectury Transformer DEBUG] net/fabricmc/api/EnvType -> net/minecraftforge/api/distmarker/Dist
[Architectury Transformer DEBUG] net/fabricmc/api/Environment -> net/minecraftforge/api/distmarker/OnlyIn
[Architectury Transformer DEBUG] Found class transformer
[Architectury Transformer DEBUG] Writing mod/syconn/swm/features/lightsaber/network/ThrowLightsaberPacket with maxs=true frames=true
[Architectury Transformer DEBUG] Remapping refmap from intermediary to srg: swm-forge-forge-refmap.json
[Architectury Transformer DEBUG] Transformed mod/syconn/swm/features/lightsaber/network/ThrowLightsaberPacket in 2.341 ms
[Architectury Transformer DEBUG] Transforming from mod/syconn/swm/network/packets/clientside/SyncResourceDataPacket.class to mod/syconn/swm/network/packets/clientside/SyncResourceDataPacket.class with 8 transformer(s) on dev.architectury.transformer.handler.TinyRemapperPreparedTransformerHandler
[Architectury Transformer DEBUG] Remapping with 1 mapping provider(s):
[Architectury Transformer DEBUG]  - dev.architectury.transformer.transformers.TransformForgeEnvironment$$Lambda/0x0000017cd409f168@718c7433
[Architectury Transformer DEBUG] Remapping Classes:
[Architectury Transformer DEBUG] net/fabricmc/api/EnvType -> net/minecraftforge/api/distmarker/Dist
[Architectury Transformer DEBUG] net/fabricmc/api/Environment -> net/minecraftforge/api/distmarker/OnlyIn
[Architectury Transformer DEBUG] Found class transformer
[Architectury Transformer DEBUG] Writing mod/syconn/swm/network/packets/clientside/SyncResourceDataPacket with maxs=true frames=true
[Architectury Transformer DEBUG] Remapping refmap from intermediary to srg: swm-forge-forge-refmap.json
[Architectury Transformer DEBUG] Transformed mod/syconn/swm/network/packets/clientside/SyncResourceDataPacket in 2.080 ms
[Architectury Transformer DEBUG] Transforming from mod/syconn/swm/StarWars.class to mod/syconn/swm/StarWars.class with 8 transformer(s) on dev.architectury.transformer.handler.TinyRemapperPreparedTransformerHandler
[Architectury Transformer DEBUG] Remapping with 1 mapping provider(s):
[Architectury Transformer DEBUG]  - dev.architectury.transformer.transformers.TransformForgeEnvironment$$Lambda/0x0000017cd409f168@718c7433
[Architectury Transformer DEBUG] Remapping Classes:
[Architectury Transformer DEBUG] net/fabricmc/api/EnvType -> net/minecraftforge/api/distmarker/Dist
[Architectury Transformer DEBUG] net/fabricmc/api/Environment -> net/minecraftforge/api/distmarker/OnlyIn
[Architectury Transformer DEBUG] Found class transformer
[Architectury Transformer DEBUG] Writing mod/syconn/swm/StarWars with maxs=true frames=true
[Architectury Transformer DEBUG] Remapping refmap from intermediary to srg: swm-forge-forge-refmap.json
[Architectury Transformer DEBUG] Transformed mod/syconn/swm/StarWars in 2.421 ms
[Architectury Transformer DEBUG] Transforming from mod/syconn/swm/features/lightsaber/network/ChangeLightsaberHSVPacket.class to mod/syconn/swm/features/lightsaber/network/ChangeLightsaberHSVPacket.class with 8 transformer(s) on dev.architectury.transformer.handler.TinyRemapperPreparedTransformerHandler
[Architectury Transformer DEBUG] Remapping with 1 mapping provider(s):
[Architectury Transformer DEBUG]  - dev.architectury.transformer.transformers.TransformForgeEnvironment$$Lambda/0x0000017cd409f168@718c7433
[Architectury Transformer DEBUG] Remapping Classes:
[Architectury Transformer DEBUG] net/fabricmc/api/EnvType -> net/minecraftforge/api/distmarker/Dist
[Architectury Transformer DEBUG] net/fabricmc/api/Environment -> net/minecraftforge/api/distmarker/OnlyIn
[Architectury Transformer DEBUG] Found class transformer
[Architectury Transformer DEBUG] Writing mod/syconn/swm/features/lightsaber/network/ChangeLightsaberHSVPacket with maxs=true frames=true
[Architectury Transformer DEBUG] Remapping refmap from intermediary to srg: swm-forge-forge-refmap.json
[Architectury Transformer DEBUG] Transformed mod/syconn/swm/features/lightsaber/network/ChangeLightsaberHSVPacket in 2.619 ms
[Architectury Transformer DEBUG] Transforming from mod/syconn/swm/server/data/SWGear$SWGearAccess.class to mod/syconn/swm/server/data/SWGear$SWGearAccess.class with 8 transformer(s) on dev.architectury.transformer.handler.TinyRemapperPreparedTransformerHandler
[Architectury Transformer DEBUG] Remapping with 1 mapping provider(s):
[Architectury Transformer DEBUG]  - dev.architectury.transformer.transformers.TransformForgeEnvironment$$Lambda/0x0000017cd409f168@718c7433
[Architectury Transformer DEBUG] Remapping Classes:
[Architectury Transformer DEBUG] net/fabricmc/api/EnvType -> net/minecraftforge/api/distmarker/Dist
[Architectury Transformer DEBUG] net/fabricmc/api/Environment -> net/minecraftforge/api/distmarker/OnlyIn
[Architectury Transformer DEBUG] Found class transformer
[Architectury Transformer DEBUG] Writing mod/syconn/swm/server/data/SWGear$SWGearAccess with maxs=true frames=true
[Architectury Transformer DEBUG] Remapping refmap from intermediary to srg: swm-forge-forge-refmap.json
[Architectury Transformer DEBUG] Transformed mod/syconn/swm/server/data/SWGear$SWGearAccess in 2.095 ms
[Architectury Transformer DEBUG] Transforming from mod/syconn/swm/client/keys/KeyHandler.class to mod/syconn/swm/client/keys/KeyHandler.class with 8 transformer(s) on dev.architectury.transformer.handler.TinyRemapperPreparedTransformerHandler
[Architectury Transformer DEBUG] Remapping with 1 mapping provider(s):
[Architectury Transformer DEBUG]  - dev.architectury.transformer.transformers.TransformForgeEnvironment$$Lambda/0x0000017cd409f168@718c7433
[Architectury Transformer DEBUG] Remapping Classes:
[Architectury Transformer DEBUG] net/fabricmc/api/EnvType -> net/minecraftforge/api/distmarker/Dist
[Architectury Transformer DEBUG] net/fabricmc/api/Environment -> net/minecraftforge/api/distmarker/OnlyIn
[Architectury Transformer DEBUG] Found class transformer
[Architectury Transformer DEBUG] Writing mod/syconn/swm/client/keys/KeyHandler with maxs=true frames=true
[Architectury Transformer DEBUG] Remapping refmap from intermediary to srg: swm-forge-forge-refmap.json
[Architectury Transformer DEBUG] Transformed mod/syconn/swm/client/keys/KeyHandler in 1.905 ms
[Architectury Transformer DEBUG] Transforming from mod/syconn/swm/features/lightsaber/network/CraftHiltPacket.class to mod/syconn/swm/features/lightsaber/network/CraftHiltPacket.class with 8 transformer(s) on dev.architectury.transformer.handler.TinyRemapperPreparedTransformerHandler
[Architectury Transformer DEBUG] Remapping with 1 mapping provider(s):
[Architectury Transformer DEBUG]  - dev.architectury.transformer.transformers.TransformForgeEnvironment$$Lambda/0x0000017cd409f168@718c7433
[Architectury Transformer DEBUG] Remapping Classes:
[Architectury Transformer DEBUG] net/fabricmc/api/EnvType -> net/minecraftforge/api/distmarker/Dist
[Architectury Transformer DEBUG] net/fabricmc/api/Environment -> net/minecraftforge/api/distmarker/OnlyIn
[Architectury Transformer DEBUG] Found class transformer
[Architectury Transformer DEBUG] Writing mod/syconn/swm/features/lightsaber/network/CraftHiltPacket with maxs=true frames=true
[Architectury Transformer DEBUG] Remapping refmap from intermediary to srg: swm-forge-forge-refmap.json
[Architectury Transformer DEBUG] Transformed mod/syconn/swm/features/lightsaber/network/CraftHiltPacket in 2.004 ms
[Architectury Transformer DEBUG] Transforming from mod/syconn/swm/network/packets/serverside/HoloCallPacket.class to mod/syconn/swm/network/packets/serverside/HoloCallPacket.class with 8 transformer(s) on dev.architectury.transformer.handler.TinyRemapperPreparedTransformerHandler
[Architectury Transformer DEBUG] Remapping with 1 mapping provider(s):
[Architectury Transformer DEBUG]  - dev.architectury.transformer.transformers.TransformForgeEnvironment$$Lambda/0x0000017cd409f168@718c7433
[Architectury Transformer DEBUG] Remapping Classes:
[Architectury Transformer DEBUG] net/fabricmc/api/EnvType -> net/minecraftforge/api/distmarker/Dist
[Architectury Transformer DEBUG] net/fabricmc/api/Environment -> net/minecraftforge/api/distmarker/OnlyIn
[Architectury Transformer DEBUG] Found class transformer
[Architectury Transformer DEBUG] Writing mod/syconn/swm/network/packets/serverside/HoloCallPacket with maxs=true frames=true
[Architectury Transformer DEBUG] Remapping refmap from intermediary to srg: swm-forge-forge-refmap.json
[Architectury Transformer DEBUG] Transformed mod/syconn/swm/network/packets/serverside/HoloCallPacket in 2.212 ms
[Architectury Transformer DEBUG] Transforming from mod/syconn/swm/core/ModBlocks.class to mod/syconn/swm/core/ModBlocks.class with 8 transformer(s) on dev.architectury.transformer.handler.TinyRemapperPreparedTransformerHandler
[Architectury Transformer DEBUG] Remapping with 1 mapping provider(s):
[Architectury Transformer DEBUG]  - dev.architectury.transformer.transformers.TransformForgeEnvironment$$Lambda/0x0000017cd409f168@718c7433
[Architectury Transformer DEBUG] Remapping Classes:
[Architectury Transformer DEBUG] net/fabricmc/api/EnvType -> net/minecraftforge/api/distmarker/Dist
[Architectury Transformer DEBUG] net/fabricmc/api/Environment -> net/minecraftforge/api/distmarker/OnlyIn
[Architectury Transformer DEBUG] Found class transformer
[Architectury Transformer DEBUG] Writing mod/syconn/swm/core/ModBlocks with maxs=true frames=true
[Architectury Transformer DEBUG] Remapping refmap from intermediary to srg: swm-forge-forge-refmap.json
[Architectury Transformer DEBUG] Transformed mod/syconn/swm/core/ModBlocks in 2.241 ms
[Architectury Transformer DEBUG] Transforming from mod/syconn/swm/network/packets/clientside/RequestedHologramPacket.class to mod/syconn/swm/network/packets/clientside/RequestedHologramPacket.class with 8 transformer(s) on dev.architectury.transformer.handler.TinyRemapperPreparedTransformerHandler
[Architectury Transformer DEBUG] Remapping with 1 mapping provider(s):
[Architectury Transformer DEBUG]  - dev.architectury.transformer.transformers.TransformForgeEnvironment$$Lambda/0x0000017cd409f168@718c7433
[Architectury Transformer DEBUG] Remapping Classes:
[Architectury Transformer DEBUG] net/fabricmc/api/EnvType -> net/minecraftforge/api/distmarker/Dist
[Architectury Transformer DEBUG] net/fabricmc/api/Environment -> net/minecraftforge/api/distmarker/OnlyIn
[Architectury Transformer DEBUG] Found class transformer
[Architectury Transformer DEBUG] Writing mod/syconn/swm/network/packets/clientside/RequestedHologramPacket with maxs=true frames=true
[Architectury Transformer DEBUG] Remapping refmap from intermediary to srg: swm-forge-forge-refmap.json
[Architectury Transformer DEBUG] Transformed mod/syconn/swm/network/packets/clientside/RequestedHologramPacket in 2.496 ms
[Architectury Transformer DEBUG] Transforming from mod/syconn/swm/network/packets/serverside/RequestHologramPacket.class to mod/syconn/swm/network/packets/serverside/RequestHologramPacket.class with 8 transformer(s) on dev.architectury.transformer.handler.TinyRemapperPreparedTransformerHandler
[Architectury Transformer DEBUG] Remapping with 1 mapping provider(s):
[Architectury Transformer DEBUG]  - dev.architectury.transformer.transformers.TransformForgeEnvironment$$Lambda/0x0000017cd409f168@718c7433
[Architectury Transformer DEBUG] Remapping Classes:
[Architectury Transformer DEBUG] net/fabricmc/api/EnvType -> net/minecraftforge/api/distmarker/Dist
[Architectury Transformer DEBUG] net/fabricmc/api/Environment -> net/minecraftforge/api/distmarker/OnlyIn
[Architectury Transformer DEBUG] Found class transformer
[Architectury Transformer DEBUG] Writing mod/syconn/swm/network/packets/serverside/RequestHologramPacket with maxs=true frames=true
[Architectury Transformer DEBUG] Remapping refmap from intermediary to srg: swm-forge-forge-refmap.json
[Architectury Transformer DEBUG] Transformed mod/syconn/swm/network/packets/serverside/RequestHologramPacket in 2.521 ms
[Architectury Transformer DEBUG] Transforming from mod/syconn/swm/network/packets/clientside/NotifyPlayerPacket.class to mod/syconn/swm/network/packets/clientside/NotifyPlayerPacket.class with 8 transformer(s) on dev.architectury.transformer.handler.TinyRemapperPreparedTransformerHandler
[Architectury Transformer DEBUG] Remapping with 1 mapping provider(s):
[Architectury Transformer DEBUG]  - dev.architectury.transformer.transformers.TransformForgeEnvironment$$Lambda/0x0000017cd409f168@718c7433
[Architectury Transformer DEBUG] Remapping Classes:
[Architectury Transformer DEBUG] net/fabricmc/api/EnvType -> net/minecraftforge/api/distmarker/Dist
[Architectury Transformer DEBUG] net/fabricmc/api/Environment -> net/minecraftforge/api/distmarker/OnlyIn
[Architectury Transformer DEBUG] Found class transformer
[Architectury Transformer DEBUG] Writing mod/syconn/swm/network/packets/clientside/NotifyPlayerPacket with maxs=true frames=true
[Architectury Transformer DEBUG] Remapping refmap from intermediary to srg: swm-forge-forge-refmap.json
[Architectury Transformer DEBUG] Transformed mod/syconn/swm/network/packets/clientside/NotifyPlayerPacket in 2.777 ms
[Architectury Transformer DEBUG] Transforming from mod/syconn/swm/features/lightsaber/network/PlayAmbientLightsaberSoundPacket.class to mod/syconn/swm/features/lightsaber/network/PlayAmbientLightsaberSoundPacket.class with 8 transformer(s) on dev.architectury.transformer.handler.TinyRemapperPreparedTransformerHandler
[Architectury Transformer DEBUG] Remapping with 1 mapping provider(s):
[Architectury Transformer DEBUG]  - dev.architectury.transformer.transformers.TransformForgeEnvironment$$Lambda/0x0000017cd409f168@718c7433
[Architectury Transformer DEBUG] Remapping Classes:
[Architectury Transformer DEBUG] net/fabricmc/api/EnvType -> net/minecraftforge/api/distmarker/Dist
[Architectury Transformer DEBUG] net/fabricmc/api/Environment -> net/minecraftforge/api/distmarker/OnlyIn
[Architectury Transformer DEBUG] Found class transformer
[Architectury Transformer DEBUG] Writing mod/syconn/swm/features/lightsaber/network/PlayAmbientLightsaberSoundPacket with maxs=true frames=true
[Architectury Transformer DEBUG] Remapping refmap from intermediary to srg: swm-forge-forge-refmap.json
[Architectury Transformer DEBUG] Transformed mod/syconn/swm/features/lightsaber/network/PlayAmbientLightsaberSoundPacket in 3.037 ms
[Architectury Transformer DEBUG] Transforming from mod/syconn/swm/network/packets/serverside/ToggleEquipmentSlotPacket.class to mod/syconn/swm/network/packets/serverside/ToggleEquipmentSlotPacket.class with 8 transformer(s) on dev.architectury.transformer.handler.TinyRemapperPreparedTransformerHandler
[Architectury Transformer DEBUG] Remapping with 1 mapping provider(s):
[Architectury Transformer DEBUG]  - dev.architectury.transformer.transformers.TransformForgeEnvironment$$Lambda/0x0000017cd409f168@718c7433
[Architectury Transformer DEBUG] Remapping Classes:
[Architectury Transformer DEBUG] net/fabricmc/api/EnvType -> net/minecraftforge/api/distmarker/Dist
[Architectury Transformer DEBUG] net/fabricmc/api/Environment -> net/minecraftforge/api/distmarker/OnlyIn
[Architectury Transformer DEBUG] Found class transformer
[Architectury Transformer DEBUG] Writing mod/syconn/swm/network/packets/serverside/ToggleEquipmentSlotPacket with maxs=true frames=true
[Architectury Transformer DEBUG] Remapping refmap from intermediary to srg: swm-forge-forge-refmap.json
[Architectury Transformer DEBUG] Transformed mod/syconn/swm/network/packets/serverside/ToggleEquipmentSlotPacket in 2.501 ms
[Architectury Transformer DEBUG] Transforming from mod/syconn/swm/utils/client/HologramData$HologramTag.class to mod/syconn/swm/utils/client/HologramData$HologramTag.class with 8 transformer(s) on dev.architectury.transformer.handler.TinyRemapperPreparedTransformerHandler
[Architectury Transformer DEBUG] Remapping with 1 mapping provider(s):
[Architectury Transformer DEBUG]  - dev.architectury.transformer.transformers.TransformForgeEnvironment$$Lambda/0x0000017cd409f168@718c7433
[Architectury Transformer DEBUG] Remapping Classes:
[Architectury Transformer DEBUG] net/fabricmc/api/EnvType -> net/minecraftforge/api/distmarker/Dist
[Architectury Transformer DEBUG] net/fabricmc/api/Environment -> net/minecraftforge/api/distmarker/OnlyIn
[Architectury Transformer DEBUG] Found class transformer
[Architectury Transformer DEBUG] Writing mod/syconn/swm/utils/client/HologramData$HologramTag with maxs=true frames=true
[Architectury Transformer DEBUG] Remapping refmap from intermediary to srg: swm-forge-forge-refmap.json
[Architectury Transformer DEBUG] Transformed mod/syconn/swm/utils/client/HologramData$HologramTag in 2.646 ms
[Architectury Transformer DEBUG] Transforming from mod/syconn/swm/features/addons/LightsaberContent.class to mod/syconn/swm/features/addons/LightsaberContent.class with 8 transformer(s) on dev.architectury.transformer.handler.TinyRemapperPreparedTransformerHandler
[Architectury Transformer DEBUG] Remapping with 1 mapping provider(s):
[Architectury Transformer DEBUG]  - dev.architectury.transformer.transformers.TransformForgeEnvironment$$Lambda/0x0000017cd409f168@718c7433
[Architectury Transformer DEBUG] Remapping Classes:
[Architectury Transformer DEBUG] net/fabricmc/api/EnvType -> net/minecraftforge/api/distmarker/Dist
[Architectury Transformer DEBUG] net/fabricmc/api/Environment -> net/minecraftforge/api/distmarker/OnlyIn
[Architectury Transformer DEBUG] Found class transformer
[Architectury Transformer DEBUG] Writing mod/syconn/swm/features/addons/LightsaberContent with maxs=true frames=true
[Architectury Transformer DEBUG] Remapping refmap from intermediary to srg: swm-forge-forge-refmap.json
[Architectury Transformer DEBUG] Transformed mod/syconn/swm/features/addons/LightsaberContent in 3.837 ms
[Architectury Transformer DEBUG] Transforming from mod/syconn/swm/utils/generic/ColorUtil.class to mod/syconn/swm/utils/generic/ColorUtil.class with 8 transformer(s) on dev.architectury.transformer.handler.TinyRemapperPreparedTransformerHandler
[Architectury Transformer DEBUG] Remapping with 1 mapping provider(s):
[Architectury Transformer DEBUG]  - dev.architectury.transformer.transformers.TransformForgeEnvironment$$Lambda/0x0000017cd409f168@718c7433
[Architectury Transformer DEBUG] Remapping Classes:
[Architectury Transformer DEBUG] net/fabricmc/api/EnvType -> net/minecraftforge/api/distmarker/Dist
[Architectury Transformer DEBUG] net/fabricmc/api/Environment -> net/minecraftforge/api/distmarker/OnlyIn
[Architectury Transformer DEBUG] Found class transformer
[Architectury Transformer DEBUG] Writing mod/syconn/swm/utils/generic/ColorUtil with maxs=true frames=true
[Architectury Transformer DEBUG] Remapping refmap from intermediary to srg: swm-forge-forge-refmap.json
[Architectury Transformer DEBUG] Transformed mod/syconn/swm/utils/generic/ColorUtil in 3.533 ms
[Architectury Transformer DEBUG] Transforming from mod/syconn/swm/utils/server/SyncedResourceManager$ISyncedData.class to mod/syconn/swm/utils/server/SyncedResourceManager$ISyncedData.class with 8 transformer(s) on dev.architectury.transformer.handler.TinyRemapperPreparedTransformerHandler
[Architectury Transformer DEBUG] Remapping with 1 mapping provider(s):
[Architectury Transformer DEBUG]  - dev.architectury.transformer.transformers.TransformForgeEnvironment$$Lambda/0x0000017cd409f168@718c7433
[Architectury Transformer DEBUG] Remapping Classes:
[Architectury Transformer DEBUG] net/fabricmc/api/EnvType -> net/minecraftforge/api/distmarker/Dist
[Architectury Transformer DEBUG] net/fabricmc/api/Environment -> net/minecraftforge/api/distmarker/OnlyIn
[Architectury Transformer DEBUG] Found class transformer
[Architectury Transformer DEBUG] Writing mod/syconn/swm/utils/server/SyncedResourceManager$ISyncedData with maxs=true frames=true
[Architectury Transformer DEBUG] Remapping refmap from intermediary to srg: swm-forge-forge-refmap.json
[Architectury Transformer DEBUG] Transformed mod/syconn/swm/utils/server/SyncedResourceManager$ISyncedData in 3.446 ms
[Architectury Transformer DEBUG] Transforming from mod/syconn/swm/features/lightsaber/block/LightsaberWorkbenchBlock.class to mod/syconn/swm/features/lightsaber/block/LightsaberWorkbenchBlock.class with 8 transformer(s) on dev.architectury.transformer.handler.TinyRemapperPreparedTransformerHandler
[Architectury Transformer DEBUG] Remapping with 1 mapping provider(s):
[Architectury Transformer DEBUG]  - dev.architectury.transformer.transformers.TransformForgeEnvironment$$Lambda/0x0000017cd409f168@718c7433
[Architectury Transformer DEBUG] Remapping Classes:
[Architectury Transformer DEBUG] net/fabricmc/api/EnvType -> net/minecraftforge/api/distmarker/Dist
[Architectury Transformer DEBUG] net/fabricmc/api/Environment -> net/minecraftforge/api/distmarker/OnlyIn
[Architectury Transformer DEBUG] Found class transformer
[Architectury Transformer DEBUG] Writing mod/syconn/swm/features/lightsaber/block/LightsaberWorkbenchBlock with maxs=true frames=true
[Architectury Transformer DEBUG] Remapping refmap from intermediary to srg: swm-forge-forge-refmap.json
[Architectury Transformer DEBUG] Transformed mod/syconn/swm/features/lightsaber/block/LightsaberWorkbenchBlock in 3.286 ms
[Architectury Transformer DEBUG] Transforming from mod/syconn/swm/utils/server/JsonResourceReloader.class to mod/syconn/swm/utils/server/JsonResourceReloader.class with 8 transformer(s) on dev.architectury.transformer.handler.TinyRemapperPreparedTransformerHandler
[Architectury Transformer DEBUG] Remapping with 1 mapping provider(s):
[Architectury Transformer DEBUG]  - dev.architectury.transformer.transformers.TransformForgeEnvironment$$Lambda/0x0000017cd409f168@718c7433
[Architectury Transformer DEBUG] Remapping Classes:
[Architectury Transformer DEBUG] net/fabricmc/api/EnvType -> net/minecraftforge/api/distmarker/Dist
[Architectury Transformer DEBUG] net/fabricmc/api/Environment -> net/minecraftforge/api/distmarker/OnlyIn
[Architectury Transformer DEBUG] Found class transformer
[Architectury Transformer DEBUG] Writing mod/syconn/swm/utils/server/JsonResourceReloader with maxs=true frames=true
[Architectury Transformer DEBUG] Remapping refmap from intermediary to srg: swm-forge-forge-refmap.json
[Architectury Transformer DEBUG] Transformed mod/syconn/swm/utils/server/JsonResourceReloader in 4.738 ms
[Architectury Transformer DEBUG] Transforming from mod/syconn/swm/utils/interfaces/ISerializable.class to mod/syconn/swm/utils/interfaces/ISerializable.class with 8 transformer(s) on dev.architectury.transformer.handler.TinyRemapperPreparedTransformerHandler
[Architectury Transformer DEBUG] Remapping with 1 mapping provider(s):
[Architectury Transformer DEBUG]  - dev.architectury.transformer.transformers.TransformForgeEnvironment$$Lambda/0x0000017cd409f168@718c7433
[Architectury Transformer DEBUG] Remapping Classes:
[Architectury Transformer DEBUG] net/fabricmc/api/EnvType -> net/minecraftforge/api/distmarker/Dist
[Architectury Transformer DEBUG] net/fabricmc/api/Environment -> net/minecraftforge/api/distmarker/OnlyIn
[Architectury Transformer DEBUG] Found class transformer
[Architectury Transformer DEBUG] Writing mod/syconn/swm/utils/interfaces/ISerializable with maxs=true frames=true
[Architectury Transformer DEBUG] Remapping refmap from intermediary to srg: swm-forge-forge-refmap.json
[Architectury Transformer DEBUG] Transformed mod/syconn/swm/utils/interfaces/ISerializable in 3.541 ms
[Architectury Transformer DEBUG] Transforming from mod/syconn/swm/features/lightsaber/data/LightsaberData.class to mod/syconn/swm/features/lightsaber/data/LightsaberData.class with 8 transformer(s) on dev.architectury.transformer.handler.TinyRemapperPreparedTransformerHandler
[Architectury Transformer DEBUG] Remapping with 1 mapping provider(s):
[Architectury Transformer DEBUG]  - dev.architectury.transformer.transformers.TransformForgeEnvironment$$Lambda/0x0000017cd409f168@718c7433
[Architectury Transformer DEBUG] Remapping Classes:
[Architectury Transformer DEBUG] net/fabricmc/api/EnvType -> net/minecraftforge/api/distmarker/Dist
[Architectury Transformer DEBUG] net/fabricmc/api/Environment -> net/minecraftforge/api/distmarker/OnlyIn
[Architectury Transformer DEBUG] Found class transformer
[Architectury Transformer DEBUG] Writing mod/syconn/swm/features/lightsaber/data/LightsaberData with maxs=true frames=true
[Architectury Transformer DEBUG] Remapping refmap from intermediary to srg: swm-forge-forge-refmap.json
[Architectury Transformer DEBUG] Transformed mod/syconn/swm/features/lightsaber/data/LightsaberData in 3.868 ms
[Architectury Transformer DEBUG] Transforming from mod/syconn/swm/client/StarWarsClient.class to mod/syconn/swm/client/StarWarsClient.class with 8 transformer(s) on dev.architectury.transformer.handler.TinyRemapperPreparedTransformerHandler
[Architectury Transformer DEBUG] Remapping with 1 mapping provider(s):
[Architectury Transformer DEBUG]  - dev.architectury.transformer.transformers.TransformForgeEnvironment$$Lambda/0x0000017cd409f168@718c7433
[Architectury Transformer DEBUG] Remapping Classes:
[Architectury Transformer DEBUG] net/fabricmc/api/EnvType -> net/minecraftforge/api/distmarker/Dist
[Architectury Transformer DEBUG] net/fabricmc/api/Environment -> net/minecraftforge/api/distmarker/OnlyIn
[Architectury Transformer DEBUG] Found class transformer
[Architectury Transformer DEBUG] Writing mod/syconn/swm/client/StarWarsClient with maxs=true frames=true
[Architectury Transformer DEBUG] Remapping refmap from intermediary to srg: swm-forge-forge-refmap.json
[Architectury Transformer DEBUG] Transformed mod/syconn/swm/client/StarWarsClient in 3.461 ms
[Architectury Transformer DEBUG] Transforming from mod/syconn/swm/server/containers/slot/EquipmentItemSlot.class to mod/syconn/swm/server/containers/slot/EquipmentItemSlot.class with 8 transformer(s) on dev.architectury.transformer.handler.TinyRemapperPreparedTransformerHandler
[Architectury Transformer DEBUG] Remapping with 1 mapping provider(s):
[Architectury Transformer DEBUG]  - dev.architectury.transformer.transformers.TransformForgeEnvironment$$Lambda/0x0000017cd409f168@718c7433
[Architectury Transformer DEBUG] Remapping Classes:
[Architectury Transformer DEBUG] net/fabricmc/api/EnvType -> net/minecraftforge/api/distmarker/Dist
[Architectury Transformer DEBUG] net/fabricmc/api/Environment -> net/minecraftforge/api/distmarker/OnlyIn
[Architectury Transformer DEBUG] Found class transformer
[Architectury Transformer DEBUG] Writing mod/syconn/swm/server/containers/slot/EquipmentItemSlot with maxs=true frames=true
[Architectury Transformer DEBUG] Remapping refmap from intermediary to srg: swm-forge-forge-refmap.json
[Architectury Transformer DEBUG] Transformed mod/syconn/swm/server/containers/slot/EquipmentItemSlot in 3.913 ms
[Architectury Transformer DEBUG] Transforming from mod/syconn/swm/utils/interfaces/IEquipmentItem$SWEquipmentSlot.class to mod/syconn/swm/utils/interfaces/IEquipmentItem$SWEquipmentSlot.class with 8 transformer(s) on dev.architectury.transformer.handler.TinyRemapperPreparedTransformerHandler
[Architectury Transformer DEBUG] Remapping with 1 mapping provider(s):
[Architectury Transformer DEBUG]  - dev.architectury.transformer.transformers.TransformForgeEnvironment$$Lambda/0x0000017cd409f168@718c7433
[Architectury Transformer DEBUG] Remapping Classes:
[Architectury Transformer DEBUG] net/fabricmc/api/EnvType -> net/minecraftforge/api/distmarker/Dist
[Architectury Transformer DEBUG] net/fabricmc/api/Environment -> net/minecraftforge/api/distmarker/OnlyIn
[Architectury Transformer DEBUG] Found class transformer
[Architectury Transformer DEBUG] Writing mod/syconn/swm/utils/interfaces/IEquipmentItem$SWEquipmentSlot with maxs=true frames=true
[Architectury Transformer DEBUG] Remapping refmap from intermediary to srg: swm-forge-forge-refmap.json
[Architectury Transformer DEBUG] Transformed mod/syconn/swm/utils/interfaces/IEquipmentItem$SWEquipmentSlot in 3.848 ms
[Architectury Transformer DEBUG] Transforming from mod/syconn/swm/utils/interfaces/IModifiedItemRenderer.class to mod/syconn/swm/utils/interfaces/IModifiedItemRenderer.class with 8 transformer(s) on dev.architectury.transformer.handler.TinyRemapperPreparedTransformerHandler
[Architectury Transformer DEBUG] Remapping with 1 mapping provider(s):
[Architectury Transformer DEBUG]  - dev.architectury.transformer.transformers.TransformForgeEnvironment$$Lambda/0x0000017cd409f168@718c7433
[Architectury Transformer DEBUG] Remapping Classes:
[Architectury Transformer DEBUG] net/fabricmc/api/EnvType -> net/minecraftforge/api/distmarker/Dist
[Architectury Transformer DEBUG] net/fabricmc/api/Environment -> net/minecraftforge/api/distmarker/OnlyIn
[Architectury Transformer DEBUG] Found class transformer
[Architectury Transformer DEBUG] Writing mod/syconn/swm/utils/interfaces/IModifiedItemRenderer with maxs=true frames=true
[Architectury Transformer DEBUG] Remapping refmap from intermediary to srg: swm-forge-forge-refmap.json
[Architectury Transformer DEBUG] Transformed mod/syconn/swm/utils/interfaces/IModifiedItemRenderer in 3.530 ms
[Architectury Transformer DEBUG] Transforming from mod/syconn/swm/core/ModItems.class to mod/syconn/swm/core/ModItems.class with 8 transformer(s) on dev.architectury.transformer.handler.TinyRemapperPreparedTransformerHandler
[Architectury Transformer DEBUG] Remapping with 1 mapping provider(s):
[Architectury Transformer DEBUG]  - dev.architectury.transformer.transformers.TransformForgeEnvironment$$Lambda/0x0000017cd409f168@718c7433
[Architectury Transformer DEBUG] Remapping Classes:
[Architectury Transformer DEBUG] net/fabricmc/api/EnvType -> net/minecraftforge/api/distmarker/Dist
[Architectury Transformer DEBUG] net/fabricmc/api/Environment -> net/minecraftforge/api/distmarker/OnlyIn
[Architectury Transformer DEBUG] Found class transformer
[Architectury Transformer DEBUG] Writing mod/syconn/swm/core/ModItems with maxs=true frames=true
[Architectury Transformer DEBUG] Remapping refmap from intermediary to srg: swm-forge-forge-refmap.json
[Architectury Transformer DEBUG] Transformed mod/syconn/swm/core/ModItems in 5.459 ms
[Architectury Transformer DEBUG] Transforming from mod/syconn/swm/utils/interfaces/IModifiedPoseRenderer.class to mod/syconn/swm/utils/interfaces/IModifiedPoseRenderer.class with 8 transformer(s) on dev.architectury.transformer.handler.TinyRemapperPreparedTransformerHandler
[Architectury Transformer DEBUG] Remapping with 1 mapping provider(s):
[Architectury Transformer DEBUG]  - dev.architectury.transformer.transformers.TransformForgeEnvironment$$Lambda/0x0000017cd409f168@718c7433
[Architectury Transformer DEBUG] Remapping Classes:
[Architectury Transformer DEBUG] net/fabricmc/api/EnvType -> net/minecraftforge/api/distmarker/Dist
[Architectury Transformer DEBUG] net/fabricmc/api/Environment -> net/minecraftforge/api/distmarker/OnlyIn
[Architectury Transformer DEBUG] Found class transformer
[Architectury Transformer DEBUG] Writing mod/syconn/swm/utils/interfaces/IModifiedPoseRenderer with maxs=true frames=true
[Architectury Transformer DEBUG] Remapping refmap from intermediary to srg: swm-forge-forge-refmap.json
[Architectury Transformer DEBUG] Transformed mod/syconn/swm/utils/interfaces/IModifiedPoseRenderer in 22.12 ms
[Architectury Transformer DEBUG] Transforming from mod/syconn/swm/server/data/SWGear.class to mod/syconn/swm/server/data/SWGear.class with 8 transformer(s) on dev.architectury.transformer.handler.TinyRemapperPreparedTransformerHandler
[Architectury Transformer DEBUG] Remapping with 1 mapping provider(s):
[Architectury Transformer DEBUG]  - dev.architectury.transformer.transformers.TransformForgeEnvironment$$Lambda/0x0000017cd409f168@718c7433
[Architectury Transformer DEBUG] Remapping Classes:
[Architectury Transformer DEBUG] net/fabricmc/api/EnvType -> net/minecraftforge/api/distmarker/Dist
[Architectury Transformer DEBUG] net/fabricmc/api/Environment -> net/minecraftforge/api/distmarker/OnlyIn
[Architectury Transformer DEBUG] Found class transformer
[Architectury Transformer DEBUG] Writing mod/syconn/swm/server/data/SWGear with maxs=true frames=true
[Architectury Transformer DEBUG] Remapping refmap from intermediary to srg: swm-forge-forge-refmap.json
[Architectury Transformer DEBUG] Transformed mod/syconn/swm/server/data/SWGear in 13.89 ms
[Architectury Transformer DEBUG] Transforming from mod/syconn/swm/features/lightsaber/client/item/LightsaberItemRender.class to mod/syconn/swm/features/lightsaber/client/item/LightsaberItemRender.class with 8 transformer(s) on dev.architectury.transformer.handler.TinyRemapperPreparedTransformerHandler
[Architectury Transformer DEBUG] Remapping with 1 mapping provider(s):
[Architectury Transformer DEBUG]  - dev.architectury.transformer.transformers.TransformForgeEnvironment$$Lambda/0x0000017cd409f168@718c7433
[Architectury Transformer DEBUG] Remapping Classes:
[Architectury Transformer DEBUG] net/fabricmc/api/EnvType -> net/minecraftforge/api/distmarker/Dist
[Architectury Transformer DEBUG] net/fabricmc/api/Environment -> net/minecraftforge/api/distmarker/OnlyIn
[Architectury Transformer DEBUG] Found class transformer
[Architectury Transformer DEBUG] Writing mod/syconn/swm/features/lightsaber/client/item/LightsaberItemRender with maxs=true frames=true
[Architectury Transformer DEBUG] Remapping refmap from intermediary to srg: swm-forge-forge-refmap.json
[Architectury Transformer DEBUG] Transformed mod/syconn/swm/features/lightsaber/client/item/LightsaberItemRender in 47.27 ms
[Architectury Transformer DEBUG] Transforming from mod/syconn/swm/utils/interfaces/IItemExtensions.class to mod/syconn/swm/utils/interfaces/IItemExtensions.class with 8 transformer(s) on dev.architectury.transformer.handler.TinyRemapperPreparedTransformerHandler
[Architectury Transformer DEBUG] Remapping with 1 mapping provider(s):
[Architectury Transformer DEBUG]  - dev.architectury.transformer.transformers.TransformForgeEnvironment$$Lambda/0x0000017cd409f168@718c7433
[Architectury Transformer DEBUG] Remapping Classes:
[Architectury Transformer DEBUG] net/fabricmc/api/EnvType -> net/minecraftforge/api/distmarker/Dist
[Architectury Transformer DEBUG] net/fabricmc/api/Environment -> net/minecraftforge/api/distmarker/OnlyIn
[Architectury Transformer DEBUG] Found class transformer
[Architectury Transformer DEBUG] Writing mod/syconn/swm/utils/interfaces/IItemExtensions with maxs=true frames=true
[Architectury Transformer DEBUG] Remapping refmap from intermediary to srg: swm-forge-forge-refmap.json
[Architectury Transformer DEBUG] Transformed mod/syconn/swm/utils/interfaces/IItemExtensions in 20.63 ms
[Architectury Transformer DEBUG] Transforming from mod/syconn/swm/client/render/item/HoloProjectorItemRenderer.class to mod/syconn/swm/client/render/item/HoloProjectorItemRenderer.class with 8 transformer(s) on dev.architectury.transformer.handler.TinyRemapperPreparedTransformerHandler
[Architectury Transformer DEBUG] Remapping with 1 mapping provider(s):
[Architectury Transformer DEBUG]  - dev.architectury.transformer.transformers.TransformForgeEnvironment$$Lambda/0x0000017cd409f168@718c7433
[Architectury Transformer DEBUG] Remapping Classes:
[Architectury Transformer DEBUG] net/fabricmc/api/EnvType -> net/minecraftforge/api/distmarker/Dist
[Architectury Transformer DEBUG] net/fabricmc/api/Environment -> net/minecraftforge/api/distmarker/OnlyIn
[Architectury Transformer DEBUG] Found class transformer
[Architectury Transformer DEBUG] Writing mod/syconn/swm/client/render/item/HoloProjectorItemRenderer with maxs=true frames=true
[Architectury Transformer DEBUG] Remapping refmap from intermediary to srg: swm-forge-forge-refmap.json
[Architectury Transformer DEBUG] Transformed mod/syconn/swm/client/render/item/HoloProjectorItemRenderer in 44.20 ms
[Architectury Transformer DEBUG] Transforming from mod/syconn/swm/utils/interfaces/IEquipmentItem.class to mod/syconn/swm/utils/interfaces/IEquipmentItem.class with 8 transformer(s) on dev.architectury.transformer.handler.TinyRemapperPreparedTransformerHandler
[Architectury Transformer DEBUG] Remapping with 1 mapping provider(s):
[Architectury Transformer DEBUG]  - dev.architectury.transformer.transformers.TransformForgeEnvironment$$Lambda/0x0000017cd409f168@718c7433
[Architectury Transformer DEBUG] Remapping Classes:
[Architectury Transformer DEBUG] net/fabricmc/api/EnvType -> net/minecraftforge/api/distmarker/Dist
[Architectury Transformer DEBUG] net/fabricmc/api/Environment -> net/minecraftforge/api/distmarker/OnlyIn
[Architectury Transformer DEBUG] Found class transformer
[Architectury Transformer DEBUG] Writing mod/syconn/swm/utils/interfaces/IEquipmentItem with maxs=true frames=true
[Architectury Transformer DEBUG] Remapping refmap from intermediary to srg: swm-forge-forge-refmap.json
[Architectury Transformer DEBUG] Transformed mod/syconn/swm/utils/interfaces/IEquipmentItem in 24.34 ms
[Architectury Transformer DEBUG] Transforming from mod/syconn/swm/features/blaster/client/BlasterItemRenderer.class to mod/syconn/swm/features/blaster/client/BlasterItemRenderer.class with 8 transformer(s) on dev.architectury.transformer.handler.TinyRemapperPreparedTransformerHandler
[Architectury Transformer DEBUG] Remapping with 1 mapping provider(s):
[Architectury Transformer DEBUG]  - dev.architectury.transformer.transformers.TransformForgeEnvironment$$Lambda/0x0000017cd409f168@718c7433
[Architectury Transformer DEBUG] Remapping Classes:
[Architectury Transformer DEBUG] net/fabricmc/api/EnvType -> net/minecraftforge/api/distmarker/Dist
[Architectury Transformer DEBUG] net/fabricmc/api/Environment -> net/minecraftforge/api/distmarker/OnlyIn
[Architectury Transformer DEBUG] Found class transformer
[Architectury Transformer DEBUG] Writing mod/syconn/swm/features/blaster/client/BlasterItemRenderer with maxs=true frames=true
[Architectury Transformer DEBUG] Remapping refmap from intermediary to srg: swm-forge-forge-refmap.json
[Architectury Transformer DEBUG] Transformed mod/syconn/swm/features/blaster/client/BlasterItemRenderer in 21.63 ms
[Architectury Transformer DEBUG] Transforming from mod/syconn/swm/features/lightsaber/item/LightsaberItem.class to mod/syconn/swm/features/lightsaber/item/LightsaberItem.class with 8 transformer(s) on dev.architectury.transformer.handler.TinyRemapperPreparedTransformerHandler
[Architectury Transformer DEBUG] Remapping with 1 mapping provider(s):
[Architectury Transformer DEBUG]  - dev.architectury.transformer.transformers.TransformForgeEnvironment$$Lambda/0x0000017cd409f168@718c7433
[Architectury Transformer DEBUG] Remapping Classes:
[Architectury Transformer DEBUG] net/fabricmc/api/EnvType -> net/minecraftforge/api/distmarker/Dist
[Architectury Transformer DEBUG] net/fabricmc/api/Environment -> net/minecraftforge/api/distmarker/OnlyIn
[Architectury Transformer DEBUG] Found class transformer
[Architectury Transformer DEBUG] Writing mod/syconn/swm/features/lightsaber/item/LightsaberItem with maxs=true frames=true
[Architectury Transformer DEBUG] Remapping refmap from intermediary to srg: swm-forge-forge-refmap.json
[Architectury Transformer DEBUG] Transformed mod/syconn/swm/features/lightsaber/item/LightsaberItem in 4.047 ms
[Architectury Transformer DEBUG] Transforming from mod/syconn/swm/utils/generic/NBTUtil.class to mod/syconn/swm/utils/generic/NBTUtil.class with 8 transformer(s) on dev.architectury.transformer.handler.TinyRemapperPreparedTransformerHandler
[Architectury Transformer DEBUG] Remapping with 1 mapping provider(s):
[Architectury Transformer DEBUG]  - dev.architectury.transformer.transformers.TransformForgeEnvironment$$Lambda/0x0000017cd409f168@718c7433
[Architectury Transformer DEBUG] Remapping Classes:
[Architectury Transformer DEBUG] net/fabricmc/api/EnvType -> net/minecraftforge/api/distmarker/Dist
[Architectury Transformer DEBUG] net/fabricmc/api/Environment -> net/minecraftforge/api/distmarker/OnlyIn
[Architectury Transformer DEBUG] Found class transformer
[Architectury Transformer DEBUG] Writing mod/syconn/swm/utils/generic/NBTUtil with maxs=true frames=true
[Architectury Transformer DEBUG] Remapping refmap from intermediary to srg: swm-forge-forge-refmap.json
[Architectury Transformer DEBUG] Transformed mod/syconn/swm/utils/generic/NBTUtil in 3.598 ms
[Architectury Transformer DEBUG] Transforming from mod/syconn/swm/core/ModKeys.class to mod/syconn/swm/core/ModKeys.class with 8 transformer(s) on dev.architectury.transformer.handler.TinyRemapperPreparedTransformerHandler
[Architectury Transformer DEBUG] Remapping with 1 mapping provider(s):
[Architectury Transformer DEBUG]  - dev.architectury.transformer.transformers.TransformForgeEnvironment$$Lambda/0x0000017cd409f168@718c7433
[Architectury Transformer DEBUG] Remapping Classes:
[Architectury Transformer DEBUG] net/fabricmc/api/EnvType -> net/minecraftforge/api/distmarker/Dist
[Architectury Transformer DEBUG] net/fabricmc/api/Environment -> net/minecraftforge/api/distmarker/OnlyIn
[Architectury Transformer DEBUG] Found class transformer
[Architectury Transformer DEBUG] Writing mod/syconn/swm/core/ModKeys with maxs=true frames=true
[Architectury Transformer DEBUG] Remapping refmap from intermediary to srg: swm-forge-forge-refmap.json
[Architectury Transformer DEBUG] Transformed mod/syconn/swm/core/ModKeys in 2.516 ms
[Architectury Transformer DEBUG] Closed File Systems for C:\Users\Aidan\IdeaProjects\StarWarsMod\1.20.1\common\build\devlibs\swm-common-2.1.5-dev.jar
[Architectury Transformer DEBUG] Closed File Systems for C:\Users\Aidan\IdeaProjects\StarWarsMod\1.20.1\common\build\devlibs\swm-common-2.1.5-dev.jar
[Architectury Transformer DEBUG] Transforming from mod/syconn/swm/features/blaster/item/BlasterItem.class to mod/syconn/swm/features/blaster/item/BlasterItem.class with 8 transformer(s) on dev.architectury.transformer.handler.TinyRemapperPreparedTransformerHandler
[Architectury Transformer DEBUG] Remapping with 1 mapping provider(s):
[Architectury Transformer DEBUG]  - dev.architectury.transformer.transformers.TransformForgeEnvironment$$Lambda/0x0000017cd409f168@718c7433
[Architectury Transformer DEBUG] Remapping Classes:
[Architectury Transformer DEBUG] net/fabricmc/api/EnvType -> net/minecraftforge/api/distmarker/Dist
[Architectury Transformer DEBUG] net/fabricmc/api/Environment -> net/minecraftforge/api/distmarker/OnlyIn
[Architectury Transformer DEBUG] Found class transformer
[Architectury Transformer DEBUG] Writing mod/syconn/swm/features/blaster/item/BlasterItem with maxs=true frames=true
[Architectury Transformer DEBUG] Remapping refmap from intermediary to srg: swm-forge-forge-refmap.json
[Architectury Transformer DEBUG] Transformed mod/syconn/swm/features/blaster/item/BlasterItem in 3.604 ms
[Architectury Transformer DEBUG] Transforming from mod/syconn/swm/features/lightsaber/client/entity/ThrownLightsaberRenderer.class to mod/syconn/swm/features/lightsaber/client/entity/ThrownLightsaberRenderer.class with 8 transformer(s) on dev.architectury.transformer.handler.TinyRemapperPreparedTransformerHandler
[Architectury Transformer DEBUG] Remapping with 1 mapping provider(s):
[Architectury Transformer DEBUG]  - dev.architectury.transformer.transformers.TransformForgeEnvironment$$Lambda/0x0000017cd409f168@718c7433
[Architectury Transformer DEBUG] Remapping Classes:
[Architectury Transformer DEBUG] net/fabricmc/api/EnvType -> net/minecraftforge/api/distmarker/Dist
[Architectury Transformer DEBUG] net/fabricmc/api/Environment -> net/minecraftforge/api/distmarker/OnlyIn
[Architectury Transformer DEBUG] Found class transformer
[Architectury Transformer DEBUG] Writing mod/syconn/swm/features/lightsaber/client/entity/ThrownLightsaberRenderer with maxs=true frames=true
[Architectury Transformer DEBUG] Remapping refmap from intermediary to srg: swm-forge-forge-refmap.json
[Architectury Transformer DEBUG] Transformed mod/syconn/swm/features/lightsaber/client/entity/ThrownLightsaberRenderer in 1.828 ms
[Architectury Transformer DEBUG] Transforming from mod/syconn/swm/block/HoloProjectorBlock.class to mod/syconn/swm/block/HoloProjectorBlock.class with 8 transformer(s) on dev.architectury.transformer.handler.TinyRemapperPreparedTransformerHandler
[Architectury Transformer DEBUG] Remapping with 1 mapping provider(s):
[Architectury Transformer DEBUG]  - dev.architectury.transformer.transformers.TransformForgeEnvironment$$Lambda/0x0000017cd409f168@718c7433
[Architectury Transformer DEBUG] Remapping Classes:
[Architectury Transformer DEBUG] net/fabricmc/api/EnvType -> net/minecraftforge/api/distmarker/Dist
[Architectury Transformer DEBUG] net/fabricmc/api/Environment -> net/minecraftforge/api/distmarker/OnlyIn
[Architectury Transformer DEBUG] Found class transformer
[Architectury Transformer DEBUG] Writing mod/syconn/swm/block/HoloProjectorBlock with maxs=true frames=true
[Architectury Transformer DEBUG] Remapping refmap from intermediary to srg: swm-forge-forge-refmap.json
[Architectury Transformer DEBUG] Transformed mod/syconn/swm/block/HoloProjectorBlock in 2.011 ms
[Architectury Transformer DEBUG] Transforming from mod/syconn/swm/item/HoloProjectorItem.class to mod/syconn/swm/item/HoloProjectorItem.class with 8 transformer(s) on dev.architectury.transformer.handler.TinyRemapperPreparedTransformerHandler
[Architectury Transformer DEBUG] Remapping with 1 mapping provider(s):
[Architectury Transformer DEBUG]  - dev.architectury.transformer.transformers.TransformForgeEnvironment$$Lambda/0x0000017cd409f168@718c7433
[Architectury Transformer DEBUG] Remapping Classes:
[Architectury Transformer DEBUG] net/fabricmc/api/EnvType -> net/minecraftforge/api/distmarker/Dist
[Architectury Transformer DEBUG] net/fabricmc/api/Environment -> net/minecraftforge/api/distmarker/OnlyIn
[Architectury Transformer DEBUG] Found class transformer
[Architectury Transformer DEBUG] Writing mod/syconn/swm/item/HoloProjectorItem with maxs=true frames=true
[Architectury Transformer DEBUG] Remapping refmap from intermediary to srg: swm-forge-forge-refmap.json
[Architectury Transformer DEBUG] Transformed mod/syconn/swm/item/HoloProjectorItem in 2.243 ms
[Architectury Transformer DEBUG] Transforming from mod/syconn/swm/utils/generic/ModelUtil.class to mod/syconn/swm/utils/generic/ModelUtil.class with 8 transformer(s) on dev.architectury.transformer.handler.TinyRemapperPreparedTransformerHandler
[Architectury Transformer DEBUG] Remapping with 1 mapping provider(s):
[Architectury Transformer DEBUG]  - dev.architectury.transformer.transformers.TransformForgeEnvironment$$Lambda/0x0000017cd409f168@718c7433
[Architectury Transformer DEBUG] Remapping Classes:
[Architectury Transformer DEBUG] net/fabricmc/api/EnvType -> net/minecraftforge/api/distmarker/Dist
[Architectury Transformer DEBUG] net/fabricmc/api/Environment -> net/minecraftforge/api/distmarker/OnlyIn
[Architectury Transformer DEBUG] Found class transformer
[Architectury Transformer DEBUG] Writing mod/syconn/swm/utils/generic/ModelUtil with maxs=true frames=true
[Architectury Transformer DEBUG] Remapping refmap from intermediary to srg: swm-forge-forge-refmap.json
[Architectury Transformer DEBUG] Transformed mod/syconn/swm/utils/generic/ModelUtil in 2.180 ms
[Architectury Transformer DEBUG] Transforming from mod/syconn/swm/features/blaster/client/entity/BlasterBoltRenderer.class to mod/syconn/swm/features/blaster/client/entity/BlasterBoltRenderer.class with 8 transformer(s) on dev.architectury.transformer.handler.TinyRemapperPreparedTransformerHandler
[Architectury Transformer DEBUG] Remapping with 1 mapping provider(s):
[Architectury Transformer DEBUG]  - dev.architectury.transformer.transformers.TransformForgeEnvironment$$Lambda/0x0000017cd409f168@718c7433
[Architectury Transformer DEBUG] Remapping Classes:
[Architectury Transformer DEBUG] net/fabricmc/api/EnvType -> net/minecraftforge/api/distmarker/Dist
[Architectury Transformer DEBUG] net/fabricmc/api/Environment -> net/minecraftforge/api/distmarker/OnlyIn
[Architectury Transformer DEBUG] Found class transformer
[Architectury Transformer DEBUG] Writing mod/syconn/swm/features/blaster/client/entity/BlasterBoltRenderer with maxs=true frames=true
[Architectury Transformer DEBUG] Remapping refmap from intermediary to srg: swm-forge-forge-refmap.json
[Architectury Transformer DEBUG] Transformed mod/syconn/swm/features/blaster/client/entity/BlasterBoltRenderer in 1.725 ms
[Architectury Transformer DEBUG] Transforming from mod/syconn/swm/server/savedata/HologramNetwork.class to mod/syconn/swm/server/savedata/HologramNetwork.class with 8 transformer(s) on dev.architectury.transformer.handler.TinyRemapperPreparedTransformerHandler
[Architectury Transformer DEBUG] Remapping with 1 mapping provider(s):
[Architectury Transformer DEBUG]  - dev.architectury.transformer.transformers.TransformForgeEnvironment$$Lambda/0x0000017cd409f168@718c7433
[Architectury Transformer DEBUG] Remapping Classes:
[Architectury Transformer DEBUG] net/fabricmc/api/EnvType -> net/minecraftforge/api/distmarker/Dist
[Architectury Transformer DEBUG] net/fabricmc/api/Environment -> net/minecraftforge/api/distmarker/OnlyIn
[Architectury Transformer DEBUG] Found class transformer
[Architectury Transformer DEBUG] Writing mod/syconn/swm/server/savedata/HologramNetwork with maxs=true frames=true
[Architectury Transformer DEBUG] Remapping refmap from intermediary to srg: swm-forge-forge-refmap.json
[Architectury Transformer DEBUG] Transformed mod/syconn/swm/server/savedata/HologramNetwork in 3.545 ms
[Architectury Transformer DEBUG] Transforming from mod/syconn/swm/client/render/block/HoloProjectorBlockEntityRenderer.class to mod/syconn/swm/client/render/block/HoloProjectorBlockEntityRenderer.class with 8 transformer(s) on dev.architectury.transformer.handler.TinyRemapperPreparedTransformerHandler
[Architectury Transformer DEBUG] Remapping with 1 mapping provider(s):
[Architectury Transformer DEBUG]  - dev.architectury.transformer.transformers.TransformForgeEnvironment$$Lambda/0x0000017cd409f168@718c7433
[Architectury Transformer DEBUG] Remapping Classes:
[Architectury Transformer DEBUG] net/fabricmc/api/EnvType -> net/minecraftforge/api/distmarker/Dist
[Architectury Transformer DEBUG] net/fabricmc/api/Environment -> net/minecraftforge/api/distmarker/OnlyIn
[Architectury Transformer DEBUG] Found class transformer
[Architectury Transformer DEBUG] Writing mod/syconn/swm/client/render/block/HoloProjectorBlockEntityRenderer with maxs=true frames=true
[Architectury Transformer DEBUG] Remapping refmap from intermediary to srg: swm-forge-forge-refmap.json
[Architectury Transformer DEBUG] Transformed mod/syconn/swm/client/render/block/HoloProjectorBlockEntityRenderer in 2.076 ms
[Architectury Transformer DEBUG] Transforming from mod/syconn/swm/features/lightsaber/client/entity/LightsaberWorkbenchRenderer.class to mod/syconn/swm/features/lightsaber/client/entity/LightsaberWorkbenchRenderer.class with 8 transformer(s) on dev.architectury.transformer.handler.TinyRemapperPreparedTransformerHandler
[Architectury Transformer DEBUG] Remapping with 1 mapping provider(s):
[Architectury Transformer DEBUG]  - dev.architectury.transformer.transformers.TransformForgeEnvironment$$Lambda/0x0000017cd409f168@718c7433
[Architectury Transformer DEBUG] Remapping Classes:
[Architectury Transformer DEBUG] net/fabricmc/api/EnvType -> net/minecraftforge/api/distmarker/Dist
[Architectury Transformer DEBUG] net/fabricmc/api/Environment -> net/minecraftforge/api/distmarker/OnlyIn
[Architectury Transformer DEBUG] Found class transformer
[Architectury Transformer DEBUG] Writing mod/syconn/swm/features/lightsaber/client/entity/LightsaberWorkbenchRenderer with maxs=true frames=true
[Architectury Transformer DEBUG] Remapping refmap from intermediary to srg: swm-forge-forge-refmap.json
[Architectury Transformer DEBUG] Transformed mod/syconn/swm/features/lightsaber/client/entity/LightsaberWorkbenchRenderer in 1.761 ms
[Architectury Transformer DEBUG] Transforming from mod/syconn/swm/utils/server/StackedIngredient.class to mod/syconn/swm/utils/server/StackedIngredient.class with 8 transformer(s) on dev.architectury.transformer.handler.TinyRemapperPreparedTransformerHandler
[Architectury Transformer DEBUG] Remapping with 1 mapping provider(s):
[Architectury Transformer DEBUG]  - dev.architectury.transformer.transformers.TransformForgeEnvironment$$Lambda/0x0000017cd409f168@718c7433
[Architectury Transformer DEBUG] Remapping Classes:
[Architectury Transformer DEBUG] net/fabricmc/api/EnvType -> net/minecraftforge/api/distmarker/Dist
[Architectury Transformer DEBUG] net/fabricmc/api/Environment -> net/minecraftforge/api/distmarker/OnlyIn
[Architectury Transformer DEBUG] Found class transformer
[Architectury Transformer DEBUG] Writing mod/syconn/swm/utils/server/StackedIngredient with maxs=true frames=true
[Architectury Transformer DEBUG] Remapping refmap from intermediary to srg: swm-forge-forge-refmap.json
[Architectury Transformer DEBUG] Transformed mod/syconn/swm/utils/server/StackedIngredient in 2.062 ms
[Architectury Transformer DEBUG] Transforming from mod/syconn/swm/client/ClientHooks.class to mod/syconn/swm/client/ClientHooks.class with 8 transformer(s) on dev.architectury.transformer.handler.TinyRemapperPreparedTransformerHandler
[Architectury Transformer DEBUG] Remapping with 1 mapping provider(s):
[Architectury Transformer DEBUG]  - dev.architectury.transformer.transformers.TransformForgeEnvironment$$Lambda/0x0000017cd409f168@718c7433
[Architectury Transformer DEBUG] Remapping Classes:
[Architectury Transformer DEBUG] net/fabricmc/api/EnvType -> net/minecraftforge/api/distmarker/Dist
[Architectury Transformer DEBUG] net/fabricmc/api/Environment -> net/minecraftforge/api/distmarker/OnlyIn
[Architectury Transformer DEBUG] Found class transformer
[Architectury Transformer DEBUG] Writing mod/syconn/swm/client/ClientHooks with maxs=true frames=true
[Architectury Transformer DEBUG] Remapping refmap from intermediary to srg: swm-forge-forge-refmap.json
[Architectury Transformer DEBUG] Transformed mod/syconn/swm/client/ClientHooks in 2.056 ms
[Architectury Transformer DEBUG] Transforming from mod/syconn/swm/utils/generic/JsonUtil.class to mod/syconn/swm/utils/generic/JsonUtil.class with 8 transformer(s) on dev.architectury.transformer.handler.TinyRemapperPreparedTransformerHandler
[Architectury Transformer DEBUG] Remapping with 1 mapping provider(s):
[Architectury Transformer DEBUG]  - dev.architectury.transformer.transformers.TransformForgeEnvironment$$Lambda/0x0000017cd409f168@718c7433
[Architectury Transformer DEBUG] Remapping Classes:
[Architectury Transformer DEBUG] net/fabricmc/api/EnvType -> net/minecraftforge/api/distmarker/Dist
[Architectury Transformer DEBUG] net/fabricmc/api/Environment -> net/minecraftforge/api/distmarker/OnlyIn
[Architectury Transformer DEBUG] Found class transformer
[Architectury Transformer DEBUG] Writing mod/syconn/swm/utils/generic/JsonUtil with maxs=true frames=true
[Architectury Transformer DEBUG] Remapping refmap from intermediary to srg: swm-forge-forge-refmap.json
[Architectury Transformer DEBUG] Transformed mod/syconn/swm/utils/generic/JsonUtil in 2.039 ms
[Architectury Transformer DEBUG] Transforming from mod/syconn/swm/server/recipes/LightsaberRecipe.class to mod/syconn/swm/server/recipes/LightsaberRecipe.class with 8 transformer(s) on dev.architectury.transformer.handler.TinyRemapperPreparedTransformerHandler
[Architectury Transformer DEBUG] Remapping with 1 mapping provider(s):
[Architectury Transformer DEBUG]  - dev.architectury.transformer.transformers.TransformForgeEnvironment$$Lambda/0x0000017cd409f168@718c7433
[Architectury Transformer DEBUG] Remapping Classes:
[Architectury Transformer DEBUG] net/fabricmc/api/EnvType -> net/minecraftforge/api/distmarker/Dist
[Architectury Transformer DEBUG] net/fabricmc/api/Environment -> net/minecraftforge/api/distmarker/OnlyIn
[Architectury Transformer DEBUG] Found class transformer
[Architectury Transformer DEBUG] Writing mod/syconn/swm/server/recipes/LightsaberRecipe with maxs=true frames=true
[Architectury Transformer DEBUG] Remapping refmap from intermediary to srg: swm-forge-forge-refmap.json
[Architectury Transformer DEBUG] Transformed mod/syconn/swm/server/recipes/LightsaberRecipe in 2.190 ms
[Architectury Transformer DEBUG] Transforming from mod/syconn/swm/features/lightsaber/client/screen/LightsaberWorkbenchScreen.class to mod/syconn/swm/features/lightsaber/client/screen/LightsaberWorkbenchScreen.class with 8 transformer(s) on dev.architectury.transformer.handler.TinyRemapperPreparedTransformerHandler
[Architectury Transformer DEBUG] Remapping with 1 mapping provider(s):
[Architectury Transformer DEBUG]  - dev.architectury.transformer.transformers.TransformForgeEnvironment$$Lambda/0x0000017cd409f168@718c7433
[Architectury Transformer DEBUG] Remapping Classes:
[Architectury Transformer DEBUG] net/fabricmc/api/EnvType -> net/minecraftforge/api/distmarker/Dist
[Architectury Transformer DEBUG] net/fabricmc/api/Environment -> net/minecraftforge/api/distmarker/OnlyIn
[Architectury Transformer DEBUG] Found class transformer
[Architectury Transformer DEBUG] Writing mod/syconn/swm/features/lightsaber/client/screen/LightsaberWorkbenchScreen with maxs=true frames=true
[Architectury Transformer DEBUG] Remapping refmap from intermediary to srg: swm-forge-forge-refmap.json
[Architectury Transformer DEBUG] Transformed mod/syconn/swm/features/lightsaber/client/screen/LightsaberWorkbenchScreen in 2.278 ms
[Architectury Transformer DEBUG] Transforming from mod/syconn/swm/core/ModSounds.class to mod/syconn/swm/core/ModSounds.class with 8 transformer(s) on dev.architectury.transformer.handler.TinyRemapperPreparedTransformerHandler
[Architectury Transformer DEBUG] Remapping with 1 mapping provider(s):
[Architectury Transformer DEBUG]  - dev.architectury.transformer.transformers.TransformForgeEnvironment$$Lambda/0x0000017cd409f168@718c7433
[Architectury Transformer DEBUG] Remapping Classes:
[Architectury Transformer DEBUG] net/fabricmc/api/EnvType -> net/minecraftforge/api/distmarker/Dist
[Architectury Transformer DEBUG] net/fabricmc/api/Environment -> net/minecraftforge/api/distmarker/OnlyIn
[Architectury Transformer DEBUG] Found class transformer
[Architectury Transformer DEBUG] Writing mod/syconn/swm/core/ModSounds with maxs=true frames=true
[Architectury Transformer DEBUG] Remapping refmap from intermediary to srg: swm-forge-forge-refmap.json
[Architectury Transformer DEBUG] Transformed mod/syconn/swm/core/ModSounds in 1.948 ms
[Architectury Transformer DEBUG] Transforming from mod/syconn/swm/server/StarWarsServer.class to mod/syconn/swm/server/StarWarsServer.class with 8 transformer(s) on dev.architectury.transformer.handler.TinyRemapperPreparedTransformerHandler
[Architectury Transformer DEBUG] Remapping with 1 mapping provider(s):
[Architectury Transformer DEBUG]  - dev.architectury.transformer.transformers.TransformForgeEnvironment$$Lambda/0x0000017cd409f168@718c7433
[Architectury Transformer DEBUG] Remapping Classes:
[Architectury Transformer DEBUG] net/fabricmc/api/EnvType -> net/minecraftforge/api/distmarker/Dist
[Architectury Transformer DEBUG] net/fabricmc/api/Environment -> net/minecraftforge/api/distmarker/OnlyIn
[Architectury Transformer DEBUG] Found class transformer
[Architectury Transformer DEBUG] Writing mod/syconn/swm/server/StarWarsServer with maxs=true frames=true
[Architectury Transformer DEBUG] Remapping refmap from intermediary to srg: swm-forge-forge-refmap.json
[Architectury Transformer DEBUG] Transformed mod/syconn/swm/server/StarWarsServer in 1.854 ms
[Architectury Transformer DEBUG] Transforming from mod/syconn/swm/utils/server/SyncedResourceManager.class to mod/syconn/swm/utils/server/SyncedResourceManager.class with 8 transformer(s) on dev.architectury.transformer.handler.TinyRemapperPreparedTransformerHandler
[Architectury Transformer DEBUG] Remapping with 1 mapping provider(s):
[Architectury Transformer DEBUG]  - dev.architectury.transformer.transformers.TransformForgeEnvironment$$Lambda/0x0000017cd409f168@718c7433
[Architectury Transformer DEBUG] Remapping Classes:
[Architectury Transformer DEBUG] net/fabricmc/api/EnvType -> net/minecraftforge/api/distmarker/Dist
[Architectury Transformer DEBUG] net/fabricmc/api/Environment -> net/minecraftforge/api/distmarker/OnlyIn
[Architectury Transformer DEBUG] Found class transformer
[Architectury Transformer DEBUG] Writing mod/syconn/swm/utils/server/SyncedResourceManager with maxs=true frames=true
[Architectury Transformer DEBUG] Remapping refmap from intermediary to srg: swm-forge-forge-refmap.json
[Architectury Transformer DEBUG] Transformed mod/syconn/swm/utils/server/SyncedResourceManager in 1.909 ms
[Architectury Transformer DEBUG] Transforming from mod/syconn/swm/block/TwoPartBlock.class to mod/syconn/swm/block/TwoPartBlock.class with 8 transformer(s) on dev.architectury.transformer.handler.TinyRemapperPreparedTransformerHandler
[Architectury Transformer DEBUG] Remapping with 1 mapping provider(s):
[Architectury Transformer DEBUG]  - dev.architectury.transformer.transformers.TransformForgeEnvironment$$Lambda/0x0000017cd409f168@718c7433
[Architectury Transformer DEBUG] Remapping Classes:
[Architectury Transformer DEBUG] net/fabricmc/api/EnvType -> net/minecraftforge/api/distmarker/Dist
[Architectury Transformer DEBUG] net/fabricmc/api/Environment -> net/minecraftforge/api/distmarker/OnlyIn
[Architectury Transformer DEBUG] Found class transformer
[Architectury Transformer DEBUG] Writing mod/syconn/swm/block/TwoPartBlock with maxs=true frames=true
[Architectury Transformer DEBUG] Remapping refmap from intermediary to srg: swm-forge-forge-refmap.json
[Architectury Transformer DEBUG] Transformed mod/syconn/swm/block/TwoPartBlock in 2.197 ms
[Architectury Transformer DEBUG] Transforming from mod/syconn/swm/utils/interfaces/IEntityBlock.class to mod/syconn/swm/utils/interfaces/IEntityBlock.class with 8 transformer(s) on dev.architectury.transformer.handler.TinyRemapperPreparedTransformerHandler
[Architectury Transformer DEBUG] Remapping with 1 mapping provider(s):
[Architectury Transformer DEBUG]  - dev.architectury.transformer.transformers.TransformForgeEnvironment$$Lambda/0x0000017cd409f168@718c7433
[Architectury Transformer DEBUG] Remapping Classes:
[Architectury Transformer DEBUG] net/fabricmc/api/EnvType -> net/minecraftforge/api/distmarker/Dist
[Architectury Transformer DEBUG] net/fabricmc/api/Environment -> net/minecraftforge/api/distmarker/OnlyIn
[Architectury Transformer DEBUG] Found class transformer
[Architectury Transformer DEBUG] Writing mod/syconn/swm/utils/interfaces/IEntityBlock with maxs=true frames=true
[Architectury Transformer DEBUG] Remapping refmap from intermediary to srg: swm-forge-forge-refmap.json
[Architectury Transformer DEBUG] Transformed mod/syconn/swm/utils/interfaces/IEntityBlock in 1.842 ms
[Architectury Transformer DEBUG] Transforming from mod/syconn/swm/core/ModBlockEntities.class to mod/syconn/swm/core/ModBlockEntities.class with 8 transformer(s) on dev.architectury.transformer.handler.TinyRemapperPreparedTransformerHandler
[Architectury Transformer DEBUG] Remapping with 1 mapping provider(s):
[Architectury Transformer DEBUG]  - dev.architectury.transformer.transformers.TransformForgeEnvironment$$Lambda/0x0000017cd409f168@718c7433
[Architectury Transformer DEBUG] Remapping Classes:
[Architectury Transformer DEBUG] net/fabricmc/api/EnvType -> net/minecraftforge/api/distmarker/Dist
[Architectury Transformer DEBUG] net/fabricmc/api/Environment -> net/minecraftforge/api/distmarker/OnlyIn
[Architectury Transformer DEBUG] Found class transformer
[Architectury Transformer DEBUG] Writing mod/syconn/swm/core/ModBlockEntities with maxs=true frames=true
[Architectury Transformer DEBUG] Remapping refmap from intermediary to srg: swm-forge-forge-refmap.json
[Architectury Transformer DEBUG] Transformed mod/syconn/swm/core/ModBlockEntities in 2.004 ms
[Architectury Transformer DEBUG] Transforming from mod/syconn/swm/client/render/entity/PlasmaRenderer.class to mod/syconn/swm/client/render/entity/PlasmaRenderer.class with 8 transformer(s) on dev.architectury.transformer.handler.TinyRemapperPreparedTransformerHandler
[Architectury Transformer DEBUG] Remapping with 1 mapping provider(s):
[Architectury Transformer DEBUG]  - dev.architectury.transformer.transformers.TransformForgeEnvironment$$Lambda/0x0000017cd409f168@718c7433
[Architectury Transformer DEBUG] Remapping Classes:
[Architectury Transformer DEBUG] net/fabricmc/api/EnvType -> net/minecraftforge/api/distmarker/Dist
[Architectury Transformer DEBUG] net/fabricmc/api/Environment -> net/minecraftforge/api/distmarker/OnlyIn
[Architectury Transformer DEBUG] Found class transformer
[Architectury Transformer DEBUG] Writing mod/syconn/swm/client/render/entity/PlasmaRenderer with maxs=true frames=true
[Architectury Transformer DEBUG] Remapping refmap from intermediary to srg: swm-forge-forge-refmap.json
[Architectury Transformer DEBUG] Transformed mod/syconn/swm/client/render/entity/PlasmaRenderer in 2.528 ms
[Architectury Transformer DEBUG] Transforming from mod/syconn/swm/utils/client/NodeVec3.class to mod/syconn/swm/utils/client/NodeVec3.class with 8 transformer(s) on dev.architectury.transformer.handler.TinyRemapperPreparedTransformerHandler
[Architectury Transformer DEBUG] Remapping with 1 mapping provider(s):
[Architectury Transformer DEBUG]  - dev.architectury.transformer.transformers.TransformForgeEnvironment$$Lambda/0x0000017cd409f168@718c7433
[Architectury Transformer DEBUG] Remapping Classes:
[Architectury Transformer DEBUG] net/fabricmc/api/EnvType -> net/minecraftforge/api/distmarker/Dist
[Architectury Transformer DEBUG] net/fabricmc/api/Environment -> net/minecraftforge/api/distmarker/OnlyIn
[Architectury Transformer DEBUG] Found class transformer
[Architectury Transformer DEBUG] Writing mod/syconn/swm/utils/client/NodeVec3 with maxs=true frames=true
[Architectury Transformer DEBUG] Remapping refmap from intermediary to srg: swm-forge-forge-refmap.json
[Architectury Transformer DEBUG] Transformed mod/syconn/swm/utils/client/NodeVec3 in 2.064 ms
[Architectury Transformer DEBUG] Transforming from mod/syconn/swm/core/ModEntities.class to mod/syconn/swm/core/ModEntities.class with 8 transformer(s) on dev.architectury.transformer.handler.TinyRemapperPreparedTransformerHandler
[Architectury Transformer DEBUG] Remapping with 1 mapping provider(s):
[Architectury Transformer DEBUG]  - dev.architectury.transformer.transformers.TransformForgeEnvironment$$Lambda/0x0000017cd409f168@718c7433
[Architectury Transformer DEBUG] Remapping Classes:
[Architectury Transformer DEBUG] net/fabricmc/api/EnvType -> net/minecraftforge/api/distmarker/Dist
[Architectury Transformer DEBUG] net/fabricmc/api/Environment -> net/minecraftforge/api/distmarker/OnlyIn
[Architectury Transformer DEBUG] Found class transformer
[Architectury Transformer DEBUG] Writing mod/syconn/swm/core/ModEntities with maxs=true frames=true
[Architectury Transformer DEBUG] Remapping refmap from intermediary to srg: swm-forge-forge-refmap.json
[Architectury Transformer DEBUG] Transformed mod/syconn/swm/core/ModEntities in 1.782 ms
[Architectury Transformer DEBUG] Transforming from mod/syconn/swm/utils/generic/RenderUtil.class to mod/syconn/swm/utils/generic/RenderUtil.class with 8 transformer(s) on dev.architectury.transformer.handler.TinyRemapperPreparedTransformerHandler
[Architectury Transformer DEBUG] Remapping with 1 mapping provider(s):
[Architectury Transformer DEBUG]  - dev.architectury.transformer.transformers.TransformForgeEnvironment$$Lambda/0x0000017cd409f168@718c7433
[Architectury Transformer DEBUG] Remapping Classes:
[Architectury Transformer DEBUG] net/fabricmc/api/EnvType -> net/minecraftforge/api/distmarker/Dist
[Architectury Transformer DEBUG] net/fabricmc/api/Environment -> net/minecraftforge/api/distmarker/OnlyIn
[Architectury Transformer DEBUG] Found class transformer
[Architectury Transformer DEBUG] Writing mod/syconn/swm/utils/generic/RenderUtil with maxs=true frames=true
[Architectury Transformer DEBUG] Remapping refmap from intermediary to srg: swm-forge-forge-refmap.json
[Architectury Transformer DEBUG] Transformed mod/syconn/swm/utils/generic/RenderUtil in 1.875 ms
[Architectury Transformer DEBUG] Transforming from mod/syconn/swm/features/lightsaber/entity/ThrownLightsaberEntity.class to mod/syconn/swm/features/lightsaber/entity/ThrownLightsaberEntity.class with 8 transformer(s) on dev.architectury.transformer.handler.TinyRemapperPreparedTransformerHandler
[Architectury Transformer DEBUG] Remapping with 1 mapping provider(s):
[Architectury Transformer DEBUG]  - dev.architectury.transformer.transformers.TransformForgeEnvironment$$Lambda/0x0000017cd409f168@718c7433
[Architectury Transformer DEBUG] Remapping Classes:
[Architectury Transformer DEBUG] net/fabricmc/api/EnvType -> net/minecraftforge/api/distmarker/Dist
[Architectury Transformer DEBUG] net/fabricmc/api/Environment -> net/minecraftforge/api/distmarker/OnlyIn
[Architectury Transformer DEBUG] Found class transformer
[Architectury Transformer DEBUG] Writing mod/syconn/swm/features/lightsaber/entity/ThrownLightsaberEntity with maxs=true frames=true
[Architectury Transformer DEBUG] Remapping refmap from intermediary to srg: swm-forge-forge-refmap.json
[Architectury Transformer DEBUG] Transformed mod/syconn/swm/features/lightsaber/entity/ThrownLightsaberEntity in 2.610 ms
[Architectury Transformer DEBUG] Transforming from mod/syconn/swm/utils/block/ModBlockStateProperties.class to mod/syconn/swm/utils/block/ModBlockStateProperties.class with 8 transformer(s) on dev.architectury.transformer.handler.TinyRemapperPreparedTransformerHandler
[Architectury Transformer DEBUG] Remapping with 1 mapping provider(s):
[Architectury Transformer DEBUG]  - dev.architectury.transformer.transformers.TransformForgeEnvironment$$Lambda/0x0000017cd409f168@718c7433
[Architectury Transformer DEBUG] Remapping Classes:
[Architectury Transformer DEBUG] net/fabricmc/api/EnvType -> net/minecraftforge/api/distmarker/Dist
[Architectury Transformer DEBUG] net/fabricmc/api/Environment -> net/minecraftforge/api/distmarker/OnlyIn
[Architectury Transformer DEBUG] Found class transformer
[Architectury Transformer DEBUG] Writing mod/syconn/swm/utils/block/ModBlockStateProperties with maxs=true frames=true
[Architectury Transformer DEBUG] Remapping refmap from intermediary to srg: swm-forge-forge-refmap.json
[Architectury Transformer DEBUG] Transformed mod/syconn/swm/utils/block/ModBlockStateProperties in 2.290 ms
[Architectury Transformer DEBUG] Transforming from mod/syconn/swm/utils/block/TwoPart.class to mod/syconn/swm/utils/block/TwoPart.class with 8 transformer(s) on dev.architectury.transformer.handler.TinyRemapperPreparedTransformerHandler
[Architectury Transformer DEBUG] Remapping with 1 mapping provider(s):
[Architectury Transformer DEBUG]  - dev.architectury.transformer.transformers.TransformForgeEnvironment$$Lambda/0x0000017cd409f168@718c7433
[Architectury Transformer DEBUG] Remapping Classes:
[Architectury Transformer DEBUG] net/fabricmc/api/EnvType -> net/minecraftforge/api/distmarker/Dist
[Architectury Transformer DEBUG] net/fabricmc/api/Environment -> net/minecraftforge/api/distmarker/OnlyIn
[Architectury Transformer DEBUG] Found class transformer
[Architectury Transformer DEBUG] Writing mod/syconn/swm/utils/block/TwoPart with maxs=true frames=true
[Architectury Transformer DEBUG] Remapping refmap from intermediary to srg: swm-forge-forge-refmap.json
[Architectury Transformer DEBUG] Transformed mod/syconn/swm/utils/block/TwoPart in 2.077 ms
[Architectury Transformer DEBUG] Transforming from mod/syconn/swm/features/blaster/entity/BlasterBoltEntity.class to mod/syconn/swm/features/blaster/entity/BlasterBoltEntity.class with 8 transformer(s) on dev.architectury.transformer.handler.TinyRemapperPreparedTransformerHandler
[Architectury Transformer DEBUG] Remapping with 1 mapping provider(s):
[Architectury Transformer DEBUG]  - dev.architectury.transformer.transformers.TransformForgeEnvironment$$Lambda/0x0000017cd409f168@718c7433
[Architectury Transformer DEBUG] Remapping Classes:
[Architectury Transformer DEBUG] net/fabricmc/api/EnvType -> net/minecraftforge/api/distmarker/Dist
[Architectury Transformer DEBUG] net/fabricmc/api/Environment -> net/minecraftforge/api/distmarker/OnlyIn
[Architectury Transformer DEBUG] Found class transformer
[Architectury Transformer DEBUG] Writing mod/syconn/swm/features/blaster/entity/BlasterBoltEntity with maxs=true frames=true
[Architectury Transformer DEBUG] Remapping refmap from intermediary to srg: swm-forge-forge-refmap.json
[Architectury Transformer DEBUG] Transformed mod/syconn/swm/features/blaster/entity/BlasterBoltEntity in 2.162 ms
[Architectury Transformer DEBUG] Transforming from mod/syconn/swm/utils/client/PlasmaBuffer.class to mod/syconn/swm/utils/client/PlasmaBuffer.class with 8 transformer(s) on dev.architectury.transformer.handler.TinyRemapperPreparedTransformerHandler
[Architectury Transformer DEBUG] Remapping with 1 mapping provider(s):
[Architectury Transformer DEBUG]  - dev.architectury.transformer.transformers.TransformForgeEnvironment$$Lambda/0x0000017cd409f168@718c7433
[Architectury Transformer DEBUG] Remapping Classes:
[Architectury Transformer DEBUG] net/fabricmc/api/EnvType -> net/minecraftforge/api/distmarker/Dist
[Architectury Transformer DEBUG] net/fabricmc/api/Environment -> net/minecraftforge/api/distmarker/OnlyIn
[Architectury Transformer DEBUG] Found class transformer
[Architectury Transformer DEBUG] Writing mod/syconn/swm/utils/client/PlasmaBuffer with maxs=true frames=true
[Architectury Transformer DEBUG] Remapping refmap from intermediary to srg: swm-forge-forge-refmap.json
[Architectury Transformer DEBUG] Transformed mod/syconn/swm/utils/client/PlasmaBuffer in 2.786 ms
[Architectury Transformer DEBUG] Transforming from mod/syconn/swm/utils/generic/MathUtil.class to mod/syconn/swm/utils/generic/MathUtil.class with 8 transformer(s) on dev.architectury.transformer.handler.TinyRemapperPreparedTransformerHandler
[Architectury Transformer DEBUG] Remapping with 1 mapping provider(s):
[Architectury Transformer DEBUG]  - dev.architectury.transformer.transformers.TransformForgeEnvironment$$Lambda/0x0000017cd409f168@718c7433
[Architectury Transformer DEBUG] Remapping Classes:
[Architectury Transformer DEBUG] net/fabricmc/api/EnvType -> net/minecraftforge/api/distmarker/Dist
[Architectury Transformer DEBUG] net/fabricmc/api/Environment -> net/minecraftforge/api/distmarker/OnlyIn
[Architectury Transformer DEBUG] Found class transformer
[Architectury Transformer DEBUG] Writing mod/syconn/swm/utils/generic/MathUtil with maxs=true frames=true
[Architectury Transformer DEBUG] Remapping refmap from intermediary to srg: swm-forge-forge-refmap.json
[Architectury Transformer DEBUG] Transformed mod/syconn/swm/utils/generic/MathUtil in 2.227 ms
[Architectury Transformer DEBUG] Transforming from mod/syconn/swm/core/ModMenus.class to mod/syconn/swm/core/ModMenus.class with 8 transformer(s) on dev.architectury.transformer.handler.TinyRemapperPreparedTransformerHandler
[Architectury Transformer DEBUG] Remapping with 1 mapping provider(s):
[Architectury Transformer DEBUG]  - dev.architectury.transformer.transformers.TransformForgeEnvironment$$Lambda/0x0000017cd409f168@718c7433
[Architectury Transformer DEBUG] Remapping Classes:
[Architectury Transformer DEBUG] net/fabricmc/api/EnvType -> net/minecraftforge/api/distmarker/Dist
[Architectury Transformer DEBUG] net/fabricmc/api/Environment -> net/minecraftforge/api/distmarker/OnlyIn
[Architectury Transformer DEBUG] Found class transformer
[Architectury Transformer DEBUG] Writing mod/syconn/swm/core/ModMenus with maxs=true frames=true
[Architectury Transformer DEBUG] Remapping refmap from intermediary to srg: swm-forge-forge-refmap.json
[Architectury Transformer DEBUG] Transformed mod/syconn/swm/core/ModMenus in 1.738 ms
[Architectury Transformer DEBUG] Transforming from mod/syconn/swm/utils/generic/AnimationUtil.class to mod/syconn/swm/utils/generic/AnimationUtil.class with 8 transformer(s) on dev.architectury.transformer.handler.TinyRemapperPreparedTransformerHandler
[Architectury Transformer DEBUG] Remapping with 1 mapping provider(s):
[Architectury Transformer DEBUG]  - dev.architectury.transformer.transformers.TransformForgeEnvironment$$Lambda/0x0000017cd409f168@718c7433
[Architectury Transformer DEBUG] Remapping Classes:
[Architectury Transformer DEBUG] net/fabricmc/api/EnvType -> net/minecraftforge/api/distmarker/Dist
[Architectury Transformer DEBUG] net/fabricmc/api/Environment -> net/minecraftforge/api/distmarker/OnlyIn
[Architectury Transformer DEBUG] Found class transformer
[Architectury Transformer DEBUG] Writing mod/syconn/swm/utils/generic/AnimationUtil with maxs=true frames=true
[Architectury Transformer DEBUG] Remapping refmap from intermediary to srg: swm-forge-forge-refmap.json
[Architectury Transformer DEBUG] Transformed mod/syconn/swm/utils/generic/AnimationUtil in 1.781 ms
[Architectury Transformer DEBUG] Transforming from mod/syconn/swm/core/ModRecipes.class to mod/syconn/swm/core/ModRecipes.class with 8 transformer(s) on dev.architectury.transformer.handler.TinyRemapperPreparedTransformerHandler
[Architectury Transformer DEBUG] Remapping with 1 mapping provider(s):
[Architectury Transformer DEBUG]  - dev.architectury.transformer.transformers.TransformForgeEnvironment$$Lambda/0x0000017cd409f168@718c7433
[Architectury Transformer DEBUG] Remapping Classes:
[Architectury Transformer DEBUG] net/fabricmc/api/EnvType -> net/minecraftforge/api/distmarker/Dist
[Architectury Transformer DEBUG] net/fabricmc/api/Environment -> net/minecraftforge/api/distmarker/OnlyIn
[Architectury Transformer DEBUG] Found class transformer
[Architectury Transformer DEBUG] Writing mod/syconn/swm/core/ModRecipes with maxs=true frames=true
[Architectury Transformer DEBUG] Remapping refmap from intermediary to srg: swm-forge-forge-refmap.json
[Architectury Transformer DEBUG] Transformed mod/syconn/swm/core/ModRecipes in 1.838 ms
[Architectury Transformer DEBUG] Transforming from mod/syconn/swm/blockentity/SyncedBlockEntity.class to mod/syconn/swm/blockentity/SyncedBlockEntity.class with 8 transformer(s) on dev.architectury.transformer.handler.TinyRemapperPreparedTransformerHandler
[Architectury Transformer DEBUG] Remapping with 1 mapping provider(s):
[Architectury Transformer DEBUG]  - dev.architectury.transformer.transformers.TransformForgeEnvironment$$Lambda/0x0000017cd409f168@718c7433
[Architectury Transformer DEBUG] Remapping Classes:
[Architectury Transformer DEBUG] net/fabricmc/api/EnvType -> net/minecraftforge/api/distmarker/Dist
[Architectury Transformer DEBUG] net/fabricmc/api/Environment -> net/minecraftforge/api/distmarker/OnlyIn
[Architectury Transformer DEBUG] Found class transformer
[Architectury Transformer DEBUG] Writing mod/syconn/swm/blockentity/SyncedBlockEntity with maxs=true frames=true
[Architectury Transformer DEBUG] Remapping refmap from intermediary to srg: swm-forge-forge-refmap.json
[Architectury Transformer DEBUG] Transformed mod/syconn/swm/blockentity/SyncedBlockEntity in 1.711 ms
[Architectury Transformer DEBUG] Transforming from mod/syconn/swm/server/recipes/LightsaberRecipe$Serializer.class to mod/syconn/swm/server/recipes/LightsaberRecipe$Serializer.class with 8 transformer(s) on dev.architectury.transformer.handler.TinyRemapperPreparedTransformerHandler
[Architectury Transformer DEBUG] Remapping with 1 mapping provider(s):
[Architectury Transformer DEBUG]  - dev.architectury.transformer.transformers.TransformForgeEnvironment$$Lambda/0x0000017cd409f168@718c7433
[Architectury Transformer DEBUG] Remapping Classes:
[Architectury Transformer DEBUG] net/fabricmc/api/EnvType -> net/minecraftforge/api/distmarker/Dist
[Architectury Transformer DEBUG] net/fabricmc/api/Environment -> net/minecraftforge/api/distmarker/OnlyIn
[Architectury Transformer DEBUG] Found class transformer
[Architectury Transformer DEBUG] Writing mod/syconn/swm/server/recipes/LightsaberRecipe$Serializer with maxs=true frames=true
[Architectury Transformer DEBUG] Remapping refmap from intermediary to srg: swm-forge-forge-refmap.json
[Architectury Transformer DEBUG] Transformed mod/syconn/swm/server/recipes/LightsaberRecipe$Serializer in 2.198 ms
[Architectury Transformer DEBUG] Transforming from mod/syconn/swm/utils/generic/ItemStackUtil.class to mod/syconn/swm/utils/generic/ItemStackUtil.class with 8 transformer(s) on dev.architectury.transformer.handler.TinyRemapperPreparedTransformerHandler
[Architectury Transformer DEBUG] Remapping with 1 mapping provider(s):
[Architectury Transformer DEBUG]  - dev.architectury.transformer.transformers.TransformForgeEnvironment$$Lambda/0x0000017cd409f168@718c7433
[Architectury Transformer DEBUG] Remapping Classes:
[Architectury Transformer DEBUG] net/fabricmc/api/EnvType -> net/minecraftforge/api/distmarker/Dist
[Architectury Transformer DEBUG] net/fabricmc/api/Environment -> net/minecraftforge/api/distmarker/OnlyIn
[Architectury Transformer DEBUG] Found class transformer
[Architectury Transformer DEBUG] Writing mod/syconn/swm/utils/generic/ItemStackUtil with maxs=true frames=true
[Architectury Transformer DEBUG] Remapping refmap from intermediary to srg: swm-forge-forge-refmap.json
[Architectury Transformer DEBUG] Transformed mod/syconn/swm/utils/generic/ItemStackUtil in 1.909 ms
[Architectury Transformer DEBUG] Transforming from mod/syconn/swm/features/lightsaber/blockentity/LightsaberWorkbenchBlockEntity.class to mod/syconn/swm/features/lightsaber/blockentity/LightsaberWorkbenchBlockEntity.class with 8 transformer(s) on dev.architectury.transformer.handler.TinyRemapperPreparedTransformerHandler
[Architectury Transformer DEBUG] Remapping with 1 mapping provider(s):
[Architectury Transformer DEBUG]  - dev.architectury.transformer.transformers.TransformForgeEnvironment$$Lambda/0x0000017cd409f168@718c7433
[Architectury Transformer DEBUG] Remapping Classes:
[Architectury Transformer DEBUG] net/fabricmc/api/EnvType -> net/minecraftforge/api/distmarker/Dist
[Architectury Transformer DEBUG] net/fabricmc/api/Environment -> net/minecraftforge/api/distmarker/OnlyIn
[Architectury Transformer DEBUG] Found class transformer
[Architectury Transformer DEBUG] Writing mod/syconn/swm/features/lightsaber/blockentity/LightsaberWorkbenchBlockEntity with maxs=true frames=true
[Architectury Transformer DEBUG] Remapping refmap from intermediary to srg: swm-forge-forge-refmap.json
[Architectury Transformer DEBUG] Transformed mod/syconn/swm/features/lightsaber/blockentity/LightsaberWorkbenchBlockEntity in 2.180 ms
[Architectury Transformer DEBUG] Transforming from mod/syconn/swm/features/lightsaber/client/screen/LightsaberAssemblerScreen.class to mod/syconn/swm/features/lightsaber/client/screen/LightsaberAssemblerScreen.class with 8 transformer(s) on dev.architectury.transformer.handler.TinyRemapperPreparedTransformerHandler
[Architectury Transformer DEBUG] Remapping with 1 mapping provider(s):
[Architectury Transformer DEBUG]  - dev.architectury.transformer.transformers.TransformForgeEnvironment$$Lambda/0x0000017cd409f168@718c7433
[Architectury Transformer DEBUG] Remapping Classes:
[Architectury Transformer DEBUG] net/fabricmc/api/EnvType -> net/minecraftforge/api/distmarker/Dist
[Architectury Transformer DEBUG] net/fabricmc/api/Environment -> net/minecraftforge/api/distmarker/OnlyIn
[Architectury Transformer DEBUG] Found class transformer
[Architectury Transformer DEBUG] Writing mod/syconn/swm/features/lightsaber/client/screen/LightsaberAssemblerScreen with maxs=true frames=true
[Architectury Transformer DEBUG] Remapping refmap from intermediary to srg: swm-forge-forge-refmap.json
[Architectury Transformer DEBUG] Transformed mod/syconn/swm/features/lightsaber/client/screen/LightsaberAssemblerScreen in 2.269 ms
[Architectury Transformer DEBUG] Transforming from mod/syconn/swm/blockentity/HoloProjectorBlockEntity.class to mod/syconn/swm/blockentity/HoloProjectorBlockEntity.class with 8 transformer(s) on dev.architectury.transformer.handler.TinyRemapperPreparedTransformerHandler
[Architectury Transformer DEBUG] Remapping with 1 mapping provider(s):
[Architectury Transformer DEBUG]  - dev.architectury.transformer.transformers.TransformForgeEnvironment$$Lambda/0x0000017cd409f168@718c7433
[Architectury Transformer DEBUG] Remapping Classes:
[Architectury Transformer DEBUG] net/fabricmc/api/EnvType -> net/minecraftforge/api/distmarker/Dist
[Architectury Transformer DEBUG] net/fabricmc/api/Environment -> net/minecraftforge/api/distmarker/OnlyIn
[Architectury Transformer DEBUG] Found class transformer
[Architectury Transformer DEBUG] Writing mod/syconn/swm/blockentity/HoloProjectorBlockEntity with maxs=true frames=true
[Architectury Transformer DEBUG] Remapping refmap from intermediary to srg: swm-forge-forge-refmap.json
[Architectury Transformer DEBUG] Transformed mod/syconn/swm/blockentity/HoloProjectorBlockEntity in 2.918 ms
[Architectury Transformer DEBUG] Transforming from mod/syconn/swm/network/Network.class to mod/syconn/swm/network/Network.class with 8 transformer(s) on dev.architectury.transformer.handler.TinyRemapperPreparedTransformerHandler
[Architectury Transformer DEBUG] Remapping with 1 mapping provider(s):
[Architectury Transformer DEBUG]  - dev.architectury.transformer.transformers.TransformForgeEnvironment$$Lambda/0x0000017cd409f168@718c7433
[Architectury Transformer DEBUG] Remapping Classes:
[Architectury Transformer DEBUG] net/fabricmc/api/EnvType -> net/minecraftforge/api/distmarker/Dist
[Architectury Transformer DEBUG] net/fabricmc/api/Environment -> net/minecraftforge/api/distmarker/OnlyIn
[Architectury Transformer DEBUG] Found class transformer
[Architectury Transformer DEBUG] Writing mod/syconn/swm/network/Network with maxs=true frames=true
[Architectury Transformer DEBUG] Remapping refmap from intermediary to srg: swm-forge-forge-refmap.json
[Architectury Transformer DEBUG] Transformed mod/syconn/swm/network/Network in 2.248 ms
[Architectury Transformer DEBUG] Transforming from mod/syconn/swm/utils/Constants.class to mod/syconn/swm/utils/Constants.class with 8 transformer(s) on dev.architectury.transformer.handler.TinyRemapperPreparedTransformerHandler
[Architectury Transformer DEBUG] Remapping with 1 mapping provider(s):
[Architectury Transformer DEBUG]  - dev.architectury.transformer.transformers.TransformForgeEnvironment$$Lambda/0x0000017cd409f168@718c7433
[Architectury Transformer DEBUG] Remapping Classes:
[Architectury Transformer DEBUG] net/fabricmc/api/EnvType -> net/minecraftforge/api/distmarker/Dist
[Architectury Transformer DEBUG] net/fabricmc/api/Environment -> net/minecraftforge/api/distmarker/OnlyIn
[Architectury Transformer DEBUG] Found class transformer
[Architectury Transformer DEBUG] Writing mod/syconn/swm/utils/Constants with maxs=true frames=true
[Architectury Transformer DEBUG] Remapping refmap from intermediary to srg: swm-forge-forge-refmap.json
[Architectury Transformer DEBUG] Transformed mod/syconn/swm/utils/Constants in 1.662 ms
[Architectury Transformer DEBUG] Transforming from mod/syconn/swm/features/lightsaber/sound/LightsaberAudio.class to mod/syconn/swm/features/lightsaber/sound/LightsaberAudio.class with 8 transformer(s) on dev.architectury.transformer.handler.TinyRemapperPreparedTransformerHandler
[Architectury Transformer DEBUG] Remapping with 1 mapping provider(s):
[Architectury Transformer DEBUG]  - dev.architectury.transformer.transformers.TransformForgeEnvironment$$Lambda/0x0000017cd409f168@718c7433
[Architectury Transformer DEBUG] Remapping Classes:
[Architectury Transformer DEBUG] net/fabricmc/api/EnvType -> net/minecraftforge/api/distmarker/Dist
[Architectury Transformer DEBUG] net/fabricmc/api/Environment -> net/minecraftforge/api/distmarker/OnlyIn
[Architectury Transformer DEBUG] Found class transformer
[Architectury Transformer DEBUG] Writing mod/syconn/swm/features/lightsaber/sound/LightsaberAudio with maxs=true frames=true
[Architectury Transformer DEBUG] Remapping refmap from intermediary to srg: swm-forge-forge-refmap.json
[Architectury Transformer DEBUG] Transformed mod/syconn/swm/features/lightsaber/sound/LightsaberAudio in 1.759 ms
[Architectury Transformer DEBUG] Transforming from mod/syconn/swm/features/lightsaber/sound/LightsaberAmbientSoundInstance.class to mod/syconn/swm/features/lightsaber/sound/LightsaberAmbientSoundInstance.class with 8 transformer(s) on dev.architectury.transformer.handler.TinyRemapperPreparedTransformerHandler
[Architectury Transformer DEBUG] Remapping with 1 mapping provider(s):
[Architectury Transformer DEBUG]  - dev.architectury.transformer.transformers.TransformForgeEnvironment$$Lambda/0x0000017cd409f168@718c7433
[Architectury Transformer DEBUG] Remapping Classes:
[Architectury Transformer DEBUG] net/fabricmc/api/EnvType -> net/minecraftforge/api/distmarker/Dist
[Architectury Transformer DEBUG] net/fabricmc/api/Environment -> net/minecraftforge/api/distmarker/OnlyIn
[Architectury Transformer DEBUG] Found class transformer
[Architectury Transformer DEBUG] Writing mod/syconn/swm/features/lightsaber/sound/LightsaberAmbientSoundInstance with maxs=true frames=true
[Architectury Transformer DEBUG] Remapping refmap from intermediary to srg: swm-forge-forge-refmap.json
[Architectury Transformer DEBUG] Transformed mod/syconn/swm/features/lightsaber/sound/LightsaberAmbientSoundInstance in 1.893 ms
[Architectury Transformer DEBUG] Transforming from mod/syconn/swm/features/lightsaber/server/menu/LightsaberWorkbenchMenu.class to mod/syconn/swm/features/lightsaber/server/menu/LightsaberWorkbenchMenu.class with 8 transformer(s) on dev.architectury.transformer.handler.TinyRemapperPreparedTransformerHandler
[Architectury Transformer DEBUG] Remapping with 1 mapping provider(s):
[Architectury Transformer DEBUG]  - dev.architectury.transformer.transformers.TransformForgeEnvironment$$Lambda/0x0000017cd409f168@718c7433
[Architectury Transformer DEBUG] Remapping Classes:
[Architectury Transformer DEBUG] net/fabricmc/api/EnvType -> net/minecraftforge/api/distmarker/Dist
[Architectury Transformer DEBUG] net/fabricmc/api/Environment -> net/minecraftforge/api/distmarker/OnlyIn
[Architectury Transformer DEBUG] Found class transformer
[Architectury Transformer DEBUG] Writing mod/syconn/swm/features/lightsaber/server/menu/LightsaberWorkbenchMenu with maxs=true frames=true
[Architectury Transformer DEBUG] Remapping refmap from intermediary to srg: swm-forge-forge-refmap.json
[Architectury Transformer DEBUG] Transformed mod/syconn/swm/features/lightsaber/server/menu/LightsaberWorkbenchMenu in 2.088 ms
[Architectury Transformer DEBUG] Transforming from mod/syconn/swm/features/lightsaber/network/ToggleLightsaberPacket.class to mod/syconn/swm/features/lightsaber/network/ToggleLightsaberPacket.class with 8 transformer(s) on dev.architectury.transformer.handler.TinyRemapperPreparedTransformerHandler
[Architectury Transformer DEBUG] Remapping with 1 mapping provider(s):
[Architectury Transformer DEBUG]  - dev.architectury.transformer.transformers.TransformForgeEnvironment$$Lambda/0x0000017cd409f168@718c7433
[Architectury Transformer DEBUG] Remapping Classes:
[Architectury Transformer DEBUG] net/fabricmc/api/EnvType -> net/minecraftforge/api/distmarker/Dist
[Architectury Transformer DEBUG] net/fabricmc/api/Environment -> net/minecraftforge/api/distmarker/OnlyIn
[Architectury Transformer DEBUG] Found class transformer
[Architectury Transformer DEBUG] Writing mod/syconn/swm/features/lightsaber/network/ToggleLightsaberPacket with maxs=true frames=true
[Architectury Transformer DEBUG] Remapping refmap from intermediary to srg: swm-forge-forge-refmap.json
[Architectury Transformer DEBUG] Transformed mod/syconn/swm/features/lightsaber/network/ToggleLightsaberPacket in 1.667 ms
[Architectury Transformer DEBUG] Transforming from mod/syconn/swm/features/lightsaber/server/menu/LightsaberAssemblerMenu.class to mod/syconn/swm/features/lightsaber/server/menu/LightsaberAssemblerMenu.class with 8 transformer(s) on dev.architectury.transformer.handler.TinyRemapperPreparedTransformerHandler
[Architectury Transformer DEBUG] Remapping with 1 mapping provider(s):
[Architectury Transformer DEBUG]  - dev.architectury.transformer.transformers.TransformForgeEnvironment$$Lambda/0x0000017cd409f168@718c7433
[Architectury Transformer DEBUG] Remapping Classes:
[Architectury Transformer DEBUG] net/fabricmc/api/EnvType -> net/minecraftforge/api/distmarker/Dist
[Architectury Transformer DEBUG] net/fabricmc/api/Environment -> net/minecraftforge/api/distmarker/OnlyIn
[Architectury Transformer DEBUG] Found class transformer
[Architectury Transformer DEBUG] Writing mod/syconn/swm/features/lightsaber/server/menu/LightsaberAssemblerMenu with maxs=true frames=true
[Architectury Transformer DEBUG] Remapping refmap from intermediary to srg: swm-forge-forge-refmap.json
[Architectury Transformer DEBUG] Transformed mod/syconn/swm/features/lightsaber/server/menu/LightsaberAssemblerMenu in 1.962 ms
[Architectury Transformer DEBUG] Transforming from mod/syconn/swm/core/ModRecipes$1.class to mod/syconn/swm/core/ModRecipes$1.class with 8 transformer(s) on dev.architectury.transformer.handler.TinyRemapperPreparedTransformerHandler
[Architectury Transformer DEBUG] Remapping with 1 mapping provider(s):
[Architectury Transformer DEBUG]  - dev.architectury.transformer.transformers.TransformForgeEnvironment$$Lambda/0x0000017cd409f168@718c7433
[Architectury Transformer DEBUG] Remapping Classes:
[Architectury Transformer DEBUG] net/fabricmc/api/EnvType -> net/minecraftforge/api/distmarker/Dist
[Architectury Transformer DEBUG] net/fabricmc/api/Environment -> net/minecraftforge/api/distmarker/OnlyIn
[Architectury Transformer DEBUG] Found class transformer
[Architectury Transformer DEBUG] Writing mod/syconn/swm/core/ModRecipes$1 with maxs=true frames=true
[Architectury Transformer DEBUG] Remapping refmap from intermediary to srg: swm-forge-forge-refmap.json
[Architectury Transformer DEBUG] Transformed mod/syconn/swm/core/ModRecipes$1 in 1.964 ms
[Architectury Transformer DEBUG] Transforming from mod/syconn/swm/features/lightsaber/data/LightsaberTag.class to mod/syconn/swm/features/lightsaber/data/LightsaberTag.class with 8 transformer(s) on dev.architectury.transformer.handler.TinyRemapperPreparedTransformerHandler
[Architectury Transformer DEBUG] Remapping with 1 mapping provider(s):
[Architectury Transformer DEBUG]  - dev.architectury.transformer.transformers.TransformForgeEnvironment$$Lambda/0x0000017cd409f168@718c7433
[Architectury Transformer DEBUG] Remapping Classes:
[Architectury Transformer DEBUG] net/fabricmc/api/EnvType -> net/minecraftforge/api/distmarker/Dist
[Architectury Transformer DEBUG] net/fabricmc/api/Environment -> net/minecraftforge/api/distmarker/OnlyIn
[Architectury Transformer DEBUG] Found class transformer
[Architectury Transformer DEBUG] Writing mod/syconn/swm/features/lightsaber/data/LightsaberTag with maxs=true frames=true
[Architectury Transformer DEBUG] Remapping refmap from intermediary to srg: swm-forge-forge-refmap.json
[Architectury Transformer DEBUG] Transformed mod/syconn/swm/features/lightsaber/data/LightsaberTag in 2.393 ms
[Architectury Transformer DEBUG] Transforming from mod/syconn/swm/features/lightsaber/network/ThrowLightsaberPacket.class to mod/syconn/swm/features/lightsaber/network/ThrowLightsaberPacket.class with 8 transformer(s) on dev.architectury.transformer.handler.TinyRemapperPreparedTransformerHandler
[Architectury Transformer DEBUG] Remapping with 1 mapping provider(s):
[Architectury Transformer DEBUG]  - dev.architectury.transformer.transformers.TransformForgeEnvironment$$Lambda/0x0000017cd409f168@718c7433
[Architectury Transformer DEBUG] Remapping Classes:
[Architectury Transformer DEBUG] net/fabricmc/api/EnvType -> net/minecraftforge/api/distmarker/Dist
[Architectury Transformer DEBUG] net/fabricmc/api/Environment -> net/minecraftforge/api/distmarker/OnlyIn
[Architectury Transformer DEBUG] Found class transformer
[Architectury Transformer DEBUG] Writing mod/syconn/swm/features/lightsaber/network/ThrowLightsaberPacket with maxs=true frames=true
[Architectury Transformer DEBUG] Remapping refmap from intermediary to srg: swm-forge-forge-refmap.json
[Architectury Transformer DEBUG] Transformed mod/syconn/swm/features/lightsaber/network/ThrowLightsaberPacket in 1.878 ms
[Architectury Transformer DEBUG] Transforming from mod/syconn/swm/network/packets/clientside/SyncResourceDataPacket.class to mod/syconn/swm/network/packets/clientside/SyncResourceDataPacket.class with 8 transformer(s) on dev.architectury.transformer.handler.TinyRemapperPreparedTransformerHandler
[Architectury Transformer DEBUG] Remapping with 1 mapping provider(s):
[Architectury Transformer DEBUG]  - dev.architectury.transformer.transformers.TransformForgeEnvironment$$Lambda/0x0000017cd409f168@718c7433
[Architectury Transformer DEBUG] Remapping Classes:
[Architectury Transformer DEBUG] net/fabricmc/api/EnvType -> net/minecraftforge/api/distmarker/Dist
[Architectury Transformer DEBUG] net/fabricmc/api/Environment -> net/minecraftforge/api/distmarker/OnlyIn
[Architectury Transformer DEBUG] Found class transformer
[Architectury Transformer DEBUG] Writing mod/syconn/swm/network/packets/clientside/SyncResourceDataPacket with maxs=true frames=true
[Architectury Transformer DEBUG] Remapping refmap from intermediary to srg: swm-forge-forge-refmap.json
[Architectury Transformer DEBUG] Transformed mod/syconn/swm/network/packets/clientside/SyncResourceDataPacket in 1.736 ms
[Architectury Transformer DEBUG] Transforming from mod/syconn/swm/StarWars.class to mod/syconn/swm/StarWars.class with 8 transformer(s) on dev.architectury.transformer.handler.TinyRemapperPreparedTransformerHandler
[Architectury Transformer DEBUG] Remapping with 1 mapping provider(s):
[Architectury Transformer DEBUG]  - dev.architectury.transformer.transformers.TransformForgeEnvironment$$Lambda/0x0000017cd409f168@718c7433
[Architectury Transformer DEBUG] Remapping Classes:
[Architectury Transformer DEBUG] net/fabricmc/api/EnvType -> net/minecraftforge/api/distmarker/Dist
[Architectury Transformer DEBUG] net/fabricmc/api/Environment -> net/minecraftforge/api/distmarker/OnlyIn
[Architectury Transformer DEBUG] Found class transformer
[Architectury Transformer DEBUG] Writing mod/syconn/swm/StarWars with maxs=true frames=true
[Architectury Transformer DEBUG] Remapping refmap from intermediary to srg: swm-forge-forge-refmap.json
[Architectury Transformer DEBUG] Transformed mod/syconn/swm/StarWars in 1.829 ms
[Architectury Transformer DEBUG] Transforming from mod/syconn/swm/features/lightsaber/network/ChangeLightsaberHSVPacket.class to mod/syconn/swm/features/lightsaber/network/ChangeLightsaberHSVPacket.class with 8 transformer(s) on dev.architectury.transformer.handler.TinyRemapperPreparedTransformerHandler
[Architectury Transformer DEBUG] Remapping with 1 mapping provider(s):
[Architectury Transformer DEBUG]  - dev.architectury.transformer.transformers.TransformForgeEnvironment$$Lambda/0x0000017cd409f168@718c7433
[Architectury Transformer DEBUG] Remapping Classes:
[Architectury Transformer DEBUG] net/fabricmc/api/EnvType -> net/minecraftforge/api/distmarker/Dist
[Architectury Transformer DEBUG] net/fabricmc/api/Environment -> net/minecraftforge/api/distmarker/OnlyIn
[Architectury Transformer DEBUG] Found class transformer
[Architectury Transformer DEBUG] Writing mod/syconn/swm/features/lightsaber/network/ChangeLightsaberHSVPacket with maxs=true frames=true
[Architectury Transformer DEBUG] Remapping refmap from intermediary to srg: swm-forge-forge-refmap.json
[Architectury Transformer DEBUG] Transformed mod/syconn/swm/features/lightsaber/network/ChangeLightsaberHSVPacket in 1.904 ms
[Architectury Transformer DEBUG] Transforming from mod/syconn/swm/server/data/SWGear$SWGearAccess.class to mod/syconn/swm/server/data/SWGear$SWGearAccess.class with 8 transformer(s) on dev.architectury.transformer.handler.TinyRemapperPreparedTransformerHandler
[Architectury Transformer DEBUG] Remapping with 1 mapping provider(s):
[Architectury Transformer DEBUG]  - dev.architectury.transformer.transformers.TransformForgeEnvironment$$Lambda/0x0000017cd409f168@718c7433
[Architectury Transformer DEBUG] Remapping Classes:
[Architectury Transformer DEBUG] net/fabricmc/api/EnvType -> net/minecraftforge/api/distmarker/Dist
[Architectury Transformer DEBUG] net/fabricmc/api/Environment -> net/minecraftforge/api/distmarker/OnlyIn
[Architectury Transformer DEBUG] Found class transformer
[Architectury Transformer DEBUG] Writing mod/syconn/swm/server/data/SWGear$SWGearAccess with maxs=true frames=true
[Architectury Transformer DEBUG] Remapping refmap from intermediary to srg: swm-forge-forge-refmap.json
[Architectury Transformer DEBUG] Transformed mod/syconn/swm/server/data/SWGear$SWGearAccess in 1.773 ms
[Architectury Transformer DEBUG] Transforming from mod/syconn/swm/client/keys/KeyHandler.class to mod/syconn/swm/client/keys/KeyHandler.class with 8 transformer(s) on dev.architectury.transformer.handler.TinyRemapperPreparedTransformerHandler
[Architectury Transformer DEBUG] Remapping with 1 mapping provider(s):
[Architectury Transformer DEBUG]  - dev.architectury.transformer.transformers.TransformForgeEnvironment$$Lambda/0x0000017cd409f168@718c7433
[Architectury Transformer DEBUG] Remapping Classes:
[Architectury Transformer DEBUG] net/fabricmc/api/EnvType -> net/minecraftforge/api/distmarker/Dist
[Architectury Transformer DEBUG] net/fabricmc/api/Environment -> net/minecraftforge/api/distmarker/OnlyIn
[Architectury Transformer DEBUG] Found class transformer
[Architectury Transformer DEBUG] Writing mod/syconn/swm/client/keys/KeyHandler with maxs=true frames=true
[Architectury Transformer DEBUG] Remapping refmap from intermediary to srg: swm-forge-forge-refmap.json
[Architectury Transformer DEBUG] Transformed mod/syconn/swm/client/keys/KeyHandler in 1.681 ms
[Architectury Transformer DEBUG] Transforming from mod/syconn/swm/features/lightsaber/network/CraftHiltPacket.class to mod/syconn/swm/features/lightsaber/network/CraftHiltPacket.class with 8 transformer(s) on dev.architectury.transformer.handler.TinyRemapperPreparedTransformerHandler
[Architectury Transformer DEBUG] Remapping with 1 mapping provider(s):
[Architectury Transformer DEBUG]  - dev.architectury.transformer.transformers.TransformForgeEnvironment$$Lambda/0x0000017cd409f168@718c7433
[Architectury Transformer DEBUG] Remapping Classes:
[Architectury Transformer DEBUG] net/fabricmc/api/EnvType -> net/minecraftforge/api/distmarker/Dist
[Architectury Transformer DEBUG] net/fabricmc/api/Environment -> net/minecraftforge/api/distmarker/OnlyIn
[Architectury Transformer DEBUG] Found class transformer
[Architectury Transformer DEBUG] Writing mod/syconn/swm/features/lightsaber/network/CraftHiltPacket with maxs=true frames=true
[Architectury Transformer DEBUG] Remapping refmap from intermediary to srg: swm-forge-forge-refmap.json
[Architectury Transformer DEBUG] Transformed mod/syconn/swm/features/lightsaber/network/CraftHiltPacket in 1.823 ms
[Architectury Transformer DEBUG] Transforming from mod/syconn/swm/network/packets/serverside/HoloCallPacket.class to mod/syconn/swm/network/packets/serverside/HoloCallPacket.class with 8 transformer(s) on dev.architectury.transformer.handler.TinyRemapperPreparedTransformerHandler
[Architectury Transformer DEBUG] Remapping with 1 mapping provider(s):
[Architectury Transformer DEBUG]  - dev.architectury.transformer.transformers.TransformForgeEnvironment$$Lambda/0x0000017cd409f168@718c7433
[Architectury Transformer DEBUG] Remapping Classes:
[Architectury Transformer DEBUG] net/fabricmc/api/EnvType -> net/minecraftforge/api/distmarker/Dist
[Architectury Transformer DEBUG] net/fabricmc/api/Environment -> net/minecraftforge/api/distmarker/OnlyIn
[Architectury Transformer DEBUG] Found class transformer
[Architectury Transformer DEBUG] Writing mod/syconn/swm/network/packets/serverside/HoloCallPacket with maxs=true frames=true
[Architectury Transformer DEBUG] Remapping refmap from intermediary to srg: swm-forge-forge-refmap.json
[Architectury Transformer DEBUG] Transformed mod/syconn/swm/network/packets/serverside/HoloCallPacket in 2.105 ms
[Architectury Transformer DEBUG] Transforming from mod/syconn/swm/core/ModBlocks.class to mod/syconn/swm/core/ModBlocks.class with 8 transformer(s) on dev.architectury.transformer.handler.TinyRemapperPreparedTransformerHandler
[Architectury Transformer DEBUG] Remapping with 1 mapping provider(s):
[Architectury Transformer DEBUG]  - dev.architectury.transformer.transformers.TransformForgeEnvironment$$Lambda/0x0000017cd409f168@718c7433
[Architectury Transformer DEBUG] Remapping Classes:
[Architectury Transformer DEBUG] net/fabricmc/api/EnvType -> net/minecraftforge/api/distmarker/Dist
[Architectury Transformer DEBUG] net/fabricmc/api/Environment -> net/minecraftforge/api/distmarker/OnlyIn
[Architectury Transformer DEBUG] Found class transformer
[Architectury Transformer DEBUG] Writing mod/syconn/swm/core/ModBlocks with maxs=true frames=true
[Architectury Transformer DEBUG] Remapping refmap from intermediary to srg: swm-forge-forge-refmap.json
[Architectury Transformer DEBUG] Transformed mod/syconn/swm/core/ModBlocks in 1.943 ms
[Architectury Transformer DEBUG] Transforming from mod/syconn/swm/network/packets/clientside/RequestedHologramPacket.class to mod/syconn/swm/network/packets/clientside/RequestedHologramPacket.class with 8 transformer(s) on dev.architectury.transformer.handler.TinyRemapperPreparedTransformerHandler
[Architectury Transformer DEBUG] Remapping with 1 mapping provider(s):
[Architectury Transformer DEBUG]  - dev.architectury.transformer.transformers.TransformForgeEnvironment$$Lambda/0x0000017cd409f168@718c7433
[Architectury Transformer DEBUG] Remapping Classes:
[Architectury Transformer DEBUG] net/fabricmc/api/EnvType -> net/minecraftforge/api/distmarker/Dist
[Architectury Transformer DEBUG] net/fabricmc/api/Environment -> net/minecraftforge/api/distmarker/OnlyIn
[Architectury Transformer DEBUG] Found class transformer
[Architectury Transformer DEBUG] Writing mod/syconn/swm/network/packets/clientside/RequestedHologramPacket with maxs=true frames=true
[Architectury Transformer DEBUG] Remapping refmap from intermediary to srg: swm-forge-forge-refmap.json
[Architectury Transformer DEBUG] Transformed mod/syconn/swm/network/packets/clientside/RequestedHologramPacket in 1.757 ms
[Architectury Transformer DEBUG] Transforming from mod/syconn/swm/network/packets/serverside/RequestHologramPacket.class to mod/syconn/swm/network/packets/serverside/RequestHologramPacket.class with 8 transformer(s) on dev.architectury.transformer.handler.TinyRemapperPreparedTransformerHandler
[Architectury Transformer DEBUG] Remapping with 1 mapping provider(s):
[Architectury Transformer DEBUG]  - dev.architectury.transformer.transformers.TransformForgeEnvironment$$Lambda/0x0000017cd409f168@718c7433
[Architectury Transformer DEBUG] Remapping Classes:
[Architectury Transformer DEBUG] net/fabricmc/api/EnvType -> net/minecraftforge/api/distmarker/Dist
[Architectury Transformer DEBUG] net/fabricmc/api/Environment -> net/minecraftforge/api/distmarker/OnlyIn
[Architectury Transformer DEBUG] Found class transformer
[Architectury Transformer DEBUG] Writing mod/syconn/swm/network/packets/serverside/RequestHologramPacket with maxs=true frames=true
[Architectury Transformer DEBUG] Remapping refmap from intermediary to srg: swm-forge-forge-refmap.json
[Architectury Transformer DEBUG] Transformed mod/syconn/swm/network/packets/serverside/RequestHologramPacket in 1.788 ms
[Architectury Transformer DEBUG] Transforming from mod/syconn/swm/network/packets/clientside/NotifyPlayerPacket.class to mod/syconn/swm/network/packets/clientside/NotifyPlayerPacket.class with 8 transformer(s) on dev.architectury.transformer.handler.TinyRemapperPreparedTransformerHandler
[Architectury Transformer DEBUG] Remapping with 1 mapping provider(s):
[Architectury Transformer DEBUG]  - dev.architectury.transformer.transformers.TransformForgeEnvironment$$Lambda/0x0000017cd409f168@718c7433
[Architectury Transformer DEBUG] Remapping Classes:
[Architectury Transformer DEBUG] net/fabricmc/api/EnvType -> net/minecraftforge/api/distmarker/Dist
[Architectury Transformer DEBUG] net/fabricmc/api/Environment -> net/minecraftforge/api/distmarker/OnlyIn
[Architectury Transformer DEBUG] Found class transformer
[Architectury Transformer DEBUG] Writing mod/syconn/swm/network/packets/clientside/NotifyPlayerPacket with maxs=true frames=true
[Architectury Transformer DEBUG] Remapping refmap from intermediary to srg: swm-forge-forge-refmap.json
[Architectury Transformer DEBUG] Transformed mod/syconn/swm/network/packets/clientside/NotifyPlayerPacket in 1.658 ms
[Architectury Transformer DEBUG] Transforming from mod/syconn/swm/features/lightsaber/network/PlayAmbientLightsaberSoundPacket.class to mod/syconn/swm/features/lightsaber/network/PlayAmbientLightsaberSoundPacket.class with 8 transformer(s) on dev.architectury.transformer.handler.TinyRemapperPreparedTransformerHandler
[Architectury Transformer DEBUG] Remapping with 1 mapping provider(s):
[Architectury Transformer DEBUG]  - dev.architectury.transformer.transformers.TransformForgeEnvironment$$Lambda/0x0000017cd409f168@718c7433
[Architectury Transformer DEBUG] Remapping Classes:
[Architectury Transformer DEBUG] net/fabricmc/api/EnvType -> net/minecraftforge/api/distmarker/Dist
[Architectury Transformer DEBUG] net/fabricmc/api/Environment -> net/minecraftforge/api/distmarker/OnlyIn
[Architectury Transformer DEBUG] Found class transformer
[Architectury Transformer DEBUG] Writing mod/syconn/swm/features/lightsaber/network/PlayAmbientLightsaberSoundPacket with maxs=true frames=true
[Architectury Transformer DEBUG] Remapping refmap from intermediary to srg: swm-forge-forge-refmap.json
[Architectury Transformer DEBUG] Transformed mod/syconn/swm/features/lightsaber/network/PlayAmbientLightsaberSoundPacket in 2.076 ms
[Architectury Transformer DEBUG] Transforming from mod/syconn/swm/network/packets/serverside/ToggleEquipmentSlotPacket.class to mod/syconn/swm/network/packets/serverside/ToggleEquipmentSlotPacket.class with 8 transformer(s) on dev.architectury.transformer.handler.TinyRemapperPreparedTransformerHandler
[Architectury Transformer DEBUG] Remapping with 1 mapping provider(s):
[Architectury Transformer DEBUG]  - dev.architectury.transformer.transformers.TransformForgeEnvironment$$Lambda/0x0000017cd409f168@718c7433
[Architectury Transformer DEBUG] Remapping Classes:
[Architectury Transformer DEBUG] net/fabricmc/api/EnvType -> net/minecraftforge/api/distmarker/Dist
[Architectury Transformer DEBUG] net/fabricmc/api/Environment -> net/minecraftforge/api/distmarker/OnlyIn
[Architectury Transformer DEBUG] Found class transformer
[Architectury Transformer DEBUG] Writing mod/syconn/swm/network/packets/serverside/ToggleEquipmentSlotPacket with maxs=true frames=true
[Architectury Transformer DEBUG] Remapping refmap from intermediary to srg: swm-forge-forge-refmap.json
[Architectury Transformer DEBUG] Transformed mod/syconn/swm/network/packets/serverside/ToggleEquipmentSlotPacket in 1.979 ms
[Architectury Transformer DEBUG] Transforming from mod/syconn/swm/utils/client/HologramData$HologramTag.class to mod/syconn/swm/utils/client/HologramData$HologramTag.class with 8 transformer(s) on dev.architectury.transformer.handler.TinyRemapperPreparedTransformerHandler
[Architectury Transformer DEBUG] Remapping with 1 mapping provider(s):
[Architectury Transformer DEBUG]  - dev.architectury.transformer.transformers.TransformForgeEnvironment$$Lambda/0x0000017cd409f168@718c7433
[Architectury Transformer DEBUG] Remapping Classes:
[Architectury Transformer DEBUG] net/fabricmc/api/EnvType -> net/minecraftforge/api/distmarker/Dist
[Architectury Transformer DEBUG] net/fabricmc/api/Environment -> net/minecraftforge/api/distmarker/OnlyIn
[Architectury Transformer DEBUG] Found class transformer
[Architectury Transformer DEBUG] Writing mod/syconn/swm/utils/client/HologramData$HologramTag with maxs=true frames=true
[Architectury Transformer DEBUG] Remapping refmap from intermediary to srg: swm-forge-forge-refmap.json
[Architectury Transformer DEBUG] Transformed mod/syconn/swm/utils/client/HologramData$HologramTag in 2.001 ms
[Architectury Transformer DEBUG] Transforming from mod/syconn/swm/features/addons/LightsaberContent.class to mod/syconn/swm/features/addons/LightsaberContent.class with 8 transformer(s) on dev.architectury.transformer.handler.TinyRemapperPreparedTransformerHandler
[Architectury Transformer DEBUG] Remapping with 1 mapping provider(s):
[Architectury Transformer DEBUG]  - dev.architectury.transformer.transformers.TransformForgeEnvironment$$Lambda/0x0000017cd409f168@718c7433
[Architectury Transformer DEBUG] Remapping Classes:
[Architectury Transformer DEBUG] net/fabricmc/api/EnvType -> net/minecraftforge/api/distmarker/Dist
[Architectury Transformer DEBUG] net/fabricmc/api/Environment -> net/minecraftforge/api/distmarker/OnlyIn
[Architectury Transformer DEBUG] Found class transformer
[Architectury Transformer DEBUG] Writing mod/syconn/swm/features/addons/LightsaberContent with maxs=true frames=true
[Architectury Transformer DEBUG] Remapping refmap from intermediary to srg: swm-forge-forge-refmap.json
[Architectury Transformer DEBUG] Transformed mod/syconn/swm/features/addons/LightsaberContent in 2.065 ms
[Architectury Transformer DEBUG] Transforming from mod/syconn/swm/utils/generic/ColorUtil.class to mod/syconn/swm/utils/generic/ColorUtil.class with 8 transformer(s) on dev.architectury.transformer.handler.TinyRemapperPreparedTransformerHandler
[Architectury Transformer DEBUG] Remapping with 1 mapping provider(s):
[Architectury Transformer DEBUG]  - dev.architectury.transformer.transformers.TransformForgeEnvironment$$Lambda/0x0000017cd409f168@718c7433
[Architectury Transformer DEBUG] Remapping Classes:
[Architectury Transformer DEBUG] net/fabricmc/api/EnvType -> net/minecraftforge/api/distmarker/Dist
[Architectury Transformer DEBUG] net/fabricmc/api/Environment -> net/minecraftforge/api/distmarker/OnlyIn
[Architectury Transformer DEBUG] Found class transformer
[Architectury Transformer DEBUG] Writing mod/syconn/swm/utils/generic/ColorUtil with maxs=true frames=true
[Architectury Transformer DEBUG] Remapping refmap from intermediary to srg: swm-forge-forge-refmap.json
[Architectury Transformer DEBUG] Transformed mod/syconn/swm/utils/generic/ColorUtil in 2.250 ms
[Architectury Transformer DEBUG] Transforming from mod/syconn/swm/utils/server/SyncedResourceManager$ISyncedData.class to mod/syconn/swm/utils/server/SyncedResourceManager$ISyncedData.class with 8 transformer(s) on dev.architectury.transformer.handler.TinyRemapperPreparedTransformerHandler
[Architectury Transformer DEBUG] Remapping with 1 mapping provider(s):
[Architectury Transformer DEBUG]  - dev.architectury.transformer.transformers.TransformForgeEnvironment$$Lambda/0x0000017cd409f168@718c7433
[Architectury Transformer DEBUG] Remapping Classes:
[Architectury Transformer DEBUG] net/fabricmc/api/EnvType -> net/minecraftforge/api/distmarker/Dist
[Architectury Transformer DEBUG] net/fabricmc/api/Environment -> net/minecraftforge/api/distmarker/OnlyIn
[Architectury Transformer DEBUG] Found class transformer
[Architectury Transformer DEBUG] Writing mod/syconn/swm/utils/server/SyncedResourceManager$ISyncedData with maxs=true frames=true
[Architectury Transformer DEBUG] Remapping refmap from intermediary to srg: swm-forge-forge-refmap.json
[Architectury Transformer DEBUG] Transformed mod/syconn/swm/utils/server/SyncedResourceManager$ISyncedData in 1.669 ms
[Architectury Transformer DEBUG] Transforming from mod/syconn/swm/features/lightsaber/block/LightsaberWorkbenchBlock.class to mod/syconn/swm/features/lightsaber/block/LightsaberWorkbenchBlock.class with 8 transformer(s) on dev.architectury.transformer.handler.TinyRemapperPreparedTransformerHandler
[Architectury Transformer DEBUG] Remapping with 1 mapping provider(s):
[Architectury Transformer DEBUG]  - dev.architectury.transformer.transformers.TransformForgeEnvironment$$Lambda/0x0000017cd409f168@718c7433
[Architectury Transformer DEBUG] Remapping Classes:
[Architectury Transformer DEBUG] net/fabricmc/api/EnvType -> net/minecraftforge/api/distmarker/Dist
[Architectury Transformer DEBUG] net/fabricmc/api/Environment -> net/minecraftforge/api/distmarker/OnlyIn
[Architectury Transformer DEBUG] Found class transformer
[Architectury Transformer DEBUG] Writing mod/syconn/swm/features/lightsaber/block/LightsaberWorkbenchBlock with maxs=true frames=true
[Architectury Transformer DEBUG] Remapping refmap from intermediary to srg: swm-forge-forge-refmap.json
[Architectury Transformer DEBUG] Transformed mod/syconn/swm/features/lightsaber/block/LightsaberWorkbenchBlock in 2.265 ms
[Architectury Transformer DEBUG] Transforming from mod/syconn/swm/utils/server/JsonResourceReloader.class to mod/syconn/swm/utils/server/JsonResourceReloader.class with 8 transformer(s) on dev.architectury.transformer.handler.TinyRemapperPreparedTransformerHandler
[Architectury Transformer DEBUG] Remapping with 1 mapping provider(s):
[Architectury Transformer DEBUG]  - dev.architectury.transformer.transformers.TransformForgeEnvironment$$Lambda/0x0000017cd409f168@718c7433
[Architectury Transformer DEBUG] Remapping Classes:
[Architectury Transformer DEBUG] net/fabricmc/api/EnvType -> net/minecraftforge/api/distmarker/Dist
[Architectury Transformer DEBUG] net/fabricmc/api/Environment -> net/minecraftforge/api/distmarker/OnlyIn
[Architectury Transformer DEBUG] Found class transformer
[Architectury Transformer DEBUG] Writing mod/syconn/swm/utils/server/JsonResourceReloader with maxs=true frames=true
[Architectury Transformer DEBUG] Remapping refmap from intermediary to srg: swm-forge-forge-refmap.json
[Architectury Transformer DEBUG] Transformed mod/syconn/swm/utils/server/JsonResourceReloader in 2.150 ms
[Architectury Transformer DEBUG] Transforming from mod/syconn/swm/utils/interfaces/ISerializable.class to mod/syconn/swm/utils/interfaces/ISerializable.class with 8 transformer(s) on dev.architectury.transformer.handler.TinyRemapperPreparedTransformerHandler
[Architectury Transformer DEBUG] Remapping with 1 mapping provider(s):
[Architectury Transformer DEBUG]  - dev.architectury.transformer.transformers.TransformForgeEnvironment$$Lambda/0x0000017cd409f168@718c7433
[Architectury Transformer DEBUG] Remapping Classes:
[Architectury Transformer DEBUG] net/fabricmc/api/EnvType -> net/minecraftforge/api/distmarker/Dist
[Architectury Transformer DEBUG] net/fabricmc/api/Environment -> net/minecraftforge/api/distmarker/OnlyIn
[Architectury Transformer DEBUG] Found class transformer
[Architectury Transformer DEBUG] Writing mod/syconn/swm/utils/interfaces/ISerializable with maxs=true frames=true
[Architectury Transformer DEBUG] Remapping refmap from intermediary to srg: swm-forge-forge-refmap.json
[Architectury Transformer DEBUG] Transformed mod/syconn/swm/utils/interfaces/ISerializable in 1.682 ms
[Architectury Transformer DEBUG] Transforming from mod/syconn/swm/features/lightsaber/data/LightsaberData.class to mod/syconn/swm/features/lightsaber/data/LightsaberData.class with 8 transformer(s) on dev.architectury.transformer.handler.TinyRemapperPreparedTransformerHandler
[Architectury Transformer DEBUG] Remapping with 1 mapping provider(s):
[Architectury Transformer DEBUG]  - dev.architectury.transformer.transformers.TransformForgeEnvironment$$Lambda/0x0000017cd409f168@718c7433
[Architectury Transformer DEBUG] Remapping Classes:
[Architectury Transformer DEBUG] net/fabricmc/api/EnvType -> net/minecraftforge/api/distmarker/Dist
[Architectury Transformer DEBUG] net/fabricmc/api/Environment -> net/minecraftforge/api/distmarker/OnlyIn
[Architectury Transformer DEBUG] Found class transformer
[Architectury Transformer DEBUG] Writing mod/syconn/swm/features/lightsaber/data/LightsaberData with maxs=true frames=true
[Architectury Transformer DEBUG] Remapping refmap from intermediary to srg: swm-forge-forge-refmap.json
[Architectury Transformer DEBUG] Transformed mod/syconn/swm/features/lightsaber/data/LightsaberData in 2.218 ms
[Architectury Transformer DEBUG] Transforming from mod/syconn/swm/client/StarWarsClient.class to mod/syconn/swm/client/StarWarsClient.class with 8 transformer(s) on dev.architectury.transformer.handler.TinyRemapperPreparedTransformerHandler
[Architectury Transformer DEBUG] Remapping with 1 mapping provider(s):
[Architectury Transformer DEBUG]  - dev.architectury.transformer.transformers.TransformForgeEnvironment$$Lambda/0x0000017cd409f168@718c7433
[Architectury Transformer DEBUG] Remapping Classes:
[Architectury Transformer DEBUG] net/fabricmc/api/EnvType -> net/minecraftforge/api/distmarker/Dist
[Architectury Transformer DEBUG] net/fabricmc/api/Environment -> net/minecraftforge/api/distmarker/OnlyIn
[Architectury Transformer DEBUG] Found class transformer
[Architectury Transformer DEBUG] Writing mod/syconn/swm/client/StarWarsClient with maxs=true frames=true
[Architectury Transformer DEBUG] Remapping refmap from intermediary to srg: swm-forge-forge-refmap.json
[Architectury Transformer DEBUG] Transformed mod/syconn/swm/client/StarWarsClient in 1.937 ms
[Architectury Transformer DEBUG] Transforming from mod/syconn/swm/server/containers/slot/EquipmentItemSlot.class to mod/syconn/swm/server/containers/slot/EquipmentItemSlot.class with 8 transformer(s) on dev.architectury.transformer.handler.TinyRemapperPreparedTransformerHandler
[Architectury Transformer DEBUG] Remapping with 1 mapping provider(s):
[Architectury Transformer DEBUG]  - dev.architectury.transformer.transformers.TransformForgeEnvironment$$Lambda/0x0000017cd409f168@718c7433
[Architectury Transformer DEBUG] Remapping Classes:
[Architectury Transformer DEBUG] net/fabricmc/api/EnvType -> net/minecraftforge/api/distmarker/Dist
[Architectury Transformer DEBUG] net/fabricmc/api/Environment -> net/minecraftforge/api/distmarker/OnlyIn
[Architectury Transformer DEBUG] Found class transformer
[Architectury Transformer DEBUG] Writing mod/syconn/swm/server/containers/slot/EquipmentItemSlot with maxs=true frames=true
[Architectury Transformer DEBUG] Remapping refmap from intermediary to srg: swm-forge-forge-refmap.json
[Architectury Transformer DEBUG] Transformed mod/syconn/swm/server/containers/slot/EquipmentItemSlot in 1.747 ms
[Architectury Transformer DEBUG] Transforming from mod/syconn/swm/utils/interfaces/IEquipmentItem$SWEquipmentSlot.class to mod/syconn/swm/utils/interfaces/IEquipmentItem$SWEquipmentSlot.class with 8 transformer(s) on dev.architectury.transformer.handler.TinyRemapperPreparedTransformerHandler
[Architectury Transformer DEBUG] Remapping with 1 mapping provider(s):
[Architectury Transformer DEBUG]  - dev.architectury.transformer.transformers.TransformForgeEnvironment$$Lambda/0x0000017cd409f168@718c7433
[Architectury Transformer DEBUG] Remapping Classes:
[Architectury Transformer DEBUG] net/fabricmc/api/EnvType -> net/minecraftforge/api/distmarker/Dist
[Architectury Transformer DEBUG] net/fabricmc/api/Environment -> net/minecraftforge/api/distmarker/OnlyIn
[Architectury Transformer DEBUG] Found class transformer
[Architectury Transformer DEBUG] Writing mod/syconn/swm/utils/interfaces/IEquipmentItem$SWEquipmentSlot with maxs=true frames=true
[Architectury Transformer DEBUG] Remapping refmap from intermediary to srg: swm-forge-forge-refmap.json
[Architectury Transformer DEBUG] Transformed mod/syconn/swm/utils/interfaces/IEquipmentItem$SWEquipmentSlot in 1.806 ms
[Architectury Transformer DEBUG] Transforming from mod/syconn/swm/utils/interfaces/IModifiedItemRenderer.class to mod/syconn/swm/utils/interfaces/IModifiedItemRenderer.class with 8 transformer(s) on dev.architectury.transformer.handler.TinyRemapperPreparedTransformerHandler
[Architectury Transformer DEBUG] Remapping with 1 mapping provider(s):
[Architectury Transformer DEBUG]  - dev.architectury.transformer.transformers.TransformForgeEnvironment$$Lambda/0x0000017cd409f168@718c7433
[Architectury Transformer DEBUG] Remapping Classes:
[Architectury Transformer DEBUG] net/fabricmc/api/EnvType -> net/minecraftforge/api/distmarker/Dist
[Architectury Transformer DEBUG] net/fabricmc/api/Environment -> net/minecraftforge/api/distmarker/OnlyIn
[Architectury Transformer DEBUG] Found class transformer
[Architectury Transformer DEBUG] Writing mod/syconn/swm/utils/interfaces/IModifiedItemRenderer with maxs=true frames=true
[Architectury Transformer DEBUG] Remapping refmap from intermediary to srg: swm-forge-forge-refmap.json
[Architectury Transformer DEBUG] Transformed mod/syconn/swm/utils/interfaces/IModifiedItemRenderer in 1.750 ms
[Architectury Transformer DEBUG] Transforming from mod/syconn/swm/core/ModItems.class to mod/syconn/swm/core/ModItems.class with 8 transformer(s) on dev.architectury.transformer.handler.TinyRemapperPreparedTransformerHandler
[Architectury Transformer DEBUG] Remapping with 1 mapping provider(s):
[Architectury Transformer DEBUG]  - dev.architectury.transformer.transformers.TransformForgeEnvironment$$Lambda/0x0000017cd409f168@718c7433
[Architectury Transformer DEBUG] Remapping Classes:
[Architectury Transformer DEBUG] net/fabricmc/api/EnvType -> net/minecraftforge/api/distmarker/Dist
[Architectury Transformer DEBUG] net/fabricmc/api/Environment -> net/minecraftforge/api/distmarker/OnlyIn
[Architectury Transformer DEBUG] Found class transformer
[Architectury Transformer DEBUG] Writing mod/syconn/swm/core/ModItems with maxs=true frames=true
[Architectury Transformer DEBUG] Remapping refmap from intermediary to srg: swm-forge-forge-refmap.json
[Architectury Transformer DEBUG] Transformed mod/syconn/swm/core/ModItems in 2.202 ms
[Architectury Transformer DEBUG] Transforming from mod/syconn/swm/utils/interfaces/IModifiedPoseRenderer.class to mod/syconn/swm/utils/interfaces/IModifiedPoseRenderer.class with 8 transformer(s) on dev.architectury.transformer.handler.TinyRemapperPreparedTransformerHandler
[Architectury Transformer DEBUG] Remapping with 1 mapping provider(s):
[Architectury Transformer DEBUG]  - dev.architectury.transformer.transformers.TransformForgeEnvironment$$Lambda/0x0000017cd409f168@718c7433
[Architectury Transformer DEBUG] Remapping Classes:
[Architectury Transformer DEBUG] net/fabricmc/api/EnvType -> net/minecraftforge/api/distmarker/Dist
[Architectury Transformer DEBUG] net/fabricmc/api/Environment -> net/minecraftforge/api/distmarker/OnlyIn
[Architectury Transformer DEBUG] Found class transformer
[Architectury Transformer DEBUG] Writing mod/syconn/swm/utils/interfaces/IModifiedPoseRenderer with maxs=true frames=true
[Architectury Transformer DEBUG] Remapping refmap from intermediary to srg: swm-forge-forge-refmap.json
[Architectury Transformer DEBUG] Transformed mod/syconn/swm/utils/interfaces/IModifiedPoseRenderer in 1.870 ms
[Architectury Transformer DEBUG] Transforming from mod/syconn/swm/server/data/SWGear.class to mod/syconn/swm/server/data/SWGear.class with 8 transformer(s) on dev.architectury.transformer.handler.TinyRemapperPreparedTransformerHandler
[Architectury Transformer DEBUG] Remapping with 1 mapping provider(s):
[Architectury Transformer DEBUG]  - dev.architectury.transformer.transformers.TransformForgeEnvironment$$Lambda/0x0000017cd409f168@718c7433
[Architectury Transformer DEBUG] Remapping Classes:
[Architectury Transformer DEBUG] net/fabricmc/api/EnvType -> net/minecraftforge/api/distmarker/Dist
[Architectury Transformer DEBUG] net/fabricmc/api/Environment -> net/minecraftforge/api/distmarker/OnlyIn
[Architectury Transformer DEBUG] Found class transformer
[Architectury Transformer DEBUG] Writing mod/syconn/swm/server/data/SWGear with maxs=true frames=true
[Architectury Transformer DEBUG] Remapping refmap from intermediary to srg: swm-forge-forge-refmap.json
[Architectury Transformer DEBUG] Transformed mod/syconn/swm/server/data/SWGear in 1.964 ms
[Architectury Transformer DEBUG] Transforming from mod/syconn/swm/features/lightsaber/client/item/LightsaberItemRender.class to mod/syconn/swm/features/lightsaber/client/item/LightsaberItemRender.class with 8 transformer(s) on dev.architectury.transformer.handler.TinyRemapperPreparedTransformerHandler
[Architectury Transformer DEBUG] Remapping with 1 mapping provider(s):
[Architectury Transformer DEBUG]  - dev.architectury.transformer.transformers.TransformForgeEnvironment$$Lambda/0x0000017cd409f168@718c7433
[Architectury Transformer DEBUG] Remapping Classes:
[Architectury Transformer DEBUG] net/fabricmc/api/EnvType -> net/minecraftforge/api/distmarker/Dist
[Architectury Transformer DEBUG] net/fabricmc/api/Environment -> net/minecraftforge/api/distmarker/OnlyIn
[Architectury Transformer DEBUG] Found class transformer
[Architectury Transformer DEBUG] Writing mod/syconn/swm/features/lightsaber/client/item/LightsaberItemRender with maxs=true frames=true
[Architectury Transformer DEBUG] Remapping refmap from intermediary to srg: swm-forge-forge-refmap.json
[Architectury Transformer DEBUG] Transformed mod/syconn/swm/features/lightsaber/client/item/LightsaberItemRender in 1.916 ms
[Architectury Transformer DEBUG] Transforming from mod/syconn/swm/utils/interfaces/IItemExtensions.class to mod/syconn/swm/utils/interfaces/IItemExtensions.class with 8 transformer(s) on dev.architectury.transformer.handler.TinyRemapperPreparedTransformerHandler
[Architectury Transformer DEBUG] Remapping with 1 mapping provider(s):
[Architectury Transformer DEBUG]  - dev.architectury.transformer.transformers.TransformForgeEnvironment$$Lambda/0x0000017cd409f168@718c7433
[Architectury Transformer DEBUG] Remapping Classes:
[Architectury Transformer DEBUG] net/fabricmc/api/EnvType -> net/minecraftforge/api/distmarker/Dist
[Architectury Transformer DEBUG] net/fabricmc/api/Environment -> net/minecraftforge/api/distmarker/OnlyIn
[Architectury Transformer DEBUG] Found class transformer
[Architectury Transformer DEBUG] Writing mod/syconn/swm/utils/interfaces/IItemExtensions with maxs=true frames=true
[Architectury Transformer DEBUG] Remapping refmap from intermediary to srg: swm-forge-forge-refmap.json
[Architectury Transformer DEBUG] Transformed mod/syconn/swm/utils/interfaces/IItemExtensions in 1.731 ms
[Architectury Transformer DEBUG] Transforming from mod/syconn/swm/client/render/item/HoloProjectorItemRenderer.class to mod/syconn/swm/client/render/item/HoloProjectorItemRenderer.class with 8 transformer(s) on dev.architectury.transformer.handler.TinyRemapperPreparedTransformerHandler
[Architectury Transformer DEBUG] Remapping with 1 mapping provider(s):
[Architectury Transformer DEBUG]  - dev.architectury.transformer.transformers.TransformForgeEnvironment$$Lambda/0x0000017cd409f168@718c7433
[Architectury Transformer DEBUG] Remapping Classes:
[Architectury Transformer DEBUG] net/fabricmc/api/EnvType -> net/minecraftforge/api/distmarker/Dist
[Architectury Transformer DEBUG] net/fabricmc/api/Environment -> net/minecraftforge/api/distmarker/OnlyIn
[Architectury Transformer DEBUG] Found class transformer
[Architectury Transformer DEBUG] Writing mod/syconn/swm/client/render/item/HoloProjectorItemRenderer with maxs=true frames=true
[Architectury Transformer DEBUG] Remapping refmap from intermediary to srg: swm-forge-forge-refmap.json
[Architectury Transformer DEBUG] Transformed mod/syconn/swm/client/render/item/HoloProjectorItemRenderer in 1.983 ms
[Architectury Transformer DEBUG] Transforming from mod/syconn/swm/utils/interfaces/IEquipmentItem.class to mod/syconn/swm/utils/interfaces/IEquipmentItem.class with 8 transformer(s) on dev.architectury.transformer.handler.TinyRemapperPreparedTransformerHandler
[Architectury Transformer DEBUG] Remapping with 1 mapping provider(s):
[Architectury Transformer DEBUG]  - dev.architectury.transformer.transformers.TransformForgeEnvironment$$Lambda/0x0000017cd409f168@718c7433
[Architectury Transformer DEBUG] Remapping Classes:
[Architectury Transformer DEBUG] net/fabricmc/api/EnvType -> net/minecraftforge/api/distmarker/Dist
[Architectury Transformer DEBUG] net/fabricmc/api/Environment -> net/minecraftforge/api/distmarker/OnlyIn
[Architectury Transformer DEBUG] Found class transformer
[Architectury Transformer DEBUG] Writing mod/syconn/swm/utils/interfaces/IEquipmentItem with maxs=true frames=true
[Architectury Transformer DEBUG] Remapping refmap from intermediary to srg: swm-forge-forge-refmap.json
[Architectury Transformer DEBUG] Transformed mod/syconn/swm/utils/interfaces/IEquipmentItem in 1.669 ms
[Architectury Transformer DEBUG] Transforming from mod/syconn/swm/features/blaster/client/BlasterItemRenderer.class to mod/syconn/swm/features/blaster/client/BlasterItemRenderer.class with 8 transformer(s) on dev.architectury.transformer.handler.TinyRemapperPreparedTransformerHandler
[Architectury Transformer DEBUG] Remapping with 1 mapping provider(s):
[Architectury Transformer DEBUG]  - dev.architectury.transformer.transformers.TransformForgeEnvironment$$Lambda/0x0000017cd409f168@718c7433
[Architectury Transformer DEBUG] Remapping Classes:
[Architectury Transformer DEBUG] net/fabricmc/api/EnvType -> net/minecraftforge/api/distmarker/Dist
[Architectury Transformer DEBUG] net/fabricmc/api/Environment -> net/minecraftforge/api/distmarker/OnlyIn
[Architectury Transformer DEBUG] Found class transformer
[Architectury Transformer DEBUG] Writing mod/syconn/swm/features/blaster/client/BlasterItemRenderer with maxs=true frames=true
[Architectury Transformer DEBUG] Remapping refmap from intermediary to srg: swm-forge-forge-refmap.json
[Architectury Transformer DEBUG] Transformed mod/syconn/swm/features/blaster/client/BlasterItemRenderer in 1.810 ms
[Architectury Transformer DEBUG] Transforming from mod/syconn/swm/features/lightsaber/item/LightsaberItem.class to mod/syconn/swm/features/lightsaber/item/LightsaberItem.class with 8 transformer(s) on dev.architectury.transformer.handler.TinyRemapperPreparedTransformerHandler
[Architectury Transformer DEBUG] Remapping with 1 mapping provider(s):
[Architectury Transformer DEBUG]  - dev.architectury.transformer.transformers.TransformForgeEnvironment$$Lambda/0x0000017cd409f168@718c7433
[Architectury Transformer DEBUG] Remapping Classes:
[Architectury Transformer DEBUG] net/fabricmc/api/EnvType -> net/minecraftforge/api/distmarker/Dist
[Architectury Transformer DEBUG] net/fabricmc/api/Environment -> net/minecraftforge/api/distmarker/OnlyIn
[Architectury Transformer DEBUG] Found class transformer
[Architectury Transformer DEBUG] Writing mod/syconn/swm/features/lightsaber/item/LightsaberItem with maxs=true frames=true
[Architectury Transformer DEBUG] Remapping refmap from intermediary to srg: swm-forge-forge-refmap.json
[Architectury Transformer DEBUG] Transformed mod/syconn/swm/features/lightsaber/item/LightsaberItem in 2.168 ms
[Architectury Transformer DEBUG] Transforming from mod/syconn/swm/utils/generic/NBTUtil.class to mod/syconn/swm/utils/generic/NBTUtil.class with 8 transformer(s) on dev.architectury.transformer.handler.TinyRemapperPreparedTransformerHandler
[Architectury Transformer DEBUG] Remapping with 1 mapping provider(s):
[Architectury Transformer DEBUG]  - dev.architectury.transformer.transformers.TransformForgeEnvironment$$Lambda/0x0000017cd409f168@718c7433
[Architectury Transformer DEBUG] Remapping Classes:
[Architectury Transformer DEBUG] net/fabricmc/api/EnvType -> net/minecraftforge/api/distmarker/Dist
[Architectury Transformer DEBUG] net/fabricmc/api/Environment -> net/minecraftforge/api/distmarker/OnlyIn
[Architectury Transformer DEBUG] Found class transformer
[Architectury Transformer DEBUG] Writing mod/syconn/swm/utils/generic/NBTUtil with maxs=true frames=true
[Architectury Transformer DEBUG] Remapping refmap from intermediary to srg: swm-forge-forge-refmap.json
[Architectury Transformer DEBUG] Transformed mod/syconn/swm/utils/generic/NBTUtil in 2.144 ms
[Architectury Transformer DEBUG] Transforming from mod/syconn/swm/core/ModKeys.class to mod/syconn/swm/core/ModKeys.class with 8 transformer(s) on dev.architectury.transformer.handler.TinyRemapperPreparedTransformerHandler
[Architectury Transformer DEBUG] Remapping with 1 mapping provider(s):
[Architectury Transformer DEBUG]  - dev.architectury.transformer.transformers.TransformForgeEnvironment$$Lambda/0x0000017cd409f168@718c7433
[Architectury Transformer DEBUG] Remapping Classes:
[Architectury Transformer DEBUG] net/fabricmc/api/EnvType -> net/minecraftforge/api/distmarker/Dist
[Architectury Transformer DEBUG] net/fabricmc/api/Environment -> net/minecraftforge/api/distmarker/OnlyIn
[Architectury Transformer DEBUG] Found class transformer
[Architectury Transformer DEBUG] Writing mod/syconn/swm/core/ModKeys with maxs=true frames=true
[Architectury Transformer DEBUG] Remapping refmap from intermediary to srg: swm-forge-forge-refmap.json
[Architectury Transformer DEBUG] Transformed mod/syconn/swm/core/ModKeys in 1.664 ms
[Architectury Transformer DEBUG] Closed File Systems for C:\Users\Aidan\IdeaProjects\StarWarsMod\1.20.1\common\build\devlibs\swm-common-2.1.5-dev.jar
[Architectury Transformer DEBUG] Closed File Systems for C:\Users\Aidan\IdeaProjects\StarWarsMod\1.20.1\common\build\devlibs\swm-common-2.1.5-dev.jar
